<?xml version="1.0" encoding="utf-8"?>
<COLLADA xmlns="http://www.collada.org/2005/11/COLLADASchema" version="1.4.1" xmlns:xsi="http://www.w3.org/2001/XMLSchema-instance">
  <asset>
    <contributor>
      <author>Blender User</author>
      <authoring_tool>Blender 2.91.2 commit date:2021-01-19, commit time:16:15, hash:5be9ef417703</authoring_tool>
    </contributor>
    <created>2021-05-01T22:30:37</created>
    <modified>2021-05-01T22:30:37</modified>
    <unit name="meter" meter="1"/>
    <up_axis>Z_UP</up_axis>
  </asset>
  <library_effects>
    <effect id="artproswear_5st_01a-effect">
      <profile_COMMON>
        <technique sid="common">
          <lambert>
            <emission>
              <color sid="emission">0 0 0 1</color>
            </emission>
            <diffuse>
              <color sid="diffuse">1 1 1 1</color>
            </diffuse>
          </lambert>
        </technique>
      </profile_COMMON>
    </effect>
  </library_effects>
  <library_images/>
  <library_materials>
    <material id="artproswear_5st_01a-material" name="artproswear_5st_01a">
      <instance_effect url="#artproswear_5st_01a-effect"/>
    </material>
  </library_materials>
  <library_geometries>
    <geometry id="daewon_dcx_01a_15x7_001-mesh" name="daewon_dcx_01a_15x7.001">
      <mesh>
        <source id="daewon_dcx_01a_15x7_001-mesh-positions">
          <float_array id="daewon_dcx_01a_15x7_001-mesh-positions-array" count="3867">9.362599 3.3757e-5 20.70944 9.688353 3.35009e-5 21.75151 10.24036 3.3479e-5 22.32018 10.54146 3.35166e-5 22.76572 10.24036 3.35485e-5 23.27673 9.818165 3.36089e-5 23.42951 9.362599 -4.040151 20.31151 9.688353 -4.243443 21.33355 10.24036 -4.354389 21.8913 10.54146 -4.441309 22.32828 10.24036 -4.541014 22.82948 9.818165 -4.57082 22.9793 -9.991753 -4.570942 22.97931 9.362599 -7.925107 19.13302 9.688353 -8.323876 20.09576 10.24036 -8.541497 20.62116 10.54146 -8.712021 21.03279 10.24036 -8.907567 21.50491 9.818165 -8.966027 21.64602 -9.991753 -8.966148 21.64602 8.669782 -11.12841 16.65495 9.362599 -11.50549 17.21926 9.688353 -12.08442 18.08572 10.24036 -12.40037 18.55854 10.54146 -12.64789 18.929 10.24036 -12.9318 19.35389 9.818165 -13.01669 19.48091 9.362599 -14.64371 14.64378 9.688353 -15.38057 15.38063 10.24036 -15.78267 15.78274 10.54146 -16.09773 16.09778 10.24036 -16.45908 16.45913 9.818165 -16.56708 16.56715 -9.991753 -16.56723 16.56715 9.362599 -17.21919 11.50553 9.688353 -18.08566 12.08449 10.24036 -18.5585 12.40042 10.54146 -18.92896 12.64794 10.24036 -19.35384 12.93185 9.818165 -19.48084 13.01673 9.362599 -19.13295 7.925146 9.688353 -20.09571 8.323937 10.24036 -20.62108 8.541552 10.54146 -21.03272 8.712055 10.24036 -21.50484 8.907609 9.818165 -21.64597 8.96607 9.362599 -20.31144 4.040197 9.688353 -21.33348 4.243494 10.24036 -21.89126 4.354432 10.54146 -22.32821 4.441356 10.24036 -22.82943 4.541048 9.818165 -22.97926 4.570845 8.669782 -20.03067 -2.17133e-5 9.362599 -20.70934 -2.17022e-5 9.688353 -21.75146 -2.17803e-5 10.24036 -22.3201 -2.17988e-5 10.54146 -22.76564 -2.18332e-5 10.24036 -23.27667 -2.18182e-5 9.818165 -23.42941 -2.18155e-5 9.362599 -20.31144 -4.040228 9.688353 -21.33348 -4.243526 10.24036 -21.89123 -4.35447 10.54146 -22.32821 -4.441391 10.24036 -22.82941 -4.541083 9.818165 -22.97921 -4.570889 8.669782 -18.50595 -7.665456 9.362599 -19.13295 -7.92518 9.688353 -20.09571 -8.323967 10.24036 -20.62108 -8.541586 10.54146 -21.03271 -8.71209 10.24036 -21.50483 -8.907647 9.818165 -21.64597 -8.966108 -9.991753 -21.64609 -8.966108 8.669782 -16.6549 -11.12851 9.362599 -17.21919 -11.50557 9.688353 -18.08564 -12.08452 10.24036 -18.55849 -12.40046 10.54146 -18.92894 -12.64799 10.24036 -19.35382 -12.93188 9.818165 -19.48082 -13.01676 -9.991753 -19.48097 -13.01676 9.362599 -14.64371 -14.64381 9.688344 -15.38055 -15.38066 10.24036 -15.78267 -15.78278 10.54146 -16.09772 -16.09782 10.24036 -16.45908 -16.45916 9.818165 -16.56708 -16.56717 -9.991753 -16.56721 -16.56717 8.669782 -11.1284 -16.65497 9.362591 -11.50548 -17.21929 9.688344 -12.08441 -18.08574 10.24036 -12.40036 -18.55857 10.54146 -12.64787 -18.92902 10.24036 -12.93178 -19.35393 9.818165 -13.01667 -19.48094 9.362591 -7.925089 -19.13305 9.688344 -8.323858 -20.09581 10.24036 -8.54148 -20.62119 10.54146 -8.712003 -21.03281 10.24036 -8.90753 -21.50494 9.818165 -8.966009 -21.64607 -9.991753 -8.966129 -21.64605 8.669782 -3.907733 -19.6459 9.362591 -4.040133 -20.31154 9.688344 -4.243424 -21.3336 10.24036 -4.354371 -21.89134 10.54146 -4.441292 -22.32831 10.24036 -4.540979 -22.8295 9.818165 -4.570804 -22.97932 8.669782 6.89538e-5 -20.03078 9.362591 6.89043e-5 -20.70946 9.688344 6.8964e-5 -21.75153 10.24036 6.89422e-5 -22.32021 10.54146 6.89798e-5 -22.76574 10.24036 6.90118e-5 -23.27676 9.818165 6.90722e-5 -23.42951 -9.991753 -5.17943e-5 -23.42951 8.669782 3.907889 -19.64589 9.362591 4.040305 -20.31154 9.688344 4.243597 -21.33358 10.24036 4.354527 -21.89133 10.54146 4.441465 -22.32831 10.24036 4.541151 -22.8295 9.818165 4.570959 -22.97933 9.362591 7.925245 -19.13305 9.688344 8.324031 -20.0958 10.24036 8.541652 -20.62118 10.54146 8.712123 -21.0328 10.24036 8.907703 -21.50493 9.818157 8.966165 -21.64605 8.669782 11.12857 -16.65497 9.362591 11.50563 -17.21929 9.688344 12.08461 -18.08574 10.24036 12.40054 -18.55857 10.54146 12.64803 -18.92902 10.24036 12.93196 -19.35393 9.818157 13.0168 -19.48094 -9.991753 13.01668 -19.48094 9.362582 14.64389 -14.64379 9.688335 15.38072 -15.38064 10.24036 15.78283 -15.78275 10.54144 16.09789 -16.0978 10.24035 16.45924 -16.45914 9.818138 16.56725 -16.56716 -9.991779 16.56712 -16.56716 8.669763 16.65503 -11.12849 9.362555 17.21934 -11.50555 9.688309 18.08582 -12.08449 10.24033 18.55865 -12.40043 10.54142 18.92911 -12.64795 10.24033 19.354 -12.93186 9.81812 19.481 -13.01674 8.669745 18.50609 -7.665445 9.362555 19.13311 -7.925166 9.688309 20.09584 -8.323941 10.24033 20.62124 -8.541556 10.54142 21.03283 -8.712059 10.24033 21.50496 -8.907616 9.818112 21.64607 -8.966077 -9.991814 21.64605 -8.966077 8.669745 19.64594 -3.907821 9.362555 20.31157 -4.040224 9.688309 21.33358 -4.243522 10.24032 21.89134 -4.354462 10.54141 22.32832 -4.441382 10.24032 22.82953 -4.541074 9.81812 22.97934 -4.570881 -9.991814 22.97933 -4.57088 9.362555 20.70947 -2.60956e-5 9.688299 21.75155 -2.62133e-5 10.24032 22.32021 -2.62317e-5 10.54141 22.76575 -2.62661e-5 10.24032 23.27678 -2.62511e-5 9.81812 23.42955 -2.62485e-5 -9.991814 23.42951 -3.0653e-5 9.362555 20.31157 4.040197 9.688309 21.33358 4.243489 10.24032 21.89134 4.354437 10.54141 22.32832 4.441356 10.24032 22.8295 4.541053 9.81812 22.97934 4.570851 -9.991814 22.97933 4.570842 9.362555 19.13309 7.925146 9.688309 20.09584 8.323932 10.24033 20.62123 8.541557 10.54142 21.03282 8.712051 10.24033 21.50492 8.907614 9.81812 21.64604 8.966065 -9.991814 21.64604 8.966056 8.669763 16.65501 11.12849 9.362555 17.21934 11.50553 9.688309 18.0858 12.08448 10.24033 18.55862 12.40041 10.54142 18.92909 12.64794 10.24033 19.35399 12.93186 9.81813 19.48097 13.01671 -9.991805 19.48085 13.01671 9.362591 14.64383 14.64379 9.688344 15.3807 15.38065 10.24036 15.78283 15.78276 10.54144 16.09788 16.09781 10.24035 16.45921 16.45914 9.818147 16.56721 16.56716 -9.991779 16.56708 16.56716 9.362599 11.50561 17.21928 9.688353 12.08453 18.08573 10.24036 12.40051 18.55855 10.54146 12.64803 18.92901 10.24036 12.93193 19.35391 9.818165 13.0168 19.48092 -9.991753 13.01668 19.48092 9.362599 7.925226 19.13303 9.688353 8.324013 20.09577 10.24036 8.541634 20.62116 10.54146 8.712123 21.0328 10.24036 8.907703 21.50491 9.818165 8.966146 21.64603 -9.991753 8.965991 21.64604 9.362599 4.040252 20.31151 9.688353 4.243579 21.33356 10.24036 4.354492 21.89131 10.54146 4.441448 22.32829 10.24036 4.541151 22.82949 9.818165 4.570941 22.97932 -9.991753 4.570802 22.97932 8.710653 3.34205e-5 21.20284 -8.689764 -8.73293e-5 21.20282 -8.689774 -4.136516 20.79542 8.710653 -4.136397 20.79542 -8.689764 -8.114037 19.58886 8.710653 -8.113899 19.58886 -8.689764 -11.77975 17.62952 8.710653 -11.77962 17.6295 -8.689764 -14.99273 14.99267 8.710653 -14.99261 14.99265 -8.689764 -17.62956 11.77966 8.710653 -17.62944 11.77965 -8.689764 -19.58893 8.113959 8.710653 -19.5888 8.113961 -8.689764 -20.79548 4.136452 8.710653 -20.79535 4.136452 -8.689764 -21.20289 -2.17946e-5 8.710653 -21.20277 -2.17674e-5 -8.689764 -20.79548 -4.136483 8.710653 -20.79535 -4.136484 -8.689764 -19.58893 -8.113994 8.710653 -19.5888 -8.113994 -8.689764 -17.62955 -11.77968 8.710653 -17.62943 -11.77968 -8.689764 -14.99271 -14.99269 8.710653 -14.99259 -14.99269 -8.689764 -11.77973 -17.62953 8.710653 -11.77961 -17.62953 -8.689764 -8.114019 -19.58889 8.710653 -8.113882 -19.58889 -8.689774 -4.136498 -20.79546 8.710653 -4.13638 -20.79545 -8.689774 -5.18662e-5 -21.20286 8.710653 6.88836e-5 -21.20286 -8.689764 4.136415 -20.79545 8.710653 4.136533 -20.79545 -8.689764 8.113951 -19.58888 8.710653 8.114071 -19.58888 -8.689774 11.77963 -17.62954 8.710653 11.77975 -17.62953 -8.689774 14.99264 -14.99267 8.710644 14.99277 -14.99268 -8.689818 17.62948 -11.77966 8.710618 17.62961 -11.77966 -8.689818 19.58884 -8.113982 8.710618 19.58897 -8.113976 -8.689818 20.79544 -4.136483 8.710618 20.79546 -4.136484 -8.689818 21.20287 -3.50933e-5 8.710618 21.20289 -2.62003e-5 -8.689827 20.79544 4.136439 8.710618 20.79546 4.136447 -8.689827 19.58878 8.113954 8.710618 19.58894 8.113964 -8.689827 17.62948 11.77964 8.710618 17.62961 11.77964 -8.689774 14.99259 14.99269 8.710644 14.99273 14.99268 -8.689764 11.77961 17.62952 8.710653 11.77973 17.62952 -8.689764 8.113916 19.58886 8.710653 8.114036 19.58887 -8.689764 4.136415 20.79542 8.710653 4.136533 20.79543 6.634012 1.269043 5.669861 6.634012 0.8973694 6.567192 8.710391 1.054779 5.669861 6.634012 1.52588e-5 6.938877 8.710391 4.57764e-5 6.72459 6.634012 -0.8972931 6.567192 6.634012 -1.268997 5.669861 8.710391 -1.054657 5.669861 6.634012 -0.8972931 4.772533 8.710391 -0.7457428 4.924065 6.634012 1.52588e-5 4.400856 6.634012 0.8973694 4.772533 8.669782 3.38065e-5 20.03075 3.397756 0 19.52411 -9.991753 -8.72575e-5 23.42951 3.397756 -3.808924 19.14895 3.397756 -7.471539 18.03792 -9.991753 -13.01682 19.48092 3.397756 -16.23369 10.847 -9.991753 -19.481 13.01673 -9.991753 -21.64609 8.96607 3.397756 3.808984 19.14895 -9.991753 -8.72591e-5 22.34839 -9.991753 -4.360024 21.91896 -9.991753 -8.552415 20.64722 -9.991753 -12.41615 18.582 -9.991753 -15.80277 15.80269 -9.991753 -18.58206 12.41608 -9.991753 -20.64728 8.552342 -9.991753 -21.91905 4.359946 -9.991753 4.359885 21.91897 -6.060268 -9.90462e-5 19.52836 -6.060268 -3.809855 19.15313 -6.060257 -7.473241 18.04185 -6.060268 -10.84943 16.23724 -6.060268 -13.80872 13.80863 -6.060268 -16.23731 10.84937 -6.060268 -18.04194 7.473167 -6.060268 -19.15319 3.809781 -6.060257 3.809716 19.15314 -10.57262 -8.73122e-5 22.88894 -10.57262 -4.465474 22.44913 -10.57262 -8.759271 21.14662 -10.57262 -12.71649 19.03146 -10.57262 -16.18499 16.18492 -10.57262 -19.03153 12.71639 -10.57262 -21.14669 8.759207 -10.57262 -22.44919 4.465395 -10.57262 4.465318 22.44915 -9.320774 -9.90462e-5 21.16881 -9.320774 -4.129913 20.76205 -9.320774 -8.101037 19.55743 -9.320774 -11.76084 17.60121 -9.320774 -14.96869 14.96861 -9.320774 -17.6013 11.76075 -9.320774 -19.55748 8.100933 -9.320774 -20.76213 4.129815 3.397756 -10.84697 16.2337 3.397756 -13.80559 13.80562 3.397756 -18.03789 7.471539 3.397756 -19.52411 2.15337e-6 -9.991753 -23.42951 -8.61348e-5 -9.991753 -22.97931 -4.57094 3.397756 -13.80562 -13.80559 3.397756 -10.847 -16.23369 -9.991753 -13.01673 -19.481 3.397756 -3.80895 -19.14893 -9.991753 -4.570847 -22.97939 -9.991753 -22.97932 4.570804 -9.991753 -22.34839 -8.61348e-5 -9.991753 -21.91896 -4.360022 -9.991753 -20.64722 -8.552414 -9.991753 -18.582 -12.41615 -9.991753 -15.80269 -15.80277 -9.991753 -12.41608 -18.58206 -9.991753 -8.552344 -20.64728 -9.991753 -4.359948 -21.91905 -6.060268 -19.52836 -9.69017e-5 -6.060268 -19.15313 -3.809855 -6.060257 -18.04185 -7.47324 -6.060268 -16.23724 -10.84943 -6.060268 -13.80863 -13.80872 -6.060268 -10.84937 -16.23731 -6.060268 -7.473169 -18.04194 -6.060268 -3.809783 -19.15319 -10.57262 -22.88894 -8.61348e-5 -10.57262 -22.44913 -4.465472 -10.57262 -21.14662 -8.759269 -10.57262 -19.03146 -12.71649 -10.57262 -16.18492 -16.18499 -10.57262 -12.71639 -19.03153 -10.57262 -8.759209 -21.14669 -10.57262 -4.465397 -22.44919 -9.320774 -21.16881 -9.69017e-5 -9.320774 -20.76205 -4.129912 -9.320774 -19.55743 -8.101036 -9.320774 -17.60121 -11.76084 -9.320774 -14.96862 -14.96869 -9.320774 -11.76075 -17.6013 -9.320774 -8.100934 -19.55748 -9.320774 -4.129817 -20.76213 3.397756 -19.14895 -3.808922 3.397756 -18.03792 -7.471536 3.397756 -16.23371 -10.84697 3.397756 -7.47154 -18.03789 3.397756 -19.14895 3.808985 3.397756 3.808922 -19.14895 -9.991753 4.57094 -22.97931 3.397756 7.471536 -18.03792 -9.991753 8.966144 -21.64602 -9.991753 19.481 -13.01673 -9.991753 8.38846e-5 -22.34839 -9.991753 4.360021 -21.91896 -9.991753 8.552412 -20.64722 -9.991753 12.41615 -18.582 -9.991753 15.80277 -15.80269 -9.991753 18.58206 -12.41609 -9.991753 20.64728 -8.552345 -6.060268 9.60975e-5 -19.52836 -6.060268 3.809852 -19.15313 -6.060257 7.473238 -18.04185 -6.060268 10.84943 -16.23724 -6.060268 13.80872 -13.80863 -6.060268 16.23731 -10.84938 -6.060268 18.04194 -7.473169 -6.060268 19.15319 -3.809784 -10.57262 8.3856e-5 -22.88894 -10.57262 4.46547 -22.44913 -10.57262 8.759268 -21.14662 -10.57262 12.71649 -19.03146 -10.57262 16.18499 -16.18492 -10.57262 19.03153 -12.7164 -10.57262 21.14669 -8.759211 -10.57262 22.44919 -4.465399 -9.320774 9.58498e-5 -21.16881 -9.320774 4.129909 -20.76205 -9.320774 8.101033 -19.55743 -9.320774 11.76084 -17.60121 -9.320774 14.96869 -14.96862 -9.320774 17.6013 -11.76075 -9.320774 19.55748 -8.100936 -9.320774 20.76213 -4.129818 3.397756 -2.94806e-6 -19.52411 3.397756 10.84697 -16.23371 3.397756 13.80559 -13.80562 3.397756 16.23369 -10.847 3.397756 18.03789 -7.47154 3.397756 19.14895 3.808919 3.397756 18.03792 7.471534 3.397756 16.23371 10.84697 3.397756 7.471543 18.03789 3.397756 19.14895 -3.808988 -9.991753 22.34839 8.27603e-5 -9.991753 21.91896 4.360018 -9.991753 20.64722 8.552412 -9.991753 18.582 12.41615 -9.991753 15.80269 15.80277 -9.991753 12.41609 18.58206 -9.991753 8.552347 20.64728 -9.991753 21.91897 -4.35989 -6.060268 19.52836 9.3953e-5 -6.060268 19.15313 3.809852 -6.060257 18.04185 7.473238 -6.060268 16.23724 10.84943 -6.060268 13.80863 13.80872 -6.060268 10.84938 16.23731 -6.060268 7.473172 18.04194 -10.57262 22.88894 8.26787e-5 -10.57262 22.44913 4.465469 -10.57262 21.14662 8.759266 -10.57262 19.03146 12.71649 -10.57262 16.18492 16.18498 -10.57262 12.7164 19.03153 -10.57262 8.759212 21.14669 -9.320774 21.16881 9.37053e-5 -9.320774 20.76205 4.129909 -9.320774 19.55743 8.101034 -9.320774 17.60121 11.76083 -9.320774 14.96862 14.96869 -9.320774 11.76075 17.6013 -9.320774 8.100936 19.55748 -9.320774 4.12982 20.76213 3.397756 19.52411 -5.10143e-6 3.397756 13.80562 13.80559 3.397756 10.847 16.23369 8.710391 0.7458801 6.415668 8.710391 -0.7457581 6.415668 8.710391 4.57764e-5 4.615147 8.710391 0.7458801 4.924065 8.973792 6.23733e-5 5.669869 8.669782 7.665506 18.506 9.167691 4.30674e-5 19.00983 9.167691 -18.07942 5.874312 9.177897 -7.322511 4.92715 9.177897 -2.423281 8.486649 9.167691 -16.93789 8.630274 9.167691 -15.37928 11.17369 9.167691 -13.44198 13.44197 9.167691 -11.17667 15.38337 9.167691 -8.630278 16.93787 9.167691 -2.973787 18.77578 9.167691 -5.87436 18.07941 9.177897 -7.177055 3.656834 9.177897 -5.806315 3.756879 9.177897 -3.414491 4.699569 9.177897 -1.260094 7.955753 9.177897 -5.88794 4.660643 9.177897 -4.786257 4.668525 9.177897 -3.742648 5.151231 9.177897 -2.613137 7.039927 9.177897 -2.96107 5.994604 9.167699 -18.7758 2.973744 9.167699 -18.07944 -5.874416 9.167699 -16.93789 -8.630338 9.167699 3.44539e-5 -19.00992 9.167699 15.37934 -11.17374 9.167699 16.93795 -8.63033 9.167699 18.07949 -5.874407 9.167699 19.0099 -3.87607e-5 9.167699 11.17375 15.37927 8.669779 11.12858 16.65496 8.669779 3.907868 19.64587 8.669771 14.16393 14.16388 8.669745 18.50607 7.665417 8.669745 19.64594 3.907786 8.669745 20.03082 -2.58404e-5 8.669771 14.16397 -14.16389 8.669779 7.665507 -18.50602 8.669779 -7.665369 -18.50603 8.669779 -14.16381 -14.1639 8.669779 -19.64581 -3.907824 8.669779 -19.64581 3.90779 8.669779 -18.50595 7.665426 8.669779 -16.65491 11.12848 8.669779 -14.16381 14.16388 8.669779 -7.665404 18.50599 8.669779 -3.907747 19.64587 6.634012 1.522847 5.66986 6.634012 1.076839 6.746657 6.634012 1.37098e-5 7.192679 6.634012 -1.076756 6.746657 6.634012 -1.522801 5.66986 6.634012 -1.076756 4.593066 6.634012 1.37098e-5 4.147054 6.634012 1.076839 4.593066 9.177905 -3.579768 -4.82514e-5 9.177897 2.28882e-5 3.579796 9.177897 0 8.054982 9.177897 -7.660706 2.489044 9.177897 -4.526014 4.085675 9.177897 -2.487166 5.566985 9.177897 -1.778827 6.68302 9.177897 -2.896111 2.104122 9.177897 -2.104141 2.896088 9.177897 -1.106209 3.40456 9.177897 1.52588e-5 7.448368 9.177897 -1.257553 6.927456 9.177897 -1.778488 5.669857 9.177897 -1.257553 4.412266 9.177897 1.52588e-5 3.891365 9.177897 -3.404579 1.106239 9.177897 -4.842758 3.443569 9.177897 -6.199768 3.336788 9.177897 -7.083817 2.301685 9.177897 -3.700905 1.202511 9.177897 -3.807678 2.559551 9.167691 18.07944 5.874319 9.177897 2.423218 8.486695 9.177897 7.322448 4.927196 9.167691 2.973783 18.77579 9.167691 5.874349 18.07943 9.167691 8.630276 16.93788 9.167691 13.44197 13.44197 9.167691 16.93788 8.630276 9.167691 15.37926 11.17369 9.177897 1.260023 7.95581 9.177897 1.778754 6.683073 9.177897 3.41442 4.699621 9.177897 7.176981 3.656883 9.177897 2.613061 7.039982 9.177897 2.960997 5.994655 9.177897 3.74257 5.151287 9.177897 5.887865 4.660698 9.177897 4.786187 4.66858 9.177897 3.404595 1.106196 9.177897 7.660743 2.489126 9.177897 2.487092 5.567038 9.177897 4.52594 4.085729 9.177897 5.806242 3.756931 9.177897 1.106192 3.404574 9.177897 2.104128 2.896098 9.177897 2.896092 2.104134 9.177897 7.083824 2.301658 9.177897 6.199797 3.336706 9.177897 4.842772 3.443525 9.177897 3.807709 2.559469 9.177897 3.700913 1.202483 9.167691 11.17366 -15.3793 9.177897 1.778534 5.669858 9.177897 1.257641 6.927454 9.177897 1.257641 4.412262 9.177897 8.82014 0.317915 9.177897 6.948801 -5.441475 9.167691 18.77578 2.9738 9.167691 18.77578 -2.973789 9.167691 13.44197 -13.44198 9.177897 7.955792 1.260126 9.177897 6.905645 0.3734868 9.177897 5.524718 -1.795044 9.177897 5.695711 -5.695675 9.177897 7.502901 -0.3096957 9.177897 6.616253 -0.9636254 9.177897 6.055683 -1.967561 9.177897 6.252037 -4.159458 9.177897 5.919095 -3.109263 9.177897 2.104132 -2.896129 9.177897 4.734598 -6.516617 9.177897 6.06312 -0.6450567 9.177897 5.28435 -3.041866 9.177897 5.367281 -4.361109 9.177897 3.579774 2.00272e-5 9.177897 3.404563 -1.106201 9.177897 2.896091 -2.104134 9.177897 4.378027 -6.025866 9.177897 5.089237 -4.865259 9.177897 4.771485 -3.541642 9.177897 3.610846 -2.830427 9.177897 2.287274 -3.14819 9.177897 5.941953 0.06059503 9.177897 6.977033 0.944613 9.177897 4.584943 0.1673762 9.167691 -11.17373 -15.37925 9.177897 3.027928 -8.290211 9.177897 -3.027852 -8.290211 9.167691 8.630288 -16.93788 9.167691 5.874372 -18.07942 9.167691 2.973792 -18.77578 9.167691 -2.973794 -18.77578 9.167691 -8.630287 -16.93788 9.167691 -5.874356 -18.07941 9.177897 3.656927 -7.177009 9.177897 2.489169 -6.452245 9.177897 4.33922e-5 -5.809018 9.177897 -3.656838 -7.177004 9.177897 2.023986 -7.231384 9.177897 1.128072 -6.590207 9.177897 4.72069e-5 -6.367306 9.177897 -2.023894 -7.231383 9.177897 -1.127985 -6.590209 9.177897 -2.10417 -2.896102 9.177897 -4.734599 -6.516616 9.177897 1.260122 -5.965704 9.177897 -1.260032 -5.965705 9.177897 -2.48908 -6.452244 9.177897 1.10623 -3.404561 9.177897 7.86781e-6 -3.579767 9.177897 -1.106209 -3.40456 9.177897 -4.378054 -6.025846 9.177897 -3.054475 -6.3436 9.177897 -1.893832 -5.632379 9.177897 -1.576083 -4.308769 9.177897 -2.2873 -3.148171 9.177897 1.893794 -5.632407 9.177897 3.054402 -6.343651 9.177897 1.576009 -4.308817 9.177897 -6.948777 -5.441547 9.177897 -8.820117 0.3178425 9.167691 -13.44197 -13.44198 9.167691 -15.37927 -11.17371 9.167691 -18.77578 -2.973787 9.167691 -19.00982 0 9.177897 -5.695689 -5.695762 9.177897 -5.367254 -4.361193 9.177897 -5.524691 -1.795126 9.177897 -7.955762 1.260044 9.177897 -6.252009 -4.159545 9.177897 -5.919066 -3.109346 9.177897 -6.055653 -1.96765 9.177897 -7.502872 -0.3097825 9.177897 -6.616229 -0.9637094 9.177897 -5.284323 -3.041951 9.177897 -6.063094 -0.6451421 9.177897 -6.905617 0.3734036 9.177897 -2.896087 -2.104155 9.177897 -3.404559 -1.106216 9.177897 -6.977007 0.9446988 9.177897 -5.941937 0.06064081 9.177897 -4.584919 0.1674613 9.177897 -4.771523 -3.541614 9.177897 -5.089309 -4.865205 9.177897 -3.610915 -2.830371 6.634012 5.784514 0.5451517 6.634012 6.523073 1.175925 8.710391 5.718303 0.7489286 6.634012 6.599269 2.144217 6.634012 5.968492 2.88275 6.634012 5.000216 2.958971 6.634012 4.26167 2.32817 8.710391 4.452617 2.230863 6.634012 4.185468 1.359925 8.710391 4.38928 1.426115 6.634012 4.816251 0.6213446 8.710391 4.913554 0.8122454 8.710391 6.332153 1.273176 8.710391 6.395479 2.077969 8.710391 5.871211 2.691808 8.710391 5.066452 2.755122 8.973792 5.392385 1.752027 6.634012 5.862943 0.3037691 6.634012 6.749213 1.060697 6.634012 6.840649 2.222647 6.634012 6.083716 3.108888 6.634012 4.921786 3.200353 6.634012 4.03553 2.443392 6.634012 3.944087 1.281497 6.634012 4.701027 0.3952007 6.634012 2.305983 -5.332939 6.634012 3.134111 -5.840431 8.710391 2.479326 -5.206998 6.634012 4.078557 -5.613679 8.710391 3.952578 -5.440335 6.634012 4.586024 -4.785555 8.710391 4.374366 -4.752039 6.634012 4.359301 -3.841116 8.710391 4.185896 -3.967103 6.634012 3.53115 -3.333645 6.634012 2.586746 -3.560377 8.710391 2.712678 -3.73376 6.634012 2.079237 -4.388521 8.710391 3.167605 -5.628802 8.710391 3.497611 -3.545316 8.710391 2.290863 -4.42207 8.973792 3.332615 -4.587057 6.634012 2.100651 -5.48212 6.634012 3.094404 -6.09111 6.634012 4.227739 -5.819008 6.634012 4.8367 -4.825259 6.634012 4.564632 -3.691934 6.634012 3.570851 -3.082967 6.634012 2.437566 -3.355045 6.634012 1.828555 -4.348819 6.634012 -4.359338 -3.841089 6.634012 -4.586086 -4.78551 8.710391 -4.374465 -4.751967 8.710391 -4.185995 -3.96703 6.634012 -4.078583 -5.61366 8.710391 -3.952652 -5.44028 6.634012 -3.134174 -5.840385 6.634012 -2.306021 -5.332911 8.710391 -2.479426 -5.206926 6.634012 -2.079299 -4.388476 8.710391 -2.290975 -4.421988 6.634012 -2.586771 -3.560359 6.634012 -3.531212 -3.333599 8.710391 -3.497724 -3.545235 8.710391 -3.167705 -5.62873 8.710391 -2.712753 -3.733705 8.973792 -3.332716 -4.586984 6.634012 -4.56467 -3.691906 6.634012 -4.836766 -4.82521 6.634012 -4.227762 -5.818992 6.634012 -3.094472 -6.091062 6.634012 -2.100689 -5.482093 6.634012 -1.828623 -4.34877 6.634012 -2.437589 -3.355029 6.634012 -3.570918 -3.082918 6.634012 -5.000202 2.959015 6.634012 -5.968469 2.882824 8.710391 -5.871173 2.691926 6.634012 -6.599259 2.144247 8.710391 -6.395451 2.078057 6.634012 -6.52305 1.175999 6.634012 -5.7845 0.5451956 8.710391 -5.718266 0.7490459 6.634012 -4.816228 0.6214175 6.634012 -4.185458 1.359954 8.710391 -4.389252 1.426203 6.634012 -4.261646 2.328243 8.710391 -4.452575 2.230995 8.710391 -5.066413 2.755238 8.710391 -6.332115 1.273293 8.710391 -4.913511 0.8123775 8.973792 -5.392346 1.752146 6.634012 -4.921772 3.200398 6.634012 -6.08369 3.108966 6.634012 -6.840641 2.222674 6.634012 -6.749189 1.060776 6.634012 -5.862929 0.3038139 6.634012 -4.701002 0.3952799 6.634012 -3.944078 1.281524 6.634012 -4.035504 2.443471 9.177899 3.80839e-5 9.712454 9.177899 -9.237092 3.001278 9.177899 -8.653861 4.409349 9.177899 -7.857542 5.708826 9.177899 -6.867735 6.867733 9.177899 -5.710351 7.859631 9.177899 -4.409351 8.653854 9.177899 -1.519346 9.592876 9.177899 -3.001302 9.237086 9.177903 -9.592883 1.519324 9.177903 -9.237101 -3.001363 9.177903 -8.653861 -4.409414 9.177903 3.36831e-5 -9.712531 9.177903 7.857606 -5.708885 9.177903 8.653928 -4.409409 9.177903 9.23716 -3.001358 9.177903 9.712524 -3.58835e-5 9.177903 5.708891 7.857536 9.177899 9.237132 3.001281 9.177899 1.519376 9.592879 9.177899 3.001329 9.237097 9.177899 4.409382 8.653856 9.177899 6.867767 6.867734 9.177899 8.653891 4.40935 9.177899 7.857564 5.708828 9.177899 5.708844 -7.857583 9.177899 9.592908 1.519353 9.177899 9.592905 -1.51938 9.177899 6.867765 -6.86777 9.177899 -5.708849 -7.857555 9.177899 4.409388 -8.653889 9.177899 3.00134 -9.237125 9.177899 1.519381 -9.592905 9.177899 -1.51935 -9.592905 9.177899 -4.409356 -8.653887 9.177899 -3.0013 -9.237118 9.177899 -6.867735 -6.867772 9.177899 -7.857537 -5.708868 9.177899 -9.592873 -1.519379 9.177899 -9.712448 -1.608e-5 9.167691 -16.44526 5.343341 9.167691 -15.4069 7.850197 9.167691 2.704993 17.07868 9.167691 5.343382 16.44526 9.167691 -17.29155 -3.87757e-6 9.167699 -17.07869 2.704949 9.167699 -15.4069 -7.850263 9.167699 -16.44527 -5.343443 9.167691 7.850206 15.40689 9.167691 -17.07867 -2.704997 9.167699 15.40697 -7.850255 9.167699 13.98924 -10.16377 9.167691 12.22698 12.22698 9.167691 13.98917 10.16372 9.167691 -13.98917 -10.16374 9.167699 16.44533 -5.343435 9.167691 15.4069 7.850198 9.167699 3.52173e-5 -17.29165 9.167691 -2.704994 -17.07868 9.167691 2.705 -17.07868 9.167691 16.44528 5.343348 9.167691 17.07868 2.705 9.167691 4.30522e-5 17.29157 9.167691 12.22698 -12.22699 9.167691 -13.98918 10.16372 9.167691 7.850217 -15.4069 9.167691 5.343403 -16.44526 9.167691 17.07868 -2.704998 9.167691 -12.22698 12.22697 9.167699 17.29164 -3.91347e-5 9.167691 -10.16643 13.9929 9.167691 -10.16376 -13.98915 9.167691 -12.22698 -12.22699 9.167691 -5.343381 -16.44525 9.167691 -7.850201 15.40689 9.167691 -7.850208 -15.4069 9.167699 10.16378 13.98917 9.167691 -5.343385 16.44524 9.167691 10.1637 -13.9892 9.167691 -2.704988 17.07867 3.397756 -16.93789 8.630274 3.397756 -15.37928 11.17369 3.397756 -13.44198 13.44197 3.397756 -11.17667 15.38337 3.397756 -8.630278 16.93787 3.397756 -2.973787 18.77578 3.397756 -5.87436 18.07941 3.397756 -18.7758 2.973744 3.397756 -18.07944 -5.874416 3.397756 -16.93789 -8.630338 3.397756 3.44539e-5 -19.00992 3.397756 15.37934 -11.17374 3.397756 16.93795 -8.63033 3.397756 18.07949 -5.874407 3.397756 19.0099 -3.87607e-5 3.397756 11.17375 15.37927 3.397756 2.973783 18.77579 3.397756 5.874349 18.07943 3.397756 8.630276 16.93788 3.397756 13.44197 13.44197 3.397756 16.93788 8.630276 3.397756 15.37926 11.17369 3.397756 18.77578 2.9738 3.397756 18.77578 -2.973789 3.397756 13.44197 -13.44198 3.397756 8.630288 -16.93788 3.397756 5.874372 -18.07942 3.397756 2.973792 -18.77578 3.397756 -2.973794 -18.77578 3.397756 -8.630287 -16.93788 3.397756 -5.874356 -18.07941 3.397756 -13.44197 -13.44198 3.397756 -15.37927 -11.17371 3.397756 -18.77578 -2.973787 3.397756 -19.00982 0 3.397756 -15.4069 7.850195 3.397756 2.704993 17.07868 3.397756 5.343382 16.44526 3.397756 -17.29155 -4.30674e-6 3.397756 -17.07869 2.70495 3.397756 -15.4069 -7.850262 3.397756 -16.44527 -5.343443 3.397756 7.850206 15.40689 3.397756 -17.07867 -2.704997 3.397756 15.40697 -7.850255 3.397756 13.98924 -10.16377 3.397756 12.22698 12.22698 3.397756 13.98917 10.16372 3.397756 -13.98917 -10.16374 3.397756 16.44533 -5.343436 3.397756 15.4069 7.850198 3.397756 3.52614e-5 -17.29165 3.397756 -2.704994 -17.07868 3.397756 2.705 -17.07868 3.397756 17.07868 2.704999 3.397756 12.22698 -12.22699 3.397756 -13.98918 10.16372 3.397756 7.850217 -15.4069 3.397756 5.343403 -16.44526 3.397756 17.07868 -2.704998 3.397756 -12.22698 12.22697 3.397756 17.29164 -3.87607e-5 3.397756 -10.16643 13.9929 3.397756 -12.22698 -12.22699 3.397756 -5.343381 -16.44525 3.397756 -7.850201 15.40689 3.397756 -7.850207 -15.4069 3.397756 10.16378 13.98917 3.397756 -5.343385 16.44524 3.397756 -2.704988 17.07868 3.397756 -1.06128e-4 1.54675e-4 9.289398 -13.4369 4.365872 9.289398 2.210174 13.95445 9.289398 -14.12839 -1.10158e-5 9.289404 -12.58849 -6.414215 9.289404 12.58857 -6.414209 9.289398 9.9903 9.990277 9.289398 -11.43011 -8.304489 9.289404 13.43698 -4.365964 9.289404 3.66225e-5 -14.12848 9.289398 2.21018 -13.95447 9.289398 13.43693 4.365877 9.289398 4.30242e-5 14.12839 9.289398 6.414177 -12.58851 9.289398 13.95447 -2.210179 9.289404 14.12847 -3.98234e-5 9.289398 -8.304485 -11.43011 9.289404 8.304522 11.43011 9.289398 -12.58849 6.414145 9.289398 4.365921 13.43691 9.289404 -13.95446 2.210123 9.289404 -13.43691 -4.36597 9.289398 6.414169 12.58849 9.289398 -13.95444 -2.210177 9.289404 11.43018 -8.304512 9.289398 11.43012 8.304455 9.289398 12.58851 6.414147 9.289398 -2.21016 -13.95447 9.289398 13.95447 2.210164 9.289398 9.990298 -9.990303 9.289398 -11.43012 8.304451 9.289398 4.365937 -13.43693 9.289398 -9.990279 9.990276 9.289398 -8.306671 11.43315 9.289398 -9.990278 -9.990307 9.289398 -4.365903 -13.43691 9.289398 -6.414148 12.58848 9.289398 -6.414155 -12.58851 9.289398 -4.365907 13.43689 9.289398 8.304453 -11.43015 9.289398 -2.210155 13.95445 8.710653 4.136533 -20.79545 8.710653 8.114071 -19.58888 -8.689827 19.58878 8.113954 -8.689827 17.62948 11.77964 8.710653 -8.113882 -19.58889 8.710653 -4.13638 -20.79545 8.710618 17.62961 -11.77966 8.710618 19.58897 -8.113976 -8.689764 -14.99273 14.99267 -8.689764 -17.62956 11.77966 8.710653 -21.20277 -2.17674e-5 8.710653 -20.79535 -4.136484 -8.689818 21.20287 -3.50933e-5 -8.689827 20.79544 4.136439 -8.689764 -19.58893 8.113959 -8.689764 -20.79548 4.136452 8.710653 6.88836e-5 -21.20286 8.710653 11.77975 -17.62953 8.710644 14.99277 -14.99268 -8.689764 -8.73293e-5 21.20282 -8.689774 -4.136516 20.79542 -8.689764 -8.114037 19.58886 -8.689764 -11.77975 17.62952 -8.689774 14.99259 14.99269 -8.689764 11.77961 17.62952 -8.689764 8.113916 19.58886 -8.689764 -21.20289 -2.17946e-5 8.710653 -19.5888 -8.113994 -8.689764 4.136415 20.79542 8.710653 -17.62943 -11.77968 8.710653 -14.99259 -14.99269 8.710653 -11.77961 -17.62953 8.710653 -19.5888 8.113961 8.710653 -20.79535 4.136452 -8.689764 8.113951 -19.58888 -8.689774 11.77963 -17.62954 8.710644 14.99273 14.99268 8.710653 11.77973 17.62952 8.710653 -8.113899 19.58886 8.710653 -11.77962 17.6295 8.710618 20.79546 4.136447 8.710618 19.58894 8.113964 -8.689764 -20.79548 -4.136483 -8.689774 14.99264 -14.99267 -8.689764 -19.58893 -8.113994 -8.689764 -17.62955 -11.77968 -8.689764 4.136415 -20.79545 8.710618 20.79546 -4.136484 8.710618 21.20289 -2.62003e-5 -8.689764 -14.99271 -14.99269 8.710653 3.34205e-5 21.20284 8.710653 -4.136397 20.79542 -8.689774 -4.136498 -20.79546 -8.689774 -5.18662e-5 -21.20286 8.710618 17.62961 11.77964 -8.689764 -11.77973 -17.62953 -8.689764 -8.114019 -19.58889 -8.689818 17.62948 -11.77966 8.710653 -17.62944 11.77965 -8.689818 19.58884 -8.113982 8.710653 -14.99261 14.99265 8.710653 8.114036 19.58887 8.710653 4.136533 20.79543 -8.689818 20.79544 -4.136483 3.397756 0 19.52411 3.397756 -3.808924 19.14895 3.397756 -3.808924 19.14895 3.397756 -3.808924 19.14895 3.397756 -7.471539 18.03792 3.397756 3.808984 19.14895 3.397756 -10.84697 16.2337 3.397756 -13.80559 13.80562 3.397756 -10.847 -16.23369 3.397756 -13.80562 -13.80559 3.397756 -18.03792 -7.471536 3.397756 -16.23371 -10.84697 3.397756 -19.14895 -3.808922 3.397756 7.471536 -18.03792 3.397756 3.808922 -19.14895 3.397756 13.80559 -13.80562 3.397756 16.23369 -10.847 3.397756 10.84697 -16.23371 3.397756 18.03789 -7.47154 3.397756 16.23371 10.84697 3.397756 18.03792 7.471534 3.397756 19.14895 3.808919 3.397756 13.80562 13.80559 3.397756 10.847 16.23369 3.397756 -16.23369 10.847 3.397756 -18.03789 7.471539 3.397756 -19.14895 3.808985 3.397756 -19.52411 2.15337e-6 3.397756 -7.47154 -18.03789 3.397756 -3.80895 -19.14893 3.397756 -2.94806e-6 -19.52411 3.397756 19.14895 -3.808988 3.397756 19.52411 -5.10143e-6 3.397756 7.471543 18.03789 9.167691 -16.93789 8.630274 9.167691 -15.37928 11.17369 9.167691 -13.44198 13.44197 9.167691 -11.17667 15.38337 9.167691 -8.630278 16.93787 9.167691 -5.87436 18.07941 9.167691 -2.973787 18.77578 9.167699 -16.93789 -8.630338 9.167699 -18.07944 -5.874416 9.167699 16.93795 -8.63033 9.167699 15.37934 -11.17374 9.167699 18.07949 -5.874407 6.634012 1.076839 6.746657 6.634012 1.522847 5.66986 6.634012 -1.522801 5.66986 6.634012 -1.076756 6.746657 6.634012 1.37098e-5 7.192679 6.634012 1.076839 4.593066 6.634012 -1.076756 4.593066 6.634012 1.37098e-5 4.147054 9.177897 -1.778488 5.669857 9.177897 -1.257553 6.927456 9.177897 1.52588e-5 7.448368 9.177897 -1.257553 4.412266 9.177897 1.52588e-5 3.891365 9.177897 -4.842758 3.443569 9.177897 -6.199768 3.336788 9.177897 -7.083817 2.301685 9.177897 -3.807678 2.559551 9.177897 -3.700905 1.202511 9.167691 2.973783 18.77579 9.167691 5.874349 18.07943 9.167691 8.630276 16.93788 9.167691 13.44197 13.44197 9.167691 15.37926 11.17369 9.167691 16.93788 8.630276 9.177897 6.199797 3.336706 9.177897 4.842772 3.443525 9.177897 7.083824 2.301658 9.177897 3.807709 2.559469 9.177897 3.700913 1.202483 9.177897 1.778534 5.669858 9.177897 1.257641 6.927454 9.177897 1.257641 4.412262 9.177897 5.089237 -4.865259 9.177897 4.771485 -3.541642 9.177897 4.378027 -6.025866 9.177897 3.610846 -2.830427 9.177897 2.287274 -3.14819 9.177897 5.941953 0.06059503 9.177897 6.977033 0.944613 9.177897 4.584943 0.1673762 9.167691 8.630288 -16.93788 9.167691 5.874372 -18.07942 9.167691 2.973792 -18.77578 9.167691 -2.973794 -18.77578 9.167691 -5.874356 -18.07941 9.167691 -8.630287 -16.93788 9.177897 -3.054475 -6.3436 9.177897 -1.893832 -5.632379 9.177897 -4.378054 -6.025846 9.177897 -1.576083 -4.308769 9.177897 -2.2873 -3.148171 9.177897 1.893794 -5.632407 9.177897 3.054402 -6.343651 9.177897 1.576009 -4.308817 9.167691 -13.44197 -13.44198 9.167691 -15.37927 -11.17371 9.167691 -18.77578 -2.973787 9.167691 -19.00982 0 9.177897 -6.977007 0.9446988 9.177897 -5.941937 0.06064081 9.177897 -4.584919 0.1674613 9.177897 -4.771523 -3.541614 9.177897 -5.089309 -4.865205 9.177897 -3.610915 -2.830371 9.167699 -18.7758 2.973744 9.167699 3.44539e-5 -19.00992 9.167691 13.44197 -13.44198 9.167691 18.77578 -2.973789 9.167699 19.0099 -3.87607e-5 9.167691 18.77578 2.9738 9.167699 11.17375 15.37927 6.634012 6.749213 1.060697 6.634012 5.862943 0.3037691 6.634012 4.921786 3.200353 6.634012 6.083716 3.108888 6.634012 6.840649 2.222647 6.634012 4.701027 0.3952007 6.634012 4.03553 2.443392 6.634012 3.944087 1.281497 6.634012 3.094404 -6.09111 6.634012 2.100651 -5.48212 6.634012 4.564632 -3.691934 6.634012 4.8367 -4.825259 6.634012 4.227739 -5.819008 6.634012 1.828555 -4.348819 6.634012 3.570851 -3.082967 6.634012 2.437566 -3.355045 6.634012 -4.836766 -4.82521 6.634012 -4.56467 -3.691906 6.634012 -2.100689 -5.482093 6.634012 -3.094472 -6.091062 6.634012 -4.227762 -5.818992 6.634012 -3.570918 -3.082918 6.634012 -1.828623 -4.34877 6.634012 -2.437589 -3.355029 6.634012 -6.08369 3.108966 6.634012 -4.921772 3.200398 6.634012 -5.862929 0.3038139 6.634012 -6.749189 1.060776 6.634012 -6.840641 2.222674 6.634012 -4.035504 2.443471 6.634012 -4.701002 0.3952799 6.634012 -3.944078 1.281524 9.167691 -15.4069 7.850197 9.167699 -17.07869 2.704949 9.167691 15.4069 7.850198 9.167691 17.07868 2.705 9.167691 12.22698 -12.22699 9.167691 -12.22698 -12.22699 9.167691 -7.850208 -15.4069 9.167691 -2.704988 17.07867 9.167691 2.704993 17.07868 9.167691 7.850217 -15.4069 9.167691 -5.343385 16.44524 9.167691 7.850206 15.40689 9.167699 10.16378 13.98917 9.167691 -7.850201 15.40689 9.167691 12.22698 12.22698 9.167691 -5.343381 -16.44525 9.167691 -17.07867 -2.704997 9.167691 -17.29155 -3.87757e-6 9.167691 -10.16643 13.9929 9.167699 17.29164 -3.91347e-5 9.167691 -2.704994 -17.07868 9.167691 -13.98917 -10.16374 9.167691 -12.22698 12.22697 9.167691 17.07868 -2.704998 9.167691 5.343403 -16.44526 9.167691 2.705 -17.07868 9.167691 -13.98918 10.16372 9.167699 16.44533 -5.343435 9.167699 13.98924 -10.16377 9.167699 3.52173e-5 -17.29165 9.167691 13.98917 10.16372 9.167699 15.40697 -7.850255 9.167699 -15.4069 -7.850263 9.167699 -16.44527 -5.343443 9.167691 5.343382 16.44526 3.397756 -16.93789 8.630274 3.397756 -15.37928 11.17369 3.397756 -13.44198 13.44197 3.397756 -11.17667 15.38337 3.397756 -8.630278 16.93787 3.397756 -5.87436 18.07941 3.397756 -16.93789 -8.630338 3.397756 -18.07944 -5.874416 3.397756 16.93795 -8.63033 3.397756 15.37934 -11.17374 3.397756 18.07949 -5.874407 3.397756 2.973783 18.77579 3.397756 5.874349 18.07943 3.397756 8.630276 16.93788 3.397756 13.44197 13.44197 3.397756 15.37926 11.17369 3.397756 16.93788 8.630276 3.397756 8.630288 -16.93788 3.397756 5.874372 -18.07942 3.397756 2.973792 -18.77578 3.397756 -2.973794 -18.77578 3.397756 -5.874356 -18.07941 3.397756 -8.630287 -16.93788 3.397756 -13.44197 -13.44198 3.397756 -15.37927 -11.17371 3.397756 -18.77578 -2.973787 3.397756 -19.00982 0 3.397756 -18.7758 2.973744 3.397756 3.44539e-5 -19.00992 3.397756 13.44197 -13.44198 3.397756 18.77578 -2.973789 3.397756 19.0099 -3.87607e-5 3.397756 18.77578 2.9738 3.397756 11.17375 15.37927 3.397756 -15.4069 7.850195 3.397756 -17.07869 2.70495 3.397756 15.4069 7.850198 3.397756 17.07868 2.704999 3.397756 12.22698 -12.22699 3.397756 -12.22698 -12.22699 3.397756 -7.850207 -15.4069 3.397756 -2.704988 17.07868 3.397756 -2.973787 18.77578 3.397756 2.704993 17.07868 3.397756 7.850217 -15.4069 3.397756 -5.343385 16.44524 3.397756 7.850206 15.40689 3.397756 10.16378 13.98917 3.397756 -7.850201 15.40689 3.397756 12.22698 12.22698 3.397756 -5.343381 -16.44525 3.397756 -17.07867 -2.704997 3.397756 -17.29155 -4.30674e-6 3.397756 -10.16643 13.9929 3.397756 17.29164 -3.87607e-5 3.397756 -2.704994 -17.07868 3.397756 -13.98917 -10.16374 3.397756 -12.22698 12.22697 3.397756 17.07868 -2.704998 3.397756 5.343403 -16.44526 3.397756 2.705 -17.07868 3.397756 -13.98918 10.16372 3.397756 16.44533 -5.343436 3.397756 13.98924 -10.16377 3.397756 3.52614e-5 -17.29165 3.397756 13.98917 10.16372 3.397756 15.40697 -7.850255 3.397756 -15.4069 -7.850262 3.397756 -16.44527 -5.343443 3.397756 5.343382 16.44526</float_array>
          <technique_common>
            <accessor source="#daewon_dcx_01a_15x7_001-mesh-positions-array" count="1289" stride="3">
              <param name="X" type="float"/>
              <param name="Y" type="float"/>
              <param name="Z" type="float"/>
            </accessor>
          </technique_common>
        </source>
        <source id="daewon_dcx_01a_15x7_001-mesh-normals">
          <float_array id="daewon_dcx_01a_15x7_001-mesh-normals-array" count="2640">0.6284487 -0.43215 0.6467601 0.9999971 -0.001709043 0.001709043 0.9999971 -0.001342833 0.002014219 0.9792586 0 -0.2026147 0.8596571 0.09964424 -0.5010597 0.9790768 0.03854537 -0.1998072 0.8530212 0.4339268 0.2899356 0.8596687 0.3612269 0.3612269 0.8596612 0.4247644 0.2838274 0.8530212 -0.2899356 0.4339268 0.7787505 -0.443592 0.443592 0.8530182 -0.3690105 0.369041 0.7787555 0.5216017 -0.3485279 0.7787505 0.443592 -0.443592 0.6284543 0.7778465 0 0.999997 0.002411007 4.5779e-4 0.999997 0.002441525 0 0.9999971 -0.001709043 -0.001709043 0.628457 -0.4321252 -0.6467687 0.9999971 -0.001342833 -0.002014219 0.9792854 0.1430718 -0.1432855 0.8596612 0.4247644 -0.2838274 0.9790789 0.1685562 -0.1139883 0.8530213 0.1997199 0.4821478 0.8596702 0.09964579 0.5010368 0.8596653 0.1954756 0.4719797 0.7787455 0.12238 0.6152874 0.8530102 0.1018118 0.5118671 0.9999971 -4.5779e-4 0.00238049 0.7787644 0.2400658 -0.579564 0.7787601 0.1223822 -0.6152684 0.6284487 -0.6467601 0.43215 0.999997 -0.002044796 0.001342833 -0.3582593 0.1821357 -0.9156838 0.6284558 0.2976558 -0.7186407 0.6284591 0.1517433 -0.7628979 0 0.5555732 -0.8314677 0 0.7071068 -0.7071068 0.6284558 -0.2976558 0.7186407 0.999997 -9.1558e-4 0.002258419 0.7787601 -0.1223822 -0.6152684 0.8530177 0 -0.521882 0.8530235 -0.1018134 -0.5118446 0.8530212 -0.4339268 -0.2899356 0.8596687 -0.3612269 -0.3612269 0.8596686 -0.4247681 -0.2837993 0.8530212 -0.2899356 -0.4339268 0.7787506 -0.2400616 -0.5795843 0.8530213 -0.1997199 -0.4821478 0.7787555 -0.5216017 0.3485279 0.9999971 0.002227902 -9.15581e-4 0.7787506 -0.5795843 0.2400616 0.9999971 9.15581e-4 -0.002227902 0.999997 4.5779e-4 -0.002411007 -0.3582305 0 0.9336333 0.6284445 -0.1517398 0.7629107 0.6284729 0 0.7778316 0 -0.5555732 0.8314677 0 -0.3826816 0.9238803 0.8596571 -0.5010597 -0.09964424 0.9788848 -0.1888551 -0.07822161 0.9790768 -0.1998072 -0.03854537 0.8596571 -0.09964424 -0.5010597 0.8596638 0 -0.5108603 0.8530212 -0.4339268 0.2899356 0.999997 0.002411007 -4.5779e-4 0.7787603 -0.6152685 0.1223822 0.628455 0.5500202 -0.5500202 -0.3582921 0.7762792 -0.518669 0.6284487 0.6467601 -0.43215 0 0.1950772 -0.9807879 0 0.3826816 -0.9238803 0.8596602 0.4719769 0.1955049 0.9790789 0.1685562 0.1139883 0.9788848 0.1888551 0.07822161 0.8596602 0.1955049 -0.4719769 0.8530212 0.2899356 -0.4339268 0.8596612 0.2838274 -0.4247644 0.7787555 0.3485279 0.5216017 0.7787505 0.443592 0.443592 -0.3582593 0.9156838 0.1821357 0.6284591 0.7628979 0.1517433 0 -0.8314677 -0.5555732 0 -0.7071068 -0.7071068 0.8596571 0.5010597 0.09964424 0.9790827 0.1997779 0.0385456 0.8530278 0.3690146 -0.3690146 0.8596687 0.3612269 -0.3612269 0.8530212 0.2899356 0.4339268 0.7787506 0.2400616 0.5795843 0.7787506 0.5795843 -0.2400616 0.9999971 -0.00238049 4.5779e-4 0.7787603 0.6152685 -0.1223822 0.6284236 0.7186692 -0.2976551 -0.3582693 0.9156789 -0.1821408 0.6284591 0.7628979 -0.1517433 0 0.8314677 -0.5555732 0 0.9238803 -0.3826816 0.9999971 -0.00238049 -4.5779e-4 0.6284558 -0.7186407 -0.2976558 0.999997 -0.002258419 -9.1558e-4 0.8596638 -0.5108603 0 0.9792586 -0.2026147 0 0.8530102 -0.5118671 -0.1018118 0.8596653 -0.4719797 -0.1954756 0.999997 4.5779e-4 0.002411007 0.999997 0.001739561 0.001739561 0.7787555 -0.5216017 -0.3485279 0.999997 0.002044796 0.001342833 0.999997 0 0.002441525 -0.3582693 -0.1821408 0.9156789 0.9788848 -0.1888551 0.07822161 0.8596571 -0.5010597 0.09964424 0.9790768 -0.1998072 0.03854537 0.8530213 0.1997199 -0.4821478 0.999997 0 -0.002441525 0.7787601 -0.1223822 0.6152684 0.7787445 0 0.6273414 -0.3582593 0.1821357 0.9156838 0.6284591 0.1517433 0.7628979 0 0.9807879 0.1950772 0 1 0 0.8596638 0.5108603 0 0.9792647 0.2025854 0 0.8530177 -0.521882 0 0.7787445 -0.6273414 0 -0.3582673 0 -0.9336191 0.6284543 0 -0.7778465 0 -0.9807879 -0.1950772 0 -0.9238803 -0.3826816 0.8596686 -0.2837993 0.4247681 0.9792627 -0.1432561 0.1432561 0.9790789 -0.1139883 0.1685562 0.8596686 0.2837993 0.4247681 0.7787603 0.6152685 0.1223822 0.8530213 0.4821478 0.1997199 0.8530235 0.5118446 0.1018134 -0.3582603 -0.8625532 0.3572837 0.6284558 -0.7186407 0.2976558 0.9790827 0.1997779 -0.0385456 0.8530278 0.3690146 0.3690146 0.8530177 0 0.521882 0.7787506 0.5795843 0.2400616 0.999997 9.1558e-4 0.002258419 0.628455 0.5500202 0.5500202 0.999997 0.001342833 0.002044796 0.9792627 0.1432561 0.1432561 0.8530088 -0.4821712 0.1997169 0.7787603 -0.6152685 -0.1223822 0.6284445 -0.1517398 -0.7629107 0.999997 -4.5779e-4 -0.002411007 0.6284591 -0.7628979 0.1517433 0.999997 -0.002044796 -0.001342833 0.628455 -0.5500202 -0.5500202 0.8596653 -0.1954756 0.4719797 0.978879 -0.0782212 0.1888845 0.8530318 0.5118313 -0.1018108 0.8596571 0.5010597 -0.09964424 0.7787555 0.5216017 0.3485279 0.999997 0.001739561 -0.001739561 0.999997 -9.1558e-4 -0.002258419 -0.3582642 -0.3572571 -0.8625625 0.6284558 -0.2976558 -0.7186407 0.999997 0.002044796 -0.001342833 0.9790839 -0.1685265 -0.1139889 0.9792627 -0.1432561 -0.1432561 0.8596602 0.4719769 -0.1955049 0.8530235 -0.5118446 0.1018134 0.7787506 -0.2400616 0.5795843 0.8632633 0.4196987 0.2804095 0.1390465 0.7002379 0.7002379 0.8632596 0.3569194 0.3569194 -0.3582655 -0.7762877 -0.5186747 0.6284487 -0.6467601 -0.43215 0 0.8314677 0.5555732 0 0.9238803 0.3826816 0.978879 0.1888845 -0.0782212 0.8530213 0.4821478 -0.1997199 0.7787555 0.3485279 -0.5216017 0.628455 -0.5500202 0.5500202 -0.3582655 -0.7762877 0.5186747 0 -0.1950772 0.9807879 0.9790839 0.1139889 0.1685265 0.8596653 -0.4719797 0.1954756 0.7787593 0 -0.6273229 0.8530235 0.1018134 -0.5118446 0.6284487 0.43215 -0.6467601 -0.3582688 0.660168 -0.660168 0 0.9807879 -0.1950772 0.978879 0.0782212 0.1888845 0.7787386 -0.5795981 -0.2400673 0 -0.1950772 -0.9807879 0 0 -1 0.8596702 -0.09964579 0.5010368 0.8530213 -0.1997199 0.4821478 0.8530102 -0.1018118 0.5118671 0.1390137 0.1931847 -0.9712647 0.8632643 0.1931556 -0.4663324 0.863267 0.09845501 -0.4950524 -0.3583002 0.8625453 -0.3572626 0 0 1 0 0.1950772 0.9807879 0.999997 -0.002441525 0 0.6284261 -0.7629253 -0.1517427 0.9792166 0.1138375 -0.1678569 0.8530088 -0.4821712 -0.1997169 -0.3582688 0.660168 0.660168 0.6284487 0.43215 0.6467601 0 -0.3826816 -0.9238803 0.8596638 0 0.5108603 0.9790768 -0.03854537 0.1998072 0.9792586 0 0.2026147 0.8596653 -0.1954756 -0.4719797 -0.3582909 0.8625532 0.3572532 0.6284558 0.7186407 0.2976558 0 0.3826816 0.9238803 0 0.5555732 0.8314677 0.9790768 0.03854537 0.1998072 0.7787435 -0.3485362 0.521614 0.7787555 -0.3485279 -0.5216017 0.7787611 -0.4435675 -0.443598 -0.3582693 -0.1821408 -0.9156789 0.9790839 -0.1685265 0.1139889 0.8530212 0.4339268 -0.2899356 0.9999971 0.001342833 -0.002014219 -0.3582673 0.9336191 0 0.8530278 -0.3690146 -0.3690146 0.6284558 0.2976558 0.7186407 -0.3582655 0.5186747 0.7762877 0.8596686 -0.4247681 0.2837993 0.8596687 -0.3612269 0.3612269 0.7787324 0.6273563 0 0.8530177 0.521882 0 0.6284303 0.6467725 0.4321583 0.9790755 -0.1140184 -0.1685556 -0.3582642 0.3572571 0.8625625 0 -0.9807879 0.1950772 0 -0.9238803 0.3826816 0.999997 -0.002258419 9.1558e-4 -0.3583002 -0.3572626 0.8625453 0.999997 0.002258419 9.1558e-4 -0.3582959 -0.9156689 -0.1821388 -0.3583006 0.7762671 0.5186814 0.9790768 -0.03854537 -0.1998072 0.978879 -0.0782212 -0.1888845 0.8596612 -0.2838274 -0.4247644 -0.3582655 -0.5186747 -0.7762877 0 0.7071068 0.7071068 -0.3582642 -0.8625625 -0.3572571 0 -0.5555732 -0.8314677 0.978879 0.0782212 -0.1888845 -0.3582593 -0.9156838 0.1821357 0.6284543 -0.7778465 0 0 -0.7071068 0.7071068 -0.3582939 -0.9336089 0 0.1390465 0.7002379 -0.7002379 0.8632743 0.4196735 -0.2804131 0.8632596 0.3569194 -0.3569194 -0.8953624 0.08685666 -0.436786 -0.8953652 0 -0.4453327 0.8632643 -0.1931556 0.4663324 0.1390137 -0.1931847 0.9712647 0.139016 -0.37896 0.914912 -0.8953686 -0.4114276 -0.1704185 -0.8953624 -0.436786 -0.08685666 0.863267 0.4950524 -0.09845501 0.139016 0.914912 -0.37896 0.1390137 0.9712647 -0.1931847 -0.895367 0.3148952 0.3148952 -0.8953624 0.3702854 0.2474164 0.863267 0.4950524 0.09845501 0.1389855 0.9902945 0 0.1389837 0.9712687 0.1931856 -0.8953624 0.2474164 0.3702854 0.139044 0.5501639 0.8233994 0.8632633 0.2804095 0.4196987 -0.8953624 -0.08685666 -0.436786 0.8632643 -0.1931556 -0.4663324 0.1390141 -0.5501662 -0.8234029 0.139016 -0.37896 -0.914912 -0.8953652 -0.4453327 0 0.8632643 0.4663324 -0.1931556 0.139044 0.8233994 -0.5501639 -0.8953686 0.4114276 -0.1704185 0.8632559 0.2804376 -0.4196951 0.8632633 -0.2804095 0.4196987 0.1390166 -0.7002409 0.7002409 0.8632596 -0.3569194 0.3569194 -0.8953686 0.4114276 0.1704185 0.8632643 -0.4663324 -0.1931556 0.1390137 -0.9712647 -0.1931847 0.139016 -0.914912 -0.37896 -0.8953686 0.1704185 0.4114276 0.1390154 0 -0.9902902 -0.895367 -0.3148952 0.3148952 -0.3582688 -0.660168 0.660168 0.1390154 -0.9902902 0 0.8632539 -0.4950755 -0.09845352 0.8632627 -0.504755 0 -0.8953624 -0.2474164 0.3702854 -0.8953686 -0.1704185 0.4114276 0.8632633 -0.4196987 0.2804095 0.1390141 -0.8234029 0.5501662 -0.8953624 0.2474164 -0.3702854 -0.3582921 0.518669 -0.7762792 0.139016 0.37896 -0.914912 -0.3582598 -0.518697 0.7762753 0.863267 -0.09845501 -0.4950524 -0.8953624 -0.08685666 0.436786 0.8632643 0.1931556 0.4663324 0.139046 0.3789584 0.9149081 -0.8953652 0 0.4453327 0.1390436 -0.9712605 0.1931839 0.8632539 -0.4950755 0.09845352 -0.8953744 -0.4367613 0.08685785 -0.8953686 -0.4114276 0.1704185 0.863267 0.09845501 0.4950524 0.1390137 0.1931847 0.9712647 -0.895367 -0.3148952 -0.3148952 -0.8953624 -0.3702854 -0.2474164 0.8632633 -0.4196987 -0.2804095 0.1390166 -0.7002409 -0.7002409 0.8632596 -0.3569194 -0.3569194 -0.8953652 0.4453327 0 -0.8953744 0.4367613 -0.08685785 0.8632559 -0.2804376 -0.4196951 -0.8953744 0.4367613 0.08685785 0.8632643 -0.4663324 0.1931556 -0.895367 0.3148952 -0.3148952 -0.8953686 0.1704185 -0.4114276 -0.8953624 -0.2474164 -0.3702854 -0.3582954 -0.6601608 -0.6601608 0.1390141 -0.8234029 -0.5501662 0.8632627 0.504755 0 0.863267 -0.09845501 0.4950524 0.1390154 0 0.9902902 0.139016 0.914912 0.37896 0.8632643 0.4663324 0.1931556 0.8632627 0 0.504755 -0.8953686 -0.1704185 -0.4114276 0.1390137 -0.1931847 -0.9712647 0.8632627 0 -0.504755 -0.3582736 0.3572665 -0.8625547 0.139044 0.8233994 0.5501639 -0.8953624 0.08685666 0.436786 0.139016 -0.914912 0.37896 -0.8953624 0.3702854 -0.2474164 0.1390141 -0.5501662 0.8234029 -0.8953624 -0.3702854 0.2474164 0 -1 0 0 -0.8314677 0.5555732 0.5930209 0.5693685 0.5693379 0.1026367 0.9947189 0 0.1026356 0.7033726 0.7033726 0.5930209 0.5693685 -0.5693379 0.593019 0.8051885 0 0.593019 -0.8051885 0 0.1026657 -0.7033704 -0.7033704 0.5930313 -0.5693478 -0.5693478 0.593019 0 -0.8051885 0.1026356 0.7033726 -0.7033726 0.1026367 0 -0.9947189 0.1026657 -0.7033704 0.7033704 0.1026669 -0.9947159 0 0.593019 0 0.8051885 0.1026367 0 0.9947189 0.5930209 -0.5693685 0.5693379 -0.6979785 0.3978508 -0.5954334 -0.2344821 0.687393 -0.687393 -0.6979748 0.5063751 -0.5063751 -0.9989576 0.008911609 0.04477179 -0.7796973 0 -0.6261566 -0.9989572 0 0.0456568 -0.9989578 -0.008881092 0.04477179 -0.9989589 -0.03225892 0.03225892 -0.9989572 -0.02536147 0.03796595 -0.9989572 -0.03796595 0.02536147 -0.9989577 -0.04217767 0.017457 -0.779696 0.1221365 -0.6141311 -0.9989577 -0.017457 0.04217767 -0.9989565 -0.04480224 0.008881092 -0.7797035 0.5784907 -0.2396059 -0.779696 0.6141311 -0.1221365 -0.6979843 0 -0.716113 -0.6979734 0.1396862 -0.7023681 -0.6979785 0.5954334 -0.3978508 -0.6979848 0.6616054 -0.2740361 -0.6979734 0.7023681 -0.1396862 -0.7797035 0.2396059 -0.5784907 -0.6979848 0.2740361 -0.6616054 -0.7796912 0.442765 -0.442765 -0.779696 -0.1221365 -0.6141311 -0.6979734 -0.1396862 -0.7023681 -0.7797058 0.5206279 -0.3478584 -0.7797058 0.3478584 -0.5206279 -0.2344785 0.8082994 -0.5400667 -4.57789e-4 0.9238802 -0.3826815 -0.2344812 0.8981276 -0.3720021 -4.57784e-4 0.9807878 -0.1950772 -0.2344788 0.9534494 -0.1896156 -4.57789e-4 0.8314676 -0.5555732 -0.2344787 -0.1896156 -0.9534493 -4.27272e-4 0 -1 -0.2344774 0 -0.9721217 -0.2344774 0.189645 -0.9534439 -4.2727e-4 0.3826815 -0.9238802 -0.2344812 0.3720021 -0.8981276 -4.2727e-4 0.5555732 -0.8314676 -0.2344785 0.5400667 -0.8082994 -4.27265e-4 0.1950772 -0.9807878 -4.57793e-4 0.7071067 -0.7071067 -0.6979785 0.5954334 0.3978508 -0.2344821 0.687393 0.687393 -0.6979748 0.5063751 0.5063751 -0.9989572 -0.0456568 0 -0.9989578 -0.04477179 -0.008881092 -0.9989572 -0.03796595 -0.02536147 -0.9989589 -0.03225892 -0.03225892 -0.9989572 -0.02536147 -0.03796595 -0.9989577 -0.017457 -0.04217767 -0.7796973 0.6261566 0 -0.779696 0.6141311 0.1221365 -0.998959 -0.04214715 -0.01745706 -0.9989593 -0.008881092 -0.04474133 -0.7797035 0.2396059 0.5784907 -0.779696 0.1221365 0.6141311 -0.6979843 0.716113 0 -0.6979734 0.7023681 0.1396862 -0.6979785 0.3978508 0.5954334 -0.6979848 0.2740361 0.6616054 -0.6979734 0.1396862 0.7023681 -0.7797035 0.5784907 0.2396059 -0.6979848 0.6616054 0.2740361 -0.7796912 0.442765 0.442765 -0.7797058 0.3478584 0.5206279 -0.7797058 0.5206279 0.3478584 -0.2344785 0.5400667 0.8082994 -4.57789e-4 0.3826815 0.9238802 -0.2344812 0.3720021 0.8981276 -4.57784e-4 0.1950772 0.9807878 -0.2344787 0.1896156 0.9534493 -4.57789e-4 0.5555732 0.8314676 -4.27272e-4 1 0 -0.2344774 0.9721217 0 -0.2344774 0.9534439 0.189645 -4.2727e-4 0.9238802 0.3826815 -0.2344812 0.8981276 0.3720021 -4.2727e-4 0.8314676 0.5555732 -0.2344785 0.8082994 0.5400667 -4.27265e-4 0.9807878 0.1950772 -4.57793e-4 0.7071067 0.7071067 -0.6979785 -0.3978508 0.5954334 -0.2344821 -0.687393 0.687393 -0.6979748 -0.5063751 0.5063751 -0.9989587 0 -0.0456264 -0.9989578 0.008881092 -0.04477179 -0.9989572 0.02536147 -0.03796595 -0.998957 0.03228938 -0.03228938 -0.9989572 0.03796595 -0.02536147 -0.9989577 0.04217767 -0.017457 -0.7796973 0 0.6261566 -0.779696 -0.1221365 0.6141311 -0.9989577 0.017457 -0.04217767 -0.9989576 0.04477179 -0.008911609 -0.7797035 -0.5784907 0.2396059 -0.7797106 -0.6141121 0.1221387 -0.6979843 0 0.716113 -0.6979734 -0.1396862 0.7023681 -0.6979785 -0.5954334 0.3978508 -0.6979848 -0.6616054 0.2740361 -0.6979734 -0.7023681 0.1396862 -0.7797035 -0.2396059 0.5784907 -0.6979848 -0.2740361 0.6616054 -0.7796912 -0.442765 0.442765 -0.7797058 -0.5206279 0.3478584 -0.7797058 -0.3478584 0.5206279 -0.2344785 -0.8082994 0.5400667 -4.57789e-4 -0.9238802 0.3826815 -0.2344812 -0.8981276 0.3720021 -4.57784e-4 -0.9807878 0.1950772 -0.2344788 -0.9534494 0.1896156 -4.57789e-4 -0.8314676 0.5555732 -4.27272e-4 0 1 -0.2344774 0 0.9721217 -0.2344774 -0.189645 0.9534439 -4.2727e-4 -0.3826815 0.9238802 -0.2344812 -0.3720021 0.8981276 -4.2727e-4 -0.5555732 0.8314676 -0.2344785 -0.5400667 0.8082994 -4.27265e-4 -0.1950772 0.9807878 -4.57793e-4 -0.7071067 0.7071067 0.139044 0.5501639 -0.8233994 -0.6979785 -0.5954334 -0.3978508 -0.2344821 -0.687393 -0.687393 -0.6979748 -0.5063751 -0.5063751 -0.9989587 0.0456264 0 -0.9989593 0.04474133 0.008881092 -0.9989553 0.03799641 0.02539199 -0.998957 0.03228938 0.03228938 -0.9989559 0.01748752 0.04220807 -0.7796973 -0.6261566 0 -0.779696 -0.6141311 -0.1221365 -0.998959 0.04214715 0.01745706 -0.9989553 0.02539199 0.03799641 -0.7797035 -0.2396059 -0.5784907 -0.6979691 -0.7161279 0 -0.6979734 -0.7023681 -0.1396862 -0.6979785 -0.3978508 -0.5954334 -0.6979848 -0.2740361 -0.6616054 -0.7797035 -0.5784907 -0.2396059 -0.6979848 -0.6616054 -0.2740361 -0.7796912 -0.442765 -0.442765 -0.7797058 -0.3478584 -0.5206279 -0.7797058 -0.5206279 -0.3478584 -0.2344785 -0.5400667 -0.8082994 -4.57789e-4 -0.3826815 -0.9238802 -0.2344812 -0.3720021 -0.8981276 -4.27265e-4 -0.1950772 -0.9807878 -4.57789e-4 -0.5555732 -0.8314676 -4.27272e-4 -1 0 -0.2344774 -0.9721217 0 -0.2344774 -0.9534439 -0.189645 -4.2727e-4 -0.9238802 -0.3826815 -0.2344812 -0.8981276 -0.3720021 -4.2727e-4 -0.8314676 -0.5555732 -0.2344785 -0.8082994 -0.5400667 -4.27265e-4 -0.9807878 -0.1950772 -4.57793e-4 -0.7071067 -0.7071067 1 0 0 0.09998112 0 -0.9949893 0.09998154 0.7035638 -0.7035638 0.09998112 0.9949893 0 0.09998112 0 0.9949893 0.09998154 -0.7035638 0.7035638 0.09998112 -0.9949893 0 0.09998154 -0.7035638 -0.7035638 0.09998154 0.7035638 0.7035638 1 1.39978e-7 0 0.9493859 0.311172 0.04287922 0.8947576 0.4423736 -0.06094652 0.8908032 0.4334074 -0.1364832 0.8908036 0.4029797 -0.2099437 0.8947508 0.3559226 -0.269704 0.9707247 0.1450578 -0.191447 0.9474659 0.1477735 -0.2836751 0.890825 0.1364513 -0.4333727 0.8947576 0.06094652 -0.4423736 0.8947576 -0.06094652 -0.4423736 0.8908213 -0.1364813 -0.4333709 0.9474533 -0.1478021 -0.2837019 0.9707203 -0.1450877 -0.1914461 0.8947569 -0.3559129 -0.2696967 0.8908036 -0.4029797 -0.2099437 0.8908032 -0.4334074 -0.1364832 0.8947394 -0.4424103 -0.06094735 0.9493768 -0.3111996 0.0428788 0.9696127 -0.2333467 0.07348924 0.9474533 -0.2837019 0.1478021 0.8947508 -0.3559226 0.269704 0.8939963 -0.2705214 0.3571957 0.890708 -0.2099428 0.4031915 0.8908213 -0.1364813 0.4333709 0.9493859 -0.04287922 0.311172 0.9493859 0.04287922 0.311172 0.8908213 0.1364813 0.4333709 0.8908265 0.2099114 0.4029457 0.8947568 0.2696966 0.3559129 0.8947569 0.3559129 0.2696967 0.9474616 0.2836738 0.1478034 0.9696127 0.2333467 0.07348924 0.8987908 0.4383779 0 0.9513742 0.2178153 -0.2178153 0.8987908 0 -0.4383779 0.9513617 -0.2178429 -0.2178429 0.8987908 -0.4383779 0 0.8988058 -0.3102329 0.3096836 0.9718625 0 0.2355493 0.8988116 0.3099498 0.3099498 0.5930221 0.717419 -0.3655611 0.1026359 0.307389 -0.9460328 0.1026355 0.8863028 -0.4515899 0.5930157 -0.3655266 -0.7174417 0.5930187 0.2487925 -0.7657879 0.5930142 -0.2488212 0.7657821 0.1026656 -0.8863 0.4515885 0.5930287 -0.717427 0.3655346 0.5930187 -0.7657879 -0.2487925 0.1026355 -0.4515899 -0.8863028 0.1026368 -0.9460416 -0.3073613 0.1026656 0.4515885 0.8863 0.1026661 -0.307388 0.9460298 0.5930142 0.7657821 0.2488212 0.1026359 0.9460328 0.307389 0.5930157 0.3655266 0.7174417 0.09998172 -0.9462862 -0.3074835 0.09998005 -0.4517108 -0.8865447 0.09997975 0.307447 -0.9462984 0.09997975 0.9462984 0.307447 0.09998005 0.4517108 0.8865447 0.09997975 -0.307447 0.9462984 0.09998005 -0.8865447 0.4517108 0.09998005 0.8865447 -0.4517108 0.5930221 -0.1259534 -0.795274 0.1026344 -0.8047477 -0.5846773 0.1026362 -0.1555871 -0.9824758 0.5930221 -0.795274 0.1259534 0.593027 -0.6514111 -0.473268 0.593027 0.6514111 0.473268 0.1026664 0.1555867 0.9824727 0.5930221 0.1259534 0.795274 0.593027 -0.473268 0.6514111 0.1026358 -0.9824711 0.1556169 0.1026362 -0.5846571 0.804762 0.1026664 0.9824727 -0.1555867 0.1026671 0.8047344 0.5846898 0.593027 0.473268 -0.6514111 0.1026369 0.5846917 -0.8047369 0.5930243 0.795277 -0.1259234 0.0999825 -0.5848488 0.8049568 0.09997999 -0.9827402 0.1556466 0.09998005 -0.8049677 -0.5848345 0.09998005 0.5848344 -0.8049675 0.09997999 0.9827402 -0.1556466 0.09998005 0.8049677 0.5848345 0.09997999 0.1556465 0.9827401 0.09998005 -0.5848344 0.8049675 0.09998047 -0.1556168 -0.9827448 0.5930221 -0.795274 -0.1259534 0.1026344 -0.8047477 0.5846773 0.1026362 -0.9824758 -0.1555871 0.5930221 -0.1259534 0.795274 0.593027 -0.6514111 0.473268 0.593027 0.6514111 -0.473268 0.1026664 0.9824727 0.1555867 0.5930221 0.795274 0.1259534 0.5930185 0.4732916 0.6514017 0.1026362 -0.1555871 0.9824758 0.1026369 0.5846917 0.8047369 0.1026664 0.1555867 -0.9824727 0.1026671 0.8047344 -0.5846898 0.593027 -0.473268 -0.6514111 0.1026362 -0.5846571 -0.804762 0.5930221 0.1259534 -0.795274 0.09998005 0.5848344 0.8049675 0.09997999 -0.1556465 0.9827401 0.09998005 -0.8049677 0.5848345 0.0999825 -0.5848488 -0.8049568 0.09997999 0.1556465 -0.9827401 0.09998005 0.8049677 -0.5848345 0.09997999 0.9827402 0.1556466 0.09997999 -0.9827402 -0.1556466 0.5930157 -0.3655266 0.7174417 0.1026359 0.307389 0.9460328 0.1026355 -0.4515899 0.8863028 0.5930221 0.717419 0.3655611 0.5930142 0.2488212 0.7657821 0.5930187 -0.2487925 -0.7657879 0.1026656 0.4515885 -0.8863 0.5930287 0.3655346 -0.717427 0.5930142 0.7657821 -0.2488212 0.1026355 0.8863028 0.4515899 0.1026359 0.9460328 -0.307389 0.1026656 -0.8863 -0.4515885 0.1026661 -0.307388 -0.9460298 0.5930187 -0.7657879 0.2487925 0.1026368 -0.9460416 0.3073613 0.5930221 -0.717419 -0.3655611 0.09997975 0.9462984 -0.307447 0.09998005 0.8865447 0.4517108 0.09997975 0.307447 0.9462984 0.09998172 -0.9462862 0.3074835 0.09998005 -0.8865447 -0.4517108 0.09997975 -0.307447 -0.9462984 0.09998005 0.4517108 -0.8865447 0.09998005 -0.4517108 0.8865447 0.9999665 -0.007782399 0.002533078 0.9999126 0.01178014 -0.006012141 0.9999666 -0.007294118 0.003692805 0.9999665 0.001281797 0.008087575 0.9999123 -0.004089474 -0.01260417 0.9999665 0.002533078 0.007782399 0.9999666 -0.008179187 0 0.9999126 0.01306194 -0.002044737 0.9999665 -0.008087575 0.001281797 0.9999665 -0.007294118 -0.003723323 0.9999123 0.01260417 0.004089474 0.9999666 -0.007782399 -0.00250256 0.9999666 0.003692805 0.007294118 0.9999126 -0.006012141 -0.01178014 0.9999666 -0.008087575 -0.00125128 0.9999126 0.01306194 0.002044737 0.9999666 0.006622672 -0.004791498 0.9999126 -0.01178014 0.006012141 0.9999124 -0.01071202 0.00778222 0.9999666 0.006622672 0.004791498 0.9999123 -0.009369194 -0.009369194 0.9999124 -0.01071202 -0.00778222 0.9999666 -0.006622672 -0.004791498 0.9999126 0.01178014 0.006012141 0.9999666 0.007782399 -0.00250256 0.9999666 0.007294118 -0.003692805 0.9999126 -0.01178014 -0.006012141 0.9999666 0.007294118 0.003692805 0.9999665 -0.001281797 -0.008087575 0.9999124 0 0.01324504 0.9999126 0.002044737 0.01306194 0.9999665 0.001281797 -0.008087575 0.9999666 0 -0.008179187 0.9999665 0.008087575 0.001281797 0.9999123 -0.01260417 -0.004089474 0.9999126 -0.01306194 -0.002044737 0.9999124 0 -0.01324504 0.9999126 -0.002044737 -0.01306194 0.9999665 0.007782399 0.002533078 0.9999668 0.00576812 -0.00576812 0.9999123 -0.009369194 0.009369194 0.9999124 0.01071202 -0.00778222 0.9999666 -0.006622672 0.004791498 0.9999666 0.003692805 -0.007294118 0.9999123 -0.004089474 0.01260417 0.9999665 0.002533078 -0.007782399 0.9999665 0.008087575 -0.001281797 0.9999123 -0.01260417 0.004089474 0.9999668 -0.00576812 0.00576812 0.9999125 0.009369194 -0.009338676 0.9999126 -0.002044737 0.01306194 0.9999124 -0.01324504 0 0.9999126 -0.01306194 0.002044737 0.9999124 0.00778222 -0.01071202 0.9999663 -0.004822015 0.006653189 0.9999666 -0.004791498 -0.006622672 0.9999123 0.009369194 0.009369194 0.9999668 -0.00576812 -0.00576812 0.9999124 0.01071202 0.00778222 0.9999665 -0.002533078 -0.007782399 0.9999123 0.004089474 0.01260417 0.9999666 0.008179187 0 0.9999669 -0.003692805 0.0072636 0.9999127 0.005981624 -0.01178014 0.9999124 0.01324504 0 0.9999126 0.006012141 0.01178014 0.9999666 -0.003692805 -0.007294118 0.9999668 0.00576812 0.00576812 0.9999124 -0.00778222 -0.01071202 0.9999665 -0.002533078 0.007782399 0.9999123 0.004089474 -0.01260417 0.9999124 -0.00778222 0.01071202 0.9999666 0.004791498 -0.006622672 0.9999666 0.004791498 0.006622672 0.9999126 0.002044737 -0.01306194 0.9999665 -0.001281797 0.008087575 0.9999126 -0.006012141 0.01178014 0.9999124 0.00778222 0.01071202 0.9999666 0 0.008179187 0.9999123 0.01260417 -0.004089474 0.9996938 -0.02444601 0.003845393 0.9998334 -0.01736527 0.00564599 0.9996938 -0.003845393 0.02444601 0.9998335 0 0.01825034 0.9998336 -0.01071214 -0.01477116 0.9996935 0.01123112 -0.02206552 0.9998336 0.01071214 -0.01477116 0.9996942 -0.01748758 -0.01748758 0.9996935 0.02206552 0.01123112 0.9998335 0.01736527 0.005615472 0.9996938 0.003845393 0.02444601 0.9996938 0.02444601 0.003845393 0.9996935 -0.02206552 0.01123112 0 -0.8090053 -0.5878015 0 -0.8910016 -0.4540003 0 0.4539761 0.8910139 0 0.587767 0.8090303 0 0.1564405 0.9876874 0 0.8910016 0.4540003 0 0.9510608 0.309004 0 0.8090303 0.587767 0 -0.1564405 0.9876874 0 -0.8910139 0.4539761 0 -0.8090053 0.5878015 0 0.8090053 -0.5878015 0 0.8910139 -0.4539761 0 0.03924769 0.9992296 0 0.8090053 0.5878015 0 -0.9992296 0.03924769 0 -0.453234 0.8913916 0 -0.309004 0.9510608 0 -0.03921723 0.9992308 0 -0.9510608 0.309004 0 -0.9876922 -0.1564108 0 -0.9510608 -0.309004 0 0.9876922 0.1564108 0 0.3461183 -0.9381909 0 0.9381909 0.3461183 0 -0.309004 -0.9510608 0 -0.9876922 0.1564108 0 0.309004 0.9510608 0 -0.4539761 -0.8910139 0 -0.8090303 -0.587767 0 -0.6190851 -0.785324 0 -0.785324 -0.6190851 0 -0.587767 0.8090303 0 -0.9624558 0.2714384 0 -0.587767 -0.8090303 0 0.785324 -0.6190851 0 -0.1564405 -0.9876874 0 -0.2714384 0.9624558 0 0.9624558 0.2714384 0 -0.3461183 -0.9381909 0 -0.9381909 0.3461183 0 -0.7077016 0.7065114 0 0.6190851 -0.785324 0 0.9876922 -0.1564108 0 0.1564405 -0.9876874 0 0.309004 -0.9510608 0 -0.8090303 0.587767 0 0.9510608 -0.309004 0 0.2714384 0.9624558 0 0.8090303 -0.587767 0 0.9992308 0.03921723 0 0.7077016 -0.7065114 0 0.587767 -0.8090303 0 0.453234 -0.8913916 -0.07709121 0.3080903 -0.9482285 -0.2939274 -0.5310286 -0.7947423 -1 0 0 -1 -1.63114e-7 0 -1 0 0 -1 0 0 -1 0 0 -1 0 0 -1 0 0 -1 1.63112e-7 0 -1 0 0 -1 0 0 -1 0 0 -1 0 0 -1 1.63114e-7 0 -1 1.63072e-7 0 0.9996935 -0.01123112 -0.02206552 0.9992609 -0.01187193 0.03656202 0.9992616 0.01742649 0.03424257 0.9992612 0.02258419 0.03109908 0.9996942 0.01748758 -0.01748758 0.999262 0.02716213 0.02716213 0.9992609 -0.01187193 -0.03656202 0.999261 -0.03796589 -0.00601226 0.9992616 -0.03842371 0 0.9992616 -0.01742649 0.03424257 0.9992616 0.03842371 0 0.999261 -0.00601226 -0.03796589 0.9992612 -0.03109908 -0.02258419 0.9992612 -0.02719265 0.02716207 0.9992621 -0.02258425 0.03106862 0.999261 0.03796589 -0.00601226 0.999261 0.00601226 -0.03796589 0.9992609 0.03656202 -0.01187193 0.9992609 0.01187193 -0.03656202 0.9992612 -0.03109908 0.02258419 0.9992616 0 -0.03842371 0.9992616 0.03424257 -0.01742649 0.9992616 -0.03424257 -0.01742649 0.9992612 0.03109908 0.02258419 0.9992612 0.03109908 -0.02258419 0.9992609 -0.03656202 -0.01187193 0.9992609 0.01187193 0.03656202 0.1000117 -0.7035616 0.7035616 1 0 3.55805e-6 1 -6.78165e-6 5.37086e-6 1 -9.83943e-6 1.00061e-5 1 -1.06971e-5 -8.19519e-6 1 2.45998e-6 0 1 1.78275e-6 0 1 -4.45687e-7 0 1 2.85587e-7 0 1 2.94436e-6 0 1 -4.52978e-7 0 0.1000102 0.4517094 0.8865419 0.1000102 0.9827372 -0.155646 0.1000102 0.155646 -0.9827372 0.1000102 -0.8865419 -0.4517094</float_array>
          <technique_common>
            <accessor source="#daewon_dcx_01a_15x7_001-mesh-normals-array" count="880" stride="3">
              <param name="X" type="float"/>
              <param name="Y" type="float"/>
              <param name="Z" type="float"/>
            </accessor>
          </technique_common>
        </source>
        <source id="daewon_dcx_01a_15x7_001-mesh-map-0">
          <float_array id="daewon_dcx_01a_15x7_001-mesh-map-0-array" count="11448">0.2360832 0.894979 0.1714722 0.8285275 0.2418775 0.8863076 0.4999993 0.9087923 0.4175462 0.9145223 0.4202483 0.9009375 0.1309025 0.2533761 0.2011463 0.2011455 0.1485853 0.2651916 0.7466243 0.1309018 0.8220984 0.1779017 0.813892 0.1861081 0.1714722 0.8285275 0.1212522 0.7530708 0.1779019 0.822098 0.9750369 0.4999995 0.9556803 0.5906403 0.9646075 0.4999995 0.1714725 0.1714717 0.2360837 0.1050203 0.2418777 0.1136919 0.2109401 0.7890598 0.1485853 0.7348077 0.1601012 0.7271127 0.3301233 0.08987993 0.4175466 0.08547729 0.3382615 0.109528 0.3301233 0.08987993 0.4111335 0.0532363 0.4133978 0.06461882 0.4093593 0.9556809 0.3256817 0.9208416 0.4111331 0.9467629 0.1714722 0.8285275 0.1050208 0.7639163 0.1136919 0.7581223 0.5932839 0.03103232 0.6817892 0.06112217 0.5926755 0.03408998 0.115526 0.09704953 0.02592575 0.1191915 0.115526 0.1191915 0.4093593 0.9556809 0.3182108 0.9388774 0.3222016 0.9292421 0.5888661 0.9467632 0.4999993 0.9439101 0.5866026 0.9353805 0.8690978 0.7466229 0.7988534 0.798854 0.8514152 0.7348077 0.7466226 0.869098 0.6743184 0.9208416 0.6698771 0.9101193 0.8787481 0.2469289 0.9292417 0.3222022 0.9208418 0.3256819 0.5926755 0.03408998 0.6777977 0.07075756 0.5906412 0.04431849 0.4999993 0.9781551 0.4073246 0.9659096 0.4999993 0.975037 0.115526 0.09708631 0.02592575 0.07494384 0.02592575 0.09708631 0.914522 0.5824534 0.8776747 0.6564377 0.9009377 0.579751 0.5824531 0.9145223 0.4999993 0.9439101 0.4999993 0.9226432 0.813892 0.1861081 0.8787481 0.2469289 0.8690983 0.2533769 0.9208418 0.3256819 0.9556803 0.4093592 0.9467623 0.4111331 0.8359028 0.1640979 0.8975715 0.2343512 0.8949796 0.2360835 0.115526 0.05276483 0.02592575 0.07490736 0.115526 0.07490736 0.1095287 0.3382611 0.1601014 0.2728867 0.1223247 0.3435615 0.3382612 0.8904712 0.2533769 0.8690977 0.2651919 0.8514149 0.6743184 0.9208416 0.5866026 0.9353805 0.6698771 0.9101193 0.1714725 0.1714717 0.2469291 0.1212522 0.1779019 0.1779013 0.9750369 0.4999995 0.9689666 0.5932831 0.9659085 0.5926749 0.115526 0.0970326 0.02592575 0.1191751 0.115526 0.1191752 0.0854777 0.417546 0.1223247 0.3435615 0.09906226 0.4202482 0.1861081 0.8138917 0.1485853 0.7348077 0.2011463 0.7988537 0.2533771 0.1309018 0.3256821 0.07915771 0.3301233 0.08987993 0.0791586 0.6743181 0.04431915 0.5906403 0.05323648 0.5888664 0.9388771 0.3182112 0.9689666 0.4067164 0.965909 0.4073247 0.115526 0.1413335 0.02592575 0.1634758 0.115526 0.1634758 0.04431915 0.409359 0.06112289 0.3182106 0.07075798 0.3222016 0.9226424 0.4999995 0.9009377 0.579751 0.9087923 0.4999995 0.9353796 0.5866021 0.8904712 0.6617383 0.914522 0.5824534 0.6743184 0.9208416 0.5906408 0.9556811 0.5888661 0.9467632 0.8285279 0.8285279 0.8787475 0.7530706 0.886308 0.7581223 0.4999993 0.975037 0.4093593 0.9556809 0.4999993 0.9646084 0.4067162 0.9689671 0.3182108 0.9388774 0.4073246 0.9659096 0.8776753 0.3435617 0.914522 0.4175462 0.9009377 0.4202482 0.2651919 0.8514149 0.1861081 0.8138917 0.2011463 0.7988537 0.3256817 0.9208416 0.2533769 0.8690977 0.3301229 0.9101192 0.5 0.03539139 0.5888668 0.05323648 0.5 0.04448384 0.5932835 0.9689674 0.4999993 0.975037 0.5926755 0.9659097 0.115526 0.05278563 0.02592575 0.03064316 0.02592575 0.05278557 0.07735729 0.4999995 0.09906226 0.4202482 0.09120792 0.4999995 0.9439094 0.4999995 0.914522 0.5824534 0.9226424 0.4999995 0.9555147 0.4999995 0.9353796 0.5866021 0.9439094 0.4999995 0.4111335 0.0532363 0.5 0.03539139 0.5 0.04448384 0.5 0.02184486 0.5926755 0.03408998 0.5 0.02496224 0.115526 0.05274885 0.02592575 0.07489073 0.115526 0.07489073 0.7348083 0.1485846 0.7890602 0.2109399 0.7271132 0.1601012 0.2533771 0.1309018 0.3382615 0.109528 0.2651921 0.1485846 0.05323702 0.4111329 0.08988058 0.3301225 0.06461971 0.4133971 0.1136919 0.7581223 0.0791586 0.6743181 0.1212522 0.7530708 0.1050208 0.7639163 0.05824238 0.6829817 0.06112259 0.6817886 0.115526 0.07489073 0.02592575 0.0970326 0.115526 0.0970326 0.09906226 0.5797511 0.07735729 0.4999995 0.09120792 0.4999995 0.1861085 0.1861077 0.2651921 0.1485846 0.2011463 0.2011455 0.4133978 0.06461882 0.5 0.04448384 0.5 0.0560894 0.04431915 0.409359 0.0791586 0.3256813 0.05323702 0.4111329 0.6777977 0.9292424 0.5926755 0.9659097 0.5906408 0.9556811 0.8359021 0.8359021 0.7581228 0.8863078 0.8285279 0.8285279 0.1485853 0.2651916 0.2109401 0.2109397 0.1601014 0.2728867 0.06461971 0.4133971 0.1095287 0.3382611 0.0854777 0.417546 0.8690983 0.2533769 0.9208418 0.3256819 0.9101193 0.330123 0.9555147 0.4999995 0.9556803 0.5906403 0.9467623 0.5888664 0.4073252 0.03408998 0.5 0.03539139 0.4093596 0.04431849 0.05824238 0.6829817 0.03408998 0.5926748 0.06112259 0.6817886 0.1136921 0.2418768 0.1640976 0.1640974 0.1714725 0.1714717 0.661739 0.109528 0.7271132 0.1601012 0.6564381 0.1223247 0.06461971 0.5866023 0.07735729 0.4999995 0.0854777 0.5824534 0.08988058 0.3301225 0.1212524 0.2469285 0.1309025 0.2533761 0.8285282 0.1714723 0.8787481 0.2469289 0.8220984 0.1779017 0.2360837 0.1050203 0.322202 0.07075732 0.2418777 0.1136919 0.2360837 0.1050203 0.3170182 0.05824184 0.3182116 0.06112194 0.8359028 0.1640979 0.8863086 0.2418775 0.8285282 0.1714723 0.839898 0.7271129 0.7988534 0.798854 0.7890595 0.7890601 0.1095287 0.6617383 0.06461971 0.5866023 0.0854777 0.5824534 0.9467623 0.4111331 0.9439094 0.4999995 0.9353796 0.4133971 0.5888668 0.05323648 0.6777977 0.07075756 0.6743187 0.07915794 0.02592575 0.09706956 0.01158308 0.1192116 0.02592575 0.1192122 0.1024293 0.2343508 0.1640976 0.1640974 0.1050212 0.236083 0.115526 0.09706962 0.02592575 0.0749275 0.02592575 0.09706956 0.06112289 0.3182106 0.1136921 0.2418768 0.07075798 0.3222016 0.1601012 0.7271127 0.1095287 0.6617383 0.1223247 0.6564378 0.1485853 0.7348077 0.08988058 0.6698769 0.1095287 0.6617383 0.1861085 0.1861077 0.2469291 0.1212522 0.2533771 0.1309018 0.2469288 0.8787471 0.1714722 0.8285275 0.1779019 0.822098 0.1640976 0.8359018 0.102429 0.7656485 0.1050208 0.7639163 0.115526 0.07494384 0.02592575 0.05280196 0.02592575 0.07494384 0.2109401 0.2109397 0.2651921 0.1485846 0.2728876 0.1601012 0.8904718 0.3382613 0.9353796 0.4133971 0.914522 0.4175462 0.4999993 0.9555156 0.4133974 0.9353803 0.4999993 0.9439101 0.4999993 0.9555156 0.4093593 0.9556809 0.4111331 0.9467629 0.7639171 0.1050203 0.8381071 0.1618933 0.8359028 0.1640979 0.115526 0.1634758 0.02592575 0.1856177 0.115526 0.1856177 0.2728876 0.1601012 0.3382615 0.109528 0.343562 0.1223245 0.4999993 0.9226432 0.4133974 0.9353803 0.4175462 0.9145223 0.4133974 0.9353803 0.3256817 0.9208416 0.3301229 0.9101192 0.9556803 0.5906403 0.9208416 0.6743181 0.9467623 0.5888664 0.4073252 0.03408998 0.5 0.02184486 0.5 0.02496224 0.115526 0.008480727 0.02592575 0.03062301 0.115526 0.03062301 0.965909 0.4073247 0.9646075 0.4999995 0.9556803 0.4093592 0.1223247 0.6564378 0.0854777 0.5824534 0.09906226 0.5797511 0.5824542 0.08547729 0.6698774 0.0898801 0.661739 0.109528 0.586603 0.06461906 0.6743187 0.07915794 0.6698774 0.0898801 0.1212524 0.2469285 0.1714725 0.1714717 0.1779019 0.1779013 0.01158308 0.05276483 0.02592575 0.07490736 0.02592575 0.05276483 0.8949796 0.2360835 0.9417567 0.3170182 0.9388771 0.3182112 0.115526 0.03065973 0.02592575 0.008517861 0.02592575 0.03065973 0.03539204 0.4999995 0.03409045 0.4073244 0.04431915 0.409359 0.2651919 0.8514149 0.2109401 0.7890598 0.2728872 0.8398983 0.9208416 0.6743181 0.8690978 0.7466229 0.9101193 0.6698768 0.9467623 0.4111331 0.9646075 0.4999995 0.9555147 0.4999995 0.8381062 0.8381066 0.7639165 0.8949791 0.8359021 0.8359021 0.115526 0.1634593 0.02592575 0.1856012 0.115526 0.1856012 0.5 0.03539139 0.5926755 0.03408998 0.5906412 0.04431849 0.5 0.07735639 0.5797517 0.09906202 0.5 0.09120708 0.6617385 0.8904715 0.5866026 0.9353805 0.5824531 0.9145223 0.1309025 0.2533761 0.1779019 0.1779013 0.1861085 0.1861077 0.3182116 0.06112194 0.4093596 0.04431849 0.322202 0.07075732 0.9659085 0.5926749 0.9417563 0.6829816 0.9388762 0.6817888 0.115526 0.1634962 0.02592575 0.1413539 0.02592575 0.1634962 0.4175466 0.08547729 0.5 0.09120708 0.4202486 0.09906184 0.6698774 0.0898801 0.7530718 0.1212522 0.7466243 0.1309018 0.8285279 0.8285279 0.7530713 0.8787474 0.8220984 0.8220984 0.3182116 0.06112194 0.4067166 0.03103256 0.4073252 0.03408998 0.8398986 0.2728871 0.8904718 0.3382613 0.8776753 0.3435617 0.4175462 0.9145223 0.3301229 0.9101192 0.3382612 0.8904712 0.1779019 0.822098 0.1309021 0.7466232 0.1861081 0.8138917 0.6743187 0.07915794 0.7581228 0.1136919 0.7530718 0.1212522 0.3222016 0.9292421 0.2360832 0.894979 0.2418775 0.8863076 0.965909 0.4073247 0.9781544 0.4999995 0.9750369 0.4999995 0.115526 0.1413335 0.02592575 0.1191915 0.02592575 0.1413334 0.9009377 0.4202482 0.9226424 0.4999995 0.9087923 0.4999995 0.5 0.07735639 0.586603 0.06461906 0.5824542 0.08547729 0.8690978 0.7466229 0.8220984 0.8220984 0.8138917 0.8138921 0.7581228 0.8863078 0.6817892 0.9388774 0.6777977 0.9292424 0.9388771 0.3182112 0.9556803 0.4093592 0.9292417 0.3222022 0.7656487 0.8975713 0.6817892 0.9388774 0.7639165 0.8949791 0.5824542 0.08547729 0.6564381 0.1223247 0.5797517 0.09906202 0.813892 0.1861081 0.8514152 0.2651919 0.7988546 0.201146 0.04448461 0.4999995 0.06461971 0.4133971 0.05608963 0.4999995 0.03539204 0.4999995 0.05323702 0.4111329 0.04448461 0.4999995 0.9417563 0.6829816 0.8949794 0.7639165 0.9388762 0.6817888 0.115526 0.008501172 0.02592575 0.03064316 0.115526 0.03064316 0.03408998 0.5926748 0.03539204 0.4999995 0.04431915 0.5906403 0.7988534 0.798854 0.7271132 0.8398986 0.7890595 0.7890601 0.914522 0.4175462 0.9439094 0.4999995 0.9226424 0.4999995 0.05323648 0.5888664 0.05608963 0.4999995 0.06461971 0.5866023 0.7581228 0.8863078 0.6743184 0.9208416 0.7530713 0.8787474 0.6829819 0.9417575 0.5926755 0.9659097 0.6817892 0.9388774 0.115526 0.1856547 0.02592575 0.1635123 0.02592575 0.1856547 0.6817892 0.06112217 0.7581228 0.1136919 0.6777977 0.07075756 0.3382615 0.109528 0.4202486 0.09906184 0.343562 0.1223245 0.07735729 0.4999995 0.06461971 0.4133971 0.0854777 0.417546 0.9467623 0.5888664 0.9101193 0.6698768 0.9353796 0.5866021 0.7530718 0.1212522 0.8285282 0.1714723 0.8220984 0.1779017 0.1136919 0.7581223 0.06112259 0.6817886 0.07075774 0.6777977 0.3170178 0.9417572 0.2360832 0.894979 0.3182108 0.9388774 0.7988546 0.201146 0.8398986 0.2728871 0.7890602 0.2109399 0.9101193 0.6698768 0.8514152 0.7348077 0.8904712 0.6617383 0.9208418 0.3256819 0.9353796 0.4133971 0.9101193 0.330123 0.05323648 0.5888664 0.03539204 0.4999995 0.04448461 0.4999995 0.9388762 0.6817888 0.886308 0.7581223 0.9292415 0.6777976 0.03103345 0.4067162 0.06112289 0.3182106 0.03409045 0.4073244 0.115526 0.05280196 0.02592575 0.03065973 0.02592575 0.05280196 0.9659085 0.5926749 0.9292415 0.6777976 0.9556803 0.5906403 0.8138917 0.8138921 0.7530713 0.8787474 0.7466226 0.869098 0.08988058 0.3301225 0.1485853 0.2651916 0.1095287 0.3382611 0.0791586 0.6743181 0.1309021 0.7466232 0.1212522 0.7530708 0.9292415 0.6777976 0.8787475 0.7530706 0.9208416 0.6743181 0.8949794 0.7639165 0.8285279 0.8285279 0.886308 0.7581223 0.897571 0.7656483 0.8359021 0.8359021 0.8949794 0.7639165 0.115526 0.07490736 0.02592575 0.09704947 0.115526 0.09704953 0.6617385 0.8904715 0.5797514 0.9009375 0.6564381 0.8776749 0.8138917 0.8138921 0.7348079 0.8514152 0.7988534 0.798854 0.5 0.0560894 0.5888668 0.05323648 0.586603 0.06461906 0.3256821 0.07915771 0.4093596 0.04431849 0.4111335 0.0532363 0.06112259 0.6817886 0.04431915 0.5906403 0.07075774 0.6777977 0.1640976 0.1640974 0.2343512 0.1024283 0.2360837 0.1050203 0.115526 0.1413539 0.02592575 0.1192122 0.02592575 0.1413539 0.8776747 0.6564377 0.8514152 0.7348077 0.839898 0.7271129 0.8690983 0.2533769 0.8904718 0.3382613 0.8514152 0.2651919 0.2469291 0.1212522 0.322202 0.07075732 0.3256821 0.07915771 0.07075798 0.3222016 0.1212524 0.2469285 0.0791586 0.3256813 0.05824238 0.3170175 0.1050212 0.236083 0.06112289 0.3182106 0.115526 0.1413173 0.02592575 0.1634593 0.115526 0.1634593 0.7639171 0.1050203 0.8285282 0.1714723 0.7581228 0.1136919 0.3435612 0.8776747 0.2651919 0.8514149 0.2728872 0.8398983 0.4133978 0.06461882 0.5 0.07735639 0.4175466 0.08547729 0.0791586 0.6743181 0.06461971 0.5866023 0.08988058 0.6698769 0.3222016 0.9292421 0.2469288 0.8787471 0.3256817 0.9208416 0.8863086 0.2418775 0.9388771 0.3182112 0.9292417 0.3222022 0.03103226 0.5932829 0.02496278 0.4999995 0.03408998 0.5926748 0.115526 0.1192281 0.02592575 0.09708631 0.02592575 0.1192281 0.4202483 0.9009375 0.3382612 0.8904712 0.3435612 0.8776747 0.6698774 0.0898801 0.7348083 0.1485846 0.661739 0.109528 0.2469288 0.8787471 0.1861081 0.8138917 0.2533769 0.8690977 0.5888661 0.9467632 0.4999993 0.9646084 0.4999993 0.9555156 0.5906408 0.9556811 0.4999993 0.975037 0.4999993 0.9646084 0.02184551 0.4999995 0.03409045 0.4073244 0.02496278 0.4999995 0.115526 0.03062301 0.02592575 0.05276483 0.115526 0.05276483 0.01158308 0.1191915 0.02592575 0.1413334 0.02592575 0.1191915 0.115526 0.05276483 0.1289275 0.03062301 0.115526 0.03062301 0.02592575 0.07494384 0.01158308 0.05280196 0.01158308 0.07494384 0.115526 0.07489073 0.1289275 0.05274885 0.115526 0.05274885 0.02592575 0.1856177 0.01158308 0.1634758 0.01158308 0.1856177 0.115526 0.1192116 0.1289275 0.09706962 0.115526 0.09706962 0.02592575 0.05278557 0.01158308 0.03064316 0.01158308 0.05278557 0.115526 0.1413539 0.1289275 0.1192116 0.115526 0.1192116 0.02592575 0.1192122 0.01158308 0.1413539 0.02592575 0.1413539 0.115526 0.008480727 0.1289275 0.03062301 0.1289275 0.008480727 0.02592575 0.1634593 0.01158308 0.1413173 0.01158308 0.1634593 0.115526 0.03060644 0.1289275 0.05274885 0.1289275 0.03060644 0.02592575 0.1634758 0.01158308 0.1413334 0.01158308 0.1634758 0.115526 0.1634758 0.1289275 0.1856177 0.1289275 0.1634758 0.02592575 0.09704947 0.01158308 0.1191915 0.02592575 0.1191915 0.115526 0.07489073 0.1289275 0.0970326 0.1289275 0.07489073 0.02592575 0.09708631 0.01158308 0.1192281 0.02592575 0.1192281 0.115526 0.09706962 0.1289275 0.0749275 0.115526 0.0749275 0.02592575 0.07489073 0.01158308 0.05274879 0.01158308 0.07489073 0.115526 0.1634962 0.1289275 0.1856381 0.1289275 0.1634962 0.02592575 0.05276483 0.01158308 0.03062301 0.01158308 0.05276483 0.115526 0.1192281 0.1289275 0.1413704 0.1289275 0.1192281 0.01158308 0.03060644 0.02592575 0.05274879 0.02592575 0.03060644 0.115526 0.09708631 0.1289275 0.07494384 0.115526 0.07494384 0.02592575 0.1413704 0.01158308 0.1192281 0.01158308 0.1413704 0.115526 0.09704953 0.1289275 0.1191915 0.1289275 0.09704953 0.01158308 0.07490736 0.02592575 0.09704947 0.02592575 0.07490736 0.115526 0.09708631 0.1289275 0.1192281 0.1289275 0.09708631 0.01158308 0.1634593 0.02592575 0.1856012 0.02592575 0.1634593 0.115526 0.07494384 0.1289275 0.05280196 0.115526 0.05280196 0.02592575 0.1634962 0.01158308 0.1413539 0.01158308 0.1634962 0.115526 0.05280196 0.1289275 0.03065973 0.115526 0.03065973 0.01158308 0.008464694 0.02592575 0.03060644 0.02592575 0.008464694 0.115526 0.1856547 0.1289275 0.1635123 0.115526 0.1635123 0.02592575 0.1856381 0.01158308 0.1634962 0.01158308 0.1856381 0.115526 0.1191752 0.1289275 0.0970326 0.115526 0.0970326 0.02592575 0.0970326 0.01158308 0.1191751 0.02592575 0.1191751 0.115526 0.03064316 0.1289275 0.008501172 0.115526 0.008501172 0.01158308 0.1191751 0.02592575 0.1413173 0.02592575 0.1191751 0.115526 0.0749275 0.1289275 0.05278563 0.115526 0.05278563 0.02592575 0.1635123 0.01158308 0.1856547 0.02592575 0.1856547 0.115526 0.1191915 0.1289275 0.1413335 0.1289275 0.1191915 0.115526 0.07490736 0.1289275 0.05276483 0.115526 0.05276483 0.115526 0.1413173 0.1289275 0.1191752 0.115526 0.1191752 0.02592575 0.07489073 0.01158308 0.0970326 0.02592575 0.0970326 0.02592575 0.03064316 0.01158308 0.008501172 0.01158308 0.03064316 0.115526 0.1413539 0.1289275 0.1634962 0.1289275 0.1413539 0.02592575 0.05280196 0.01158308 0.03065973 0.01158308 0.05280196 0.115526 0.03064316 0.1289275 0.05278563 0.1289275 0.03064316 0.02592575 0.05278557 0.01158308 0.0749275 0.02592575 0.0749275 0.115526 0.008464753 0.1289275 0.03060644 0.1289275 0.008464753 0.02592575 0.03065973 0.01158308 0.008517861 0.01158308 0.03065973 0.115526 0.1634593 0.1289275 0.1856012 0.1289275 0.1634593 0.01158308 0.008480727 0.02592575 0.03062301 0.02592575 0.008480727 0.115526 0.07490736 0.1289275 0.09704953 0.1289275 0.07490736 0.02592575 0.0749275 0.01158308 0.09706956 0.02592575 0.09706956 0.115526 0.008517861 0.1289275 0.03065973 0.1289275 0.008517861 0.02592575 0.1413704 0.01158308 0.1635123 0.02592575 0.1635123 0.115526 0.1413335 0.1289275 0.1634758 0.1289275 0.1413335 0.02592575 0.09708631 0.01158308 0.07494384 0.01158308 0.09708631 0.115526 0.1635123 0.1289275 0.1413704 0.115526 0.1413704 0.7348079 0.8514152 0.6564381 0.8776749 0.7271132 0.8398986 0.7466226 0.869098 0.6617385 0.8904715 0.7348079 0.8514152 0.7348083 0.1485846 0.813892 0.1861081 0.7988546 0.201146 0.2360832 0.894979 0.1618936 0.8381064 0.1640976 0.8359018 0.6817892 0.06112217 0.7656487 0.1024283 0.7639171 0.1050203 0.5824531 0.9145223 0.4999993 0.9087923 0.5797514 0.9009375 0.115526 0.03060644 0.02592575 0.05274879 0.115526 0.05274885 0.115526 0.1635123 0.02592575 0.1413704 0.02592575 0.1635123 0.115526 0.1413173 0.1289275 0.1634593 0.1289275 0.1413173 0.115526 0.09706962 0.02592575 0.1192122 0.115526 0.1192116 0.115526 0.1413704 0.02592575 0.1192281 0.02592575 0.1413704 0.9589496 0.9593776 0.9935867 0.9099997 0.9689793 0.9694096 0.115526 0.1191752 0.02592575 0.1413173 0.115526 0.1413173 0.9589496 0.8606227 0.9935867 0.9099997 0.9794009 0.9099997 0.8397411 0.9099997 0.8501597 0.8505901 0.8601933 0.8606227 0.90957 0.84017 0.9689793 0.8505901 0.9589496 0.8606227 0.8601933 0.8606227 0.9095679 0.8259825 0.90957 0.84017 0.115526 0.0749275 0.02592575 0.05278557 0.02592575 0.0749275 0.115526 0.1856381 0.02592575 0.1634962 0.02592575 0.1856381 0.8397411 0.9099997 0.8501597 0.9694096 0.8255501 0.9099997 0.90957 0.9798303 0.9689793 0.9694096 0.9095679 0.9940177 0.8601924 0.9593776 0.9095679 0.9940177 0.8501597 0.9694096 0.9589496 0.9593776 0.9794009 0.9099997 0.9935867 0.9099997 0.9589496 0.8606227 0.9689793 0.8505901 0.9935867 0.9099997 0.8397411 0.9099997 0.8255501 0.9099997 0.8501597 0.8505901 0.90957 0.84017 0.9095679 0.8259825 0.9689793 0.8505901 0.8601933 0.8606227 0.8501597 0.8505901 0.9095679 0.8259825 0.8397411 0.9099997 0.8601924 0.9593776 0.8501597 0.9694096 0.90957 0.9798303 0.9589496 0.9593776 0.9689793 0.9694096 0.8601924 0.9593776 0.90957 0.9798303 0.9095679 0.9940177 0.115526 0.03060644 0.02592575 0.008464694 0.02592575 0.03060644 0.9072824 0.1075242 0.9341337 0.13345 0.9072824 0.13345 0.8914616 0.003821194 0.8972989 0.02974706 0.8914616 0.02974706 0.8914616 0.0556727 0.8856242 0.02974706 0.8914616 0.02974706 0.8914616 0.13345 0.8856242 0.1075242 0.8914616 0.1075242 0.8856242 0.1853016 0.8914616 0.1593758 0.8914616 0.1853016 0.8914616 0.0556727 0.8972989 0.02974706 0.8972989 0.0556727 0.8914616 0.08159846 0.8856242 0.0556727 0.8914616 0.0556727 0.8914616 0.2112273 0.8972989 0.1853016 0.8972989 0.2112273 0.8914616 0.1593758 0.8972989 0.1853016 0.8914616 0.1853016 0.8972989 0.0556727 0.9072824 0.02974706 0.9072824 0.0556727 0.8972989 0.1853016 0.9072824 0.1593758 0.9072824 0.1853016 0.9072824 0.2112273 0.8972989 0.1853016 0.9072824 0.1853016 0.8972989 0.08159846 0.9072824 0.0556727 0.9072824 0.08159846 0.8972989 0.13345 0.9072824 0.1075242 0.9072824 0.13345 0.9072824 0.02974706 0.8972989 0.003821194 0.9072824 0.003821194 0.8972989 0.1593758 0.9072824 0.13345 0.9072824 0.1593758 0.8972989 0.1075242 0.9072824 0.08159846 0.9072824 0.1075242 0.9341337 0.1593758 0.9940398 0.1853016 0.9341337 0.1853016 0.9341337 0.1853016 0.9940398 0.2112273 0.9341337 0.2112273 0.9341337 0.13345 0.9940398 0.1593758 0.9341337 0.1593758 0.9341337 0.003821194 0.9940398 0.02974706 0.9341337 0.02974706 0.9341337 0.0556727 0.9940398 0.08159846 0.9341337 0.08159846 0.9341337 0.08159846 0.9940398 0.1075242 0.9341337 0.1075242 0.9341337 0.02974706 0.9940398 0.0556727 0.9341337 0.0556727 0.9341337 0.1075242 0.9940398 0.13345 0.9341337 0.13345 0.8914616 0.08159846 0.8972989 0.1075242 0.8914616 0.1075242 0.8914616 0.1075242 0.8856242 0.08159846 0.8914616 0.08159846 0.8914616 0.1075242 0.8972989 0.13345 0.8914616 0.13345 0.8856242 0.02974706 0.8914616 0.003821194 0.8914616 0.02974706 0.8914616 0.13345 0.8972989 0.1593758 0.8914616 0.1593758 0.8914616 0.08159846 0.8972989 0.0556727 0.8972989 0.08159846 0.8914616 0.2112273 0.8856242 0.1853016 0.8914616 0.1853016 0.8856242 0.1593758 0.8914616 0.13345 0.8914616 0.1593758 0.9072824 0.02974706 0.9341337 0.003821194 0.9341337 0.02974706 0.9072824 0.1593758 0.9341337 0.13345 0.9341337 0.1593758 0.9072824 0.02974706 0.9341337 0.0556727 0.9072824 0.0556727 0.9072824 0.0556727 0.9341337 0.08159846 0.9072824 0.08159846 0.9072824 0.08159846 0.9341337 0.1075242 0.9072824 0.1075242 0.9072824 0.2112273 0.9341337 0.1853016 0.9341337 0.2112273 0.9072824 0.1853016 0.9341337 0.1593758 0.9341337 0.1853016 0.9072824 0.1075242 0.9341337 0.13345 0.9072824 0.13345 0.8972989 0.003821194 0.8914616 0.02974706 0.8914616 0.003821194 0.8914616 0.0556727 0.8856242 0.02974706 0.8914616 0.02974706 0.8856242 0.13345 0.8914616 0.1075242 0.8914616 0.13345 0.8856242 0.1853016 0.8914616 0.1593758 0.8914616 0.1853016 0.8914616 0.0556727 0.8972989 0.02974706 0.8972989 0.0556727 0.8856242 0.08159846 0.8914616 0.0556727 0.8914616 0.08159846 0.8914616 0.2112273 0.8972989 0.1853016 0.8972989 0.2112273 0.8914616 0.1593758 0.8972989 0.1853016 0.8914616 0.1853016 0.8972989 0.0556727 0.9072824 0.02974706 0.9072824 0.0556727 0.8972989 0.1853016 0.9072824 0.1593758 0.9072824 0.1853016 0.9072824 0.2112273 0.8972989 0.1853016 0.9072824 0.1853016 0.8972989 0.08159846 0.9072824 0.0556727 0.9072824 0.08159846 0.8972989 0.13345 0.9072824 0.1075242 0.9072824 0.13345 0.8972989 0.02974706 0.9072824 0.003821194 0.9072824 0.02974706 0.8972989 0.1593758 0.9072824 0.13345 0.9072824 0.1593758 0.8972989 0.1075242 0.9072824 0.08159846 0.9072824 0.1075242 0.9341337 0.1593758 0.9940398 0.1853016 0.9341337 0.1853016 0.9341337 0.1853016 0.9940398 0.2112273 0.9341337 0.2112273 0.9341337 0.13345 0.9940398 0.1593758 0.9341337 0.1593758 0.9341337 0.003821194 0.9940398 0.02974706 0.9341337 0.02974706 0.9341337 0.0556727 0.9940398 0.08159846 0.9341337 0.08159846 0.9341337 0.08159846 0.9940398 0.1075242 0.9341337 0.1075242 0.9341337 0.02974706 0.9940398 0.0556727 0.9341337 0.0556727 0.9341337 0.1075242 0.9940398 0.13345 0.9341337 0.13345 0.8914616 0.08159846 0.8972989 0.1075242 0.8914616 0.1075242 0.8856242 0.1075242 0.8914616 0.08159846 0.8914616 0.1075242 0.8914616 0.1075242 0.8972989 0.13345 0.8914616 0.13345 0.8856242 0.003821194 0.8914616 0.02974706 0.8856242 0.02974706 0.8914616 0.13345 0.8972989 0.1593758 0.8914616 0.1593758 0.8914616 0.08159846 0.8972989 0.0556727 0.8972989 0.08159846 0.8856242 0.2112273 0.8914616 0.1853016 0.8914616 0.2112273 0.8856242 0.1593758 0.8914616 0.13345 0.8914616 0.1593758 0.9072824 0.02974706 0.9341337 0.003821194 0.9341337 0.02974706 0.9072824 0.1593758 0.9341337 0.13345 0.9341337 0.1593758 0.9072824 0.02974706 0.9341337 0.0556727 0.9072824 0.0556727 0.9072824 0.0556727 0.9341337 0.08159846 0.9072824 0.08159846 0.9072824 0.08159846 0.9341337 0.1075242 0.9072824 0.1075242 0.9072824 0.2112273 0.9341337 0.1853016 0.9341337 0.2112273 0.9072824 0.1853016 0.9341337 0.1593758 0.9341337 0.1853016 0.9072824 0.1075242 0.9341337 0.13345 0.9072824 0.13345 0.8972989 0.003821194 0.8914616 0.02974706 0.8914616 0.003821194 0.8856242 0.0556727 0.8914616 0.02974706 0.8914616 0.0556727 0.8856242 0.13345 0.8914616 0.1075242 0.8914616 0.13345 0.8856242 0.1853016 0.8914616 0.1593758 0.8914616 0.1853016 0.8914616 0.0556727 0.8972989 0.02974706 0.8972989 0.0556727 0.8914616 0.08159846 0.8856242 0.0556727 0.8914616 0.0556727 0.8914616 0.2112273 0.8972989 0.1853016 0.8972989 0.2112273 0.8914616 0.1593758 0.8972989 0.1853016 0.8914616 0.1853016 0.8972989 0.0556727 0.9072824 0.02974706 0.9072824 0.0556727 0.8972989 0.1853016 0.9072824 0.1593758 0.9072824 0.1853016 0.9072824 0.2112273 0.8972989 0.1853016 0.9072824 0.1853016 0.8972989 0.08159846 0.9072824 0.0556727 0.9072824 0.08159846 0.8972989 0.13345 0.9072824 0.1075242 0.9072824 0.13345 0.8972989 0.02974706 0.9072824 0.003821194 0.9072824 0.02974706 0.8972989 0.1593758 0.9072824 0.13345 0.9072824 0.1593758 0.8972989 0.1075242 0.9072824 0.08159846 0.9072824 0.1075242 0.9341337 0.1593758 0.9940398 0.1853016 0.9341337 0.1853016 0.9341337 0.1853016 0.9940398 0.2112273 0.9341337 0.2112273 0.9341337 0.13345 0.9940398 0.1593758 0.9341337 0.1593758 0.9341337 0.003821194 0.9940398 0.02974706 0.9341337 0.02974706 0.9341337 0.0556727 0.9940398 0.08159846 0.9341337 0.08159846 0.9341337 0.08159846 0.9940398 0.1075242 0.9341337 0.1075242 0.9341337 0.02974706 0.9940398 0.0556727 0.9341337 0.0556727 0.9341337 0.1075242 0.9940398 0.13345 0.9341337 0.13345 0.8914616 0.08159846 0.8972989 0.1075242 0.8914616 0.1075242 0.8856242 0.1075242 0.8914616 0.08159846 0.8914616 0.1075242 0.8914616 0.1075242 0.8972989 0.13345 0.8914616 0.13345 0.8856242 0.02974706 0.8914616 0.003821194 0.8914616 0.02974706 0.8914616 0.13345 0.8972989 0.1593758 0.8914616 0.1593758 0.8914616 0.08159846 0.8972989 0.0556727 0.8972989 0.08159846 0.8856242 0.2112273 0.8914616 0.1853016 0.8914616 0.2112273 0.8856242 0.1593758 0.8914616 0.13345 0.8914616 0.1593758 0.9072824 0.02974706 0.9341337 0.003821194 0.9341337 0.02974706 0.9072824 0.1593758 0.9341337 0.13345 0.9341337 0.1593758 0.9072824 0.02974706 0.9341337 0.0556727 0.9072824 0.0556727 0.9072824 0.0556727 0.9341337 0.08159846 0.9072824 0.08159846 0.9072824 0.08159846 0.9341337 0.1075242 0.9072824 0.1075242 0.9072824 0.2112273 0.9341337 0.1853016 0.9341337 0.2112273 0.9072824 0.1853016 0.9341337 0.1593758 0.9341337 0.1853016 0.9072824 0.1075242 0.9341337 0.13345 0.9072824 0.13345 0.8972989 0.003821194 0.8914616 0.02974706 0.8914616 0.003821194 0.8856242 0.0556727 0.8914616 0.02974706 0.8914616 0.0556727 0.8856242 0.13345 0.8914616 0.1075242 0.8914616 0.13345 0.8856242 0.1593758 0.8914616 0.1853016 0.8856242 0.1853016 0.8914616 0.0556727 0.8972989 0.02974706 0.8972989 0.0556727 0.8856242 0.08159846 0.8914616 0.0556727 0.8914616 0.08159846 0.8914616 0.1853016 0.8972989 0.2112273 0.8914616 0.2112273 0.8914616 0.1593758 0.8972989 0.1853016 0.8914616 0.1853016 0.8972989 0.0556727 0.9072824 0.02974706 0.9072824 0.0556727 0.8972989 0.1853016 0.9072824 0.1593758 0.9072824 0.1853016 0.9072824 0.2112273 0.8972989 0.1853016 0.9072824 0.1853016 0.8972989 0.08159846 0.9072824 0.0556727 0.9072824 0.08159846 0.8972989 0.13345 0.9072824 0.1075242 0.9072824 0.13345 0.9072824 0.02974706 0.8972989 0.003821194 0.9072824 0.003821194 0.8972989 0.1593758 0.9072824 0.13345 0.9072824 0.1593758 0.8972989 0.1075242 0.9072824 0.08159846 0.9072824 0.1075242 0.9341337 0.1593758 0.9940398 0.1853016 0.9341337 0.1853016 0.9341337 0.1853016 0.9940398 0.2112273 0.9341337 0.2112273 0.9341337 0.13345 0.9940398 0.1593758 0.9341337 0.1593758 0.9341337 0.003821194 0.9940398 0.02974706 0.9341337 0.02974706 0.9341337 0.0556727 0.9940398 0.08159846 0.9341337 0.08159846 0.9341337 0.08159846 0.9940398 0.1075242 0.9341337 0.1075242 0.9341337 0.02974706 0.9940398 0.0556727 0.9341337 0.0556727 0.9341337 0.1075242 0.9940398 0.13345 0.9341337 0.13345 0.8914616 0.08159846 0.8972989 0.1075242 0.8914616 0.1075242 0.8856242 0.1075242 0.8914616 0.08159846 0.8914616 0.1075242 0.8914616 0.1075242 0.8972989 0.13345 0.8914616 0.13345 0.8856242 0.02974706 0.8914616 0.003821194 0.8914616 0.02974706 0.8914616 0.13345 0.8972989 0.1593758 0.8914616 0.1593758 0.8914616 0.08159846 0.8972989 0.0556727 0.8972989 0.08159846 0.8914616 0.2112273 0.8856242 0.1853016 0.8914616 0.1853016 0.8856242 0.13345 0.8914616 0.1593758 0.8856242 0.1593758 0.9072824 0.02974706 0.9341337 0.003821194 0.9341337 0.02974706 0.9072824 0.1593758 0.9341337 0.13345 0.9341337 0.1593758 0.9072824 0.02974706 0.9341337 0.0556727 0.9072824 0.0556727 0.9072824 0.0556727 0.9341337 0.08159846 0.9072824 0.08159846 0.9072824 0.08159846 0.9341337 0.1075242 0.9072824 0.1075242 0.9072824 0.2112273 0.9341337 0.1853016 0.9341337 0.2112273 0.9072824 0.1853016 0.9341337 0.1593758 0.9341337 0.1853016 0.9589496 0.9593776 0.90957 0.9798303 0.9095711 0.9100003 0.90957 0.9798303 0.8601924 0.9593776 0.9095711 0.9100003 0.8601924 0.9593776 0.8397411 0.9099997 0.9095711 0.9100003 0.8397411 0.9099997 0.8601933 0.8606227 0.9095711 0.9100003 0.8601933 0.8606227 0.90957 0.84017 0.9095711 0.9100003 0.90957 0.84017 0.9589496 0.8606227 0.9095711 0.9100003 0.9589496 0.8606227 0.9794009 0.9099997 0.9095711 0.9100003 0.9794009 0.9099997 0.9589496 0.9593776 0.9095711 0.9100003 0.3662431 0.6058756 0.3369584 0.5830721 0.3680973 0.5853449 0.3912698 0.6060546 0.3680973 0.5853449 0.3971817 0.592814 0.4149773 0.6170201 0.3971817 0.592814 0.422432 0.6067599 0.4149773 0.6170201 0.4434978 0.6264647 0.4327323 0.636179 0.4327323 0.636179 0.4595892 0.6518176 0.4406363 0.6599254 0.4406363 0.6599254 0.4713732 0.6807301 0.4449492 0.6927905 0.7754901 0.970261 0.7538098 0.9485806 0.7754901 0.9269004 0.7754901 0.970261 0.7464874 0.9775838 0.7601601 0.963911 0.7464874 0.9775838 0.7538098 0.9485806 0.7601601 0.963911 0.77549 0.9075641 0.7908209 0.9332503 0.7754901 0.9269004 0.7908209 0.9332503 0.8165072 0.9485805 0.7971707 0.9485806 0.7908209 0.963911 0.77549 0.9895974 0.7754901 0.970261 0.8165072 0.9485805 0.7908209 0.963911 0.7971707 0.9485806 0.7464874 0.9195773 0.7754901 0.9269004 0.7601601 0.9332503 0.7538098 0.9485806 0.7464874 0.9195773 0.7601601 0.9332503 0.4764148 0.4274173 0.5617415 0.5448592 0.4764149 0.5725835 0.9030479 0.4999998 0.8953036 0.5786308 0.8777948 0.5598375 0.8953036 0.4213693 0.9030479 0.4999998 0.8777947 0.4401633 0.8723682 0.3457605 0.8953036 0.4213693 0.8637844 0.3817987 0.835122 0.2760788 0.8723682 0.3457605 0.840815 0.3263455 0.7849984 0.2150021 0.835122 0.2760788 0.8094535 0.2751683 0.7239217 0.1648779 0.7849984 0.2150021 0.7248289 0.1905462 0.6542398 0.1276321 0.7239217 0.1648779 0.6736526 0.1591854 0.5786309 0.1046963 0.6542398 0.1276321 0.6181995 0.1362158 0.5 0.09695178 0.5786309 0.1046963 0.5598356 0.1222041 0.4213693 0.104696 0.5 0.09695178 0.4401615 0.1222041 0.3457601 0.1276319 0.4213693 0.104696 0.3817979 0.1362161 0.2760789 0.1648779 0.3457601 0.1276319 0.3263445 0.1591854 0.2150018 0.2150018 0.2760789 0.1648779 0.2751666 0.1905473 0.1648775 0.2760784 0.2150018 0.2150018 0.1905449 0.275169 0.1276317 0.3457601 0.1648775 0.2760784 0.1591834 0.3263453 0.104696 0.4213692 0.1276317 0.3457601 0.1362137 0.3817985 0.09695208 0.5 0.104696 0.4213692 0.1222023 0.4401634 0.104696 0.5786309 0.09695208 0.5 0.1222019 0.5598365 0.1276317 0.65424 0.104696 0.5786309 0.136214 0.6182001 0.1648773 0.7239216 0.1276317 0.65424 0.1591834 0.6736541 0.2150018 0.7849982 0.1648773 0.7239216 0.1905447 0.7248314 0.2760786 0.8351225 0.2150018 0.7849982 0.2751075 0.8095363 0.3457593 0.872368 0.2760786 0.8351225 0.3263447 0.8408153 0.421369 0.895304 0.3457593 0.872368 0.3817978 0.8637844 0.4999992 0.9030482 0.421369 0.895304 0.4401615 0.8777967 0.5786306 0.895304 0.4999992 0.9030482 0.5598354 0.8777968 0.6542398 0.8723682 0.5786306 0.895304 0.618199 0.863785 0.7239217 0.8351226 0.6542398 0.8723682 0.6736523 0.8408153 0.7849977 0.7849985 0.7239217 0.8351226 0.7248308 0.8094539 0.8351218 0.723922 0.7849977 0.7849985 0.8094518 0.7248315 0.8723677 0.6542398 0.8351218 0.723922 0.8408135 0.6736541 0.8953036 0.5786308 0.8723677 0.6542398 0.8637834 0.6182004 0.9030479 0.4999998 0.8777948 0.5598375 0.8825057 0.4999996 0.9030479 0.4999998 0.8825057 0.4999996 0.8777947 0.4401633 0.8953036 0.4213693 0.8777947 0.4401633 0.8637844 0.3817987 0.8723682 0.3457605 0.8637844 0.3817987 0.840815 0.3263455 0.835122 0.2760788 0.840815 0.3263455 0.8094535 0.2751683 0.7849984 0.2150021 0.8094535 0.2751683 0.7704706 0.229528 0.7849984 0.2150021 0.7704706 0.229528 0.7248289 0.1905462 0.7239217 0.1648779 0.7248289 0.1905462 0.6736526 0.1591854 0.6542398 0.1276321 0.6736526 0.1591854 0.6181995 0.1362158 0.5786309 0.1046963 0.6181995 0.1362158 0.5598356 0.1222041 0.5 0.09695178 0.5598356 0.1222041 0.4999992 0.117493 0.5 0.09695178 0.4999992 0.117493 0.4401615 0.1222041 0.4213693 0.104696 0.4401615 0.1222041 0.3817979 0.1362161 0.3457601 0.1276319 0.3817979 0.1362161 0.3263445 0.1591854 0.2760789 0.1648779 0.3263445 0.1591854 0.2751666 0.1905473 0.2150018 0.2150018 0.2751666 0.1905473 0.2295263 0.229528 0.2150018 0.2150018 0.2295263 0.229528 0.1905449 0.275169 0.1648775 0.2760784 0.1905449 0.275169 0.1591834 0.3263453 0.1276317 0.3457601 0.1591834 0.3263453 0.1362137 0.3817985 0.104696 0.4213692 0.1362137 0.3817985 0.1222023 0.4401634 0.09695208 0.5 0.1222023 0.4401634 0.1174931 0.5000004 0.09695208 0.5 0.1174931 0.5000004 0.1222019 0.5598365 0.104696 0.5786309 0.1222019 0.5598365 0.136214 0.6182001 0.1276317 0.65424 0.136214 0.6182001 0.1591834 0.6736541 0.1648773 0.7239216 0.1591834 0.6736541 0.1905447 0.7248314 0.2150018 0.7849982 0.1905447 0.7248314 0.2295262 0.7704725 0.2150018 0.7849982 0.2295262 0.7704725 0.2751075 0.8095363 0.2760786 0.8351225 0.2751075 0.8095363 0.3263447 0.8408153 0.3457593 0.872368 0.3263447 0.8408153 0.3817978 0.8637844 0.421369 0.895304 0.3817978 0.8637844 0.4401615 0.8777967 0.4999992 0.9030482 0.4401615 0.8777967 0.4999994 0.8825059 0.4999992 0.9030482 0.4999994 0.8825059 0.5598354 0.8777968 0.5786306 0.895304 0.5598354 0.8777968 0.618199 0.863785 0.6542398 0.8723682 0.618199 0.863785 0.6736523 0.8408153 0.7239217 0.8351226 0.6736523 0.8408153 0.7248308 0.8094539 0.7849977 0.7849985 0.7248308 0.8094539 0.7704707 0.7704726 0.7849977 0.7849985 0.7704707 0.7704726 0.8094518 0.7248315 0.8351218 0.723922 0.8094518 0.7248315 0.8408135 0.6736541 0.8723677 0.6542398 0.8408135 0.6736541 0.8637834 0.6182004 0.8953036 0.5786308 0.8637834 0.6182004 0.8777948 0.5598375 0.4595969 0.6288017 0.471431 0.6573705 0.4595892 0.6518176 0.474869 0.5773413 0.4999991 0.5813221 0.4999989 0.5884 0.474869 0.5773413 0.4999989 0.5884 0.471431 0.6002332 0.422432 0.6067599 0.4521991 0.5657904 0.4595969 0.6288017 0.4521991 0.5657904 0.474869 0.5773413 0.471431 0.6002332 0.4595969 0.6288017 0.4521991 0.5657904 0.471431 0.6002332 0.4595892 0.6518176 0.4434978 0.6264647 0.4595969 0.6288017 0.4434978 0.6264647 0.422432 0.6067599 0.4595969 0.6288017 0.4999986 0.6829842 0.4713732 0.6807301 0.4999989 0.6692039 0.4713732 0.6807301 0.4595892 0.6518176 0.471431 0.6573705 0.471431 0.6573705 0.4999989 0.6692039 0.4713732 0.6807301 0.3680973 0.5853449 0.3591592 0.5758017 0.3899863 0.5782275 0.3680973 0.5853449 0.3369584 0.5830721 0.3591592 0.5758017 0.3369584 0.5830721 0.3259714 0.5565437 0.3390765 0.5522874 0.3591592 0.5758017 0.3369584 0.5830721 0.3390765 0.5522874 0.422432 0.6067599 0.3971817 0.592814 0.3899863 0.5782275 0.3971817 0.592814 0.3680973 0.5853449 0.3899863 0.5782275 0.434208 0.5477994 0.4521991 0.5657904 0.4135 0.5581454 0.4521991 0.5657904 0.422432 0.6067599 0.3899863 0.5782275 0.4159256 0.5273176 0.4226572 0.5251307 0.434208 0.5477994 0.4135 0.5581454 0.4159256 0.5273176 0.434208 0.5477994 0.4521991 0.5657904 0.3899863 0.5782275 0.4135 0.5581454 0.5593591 0.6599267 0.5286223 0.6807314 0.5404062 0.6518188 0.5672631 0.6361801 0.5404062 0.6518188 0.5564975 0.626466 0.5850179 0.6170215 0.5564975 0.626466 0.5775634 0.606761 0.5850179 0.6170215 0.6028137 0.5928153 0.6087257 0.6060559 0.6087257 0.6060559 0.6318982 0.585346 0.6337524 0.6058767 0.6337524 0.6058767 0.6630371 0.5830733 0.6663416 0.6119308 0.6100111 0.5782264 0.6408384 0.5757998 0.6318982 0.585346 0.5657887 0.5477997 0.5773403 0.5251296 0.5840716 0.5273171 0.5657887 0.5477997 0.5840716 0.5273171 0.5864977 0.5581435 0.5775634 0.606761 0.5477977 0.5657906 0.6100111 0.5782264 0.5477977 0.5657906 0.5657887 0.5477997 0.5864977 0.5581435 0.6100111 0.5782264 0.5477977 0.5657906 0.5864977 0.5581435 0.6318982 0.585346 0.6028137 0.5928153 0.6100111 0.5782264 0.6028137 0.5928153 0.5775634 0.606761 0.6100111 0.5782264 0.6740266 0.5565455 0.6630371 0.5830733 0.6609207 0.5522868 0.6630371 0.5830733 0.6318982 0.585346 0.6408384 0.5757998 0.6408384 0.5757998 0.6609207 0.5522868 0.6630371 0.5830733 0.5404062 0.6518188 0.5285682 0.6573705 0.5404012 0.6288017 0.5404062 0.6518188 0.5286223 0.6807314 0.5285682 0.6573705 0.5286223 0.6807314 0.4999986 0.6829842 0.4999989 0.6692039 0.5285682 0.6573705 0.5286223 0.6807314 0.4999989 0.6692039 0.5775634 0.606761 0.5564975 0.626466 0.5404012 0.6288017 0.5564975 0.626466 0.5404062 0.6518188 0.5404012 0.6288017 0.5251277 0.5773417 0.5477977 0.5657906 0.5285682 0.6002331 0.5477977 0.5657906 0.5775634 0.606761 0.5404012 0.6288017 0.4999989 0.5884 0.4999991 0.5813221 0.5251277 0.5773417 0.5285682 0.6002331 0.4999989 0.5884 0.5251277 0.5773417 0.5477977 0.5657906 0.5404012 0.6288017 0.5285682 0.6002331 0.6704409 0.4929651 0.680729 0.5286265 0.6568731 0.5084848 0.650299 0.4781098 0.6568731 0.5084848 0.6377336 0.4853467 0.6375647 0.4553036 0.6377336 0.4853467 0.6255028 0.4592226 0.6375647 0.4553036 0.6200424 0.4308987 0.6344618 0.4293677 0.6344618 0.4293677 0.6219263 0.4009296 0.6420251 0.4055106 0.6420251 0.4055106 0.6293871 0.3706125 0.6578535 0.3763871 0.6083918 0.4195454 0.6156101 0.389477 0.6219263 0.4009296 0.5657886 0.452201 0.5477978 0.4342094 0.5519582 0.4284834 0.5657886 0.452201 0.5519582 0.4284834 0.5820256 0.435702 0.6255028 0.4592226 0.5773395 0.4748709 0.6083918 0.4195454 0.5773395 0.4748709 0.5657886 0.452201 0.5820256 0.435702 0.6083918 0.4195454 0.5773395 0.4748709 0.5820256 0.435702 0.6219263 0.4009296 0.6200424 0.4308987 0.6083918 0.4195454 0.6200424 0.4308987 0.6255028 0.4592226 0.6083918 0.4195454 0.6075537 0.3519633 0.6293871 0.3706125 0.5994536 0.3631117 0.6293871 0.3706125 0.6219263 0.4009296 0.6156101 0.389477 0.6156101 0.389477 0.5994536 0.3631117 0.6293871 0.3706125 0.6568731 0.5084848 0.6584948 0.5214591 0.634981 0.5013769 0.6568731 0.5084848 0.680729 0.5286265 0.6584948 0.5214591 0.680729 0.5286265 0.6740266 0.5565455 0.6609207 0.5522868 0.6584948 0.5214591 0.680729 0.5286265 0.6609207 0.5522868 0.6255028 0.4592226 0.6377336 0.4853467 0.634981 0.5013769 0.6377336 0.4853467 0.6568731 0.5084848 0.634981 0.5013769 0.5813198 0.5000008 0.5773395 0.4748709 0.604154 0.5038026 0.5773395 0.4748709 0.6255028 0.4592226 0.634981 0.5013769 0.5840716 0.5273171 0.5773403 0.5251296 0.5813198 0.5000008 0.604154 0.5038026 0.5840716 0.5273171 0.5813198 0.5000008 0.5773395 0.4748709 0.634981 0.5013769 0.604154 0.5038026 0.5459771 0.335726 0.5830724 0.3369613 0.5565446 0.3534256 0.5256248 0.3502916 0.5565446 0.3534256 0.5286245 0.3644784 0.4999996 0.3553551 0.5286245 0.3644784 0.4999995 0.3680378 0.4999996 0.3553551 0.4713745 0.3644783 0.4743743 0.3502915 0.4743743 0.3502915 0.4434545 0.3534256 0.4540221 0.335726 0.4540221 0.335726 0.4169266 0.3369614 0.4312152 0.3116728 0.4569765 0.3720504 0.4306105 0.3558937 0.4434545 0.3534256 0.474869 0.4226595 0.4521984 0.43421 0.4480382 0.4284838 0.474869 0.4226595 0.4480382 0.4284838 0.4641948 0.4021186 0.4999995 0.3680378 0.4999986 0.4186793 0.4569765 0.3720504 0.4999986 0.4186793 0.474869 0.4226595 0.4641948 0.4021186 0.4569765 0.3720504 0.4999986 0.4186793 0.4641948 0.4021186 0.4434545 0.3534256 0.4713745 0.3644783 0.4569765 0.3720504 0.4713745 0.3644783 0.4999995 0.3680378 0.4569765 0.3720504 0.3924433 0.3519633 0.4169266 0.3369614 0.4005429 0.363112 0.4169266 0.3369614 0.4434545 0.3534256 0.4306105 0.3558937 0.4306105 0.3558937 0.4005429 0.363112 0.4169266 0.3369614 0.5565446 0.3534256 0.569385 0.3558925 0.5430195 0.3720498 0.5565446 0.3534256 0.5830724 0.3369613 0.569385 0.3558925 0.5830724 0.3369613 0.6075537 0.3519633 0.5994536 0.3631117 0.569385 0.3558925 0.5830724 0.3369613 0.5994536 0.3631117 0.4999995 0.3680378 0.5286245 0.3644784 0.5430195 0.3720498 0.5286245 0.3644784 0.5565446 0.3534256 0.5430195 0.3720498 0.5251287 0.4226595 0.4999986 0.4186793 0.5358005 0.4021176 0.4999986 0.4186793 0.4999995 0.3680378 0.5430195 0.3720498 0.5519582 0.4284834 0.5477978 0.4342094 0.5251287 0.4226595 0.5358005 0.4021176 0.5519582 0.4284834 0.5251287 0.4226595 0.4999986 0.4186793 0.5430195 0.3720498 0.5358005 0.4021176 0.3579725 0.4055085 0.3706104 0.3706105 0.3780714 0.4009277 0.3655359 0.4293658 0.3780714 0.4009277 0.3799554 0.4308968 0.3624331 0.4553015 0.3799554 0.4308968 0.3744949 0.4592207 0.3624331 0.4553015 0.3622641 0.4853447 0.3496986 0.4781079 0.3496986 0.4781079 0.3431245 0.5084829 0.3295568 0.4929631 0.3295568 0.4929631 0.3192685 0.5286246 0.2996332 0.5072208 0.3650164 0.5013779 0.3415029 0.521461 0.3431245 0.5084829 0.4186775 0.5000004 0.4226572 0.5251307 0.4159256 0.5273176 0.4186775 0.5000004 0.4159256 0.5273176 0.3958436 0.5038045 0.3744949 0.4592207 0.4226577 0.4748706 0.3650164 0.5013779 0.4226577 0.4748706 0.4186775 0.5000004 0.3958436 0.5038045 0.3650164 0.5013779 0.4226577 0.4748706 0.3958436 0.5038045 0.3431245 0.5084829 0.3622641 0.4853447 0.3650164 0.5013779 0.3622641 0.4853447 0.3744949 0.4592207 0.3650164 0.5013779 0.3259714 0.5565437 0.3192685 0.5286246 0.3390765 0.5522874 0.3192685 0.5286246 0.3431245 0.5084829 0.3415029 0.521461 0.3415029 0.521461 0.3390765 0.5522874 0.3192685 0.5286246 0.3780714 0.4009277 0.3843854 0.3894782 0.3916045 0.419546 0.3780714 0.4009277 0.3706104 0.3706105 0.3843854 0.3894782 0.3706104 0.3706105 0.3924433 0.3519633 0.4005429 0.363112 0.3843854 0.3894782 0.3706104 0.3706105 0.4005429 0.363112 0.3744949 0.4592207 0.3799554 0.4308968 0.3916045 0.419546 0.3799554 0.4308968 0.3780714 0.4009277 0.3916045 0.419546 0.4342086 0.4522005 0.4226577 0.4748706 0.41797 0.4357032 0.4226577 0.4748706 0.3744949 0.4592207 0.3916045 0.419546 0.4480382 0.4284838 0.4521984 0.43421 0.4342086 0.4522005 0.41797 0.4357032 0.4480382 0.4284838 0.4342086 0.4522005 0.4226577 0.4748706 0.3916045 0.419546 0.41797 0.4357032 0.9589496 0.9593776 0.9935867 0.9099997 0.9689793 0.9694096 0.9589496 0.8606227 0.9935867 0.9099997 0.9794009 0.9099997 0.8397411 0.9099997 0.8501597 0.8505901 0.8601933 0.8606227 0.90957 0.84017 0.9689793 0.8505901 0.9589496 0.8606227 0.8601933 0.8606227 0.9095679 0.8259825 0.90957 0.84017 0.8397411 0.9099997 0.8501597 0.9694096 0.8255501 0.9099997 0.90957 0.9798303 0.9689793 0.9694096 0.9095679 0.9940177 0.8601924 0.9593776 0.9095679 0.9940177 0.8501597 0.9694096 0.9589496 0.9593776 0.9794009 0.9099997 0.9935867 0.9099997 0.9589496 0.8606227 0.9689793 0.8505901 0.9935867 0.9099997 0.8397411 0.9099997 0.8255501 0.9099997 0.8501597 0.8505901 0.90957 0.84017 0.9095679 0.8259825 0.9689793 0.8505901 0.8601933 0.8606227 0.8501597 0.8505901 0.9095679 0.8259825 0.8397411 0.9099997 0.8601924 0.9593776 0.8501597 0.9694096 0.90957 0.9798303 0.9589496 0.9593776 0.9689793 0.9694096 0.8601924 0.9593776 0.90957 0.9798303 0.9095679 0.9940177 0.9589496 0.9593776 0.90957 0.9798303 0.9095711 0.9100003 0.90957 0.9798303 0.8601924 0.9593776 0.9095711 0.9100003 0.8601924 0.9593776 0.8397411 0.9099997 0.9095711 0.9100003 0.8397411 0.9099997 0.8601933 0.8606227 0.9095711 0.9100003 0.8601933 0.8606227 0.90957 0.84017 0.9095711 0.9100003 0.90957 0.84017 0.9589496 0.8606227 0.9095711 0.9100003 0.9589496 0.8606227 0.9794009 0.9099997 0.9095711 0.9100003 0.9794009 0.9099997 0.9589496 0.9593776 0.9095711 0.9100003 0.7754901 0.970261 0.7538098 0.9485806 0.7754901 0.9269004 0.7754901 0.970261 0.7464874 0.9775838 0.7601601 0.963911 0.7464874 0.9775838 0.7538098 0.9485806 0.7601601 0.963911 0.77549 0.9075641 0.7908209 0.9332503 0.7754901 0.9269004 0.7908209 0.9332503 0.8165072 0.9485805 0.7971707 0.9485806 0.7908209 0.963911 0.77549 0.9895974 0.7754901 0.970261 0.8165072 0.9485805 0.7908209 0.963911 0.7971707 0.9485806 0.7464874 0.9195773 0.7754901 0.9269004 0.7601601 0.9332503 0.7538098 0.9485806 0.7464874 0.9195773 0.7601601 0.9332503 0.9589496 0.9593776 0.9935867 0.9099997 0.9689793 0.9694096 0.9589496 0.8606227 0.9935867 0.9099997 0.9794009 0.9099997 0.8397411 0.9099997 0.8501597 0.8505901 0.8601933 0.8606227 0.90957 0.84017 0.9689793 0.8505901 0.9589496 0.8606227 0.8601933 0.8606227 0.9095679 0.8259825 0.90957 0.84017 0.8397411 0.9099997 0.8501597 0.9694096 0.8255501 0.9099997 0.90957 0.9798303 0.9689793 0.9694096 0.9095679 0.9940177 0.8601924 0.9593776 0.9095679 0.9940177 0.8501597 0.9694096 0.9589496 0.9593776 0.9794009 0.9099997 0.9935867 0.9099997 0.9589496 0.8606227 0.9689793 0.8505901 0.9935867 0.9099997 0.8397411 0.9099997 0.8255501 0.9099997 0.8501597 0.8505901 0.90957 0.84017 0.9095679 0.8259825 0.9689793 0.8505901 0.8601933 0.8606227 0.8501597 0.8505901 0.9095679 0.8259825 0.8397411 0.9099997 0.8601924 0.9593776 0.8501597 0.9694096 0.90957 0.9798303 0.9589496 0.9593776 0.9689793 0.9694096 0.8601924 0.9593776 0.90957 0.9798303 0.9095679 0.9940177 0.9589496 0.9593776 0.90957 0.9798303 0.9095711 0.9100003 0.90957 0.9798303 0.8601924 0.9593776 0.9095711 0.9100003 0.8601924 0.9593776 0.8397411 0.9099997 0.9095711 0.9100003 0.8397411 0.9099997 0.8601933 0.8606227 0.9095711 0.9100003 0.8601933 0.8606227 0.90957 0.84017 0.9095711 0.9100003 0.90957 0.84017 0.9589496 0.8606227 0.9095711 0.9100003 0.9589496 0.8606227 0.9794009 0.9099997 0.9095711 0.9100003 0.9794009 0.9099997 0.9589496 0.9593776 0.9095711 0.9100003 0.7754901 0.970261 0.7538098 0.9485806 0.7754901 0.9269004 0.7754901 0.970261 0.7464874 0.9775838 0.7601601 0.963911 0.7464874 0.9775838 0.7538098 0.9485806 0.7601601 0.963911 0.77549 0.9075641 0.7908209 0.9332503 0.7754901 0.9269004 0.7908209 0.9332503 0.8165072 0.9485805 0.7971707 0.9485806 0.7908209 0.963911 0.77549 0.9895974 0.7754901 0.970261 0.8165072 0.9485805 0.7908209 0.963911 0.7971707 0.9485806 0.7464874 0.9195773 0.7754901 0.9269004 0.7601601 0.9332503 0.7538098 0.9485806 0.7464874 0.9195773 0.7601601 0.9332503 0.9589496 0.9593776 0.9935867 0.9099997 0.9689793 0.9694096 0.9589496 0.8606227 0.9935867 0.9099997 0.9794009 0.9099997 0.8397411 0.9099997 0.8501597 0.8505901 0.8601933 0.8606227 0.90957 0.84017 0.9689793 0.8505901 0.9589496 0.8606227 0.8601933 0.8606227 0.9095679 0.8259825 0.90957 0.84017 0.8397411 0.9099997 0.8501597 0.9694096 0.8255501 0.9099997 0.90957 0.9798303 0.9689793 0.9694096 0.9095679 0.9940177 0.8601924 0.9593776 0.9095679 0.9940177 0.8501597 0.9694096 0.9589496 0.9593776 0.9794009 0.9099997 0.9935867 0.9099997 0.9589496 0.8606227 0.9689793 0.8505901 0.9935867 0.9099997 0.8397411 0.9099997 0.8255501 0.9099997 0.8501597 0.8505901 0.90957 0.84017 0.9095679 0.8259825 0.9689793 0.8505901 0.8601933 0.8606227 0.8501597 0.8505901 0.9095679 0.8259825 0.8397411 0.9099997 0.8601924 0.9593776 0.8501597 0.9694096 0.90957 0.9798303 0.9589496 0.9593776 0.9689793 0.9694096 0.8601924 0.9593776 0.90957 0.9798303 0.9095679 0.9940177 0.9589496 0.9593776 0.90957 0.9798303 0.9095711 0.9100003 0.90957 0.9798303 0.8601924 0.9593776 0.9095711 0.9100003 0.8601924 0.9593776 0.8397411 0.9099997 0.9095711 0.9100003 0.8397411 0.9099997 0.8601933 0.8606227 0.9095711 0.9100003 0.8601933 0.8606227 0.90957 0.84017 0.9095711 0.9100003 0.90957 0.84017 0.9589496 0.8606227 0.9095711 0.9100003 0.9589496 0.8606227 0.9794009 0.9099997 0.9095711 0.9100003 0.9794009 0.9099997 0.9589496 0.9593776 0.9095711 0.9100003 0.7754901 0.970261 0.7538098 0.9485806 0.7754901 0.9269004 0.7754901 0.970261 0.7464874 0.9775838 0.7601601 0.963911 0.7464874 0.9775838 0.7538098 0.9485806 0.7601601 0.963911 0.77549 0.9075641 0.7908209 0.9332503 0.7754901 0.9269004 0.7908209 0.9332503 0.8165072 0.9485805 0.7971707 0.9485806 0.7908209 0.963911 0.77549 0.9895974 0.7754901 0.970261 0.8165072 0.9485805 0.7908209 0.963911 0.7971707 0.9485806 0.7464874 0.9195773 0.7754901 0.9269004 0.7601601 0.9332503 0.7538098 0.9485806 0.7464874 0.9195773 0.7601601 0.9332503 0.9589496 0.9593776 0.9935867 0.9099997 0.9689793 0.9694096 0.9589496 0.8606227 0.9935867 0.9099997 0.9794009 0.9099997 0.8397411 0.9099997 0.8501597 0.8505901 0.8601933 0.8606227 0.90957 0.84017 0.9689793 0.8505901 0.9589496 0.8606227 0.8601933 0.8606227 0.9095679 0.8259825 0.90957 0.84017 0.8397411 0.9099997 0.8501597 0.9694096 0.8255501 0.9099997 0.90957 0.9798303 0.9689793 0.9694096 0.9095679 0.9940177 0.8601924 0.9593776 0.9095679 0.9940177 0.8501597 0.9694096 0.9589496 0.9593776 0.9794009 0.9099997 0.9935867 0.9099997 0.9589496 0.8606227 0.9689793 0.8505901 0.9935867 0.9099997 0.8397411 0.9099997 0.8255501 0.9099997 0.8501597 0.8505901 0.90957 0.84017 0.9095679 0.8259825 0.9689793 0.8505901 0.8601933 0.8606227 0.8501597 0.8505901 0.9095679 0.8259825 0.8397411 0.9099997 0.8601924 0.9593776 0.8501597 0.9694096 0.90957 0.9798303 0.9589496 0.9593776 0.9689793 0.9694096 0.8601924 0.9593776 0.90957 0.9798303 0.9095679 0.9940177 0.9589496 0.9593776 0.90957 0.9798303 0.9095711 0.9100003 0.90957 0.9798303 0.8601924 0.9593776 0.9095711 0.9100003 0.8601924 0.9593776 0.8397411 0.9099997 0.9095711 0.9100003 0.8397411 0.9099997 0.8601933 0.8606227 0.9095711 0.9100003 0.8601933 0.8606227 0.90957 0.84017 0.9095711 0.9100003 0.90957 0.84017 0.9589496 0.8606227 0.9095711 0.9100003 0.9589496 0.8606227 0.9794009 0.9099997 0.9095711 0.9100003 0.9794009 0.9099997 0.9589496 0.9593776 0.9095711 0.9100003 0.7754901 0.970261 0.7538098 0.9485806 0.7754901 0.9269004 0.7754901 0.970261 0.7464874 0.9775838 0.7601601 0.963911 0.7464874 0.9775838 0.7538098 0.9485806 0.7601601 0.963911 0.77549 0.9075641 0.7908209 0.9332503 0.7754901 0.9269004 0.7908209 0.9332503 0.8165072 0.9485805 0.7971707 0.9485806 0.7908209 0.963911 0.77549 0.9895974 0.7754901 0.970261 0.8165072 0.9485805 0.7908209 0.963911 0.7971707 0.9485806 0.7464874 0.9195773 0.7754901 0.9269004 0.7601601 0.9332503 0.7538098 0.9485806 0.7464874 0.9195773 0.7601601 0.9332503 0.2296283 0.5878481 0.30341 0.6001669 0.2466996 0.6290625 0.5444706 0.7807844 0.5681793 0.7098382 0.5878472 0.7703707 0.2157146 0.5000001 0.2820784 0.5345147 0.2192143 0.5444712 0.2466995 0.3709369 0.2901606 0.4318189 0.229628 0.4121506 0.629061 0.7532991 0.5681793 0.7098382 0.6001659 0.6965888 0.2192146 0.4555284 0.2901606 0.4318189 0.2820786 0.4654848 0.7299906 0.3329014 0.6965886 0.3998324 0.6784986 0.3703124 0.7299893 0.6670982 0.6560127 0.6560137 0.6784976 0.629687 0.2700079 0.3329019 0.30341 0.3998323 0.2466995 0.3709369 0.7703703 0.4121508 0.6965886 0.3998324 0.753299 0.3709371 0.7299893 0.6670982 0.6965878 0.6001669 0.7532979 0.6290625 0.4555269 0.2192159 0.4999992 0.2793622 0.4654837 0.2820796 0.5444707 0.219216 0.4999992 0.2793622 0.4999992 0.2157145 0.7807829 0.5444721 0.7098371 0.5681801 0.7179192 0.5345153 0.5444706 0.7807844 0.4999994 0.7206367 0.534514 0.7179203 0.7703693 0.5878482 0.6965878 0.6001669 0.7098371 0.5681801 0.701018 0.2989808 0.6784986 0.3703124 0.6560126 0.3439862 0.2466996 0.6290625 0.3214998 0.629687 0.2700078 0.6670981 0.6290613 0.2467011 0.5681795 0.2901619 0.5878475 0.2296297 0.7807828 0.4555283 0.7098377 0.4318189 0.7703703 0.4121508 0.2989795 0.7010194 0.3214998 0.629687 0.3439851 0.6560137 0.5444707 0.219216 0.5681795 0.2901619 0.5345141 0.2820796 0.7807828 0.4555283 0.7206366 0.4999995 0.7179192 0.4654848 0.2989795 0.7010194 0.3702773 0.6785466 0.3328561 0.7300522 0.3329001 0.2700098 0.3439851 0.3439862 0.2989795 0.2989808 0.2989795 0.2989808 0.3215 0.3703128 0.2700079 0.3329019 0.4121501 0.2296299 0.4654837 0.2820796 0.4318184 0.290162 0.7807829 0.5444721 0.7206366 0.4999995 0.7842841 0.4999995 0.3709365 0.7532991 0.3702773 0.6785466 0.399832 0.6965887 0.2157146 0.5000001 0.2820786 0.4654848 0.2793622 0.5 0.4121501 0.2296299 0.3998318 0.3034113 0.3709363 0.2467011 0.7010181 0.7010194 0.6296866 0.678499 0.6560127 0.6560137 0.4121501 0.7703703 0.399832 0.6965887 0.4318184 0.7098379 0.701018 0.2989808 0.6296855 0.3215007 0.6670963 0.270009 0.629061 0.7532991 0.6296866 0.678499 0.6670977 0.729991 0.4121501 0.7703703 0.4654838 0.7179203 0.455527 0.7807843 0.6670963 0.270009 0.600166 0.3034113 0.6290613 0.2467011 0.3709363 0.2467011 0.3703114 0.3215014 0.3329001 0.2700098 0.455527 0.7807843 0.4999994 0.7206367 0.4999994 0.7842843 0.2296283 0.5878481 0.2820784 0.5345147 0.2901608 0.56818 0.2901608 0.56818 0.3259714 0.5565437 0.3369584 0.5830721 0.2820784 0.5345147 0.3259714 0.5565437 0.2901608 0.56818 0.2820784 0.5345147 0.2996332 0.5072208 0.3192685 0.5286246 0.2820786 0.4654848 0.2996332 0.5072208 0.2793622 0.5 0.6337524 0.6058767 0.6560127 0.6560137 0.6296866 0.678499 0.2901606 0.4318189 0.3624331 0.4553015 0.3496986 0.4781079 0.2901606 0.4318189 0.3655359 0.4293658 0.3624331 0.4553015 0.4999994 0.7206367 0.4654838 0.7179203 0.4713732 0.6807301 0.3703114 0.3215014 0.3998318 0.3034113 0.4169266 0.3369614 0.3439851 0.3439862 0.3706104 0.3706105 0.3421441 0.3763855 0.3703114 0.3215014 0.3924433 0.3519633 0.3706104 0.3706105 0.7179192 0.5345153 0.7098371 0.5681801 0.6740266 0.5565455 0.3998318 0.3034113 0.4312152 0.3116728 0.4169266 0.3369614 0.4654837 0.2820796 0.4312152 0.3116728 0.4318184 0.290162 0.5459771 0.335726 0.5256248 0.3502916 0.4999992 0.2793622 0.4999992 0.2793622 0.4999996 0.3553551 0.4743743 0.3502915 0.4999992 0.2793622 0.5256248 0.3502916 0.4999996 0.3553551 0.5593591 0.6599267 0.5672631 0.6361801 0.6296866 0.678499 0.3336541 0.6119298 0.3662431 0.6058756 0.3439851 0.6560137 0.600166 0.3034113 0.5830724 0.3369613 0.5687836 0.3116728 0.6296855 0.3215007 0.6075537 0.3519633 0.5830724 0.3369613 0.6560126 0.3439862 0.6075537 0.3519633 0.6296855 0.3215007 0.6560126 0.3439862 0.6578535 0.3763871 0.6293871 0.3706125 0.6965886 0.3998324 0.6578535 0.3763871 0.6784986 0.3703124 0.3579725 0.4055085 0.3655359 0.4293658 0.2901606 0.4318189 0.7098377 0.4318189 0.6375647 0.4553036 0.6344618 0.4293677 0.7098377 0.4318189 0.650299 0.4781098 0.6375647 0.4553036 0.4540221 0.335726 0.4654837 0.2820796 0.4999992 0.2793622 0.5687836 0.3116728 0.5459771 0.335726 0.5345141 0.2820796 0.7179192 0.5345153 0.680729 0.5286265 0.7003644 0.5072223 0.680729 0.5286265 0.7179192 0.5345153 0.6740266 0.5565455 0.6965878 0.6001669 0.6663416 0.6119308 0.6630371 0.5830733 0.6560127 0.6560137 0.6663416 0.6119308 0.6784976 0.629687 0.6704409 0.4929651 0.650299 0.4781098 0.7098377 0.4318189 0.6296866 0.678499 0.5850179 0.6170215 0.6087257 0.6060559 0.6296866 0.678499 0.5672631 0.6361801 0.5850179 0.6170215 0.6420251 0.4055106 0.6965886 0.3998324 0.7098377 0.4318189 0.3295568 0.4929631 0.2820786 0.4654848 0.2901606 0.4318189 0.534514 0.7179203 0.5286223 0.6807314 0.5550464 0.6927914 0.4999994 0.7206367 0.4999986 0.6829842 0.5286223 0.6807314 0.4406363 0.6599254 0.399832 0.6965887 0.3702773 0.6785466 0.4654838 0.7179203 0.4449492 0.6927905 0.4713732 0.6807301 0.399832 0.6965887 0.4449492 0.6927905 0.4318184 0.7098379 0.3662431 0.6058756 0.3912698 0.6060546 0.3702773 0.6785466 0.3702773 0.6785466 0.4149773 0.6170201 0.4327323 0.636179 0.3702773 0.6785466 0.3912698 0.6060546 0.4149773 0.6170201 0.3421441 0.3763855 0.3579725 0.4055085 0.30341 0.3998323 0.5550464 0.6927914 0.5593591 0.6599267 0.6001659 0.6965888 0.30341 0.6001669 0.3369584 0.5830721 0.3336541 0.6119298 0.2820784 0.5345147 0.3192685 0.5286246 0.3259714 0.5565437 0.2820784 0.5345147 0.2793622 0.5 0.2996332 0.5072208 0.2820786 0.4654848 0.3295568 0.4929631 0.2996332 0.5072208 0.3496986 0.4781079 0.3295568 0.4929631 0.2901606 0.4318189 0.30341 0.3998323 0.3579725 0.4055085 0.2901606 0.4318189 0.3215 0.3703128 0.3421441 0.3763855 0.30341 0.3998323 0.3215 0.3703128 0.3439851 0.3439862 0.3421441 0.3763855 0.3439851 0.3439862 0.3703114 0.3215014 0.3706104 0.3706105 0.3924433 0.3519633 0.3703114 0.3215014 0.4169266 0.3369614 0.3998318 0.3034113 0.4318184 0.290162 0.4312152 0.3116728 0.4654837 0.2820796 0.4540221 0.335726 0.4312152 0.3116728 0.4743743 0.3502915 0.4540221 0.335726 0.4999992 0.2793622 0.5345141 0.2820796 0.5459771 0.335726 0.4999992 0.2793622 0.5681795 0.2901619 0.5687836 0.3116728 0.5345141 0.2820796 0.5681795 0.2901619 0.600166 0.3034113 0.5687836 0.3116728 0.600166 0.3034113 0.6296855 0.3215007 0.5830724 0.3369613 0.6560126 0.3439862 0.6293871 0.3706125 0.6075537 0.3519633 0.6560126 0.3439862 0.6784986 0.3703124 0.6578535 0.3763871 0.6965886 0.3998324 0.6420251 0.4055106 0.6578535 0.3763871 0.6344618 0.4293677 0.6420251 0.4055106 0.7098377 0.4318189 0.7179192 0.4654848 0.6704409 0.4929651 0.7098377 0.4318189 0.7206366 0.4999995 0.7003644 0.5072223 0.7179192 0.4654848 0.7206366 0.4999995 0.7179192 0.5345153 0.7003644 0.5072223 0.7098371 0.5681801 0.6965878 0.6001669 0.6630371 0.5830733 0.6740266 0.5565455 0.7098371 0.5681801 0.6630371 0.5830733 0.6965878 0.6001669 0.6784976 0.629687 0.6663416 0.6119308 0.6560127 0.6560137 0.6337524 0.6058767 0.6663416 0.6119308 0.6087257 0.6060559 0.6337524 0.6058767 0.6296866 0.678499 0.6001659 0.6965888 0.5593591 0.6599267 0.6296866 0.678499 0.5681793 0.7098382 0.5550464 0.6927914 0.6001659 0.6965888 0.5681793 0.7098382 0.534514 0.7179203 0.5550464 0.6927914 0.534514 0.7179203 0.4999994 0.7206367 0.5286223 0.6807314 0.4999986 0.6829842 0.4999994 0.7206367 0.4713732 0.6807301 0.4654838 0.7179203 0.4318184 0.7098379 0.4449492 0.6927905 0.399832 0.6965887 0.4406363 0.6599254 0.4449492 0.6927905 0.4327323 0.636179 0.4406363 0.6599254 0.3702773 0.6785466 0.3439851 0.6560137 0.3662431 0.6058756 0.3702773 0.6785466 0.3214998 0.629687 0.3336541 0.6119298 0.3439851 0.6560137 0.3214998 0.629687 0.30341 0.6001669 0.3336541 0.6119298 0.30341 0.6001669 0.2901608 0.56818 0.3369584 0.5830721 0.7003644 0.5072223 0.6704409 0.4929651 0.7179192 0.4654848 0.136214 0.6182001 0.1563503 0.5544279 0.1690958 0.6075162 0.4999994 0.8825059 0.4455702 0.8436483 0.4999994 0.8479319 0.3263445 0.1591854 0.2954888 0.2185181 0.2751666 0.1905473 0.7248289 0.1905462 0.6579564 0.1899909 0.6736526 0.1591854 0.7704706 0.229528 0.7045071 0.2185171 0.7248289 0.1905462 0.2751666 0.1905473 0.2539739 0.2539753 0.2295263 0.229528 0.8637834 0.6182004 0.810008 0.6579579 0.8309016 0.6075164 0.5598354 0.8777968 0.4999994 0.8479319 0.554427 0.8436483 0.8777948 0.5598375 0.8309016 0.6075164 0.8436466 0.554429 0.136214 0.6182001 0.1899891 0.6579579 0.1591834 0.6736541 0.5 0.5 0.5 0.5 0.5 0.5 0.5 0.5 0.5 0.5 0.5 0.5 0.5 0.5 0.5 0.5 0.5 0.5 0.5 0.5 0.5 0.5 0.5 0.5 0.5 0.5 0.5 0.5 0.5 0.5 0.5 0.5 0.5 0.5 0.5 0.5 0.5 0.5 0.5 0.5 0.5 0.5 0.5 0.5 0.5 0.5 0.5 0.5 0.5 0.5 0.5 0.5 0.5 0.5 0.5 0.5 0.5 0.5 0.5 0.5 0.5 0.5 0.5 0.5 0.5 0.5 0.5 0.5 0.5 0.5 0.5 0.5 0.5 0.5 0.5 0.5 0.5 0.5 0.5 0.5 0.5 0.5 0.5 0.5 0.5 0.5 0.5 0.5 0.5 0.5 0.5 0.5 0.5 0.5 0.5 0.5 0.5 0.5 0.5 0.5 0.5 0.5 0.5 0.5 0.5 0.5 0.5 0.5 0.5 0.5 0.5 0.5 0.5 0.5 0.5 0.5 0.5 0.5 0.5 0.5 0.5 0.5 0.5 0.5 0.5 0.5 0.5 0.5 0.5 0.5 0.5 0.5 0.5 0.5 0.5 0.5 0.5 0.5 0.5 0.5 0.5 0.5 0.5 0.5 0.5 0.5 0.5 0.5 0.5 0.5 0.5 0.5 0.5 0.5 0.5 0.5 0.5 0.5 0.5 0.5 0.5 0.5 0.5 0.5 0.5 0.5 0.5 0.5 0.5 0.5 0.5 0.5 0.5 0.5 0.5 0.5 0.5 0.5 0.5 0.5 0.5 0.5 0.5 0.5 0.5 0.5 0.5 0.5 0.5 0.5 0.5 0.5 0.5 0.5 0.5 0.5 0.5 0.5 0.5 0.5 0.5 0.5 0.5 0.5 0.5 0.5 0.5 0.5 0.5 0.5 0.5 0.5 0.5 0.5 0.5 0.5 0.5 0.5 0.5 0.5 0.5 0.5 0.5 0.5 0.5 0.5 0.5 0.5 0.5 0.5 0.5 0.5 0.5 0.5 0.5 0.5 0.5 0.5 0.5 0.5 0.5 0.5 0.5 0.5 0.5 0.5 0.5 0.5 0.5 0.5 0.5 0.5 0.5 0.5 0.5 0.5 0.5 0.5 0.5 0.5 0.5 0.5 0.5 0.5 0.5 0.5 0.5 0.5 0.5 0.5 0.5 0.5 0.5 0.5 0.5 0.5 0.5 0.5 0.5 0.5 0.5 0.5 0.5 0.5 0.5 0.5 0.5 0.5 0.5 0.5 0.5 0.5 0.5 0.5 0.5 0.5 0.5 0.5 0.5 0.5 0.5 0.5 0.5 0.5 0.5 0.5 0.5 0.5 0.5 0.5 0.5 0.5 0.5 0.5 0.5 0.5 0.5 0.5 0.5 0.5 0.5 0.5 0.5 0.5 0.5 0.5 0.5 0.5 0.5 0.5 0.5 0.5 0.5 0.5 0.5 0.5 0.5 0.5 0.5 0.5 0.5 0.5 0.5 0.5 0.5 0.5 0.5 0.5 0.5 0.5 0.5 0.5 0.5 0.5 0.5 0.5 0.5 0.5 0.5 0.5 0.5 0.5 0.5 0.5 0.5 0.5 0.5 0.5 0.5 0.5 0.5 0.5 0.5 0.5 0.5 0.5 0.5 0.5 0.5 0.5 0.5 0.5 0.5 0.5 0.5 0.5 0.5 0.5 0.5 0.5 0.5 0.5 0.5 0.5 0.5 0.5 0.5 0.5 0.5 0.5 0.5 0.5 0.5 0.5 0.5 0.5 0.5 0.5 0.5 0.5 0.5 0.5 0.5 0.5 0.5 0.5 0.5 0.5 0.5 0.5 0.1445836 0.9380955 0.156568 0.9207482 0.1500298 0.9408706 0.1332715 0.8666738 0.1204768 0.8499156 0.1375937 0.8623516 0.04195785 0.8623517 0.06184971 0.8553618 0.04628002 0.8666738 0.02298361 0.9207484 0.03496789 0.9380955 0.02952164 0.9408706 0.09939837 0.9709246 0.07919692 0.9769618 0.08015316 0.9709246 0.1087841 0.9686713 0.09939837 0.9709246 0.08977621 0.9101703 0.09939837 0.9709246 0.08015316 0.9709246 0.08977621 0.9101703 0.08015316 0.9709246 0.07076746 0.9686713 0.08977621 0.9101703 0.07076746 0.9686713 0.06184977 0.9649775 0.08977621 0.9101703 0.06184977 0.9649775 0.05361956 0.9599341 0.08977621 0.9101703 0.05361956 0.9599341 0.04628002 0.9536653 0.08977621 0.9101703 0.04628002 0.9536653 0.04001128 0.9463256 0.08977621 0.9101703 0.04001128 0.9463256 0.03496789 0.9380955 0.08977621 0.9101703 0.03496789 0.9380955 0.02902078 0.9197923 0.08977621 0.9101703 0.02902078 0.9197923 0.02826321 0.9101695 0.08977621 0.9101703 0.02826321 0.9101695 0.02902084 0.9005469 0.08977621 0.9101703 0.02902084 0.9005469 0.03127384 0.8911611 0.08977621 0.9101703 0.03127384 0.8911611 0.03496766 0.8822435 0.08977621 0.9101703 0.03496766 0.8822435 0.04001104 0.8740135 0.08977621 0.9101703 0.04001104 0.8740135 0.04628002 0.8666738 0.08977621 0.9101703 0.04628002 0.8666738 0.06184971 0.8553618 0.08977621 0.9101703 0.06184971 0.8553618 0.0707674 0.8516679 0.08977621 0.9101703 0.0707674 0.8516679 0.0801531 0.8494146 0.08977621 0.9101703 0.0801531 0.8494146 0.08977562 0.848657 0.08977621 0.9101703 0.08977562 0.848657 0.09939837 0.8494146 0.08977621 0.9101703 0.09939837 0.8494146 0.1087841 0.851668 0.08977621 0.9101703 0.1087841 0.851668 0.1177018 0.8553618 0.08977621 0.9101703 0.1177018 0.8553618 0.1332715 0.8666738 0.08977621 0.9101703 0.1332715 0.8666738 0.1395402 0.8740136 0.08977621 0.9101703 0.1395402 0.8740136 0.1445836 0.8822435 0.08977621 0.9101703 0.1445836 0.8822435 0.1482775 0.8911611 0.08977621 0.9101703 0.1482775 0.8911611 0.1505307 0.9005469 0.08977621 0.9101703 0.1505307 0.9005469 0.151288 0.9101696 0.08977621 0.9101703 0.151288 0.9101696 0.1505307 0.9197921 0.08977621 0.9101703 0.1505307 0.9197921 0.1445836 0.9380955 0.08977621 0.9101703 0.1445836 0.9380955 0.1395403 0.9463256 0.08977621 0.9101703 0.1395403 0.9463256 0.1332715 0.9536653 0.08977621 0.9101703 0.1332715 0.9536653 0.1259414 0.9599474 0.08977621 0.9101703 0.1259414 0.9599474 0.1177017 0.9649775 0.08977621 0.9101703 0.1177017 0.9649775 0.1087841 0.9686713 0.08977621 0.9101703 0.1388872 0.9592812 0.1444854 0.9499184 0.1475248 0.9487563 0.1388872 0.9592812 0.1295352 0.9648938 0.1375937 0.9579876 0.1283623 0.9679186 0.1204767 0.9704236 0.1295352 0.9648938 0.1163547 0.9743369 0.110673 0.9744846 0.1204767 0.9704236 0.5 0.5 0.5 0.5 0.5 0.5 0.1475248 0.9487563 0.1500298 0.9408706 0.156568 0.9207482 0.08977562 0.8425445 0.0897758 0.8407154 0.1033256 0.84205 0.06319683 0.9743368 0.05907475 0.9704236 0.06887859 0.9744847 0.05118912 0.9679186 0.05002671 0.9648792 0.05907475 0.9704236 0.04066425 0.959281 0.04195785 0.9579876 0.05002671 0.9648792 0.03202664 0.9487562 0.03506618 0.9499184 0.04195785 0.9579876 0.03202664 0.9487562 0.02952164 0.9408706 0.03506618 0.9499184 0.02560842 0.9367485 0.02298361 0.9207484 0.02952164 0.9408706 0.06887853 0.8458546 0.05907475 0.8499156 0.05118918 0.8524206 0.02032154 0.9101696 0.02298361 0.8995908 0.02215075 0.9101695 0.02165609 0.8966197 0.02546054 0.8892723 0.02298361 0.8995908 0.07919692 0.9769618 0.1003546 0.9769617 0.1033255 0.9782893 0.0320267 0.871583 0.03506594 0.8704206 0.0295214 0.8794685 0.04066437 0.8610581 0.04195785 0.8623517 0.03506594 0.8704206 0.05118918 0.8524206 0.05907475 0.8499156 0.04195785 0.8623517 0.1204768 0.8499156 0.1283624 0.8524206 0.1388873 0.8610582 0.07622605 0.84205 0.07919692 0.8433775 0.06887853 0.8458546 0.0897758 0.8407154 0.07919692 0.8433775 0.07622605 0.84205 0.02165609 0.9237193 0.02032154 0.9101696 0.02215075 0.9101695 0.1033256 0.84205 0.110673 0.8458546 0.1003546 0.8433775 0.1163547 0.8460024 0.1204768 0.8499156 0.110673 0.8458546 0.1388873 0.8610582 0.1444853 0.8704207 0.1375937 0.8623516 0.1475248 0.8715831 0.1500298 0.8794685 0.1444853 0.8704207 0.0295214 0.8794685 0.02546054 0.8892723 0.02165609 0.8966197 0.1578954 0.8966199 0.1565679 0.8995909 0.1540908 0.8892722 0.15923 0.9101697 0.1574005 0.9101696 0.1565679 0.8995909 0.1578954 0.9237195 0.156568 0.9207482 0.1574005 0.9101696 0.153943 0.9367485 0.1475248 0.9487563 0.156568 0.9207482 0.06887859 0.9744847 0.07919692 0.9769618 0.08977574 0.9796238 0.1388872 0.9592812 0.1375937 0.9579876 0.1444854 0.9499184 0.1388872 0.9592812 0.1283623 0.9679186 0.1295352 0.9648938 0.1283623 0.9679186 0.1163547 0.9743369 0.1204767 0.9704236 0.1163547 0.9743369 0.1033255 0.9782893 0.110673 0.9744846 0.08977574 0.9796238 0.07919692 0.9769618 0.1033255 0.9782893 0.07622587 0.9782893 0.06887859 0.9744847 0.08977574 0.9796238 0.07622587 0.9782893 0.06319683 0.9743368 0.06887859 0.9744847 0.06319683 0.9743368 0.05118912 0.9679186 0.05907475 0.9704236 0.05118912 0.9679186 0.04066425 0.959281 0.05002671 0.9648792 0.04066425 0.959281 0.03202664 0.9487562 0.04195785 0.9579876 0.03202664 0.9487562 0.02560842 0.9367485 0.02952164 0.9408706 0.02560842 0.9367485 0.02165609 0.9237193 0.02298361 0.9207484 0.02298361 0.9207484 0.02165609 0.9237193 0.02215075 0.9101695 0.02032154 0.9101696 0.02165609 0.8966197 0.02298361 0.8995908 0.02560853 0.8835908 0.0295214 0.8794685 0.02165609 0.8966197 0.02560853 0.8835908 0.0320267 0.871583 0.0295214 0.8794685 0.0320267 0.871583 0.04066437 0.8610581 0.03506594 0.8704206 0.04066437 0.8610581 0.05118918 0.8524206 0.04195785 0.8623517 0.06319683 0.8460023 0.06887853 0.8458546 0.05118918 0.8524206 0.06319683 0.8460023 0.07622605 0.84205 0.06887853 0.8458546 0.0897758 0.8407154 0.08977562 0.8425445 0.07919692 0.8433775 0.1003546 0.8433775 0.08977562 0.8425445 0.1033256 0.84205 0.1033256 0.84205 0.1163547 0.8460024 0.110673 0.8458546 0.1163547 0.8460024 0.1283624 0.8524206 0.1204768 0.8499156 0.1375937 0.8623516 0.1204768 0.8499156 0.1388873 0.8610582 0.1388873 0.8610582 0.1475248 0.8715831 0.1444853 0.8704207 0.1475248 0.8715831 0.1539431 0.8835908 0.1500298 0.8794685 0.1540908 0.8892722 0.1500298 0.8794685 0.1578954 0.8966199 0.1578954 0.8966199 0.15923 0.9101697 0.1565679 0.8995909 0.15923 0.9101697 0.1578954 0.9237195 0.1574005 0.9101696 0.1578954 0.9237195 0.153943 0.9367485 0.156568 0.9207482 0.1475248 0.9487563 0.1444854 0.9499184 0.1500298 0.9408706 0.1500298 0.8794685 0.1539431 0.8835908 0.1578954 0.8966199 0.1690958 0.6075162 0.2192143 0.5444712 0.2296283 0.5878481 0.4999994 0.8479319 0.455527 0.7807843 0.4999994 0.7842843 0.3420408 0.1899909 0.3329001 0.2700098 0.2954888 0.2185181 0.7045071 0.2185171 0.6290613 0.2467011 0.6579564 0.1899909 0.3924818 0.8309027 0.455527 0.7807843 0.4455702 0.8436483 0.6579561 0.8100096 0.6670977 0.729991 0.7045087 0.7814829 0.7460234 0.2539754 0.6670963 0.270009 0.7045071 0.2185171 0.3924818 0.8309027 0.3709365 0.7532991 0.4121501 0.7703703 0.7460234 0.7460251 0.6670977 0.729991 0.7010181 0.7010194 0.3924818 0.1690977 0.3709363 0.2467011 0.3420408 0.1899909 0.1563506 0.4455718 0.2157146 0.5000001 0.1520671 0.5000002 0.342041 0.8100096 0.3328561 0.7300522 0.3709365 0.7532991 0.8436466 0.554429 0.7842841 0.4999995 0.8479316 0.4999995 0.4455701 0.1563524 0.4121501 0.2296299 0.3924818 0.1690977 0.2539739 0.2539753 0.2700079 0.3329019 0.2185159 0.295491 0.2954888 0.2185181 0.2989795 0.2989808 0.2539739 0.2539753 0.2539738 0.746025 0.3328561 0.7300522 0.295435 0.7815579 0.8436465 0.4455718 0.7842841 0.4999995 0.7807828 0.4555283 0.5544272 0.1563524 0.5878475 0.2296297 0.5444707 0.219216 0.2539738 0.746025 0.2700078 0.6670981 0.2989795 0.7010194 0.8436465 0.4455718 0.7703703 0.4121508 0.8309027 0.3924826 0.6579564 0.1899909 0.5878475 0.2296297 0.6075156 0.1690976 0.1899891 0.6579579 0.2700078 0.6670981 0.2185157 0.7045092 0.7460234 0.2539754 0.7299906 0.3329014 0.701018 0.2989808 0.8309016 0.6075164 0.7532979 0.6290625 0.7703693 0.5878482 0.554427 0.8436483 0.4999994 0.7842843 0.5444706 0.7807844 0.8436466 0.554429 0.7703693 0.5878482 0.7807829 0.5444721 0.5544272 0.1563524 0.4999992 0.2157145 0.4999992 0.152067 0.4455701 0.1563524 0.4999992 0.2157145 0.4555269 0.2192159 0.810008 0.6579579 0.7299893 0.6670982 0.7532979 0.6290625 0.8309027 0.3924826 0.753299 0.3709371 0.8100094 0.3420417 0.2185159 0.295491 0.2466995 0.3709369 0.1899891 0.3420416 0.781481 0.7045093 0.7010181 0.7010194 0.7299893 0.6670982 0.7814826 0.2954903 0.753299 0.3709371 0.7299906 0.3329014 0.1563506 0.4455718 0.229628 0.4121506 0.2192146 0.4555284 0.6579561 0.8100096 0.5878472 0.7703707 0.629061 0.7532991 0.1899891 0.3420416 0.229628 0.4121506 0.1690955 0.3924824 0.1520671 0.5000002 0.2192143 0.5444712 0.1563503 0.5544279 0.6075152 0.8309031 0.5444706 0.7807844 0.5878472 0.7703707 0.1690958 0.6075162 0.2466996 0.6290625 0.1899891 0.6579579 0.2360832 0.894979 0.1640976 0.8359018 0.1714722 0.8285275 0.4999993 0.9087923 0.4999993 0.9226432 0.4175462 0.9145223 0.1309025 0.2533761 0.1861085 0.1861077 0.2011463 0.2011455 0.7466243 0.1309018 0.7530718 0.1212522 0.8220984 0.1779017 0.1714722 0.8285275 0.1136919 0.7581223 0.1212522 0.7530708 0.9750369 0.4999995 0.9659085 0.5926749 0.9556803 0.5906403 0.1714725 0.1714717 0.1640976 0.1640974 0.2360837 0.1050203 0.2109401 0.7890598 0.2011463 0.7988537 0.1485853 0.7348077 0.3301233 0.08987993 0.4133978 0.06461882 0.4175466 0.08547729 0.3301233 0.08987993 0.3256821 0.07915771 0.4111335 0.0532363 0.4093593 0.9556809 0.3222016 0.9292421 0.3256817 0.9208416 0.1714722 0.8285275 0.1640976 0.8359018 0.1050208 0.7639163 0.5932839 0.03103232 0.6829823 0.05824214 0.6817892 0.06112217 0.115526 0.09704953 0.02592575 0.09704947 0.02592575 0.1191915 0.4093593 0.9556809 0.4073246 0.9659096 0.3182108 0.9388774 0.5888661 0.9467632 0.4999993 0.9555156 0.4999993 0.9439101 0.8690978 0.7466229 0.8138917 0.8138921 0.7988534 0.798854 0.7466226 0.869098 0.7530713 0.8787474 0.6743184 0.9208416 0.8787481 0.2469289 0.8863086 0.2418775 0.9292417 0.3222022 0.5926755 0.03408998 0.6817892 0.06112217 0.6777977 0.07075756 0.4999993 0.9781551 0.4067162 0.9689671 0.4073246 0.9659096 0.115526 0.09708631 0.115526 0.07494384 0.02592575 0.07494384 0.914522 0.5824534 0.8904712 0.6617383 0.8776747 0.6564377 0.5824531 0.9145223 0.5866026 0.9353805 0.4999993 0.9439101 0.813892 0.1861081 0.8220984 0.1779017 0.8787481 0.2469289 0.9208418 0.3256819 0.9292417 0.3222022 0.9556803 0.4093592 0.8359028 0.1640979 0.8381071 0.1618933 0.8975715 0.2343512 0.115526 0.05276483 0.02592575 0.05276483 0.02592575 0.07490736 0.1095287 0.3382611 0.1485853 0.2651916 0.1601014 0.2728867 0.3382612 0.8904712 0.3301229 0.9101192 0.2533769 0.8690977 0.6743184 0.9208416 0.5888661 0.9467632 0.5866026 0.9353805 0.1714725 0.1714717 0.2418777 0.1136919 0.2469291 0.1212522 0.9750369 0.4999995 0.9781544 0.4999995 0.9689666 0.5932831 0.115526 0.0970326 0.02592575 0.0970326 0.02592575 0.1191751 0.0854777 0.417546 0.1095287 0.3382611 0.1223247 0.3435615 0.1861081 0.8138917 0.1309021 0.7466232 0.1485853 0.7348077 0.2533771 0.1309018 0.2469291 0.1212522 0.3256821 0.07915771 0.0791586 0.6743181 0.07075774 0.6777977 0.04431915 0.5906403 0.9388771 0.3182112 0.9417567 0.3170182 0.9689666 0.4067164 0.115526 0.1413335 0.02592575 0.1413334 0.02592575 0.1634758 0.04431915 0.409359 0.03409045 0.4073244 0.06112289 0.3182106 0.9226424 0.4999995 0.914522 0.5824534 0.9009377 0.579751 0.9353796 0.5866021 0.9101193 0.6698768 0.8904712 0.6617383 0.6743184 0.9208416 0.6777977 0.9292424 0.5906408 0.9556811 0.8285279 0.8285279 0.8220984 0.8220984 0.8787475 0.7530706 0.4999993 0.975037 0.4073246 0.9659096 0.4093593 0.9556809 0.4067162 0.9689671 0.3170178 0.9417572 0.3182108 0.9388774 0.8776753 0.3435617 0.8904718 0.3382613 0.914522 0.4175462 0.2651919 0.8514149 0.2533769 0.8690977 0.1861081 0.8138917 0.3256817 0.9208416 0.2469288 0.8787471 0.2533769 0.8690977 0.5 0.03539139 0.5906412 0.04431849 0.5888668 0.05323648 0.5932835 0.9689674 0.4999993 0.9781551 0.4999993 0.975037 0.115526 0.05278563 0.115526 0.03064316 0.02592575 0.03064316 0.07735729 0.4999995 0.0854777 0.417546 0.09906226 0.4202482 0.9439094 0.4999995 0.9353796 0.5866021 0.914522 0.5824534 0.9555147 0.4999995 0.9467623 0.5888664 0.9353796 0.5866021 0.4111335 0.0532363 0.4093596 0.04431849 0.5 0.03539139 0.5 0.02184486 0.5932839 0.03103232 0.5926755 0.03408998 0.115526 0.05274885 0.02592575 0.05274879 0.02592575 0.07489073 0.7348083 0.1485846 0.7988546 0.201146 0.7890602 0.2109399 0.2533771 0.1309018 0.3301233 0.08987993 0.3382615 0.109528 0.05323702 0.4111329 0.0791586 0.3256813 0.08988058 0.3301225 0.1136919 0.7581223 0.07075774 0.6777977 0.0791586 0.6743181 0.1050208 0.7639163 0.102429 0.7656485 0.05824238 0.6829817 0.115526 0.07489073 0.02592575 0.07489073 0.02592575 0.0970326 0.09906226 0.5797511 0.0854777 0.5824534 0.07735729 0.4999995 0.1861085 0.1861077 0.2533771 0.1309018 0.2651921 0.1485846 0.4133978 0.06461882 0.4111335 0.0532363 0.5 0.04448384 0.04431915 0.409359 0.07075798 0.3222016 0.0791586 0.3256813 0.6777977 0.9292424 0.6817892 0.9388774 0.5926755 0.9659097 0.8359021 0.8359021 0.7639165 0.8949791 0.7581228 0.8863078 0.1485853 0.2651916 0.2011463 0.2011455 0.2109401 0.2109397 0.06461971 0.4133971 0.08988058 0.3301225 0.1095287 0.3382611 0.8690983 0.2533769 0.8787481 0.2469289 0.9208418 0.3256819 0.9555147 0.4999995 0.9646075 0.4999995 0.9556803 0.5906403 0.4073252 0.03408998 0.5 0.02496224 0.5 0.03539139 0.05824238 0.6829817 0.03103226 0.5932829 0.03408998 0.5926748 0.1136921 0.2418768 0.1050212 0.236083 0.1640976 0.1640974 0.661739 0.109528 0.7348083 0.1485846 0.7271132 0.1601012 0.06461971 0.5866023 0.05608963 0.4999995 0.07735729 0.4999995 0.08988058 0.3301225 0.0791586 0.3256813 0.1212524 0.2469285 0.8285282 0.1714723 0.8863086 0.2418775 0.8787481 0.2469289 0.2360837 0.1050203 0.3182116 0.06112194 0.322202 0.07075732 0.2360837 0.1050203 0.2343512 0.1024283 0.3170182 0.05824184 0.8359028 0.1640979 0.8949796 0.2360835 0.8863086 0.2418775 0.839898 0.7271129 0.8514152 0.7348077 0.7988534 0.798854 0.1095287 0.6617383 0.08988058 0.6698769 0.06461971 0.5866023 0.9467623 0.4111331 0.9555147 0.4999995 0.9439094 0.4999995 0.5888668 0.05323648 0.5906412 0.04431849 0.6777977 0.07075756 0.02592575 0.09706956 0.01158308 0.09706956 0.01158308 0.1192116 0.1024293 0.2343508 0.1618936 0.1618931 0.1640976 0.1640974 0.115526 0.09706962 0.115526 0.0749275 0.02592575 0.0749275 0.06112289 0.3182106 0.1050212 0.236083 0.1136921 0.2418768 0.1601012 0.7271127 0.1485853 0.7348077 0.1095287 0.6617383 0.1485853 0.7348077 0.1309021 0.7466232 0.08988058 0.6698769 0.1861085 0.1861077 0.1779019 0.1779013 0.2469291 0.1212522 0.2469288 0.8787471 0.2418775 0.8863076 0.1714722 0.8285275 0.1640976 0.8359018 0.1618936 0.8381064 0.102429 0.7656485 0.115526 0.07494384 0.115526 0.05280196 0.02592575 0.05280196 0.2109401 0.2109397 0.2011463 0.2011455 0.2651921 0.1485846 0.8904718 0.3382613 0.9101193 0.330123 0.9353796 0.4133971 0.4999993 0.9555156 0.4111331 0.9467629 0.4133974 0.9353803 0.4999993 0.9555156 0.4999993 0.9646084 0.4093593 0.9556809 0.7639171 0.1050203 0.7656487 0.1024283 0.8381071 0.1618933 0.115526 0.1634758 0.02592575 0.1634758 0.02592575 0.1856177 0.2728876 0.1601012 0.2651921 0.1485846 0.3382615 0.109528 0.4999993 0.9226432 0.4999993 0.9439101 0.4133974 0.9353803 0.4133974 0.9353803 0.4111331 0.9467629 0.3256817 0.9208416 0.9556803 0.5906403 0.9292415 0.6777976 0.9208416 0.6743181 0.4073252 0.03408998 0.4067166 0.03103256 0.5 0.02184486 0.115526 0.008480727 0.02592575 0.008480727 0.02592575 0.03062301 0.965909 0.4073247 0.9750369 0.4999995 0.9646075 0.4999995 0.1223247 0.6564378 0.1095287 0.6617383 0.0854777 0.5824534 0.5824542 0.08547729 0.586603 0.06461906 0.6698774 0.0898801 0.586603 0.06461906 0.5888668 0.05323648 0.6743187 0.07915794 0.1212524 0.2469285 0.1136921 0.2418768 0.1714725 0.1714717 0.01158308 0.05276483 0.01158308 0.07490736 0.02592575 0.07490736 0.8949796 0.2360835 0.8975715 0.2343512 0.9417567 0.3170182 0.115526 0.03065973 0.115526 0.008517861 0.02592575 0.008517861 0.03539204 0.4999995 0.02496278 0.4999995 0.03409045 0.4073244 0.2651919 0.8514149 0.2011463 0.7988537 0.2109401 0.7890598 0.9208416 0.6743181 0.8787475 0.7530706 0.8690978 0.7466229 0.9467623 0.4111331 0.9556803 0.4093592 0.9646075 0.4999995 0.8381062 0.8381066 0.7656487 0.8975713 0.7639165 0.8949791 0.115526 0.1634593 0.02592575 0.1634593 0.02592575 0.1856012 0.5 0.03539139 0.5 0.02496224 0.5926755 0.03408998 0.5 0.07735639 0.5824542 0.08547729 0.5797517 0.09906202 0.6617385 0.8904715 0.6698771 0.9101193 0.5866026 0.9353805 0.1309025 0.2533761 0.1212524 0.2469285 0.1779019 0.1779013 0.3182116 0.06112194 0.4073252 0.03408998 0.4093596 0.04431849 0.9659085 0.5926749 0.9689666 0.5932831 0.9417563 0.6829816 0.115526 0.1634962 0.115526 0.1413539 0.02592575 0.1413539 0.4175466 0.08547729 0.5 0.07735639 0.5 0.09120708 0.6698774 0.0898801 0.6743187 0.07915794 0.7530718 0.1212522 0.8285279 0.8285279 0.7581228 0.8863078 0.7530713 0.8787474 0.3182116 0.06112194 0.3170182 0.05824184 0.4067166 0.03103256 0.8398986 0.2728871 0.8514152 0.2651919 0.8904718 0.3382613 0.4175462 0.9145223 0.4133974 0.9353803 0.3301229 0.9101192 0.1779019 0.822098 0.1212522 0.7530708 0.1309021 0.7466232 0.6743187 0.07915794 0.6777977 0.07075756 0.7581228 0.1136919 0.3222016 0.9292421 0.3182108 0.9388774 0.2360832 0.894979 0.965909 0.4073247 0.9689666 0.4067164 0.9781544 0.4999995 0.115526 0.1413335 0.115526 0.1191915 0.02592575 0.1191915 0.9009377 0.4202482 0.914522 0.4175462 0.9226424 0.4999995 0.5 0.07735639 0.5 0.0560894 0.586603 0.06461906 0.8690978 0.7466229 0.8787475 0.7530706 0.8220984 0.8220984 0.7581228 0.8863078 0.7639165 0.8949791 0.6817892 0.9388774 0.9388771 0.3182112 0.965909 0.4073247 0.9556803 0.4093592 0.7656487 0.8975713 0.6829819 0.9417575 0.6817892 0.9388774 0.5824542 0.08547729 0.661739 0.109528 0.6564381 0.1223247 0.813892 0.1861081 0.8690983 0.2533769 0.8514152 0.2651919 0.04448461 0.4999995 0.05323702 0.4111329 0.06461971 0.4133971 0.03539204 0.4999995 0.04431915 0.409359 0.05323702 0.4111329 0.9417563 0.6829816 0.897571 0.7656483 0.8949794 0.7639165 0.115526 0.008501172 0.02592575 0.008501172 0.02592575 0.03064316 0.03408998 0.5926748 0.02496278 0.4999995 0.03539204 0.4999995 0.7988534 0.798854 0.7348079 0.8514152 0.7271132 0.8398986 0.914522 0.4175462 0.9353796 0.4133971 0.9439094 0.4999995 0.05323648 0.5888664 0.04448461 0.4999995 0.05608963 0.4999995 0.7581228 0.8863078 0.6777977 0.9292424 0.6743184 0.9208416 0.6829819 0.9417575 0.5932835 0.9689674 0.5926755 0.9659097 0.115526 0.1856547 0.115526 0.1635123 0.02592575 0.1635123 0.6817892 0.06112217 0.7639171 0.1050203 0.7581228 0.1136919 0.3382615 0.109528 0.4175466 0.08547729 0.4202486 0.09906184 0.07735729 0.4999995 0.05608963 0.4999995 0.06461971 0.4133971 0.9467623 0.5888664 0.9208416 0.6743181 0.9101193 0.6698768 0.7530718 0.1212522 0.7581228 0.1136919 0.8285282 0.1714723 0.1136919 0.7581223 0.1050208 0.7639163 0.06112259 0.6817886 0.3170178 0.9417572 0.2343508 0.8975711 0.2360832 0.894979 0.7988546 0.201146 0.8514152 0.2651919 0.8398986 0.2728871 0.9101193 0.6698768 0.8690978 0.7466229 0.8514152 0.7348077 0.9208418 0.3256819 0.9467623 0.4111331 0.9353796 0.4133971 0.05323648 0.5888664 0.04431915 0.5906403 0.03539204 0.4999995 0.9388762 0.6817888 0.8949794 0.7639165 0.886308 0.7581223 0.03103345 0.4067162 0.05824238 0.3170175 0.06112289 0.3182106 0.115526 0.05280196 0.115526 0.03065973 0.02592575 0.03065973 0.9659085 0.5926749 0.9388762 0.6817888 0.9292415 0.6777976 0.8138917 0.8138921 0.8220984 0.8220984 0.7530713 0.8787474 0.08988058 0.3301225 0.1309025 0.2533761 0.1485853 0.2651916 0.0791586 0.6743181 0.08988058 0.6698769 0.1309021 0.7466232 0.9292415 0.6777976 0.886308 0.7581223 0.8787475 0.7530706 0.8949794 0.7639165 0.8359021 0.8359021 0.8285279 0.8285279 0.897571 0.7656483 0.8381062 0.8381066 0.8359021 0.8359021 0.115526 0.07490736 0.02592575 0.07490736 0.02592575 0.09704947 0.6617385 0.8904715 0.5824531 0.9145223 0.5797514 0.9009375 0.8138917 0.8138921 0.7466226 0.869098 0.7348079 0.8514152 0.5 0.0560894 0.5 0.04448384 0.5888668 0.05323648 0.3256821 0.07915771 0.322202 0.07075732 0.4093596 0.04431849 0.06112259 0.6817886 0.03408998 0.5926748 0.04431915 0.5906403 0.1640976 0.1640974 0.1618936 0.1618931 0.2343512 0.1024283 0.115526 0.1413539 0.115526 0.1192116 0.02592575 0.1192122 0.8776747 0.6564377 0.8904712 0.6617383 0.8514152 0.7348077 0.8690983 0.2533769 0.9101193 0.330123 0.8904718 0.3382613 0.2469291 0.1212522 0.2418777 0.1136919 0.322202 0.07075732 0.07075798 0.3222016 0.1136921 0.2418768 0.1212524 0.2469285 0.05824238 0.3170175 0.1024293 0.2343508 0.1050212 0.236083 0.115526 0.1413173 0.02592575 0.1413173 0.02592575 0.1634593 0.7639171 0.1050203 0.8359028 0.1640979 0.8285282 0.1714723 0.3435612 0.8776747 0.3382612 0.8904712 0.2651919 0.8514149 0.4133978 0.06461882 0.5 0.0560894 0.5 0.07735639 0.0791586 0.6743181 0.05323648 0.5888664 0.06461971 0.5866023 0.3222016 0.9292421 0.2418775 0.8863076 0.2469288 0.8787471 0.8863086 0.2418775 0.8949796 0.2360835 0.9388771 0.3182112 0.03103226 0.5932829 0.02184551 0.4999995 0.02496278 0.4999995 0.115526 0.1192281 0.115526 0.09708631 0.02592575 0.09708631 0.4202483 0.9009375 0.4175462 0.9145223 0.3382612 0.8904712 0.6698774 0.0898801 0.7466243 0.1309018 0.7348083 0.1485846 0.2469288 0.8787471 0.1779019 0.822098 0.1861081 0.8138917 0.5888661 0.9467632 0.5906408 0.9556811 0.4999993 0.9646084 0.5906408 0.9556811 0.5926755 0.9659097 0.4999993 0.975037 0.02184551 0.4999995 0.03103345 0.4067162 0.03409045 0.4073244 0.115526 0.03062301 0.02592575 0.03062301 0.02592575 0.05276483 0.01158308 0.1191915 0.01158308 0.1413334 0.02592575 0.1413334 0.115526 0.05276483 0.1289275 0.05276483 0.1289275 0.03062301 0.02592575 0.07494384 0.02592575 0.05280196 0.01158308 0.05280196 0.115526 0.07489073 0.1289275 0.07489073 0.1289275 0.05274885 0.02592575 0.1856177 0.02592575 0.1634758 0.01158308 0.1634758 0.115526 0.1192116 0.1289275 0.1192116 0.1289275 0.09706962 0.02592575 0.05278557 0.02592575 0.03064316 0.01158308 0.03064316 0.115526 0.1413539 0.1289275 0.1413539 0.1289275 0.1192116 0.02592575 0.1192122 0.01158308 0.1192116 0.01158308 0.1413539 0.115526 0.008480727 0.115526 0.03062301 0.1289275 0.03062301 0.02592575 0.1634593 0.02592575 0.1413173 0.01158308 0.1413173 0.115526 0.03060644 0.115526 0.05274885 0.1289275 0.05274885 0.02592575 0.1634758 0.02592575 0.1413334 0.01158308 0.1413334 0.115526 0.1634758 0.115526 0.1856177 0.1289275 0.1856177 0.02592575 0.09704947 0.01158308 0.09704947 0.01158308 0.1191915 0.115526 0.07489073 0.115526 0.0970326 0.1289275 0.0970326 0.02592575 0.09708631 0.01158308 0.09708631 0.01158308 0.1192281 0.115526 0.09706962 0.1289275 0.09706962 0.1289275 0.0749275 0.02592575 0.07489073 0.02592575 0.05274879 0.01158308 0.05274879 0.115526 0.1634962 0.115526 0.1856381 0.1289275 0.1856381 0.02592575 0.05276483 0.02592575 0.03062301 0.01158308 0.03062301 0.115526 0.1192281 0.115526 0.1413704 0.1289275 0.1413704 0.01158308 0.03060644 0.01158308 0.05274879 0.02592575 0.05274879 0.115526 0.09708631 0.1289275 0.09708631 0.1289275 0.07494384 0.02592575 0.1413704 0.02592575 0.1192281 0.01158308 0.1192281 0.115526 0.09704953 0.115526 0.1191915 0.1289275 0.1191915 0.01158308 0.07490736 0.01158308 0.09704947 0.02592575 0.09704947 0.115526 0.09708631 0.115526 0.1192281 0.1289275 0.1192281 0.01158308 0.1634593 0.01158308 0.1856012 0.02592575 0.1856012 0.115526 0.07494384 0.1289275 0.07494384 0.1289275 0.05280196 0.02592575 0.1634962 0.02592575 0.1413539 0.01158308 0.1413539 0.115526 0.05280196 0.1289275 0.05280196 0.1289275 0.03065973 0.01158308 0.008464694 0.01158308 0.03060644 0.02592575 0.03060644 0.115526 0.1856547 0.1289275 0.1856547 0.1289275 0.1635123 0.02592575 0.1856381 0.02592575 0.1634962 0.01158308 0.1634962 0.115526 0.1191752 0.1289275 0.1191752 0.1289275 0.0970326 0.02592575 0.0970326 0.01158308 0.0970326 0.01158308 0.1191751 0.115526 0.03064316 0.1289275 0.03064316 0.1289275 0.008501172 0.01158308 0.1191751 0.01158308 0.1413173 0.02592575 0.1413173 0.115526 0.0749275 0.1289275 0.0749275 0.1289275 0.05278563 0.02592575 0.1635123 0.01158308 0.1635123 0.01158308 0.1856547 0.115526 0.1191915 0.115526 0.1413335 0.1289275 0.1413335 0.115526 0.07490736 0.1289275 0.07490736 0.1289275 0.05276483 0.115526 0.1413173 0.1289275 0.1413173 0.1289275 0.1191752 0.02592575 0.07489073 0.01158308 0.07489073 0.01158308 0.0970326 0.02592575 0.03064316 0.02592575 0.008501172 0.01158308 0.008501172 0.115526 0.1413539 0.115526 0.1634962 0.1289275 0.1634962 0.02592575 0.05280196 0.02592575 0.03065973 0.01158308 0.03065973 0.115526 0.03064316 0.115526 0.05278563 0.1289275 0.05278563 0.02592575 0.05278557 0.01158308 0.05278557 0.01158308 0.0749275 0.115526 0.008464753 0.115526 0.03060644 0.1289275 0.03060644 0.02592575 0.03065973 0.02592575 0.008517861 0.01158308 0.008517861 0.115526 0.1634593 0.115526 0.1856012 0.1289275 0.1856012 0.01158308 0.008480727 0.01158308 0.03062301 0.02592575 0.03062301 0.115526 0.07490736 0.115526 0.09704953 0.1289275 0.09704953 0.02592575 0.0749275 0.01158308 0.0749275 0.01158308 0.09706956 0.115526 0.008517861 0.115526 0.03065973 0.1289275 0.03065973 0.02592575 0.1413704 0.01158308 0.1413704 0.01158308 0.1635123 0.115526 0.1413335 0.115526 0.1634758 0.1289275 0.1634758 0.02592575 0.09708631 0.02592575 0.07494384 0.01158308 0.07494384 0.115526 0.1635123 0.1289275 0.1635123 0.1289275 0.1413704 0.7348079 0.8514152 0.6617385 0.8904715 0.6564381 0.8776749 0.7466226 0.869098 0.6698771 0.9101193 0.6617385 0.8904715 0.7348083 0.1485846 0.7466243 0.1309018 0.813892 0.1861081 0.2360832 0.894979 0.2343508 0.8975711 0.1618936 0.8381064 0.6817892 0.06112217 0.6829823 0.05824214 0.7656487 0.1024283 0.5824531 0.9145223 0.4999993 0.9226432 0.4999993 0.9087923 0.115526 0.03060644 0.02592575 0.03060644 0.02592575 0.05274879 0.115526 0.1635123 0.115526 0.1413704 0.02592575 0.1413704 0.115526 0.1413173 0.115526 0.1634593 0.1289275 0.1634593 0.115526 0.09706962 0.02592575 0.09706956 0.02592575 0.1192122 0.115526 0.1413704 0.115526 0.1192281 0.02592575 0.1192281 0.115526 0.1191752 0.02592575 0.1191751 0.02592575 0.1413173 0.115526 0.0749275 0.115526 0.05278563 0.02592575 0.05278557 0.115526 0.1856381 0.115526 0.1634962 0.02592575 0.1634962 0.115526 0.03060644 0.115526 0.008464753 0.02592575 0.008464694 0.9072824 0.1075242 0.9341337 0.1075242 0.9341337 0.13345 0.8914616 0.003821194 0.8972989 0.003821194 0.8972989 0.02974706 0.8914616 0.0556727 0.8856242 0.0556727 0.8856242 0.02974706 0.8914616 0.13345 0.8856242 0.13345 0.8856242 0.1075242 0.8856242 0.1853016 0.8856242 0.1593758 0.8914616 0.1593758 0.8914616 0.0556727 0.8914616 0.02974706 0.8972989 0.02974706 0.8914616 0.08159846 0.8856242 0.08159846 0.8856242 0.0556727 0.8914616 0.2112273 0.8914616 0.1853016 0.8972989 0.1853016 0.8914616 0.1593758 0.8972989 0.1593758 0.8972989 0.1853016 0.8972989 0.0556727 0.8972989 0.02974706 0.9072824 0.02974706 0.8972989 0.1853016 0.8972989 0.1593758 0.9072824 0.1593758 0.9072824 0.2112273 0.8972989 0.2112273 0.8972989 0.1853016 0.8972989 0.08159846 0.8972989 0.0556727 0.9072824 0.0556727 0.8972989 0.13345 0.8972989 0.1075242 0.9072824 0.1075242 0.9072824 0.02974706 0.8972989 0.02974706 0.8972989 0.003821194 0.8972989 0.1593758 0.8972989 0.13345 0.9072824 0.13345 0.8972989 0.1075242 0.8972989 0.08159846 0.9072824 0.08159846 0.9341337 0.1593758 0.9940398 0.1593758 0.9940398 0.1853016 0.9341337 0.1853016 0.9940398 0.1853016 0.9940398 0.2112273 0.9341337 0.13345 0.9940398 0.13345 0.9940398 0.1593758 0.9341337 0.003821194 0.9940398 0.003821194 0.9940398 0.02974706 0.9341337 0.0556727 0.9940398 0.0556727 0.9940398 0.08159846 0.9341337 0.08159846 0.9940398 0.08159846 0.9940398 0.1075242 0.9341337 0.02974706 0.9940398 0.02974706 0.9940398 0.0556727 0.9341337 0.1075242 0.9940398 0.1075242 0.9940398 0.13345 0.8914616 0.08159846 0.8972989 0.08159846 0.8972989 0.1075242 0.8914616 0.1075242 0.8856242 0.1075242 0.8856242 0.08159846 0.8914616 0.1075242 0.8972989 0.1075242 0.8972989 0.13345 0.8856242 0.02974706 0.8856242 0.003821194 0.8914616 0.003821194 0.8914616 0.13345 0.8972989 0.13345 0.8972989 0.1593758 0.8914616 0.08159846 0.8914616 0.0556727 0.8972989 0.0556727 0.8914616 0.2112273 0.8856242 0.2112273 0.8856242 0.1853016 0.8856242 0.1593758 0.8856242 0.13345 0.8914616 0.13345 0.9072824 0.02974706 0.9072824 0.003821194 0.9341337 0.003821194 0.9072824 0.1593758 0.9072824 0.13345 0.9341337 0.13345 0.9072824 0.02974706 0.9341337 0.02974706 0.9341337 0.0556727 0.9072824 0.0556727 0.9341337 0.0556727 0.9341337 0.08159846 0.9072824 0.08159846 0.9341337 0.08159846 0.9341337 0.1075242 0.9072824 0.2112273 0.9072824 0.1853016 0.9341337 0.1853016 0.9072824 0.1853016 0.9072824 0.1593758 0.9341337 0.1593758 0.9072824 0.1075242 0.9341337 0.1075242 0.9341337 0.13345 0.8972989 0.003821194 0.8972989 0.02974706 0.8914616 0.02974706 0.8914616 0.0556727 0.8856242 0.0556727 0.8856242 0.02974706 0.8856242 0.13345 0.8856242 0.1075242 0.8914616 0.1075242 0.8856242 0.1853016 0.8856242 0.1593758 0.8914616 0.1593758 0.8914616 0.0556727 0.8914616 0.02974706 0.8972989 0.02974706 0.8856242 0.08159846 0.8856242 0.0556727 0.8914616 0.0556727 0.8914616 0.2112273 0.8914616 0.1853016 0.8972989 0.1853016 0.8914616 0.1593758 0.8972989 0.1593758 0.8972989 0.1853016 0.8972989 0.0556727 0.8972989 0.02974706 0.9072824 0.02974706 0.8972989 0.1853016 0.8972989 0.1593758 0.9072824 0.1593758 0.9072824 0.2112273 0.8972989 0.2112273 0.8972989 0.1853016 0.8972989 0.08159846 0.8972989 0.0556727 0.9072824 0.0556727 0.8972989 0.13345 0.8972989 0.1075242 0.9072824 0.1075242 0.8972989 0.02974706 0.8972989 0.003821194 0.9072824 0.003821194 0.8972989 0.1593758 0.8972989 0.13345 0.9072824 0.13345 0.8972989 0.1075242 0.8972989 0.08159846 0.9072824 0.08159846 0.9341337 0.1593758 0.9940398 0.1593758 0.9940398 0.1853016 0.9341337 0.1853016 0.9940398 0.1853016 0.9940398 0.2112273 0.9341337 0.13345 0.9940398 0.13345 0.9940398 0.1593758 0.9341337 0.003821194 0.9940398 0.003821194 0.9940398 0.02974706 0.9341337 0.0556727 0.9940398 0.0556727 0.9940398 0.08159846 0.9341337 0.08159846 0.9940398 0.08159846 0.9940398 0.1075242 0.9341337 0.02974706 0.9940398 0.02974706 0.9940398 0.0556727 0.9341337 0.1075242 0.9940398 0.1075242 0.9940398 0.13345 0.8914616 0.08159846 0.8972989 0.08159846 0.8972989 0.1075242 0.8856242 0.1075242 0.8856242 0.08159846 0.8914616 0.08159846 0.8914616 0.1075242 0.8972989 0.1075242 0.8972989 0.13345 0.8856242 0.003821194 0.8914616 0.003821194 0.8914616 0.02974706 0.8914616 0.13345 0.8972989 0.13345 0.8972989 0.1593758 0.8914616 0.08159846 0.8914616 0.0556727 0.8972989 0.0556727 0.8856242 0.2112273 0.8856242 0.1853016 0.8914616 0.1853016 0.8856242 0.1593758 0.8856242 0.13345 0.8914616 0.13345 0.9072824 0.02974706 0.9072824 0.003821194 0.9341337 0.003821194 0.9072824 0.1593758 0.9072824 0.13345 0.9341337 0.13345 0.9072824 0.02974706 0.9341337 0.02974706 0.9341337 0.0556727 0.9072824 0.0556727 0.9341337 0.0556727 0.9341337 0.08159846 0.9072824 0.08159846 0.9341337 0.08159846 0.9341337 0.1075242 0.9072824 0.2112273 0.9072824 0.1853016 0.9341337 0.1853016 0.9072824 0.1853016 0.9072824 0.1593758 0.9341337 0.1593758 0.9072824 0.1075242 0.9341337 0.1075242 0.9341337 0.13345 0.8972989 0.003821194 0.8972989 0.02974706 0.8914616 0.02974706 0.8856242 0.0556727 0.8856242 0.02974706 0.8914616 0.02974706 0.8856242 0.13345 0.8856242 0.1075242 0.8914616 0.1075242 0.8856242 0.1853016 0.8856242 0.1593758 0.8914616 0.1593758 0.8914616 0.0556727 0.8914616 0.02974706 0.8972989 0.02974706 0.8914616 0.08159846 0.8856242 0.08159846 0.8856242 0.0556727 0.8914616 0.2112273 0.8914616 0.1853016 0.8972989 0.1853016 0.8914616 0.1593758 0.8972989 0.1593758 0.8972989 0.1853016 0.8972989 0.0556727 0.8972989 0.02974706 0.9072824 0.02974706 0.8972989 0.1853016 0.8972989 0.1593758 0.9072824 0.1593758 0.9072824 0.2112273 0.8972989 0.2112273 0.8972989 0.1853016 0.8972989 0.08159846 0.8972989 0.0556727 0.9072824 0.0556727 0.8972989 0.13345 0.8972989 0.1075242 0.9072824 0.1075242 0.8972989 0.02974706 0.8972989 0.003821194 0.9072824 0.003821194 0.8972989 0.1593758 0.8972989 0.13345 0.9072824 0.13345 0.8972989 0.1075242 0.8972989 0.08159846 0.9072824 0.08159846 0.9341337 0.1593758 0.9940398 0.1593758 0.9940398 0.1853016 0.9341337 0.1853016 0.9940398 0.1853016 0.9940398 0.2112273 0.9341337 0.13345 0.9940398 0.13345 0.9940398 0.1593758 0.9341337 0.003821194 0.9940398 0.003821194 0.9940398 0.02974706 0.9341337 0.0556727 0.9940398 0.0556727 0.9940398 0.08159846 0.9341337 0.08159846 0.9940398 0.08159846 0.9940398 0.1075242 0.9341337 0.02974706 0.9940398 0.02974706 0.9940398 0.0556727 0.9341337 0.1075242 0.9940398 0.1075242 0.9940398 0.13345 0.8914616 0.08159846 0.8972989 0.08159846 0.8972989 0.1075242 0.8856242 0.1075242 0.8856242 0.08159846 0.8914616 0.08159846 0.8914616 0.1075242 0.8972989 0.1075242 0.8972989 0.13345 0.8856242 0.02974706 0.8856242 0.003821194 0.8914616 0.003821194 0.8914616 0.13345 0.8972989 0.13345 0.8972989 0.1593758 0.8914616 0.08159846 0.8914616 0.0556727 0.8972989 0.0556727 0.8856242 0.2112273 0.8856242 0.1853016 0.8914616 0.1853016 0.8856242 0.1593758 0.8856242 0.13345 0.8914616 0.13345 0.9072824 0.02974706 0.9072824 0.003821194 0.9341337 0.003821194 0.9072824 0.1593758 0.9072824 0.13345 0.9341337 0.13345 0.9072824 0.02974706 0.9341337 0.02974706 0.9341337 0.0556727 0.9072824 0.0556727 0.9341337 0.0556727 0.9341337 0.08159846 0.9072824 0.08159846 0.9341337 0.08159846 0.9341337 0.1075242 0.9072824 0.2112273 0.9072824 0.1853016 0.9341337 0.1853016 0.9072824 0.1853016 0.9072824 0.1593758 0.9341337 0.1593758 0.9072824 0.1075242 0.9341337 0.1075242 0.9341337 0.13345 0.8972989 0.003821194 0.8972989 0.02974706 0.8914616 0.02974706 0.8856242 0.0556727 0.8856242 0.02974706 0.8914616 0.02974706 0.8856242 0.13345 0.8856242 0.1075242 0.8914616 0.1075242 0.8856242 0.1593758 0.8914616 0.1593758 0.8914616 0.1853016 0.8914616 0.0556727 0.8914616 0.02974706 0.8972989 0.02974706 0.8856242 0.08159846 0.8856242 0.0556727 0.8914616 0.0556727 0.8914616 0.1853016 0.8972989 0.1853016 0.8972989 0.2112273 0.8914616 0.1593758 0.8972989 0.1593758 0.8972989 0.1853016 0.8972989 0.0556727 0.8972989 0.02974706 0.9072824 0.02974706 0.8972989 0.1853016 0.8972989 0.1593758 0.9072824 0.1593758 0.9072824 0.2112273 0.8972989 0.2112273 0.8972989 0.1853016 0.8972989 0.08159846 0.8972989 0.0556727 0.9072824 0.0556727 0.8972989 0.13345 0.8972989 0.1075242 0.9072824 0.1075242 0.9072824 0.02974706 0.8972989 0.02974706 0.8972989 0.003821194 0.8972989 0.1593758 0.8972989 0.13345 0.9072824 0.13345 0.8972989 0.1075242 0.8972989 0.08159846 0.9072824 0.08159846 0.9341337 0.1593758 0.9940398 0.1593758 0.9940398 0.1853016 0.9341337 0.1853016 0.9940398 0.1853016 0.9940398 0.2112273 0.9341337 0.13345 0.9940398 0.13345 0.9940398 0.1593758 0.9341337 0.003821194 0.9940398 0.003821194 0.9940398 0.02974706 0.9341337 0.0556727 0.9940398 0.0556727 0.9940398 0.08159846 0.9341337 0.08159846 0.9940398 0.08159846 0.9940398 0.1075242 0.9341337 0.02974706 0.9940398 0.02974706 0.9940398 0.0556727 0.9341337 0.1075242 0.9940398 0.1075242 0.9940398 0.13345 0.8914616 0.08159846 0.8972989 0.08159846 0.8972989 0.1075242 0.8856242 0.1075242 0.8856242 0.08159846 0.8914616 0.08159846 0.8914616 0.1075242 0.8972989 0.1075242 0.8972989 0.13345 0.8856242 0.02974706 0.8856242 0.003821194 0.8914616 0.003821194 0.8914616 0.13345 0.8972989 0.13345 0.8972989 0.1593758 0.8914616 0.08159846 0.8914616 0.0556727 0.8972989 0.0556727 0.8914616 0.2112273 0.8856242 0.2112273 0.8856242 0.1853016 0.8856242 0.13345 0.8914616 0.13345 0.8914616 0.1593758 0.9072824 0.02974706 0.9072824 0.003821194 0.9341337 0.003821194 0.9072824 0.1593758 0.9072824 0.13345 0.9341337 0.13345 0.9072824 0.02974706 0.9341337 0.02974706 0.9341337 0.0556727 0.9072824 0.0556727 0.9341337 0.0556727 0.9341337 0.08159846 0.9072824 0.08159846 0.9341337 0.08159846 0.9341337 0.1075242 0.9072824 0.2112273 0.9072824 0.1853016 0.9341337 0.1853016 0.9072824 0.1853016 0.9072824 0.1593758 0.9341337 0.1593758 0.3662431 0.6058756 0.3336541 0.6119298 0.3369584 0.5830721 0.3912698 0.6060546 0.3662431 0.6058756 0.3680973 0.5853449 0.4149773 0.6170201 0.3912698 0.6060546 0.3971817 0.592814 0.4149773 0.6170201 0.422432 0.6067599 0.4434978 0.6264647 0.4327323 0.636179 0.4434978 0.6264647 0.4595892 0.6518176 0.4406363 0.6599254 0.4595892 0.6518176 0.4713732 0.6807301 0.7971707 0.9485806 0.7908209 0.963911 0.7754901 0.970261 0.7754901 0.970261 0.7601601 0.963911 0.7538098 0.9485806 0.7538098 0.9485806 0.7601601 0.9332503 0.7754901 0.9269004 0.7754901 0.9269004 0.7908209 0.9332503 0.7971707 0.9485806 0.7971707 0.9485806 0.7754901 0.970261 0.7754901 0.9269004 0.7754901 0.970261 0.77549 0.9895974 0.7464874 0.9775838 0.7464874 0.9775838 0.7344734 0.9485805 0.7538098 0.9485806 0.77549 0.9075641 0.8044941 0.9195773 0.7908209 0.9332503 0.7908209 0.9332503 0.8044941 0.9195773 0.8165072 0.9485805 0.7908209 0.963911 0.8044941 0.9775838 0.77549 0.9895974 0.8165072 0.9485805 0.8044941 0.9775838 0.7908209 0.963911 0.7464874 0.9195773 0.77549 0.9075641 0.7754901 0.9269004 0.7538098 0.9485806 0.7344734 0.9485805 0.7464874 0.9195773 0.4764149 0.5725835 0.4551396 0.5617433 0.4236801 0.4999993 0.4551396 0.5617433 0.4382553 0.544859 0.4236801 0.4999993 0.4382553 0.544859 0.427415 0.5235847 0.4236801 0.4999993 0.4236801 0.4999993 0.4274144 0.4764169 0.4764148 0.4274173 0.4274144 0.4764169 0.4382548 0.4551416 0.4764148 0.4274173 0.4382548 0.4551416 0.4551404 0.4382562 0.4764148 0.4274173 0.4764148 0.4274173 0.4999988 0.4236819 0.5617414 0.4551416 0.4999988 0.4236819 0.523582 0.4274165 0.5617414 0.4551416 0.523582 0.4274165 0.5448574 0.4382568 0.5617414 0.4551416 0.5617414 0.4551416 0.5725818 0.4764168 0.5617415 0.5448592 0.5725818 0.4764168 0.5763177 0.4999999 0.5617415 0.5448592 0.5763177 0.4999999 0.5725823 0.5235838 0.5617415 0.5448592 0.5617415 0.5448592 0.5448583 0.5617436 0.4764149 0.5725835 0.5448583 0.5617436 0.523583 0.572584 0.4764149 0.5725835 0.523583 0.572584 0.4999991 0.5763193 0.4764149 0.5725835 0.4764149 0.5725835 0.4236801 0.4999993 0.4764148 0.4274173 0.4764148 0.4274173 0.5617414 0.4551416 0.5617415 0.5448592 0.5593591 0.6599267 0.5550464 0.6927914 0.5286223 0.6807314 0.5672631 0.6361801 0.5593591 0.6599267 0.5404062 0.6518188 0.5850179 0.6170215 0.5672631 0.6361801 0.5564975 0.626466 0.5850179 0.6170215 0.5775634 0.606761 0.6028137 0.5928153 0.6087257 0.6060559 0.6028137 0.5928153 0.6318982 0.585346 0.6337524 0.6058767 0.6318982 0.585346 0.6630371 0.5830733 0.6704409 0.4929651 0.7003644 0.5072223 0.680729 0.5286265 0.650299 0.4781098 0.6704409 0.4929651 0.6568731 0.5084848 0.6375647 0.4553036 0.650299 0.4781098 0.6377336 0.4853467 0.6375647 0.4553036 0.6255028 0.4592226 0.6200424 0.4308987 0.6344618 0.4293677 0.6200424 0.4308987 0.6219263 0.4009296 0.6420251 0.4055106 0.6219263 0.4009296 0.6293871 0.3706125 0.5459771 0.335726 0.5687836 0.3116728 0.5830724 0.3369613 0.5256248 0.3502916 0.5459771 0.335726 0.5565446 0.3534256 0.4999996 0.3553551 0.5256248 0.3502916 0.5286245 0.3644784 0.4999996 0.3553551 0.4999995 0.3680378 0.4713745 0.3644783 0.4743743 0.3502915 0.4713745 0.3644783 0.4434545 0.3534256 0.4540221 0.335726 0.4434545 0.3534256 0.4169266 0.3369614 0.3579725 0.4055085 0.3421441 0.3763855 0.3706104 0.3706105 0.3655359 0.4293658 0.3579725 0.4055085 0.3780714 0.4009277 0.3624331 0.4553015 0.3655359 0.4293658 0.3799554 0.4308968 0.3624331 0.4553015 0.3744949 0.4592207 0.3622641 0.4853447 0.3496986 0.4781079 0.3622641 0.4853447 0.3431245 0.5084829 0.3295568 0.4929631 0.3431245 0.5084829 0.3192685 0.5286246 0.7971707 0.9485806 0.7908209 0.963911 0.7754901 0.970261 0.7754901 0.970261 0.7601601 0.963911 0.7538098 0.9485806 0.7538098 0.9485806 0.7601601 0.9332503 0.7754901 0.9269004 0.7754901 0.9269004 0.7908209 0.9332503 0.7971707 0.9485806 0.7971707 0.9485806 0.7754901 0.970261 0.7754901 0.9269004 0.7754901 0.970261 0.77549 0.9895974 0.7464874 0.9775838 0.7464874 0.9775838 0.7344734 0.9485805 0.7538098 0.9485806 0.77549 0.9075641 0.8044941 0.9195773 0.7908209 0.9332503 0.7908209 0.9332503 0.8044941 0.9195773 0.8165072 0.9485805 0.7908209 0.963911 0.8044941 0.9775838 0.77549 0.9895974 0.8165072 0.9485805 0.8044941 0.9775838 0.7908209 0.963911 0.7464874 0.9195773 0.77549 0.9075641 0.7754901 0.9269004 0.7538098 0.9485806 0.7344734 0.9485805 0.7464874 0.9195773 0.7971707 0.9485806 0.7908209 0.963911 0.7754901 0.970261 0.7754901 0.970261 0.7601601 0.963911 0.7538098 0.9485806 0.7538098 0.9485806 0.7601601 0.9332503 0.7754901 0.9269004 0.7754901 0.9269004 0.7908209 0.9332503 0.7971707 0.9485806 0.7971707 0.9485806 0.7754901 0.970261 0.7754901 0.9269004 0.7754901 0.970261 0.77549 0.9895974 0.7464874 0.9775838 0.7464874 0.9775838 0.7344734 0.9485805 0.7538098 0.9485806 0.77549 0.9075641 0.8044941 0.9195773 0.7908209 0.9332503 0.7908209 0.9332503 0.8044941 0.9195773 0.8165072 0.9485805 0.7908209 0.963911 0.8044941 0.9775838 0.77549 0.9895974 0.8165072 0.9485805 0.8044941 0.9775838 0.7908209 0.963911 0.7464874 0.9195773 0.77549 0.9075641 0.7754901 0.9269004 0.7538098 0.9485806 0.7344734 0.9485805 0.7464874 0.9195773 0.7971707 0.9485806 0.7908209 0.963911 0.7754901 0.970261 0.7754901 0.970261 0.7601601 0.963911 0.7538098 0.9485806 0.7538098 0.9485806 0.7601601 0.9332503 0.7754901 0.9269004 0.7754901 0.9269004 0.7908209 0.9332503 0.7971707 0.9485806 0.7971707 0.9485806 0.7754901 0.970261 0.7754901 0.9269004 0.7754901 0.970261 0.77549 0.9895974 0.7464874 0.9775838 0.7464874 0.9775838 0.7344734 0.9485805 0.7538098 0.9485806 0.77549 0.9075641 0.8044941 0.9195773 0.7908209 0.9332503 0.7908209 0.9332503 0.8044941 0.9195773 0.8165072 0.9485805 0.7908209 0.963911 0.8044941 0.9775838 0.77549 0.9895974 0.8165072 0.9485805 0.8044941 0.9775838 0.7908209 0.963911 0.7464874 0.9195773 0.77549 0.9075641 0.7754901 0.9269004 0.7538098 0.9485806 0.7344734 0.9485805 0.7464874 0.9195773 0.7971707 0.9485806 0.7908209 0.963911 0.7754901 0.970261 0.7754901 0.970261 0.7601601 0.963911 0.7538098 0.9485806 0.7538098 0.9485806 0.7601601 0.9332503 0.7754901 0.9269004 0.7754901 0.9269004 0.7908209 0.9332503 0.7971707 0.9485806 0.7971707 0.9485806 0.7754901 0.970261 0.7754901 0.9269004 0.7754901 0.970261 0.77549 0.9895974 0.7464874 0.9775838 0.7464874 0.9775838 0.7344734 0.9485805 0.7538098 0.9485806 0.77549 0.9075641 0.8044941 0.9195773 0.7908209 0.9332503 0.7908209 0.9332503 0.8044941 0.9195773 0.8165072 0.9485805 0.7908209 0.963911 0.8044941 0.9775838 0.77549 0.9895974 0.8165072 0.9485805 0.8044941 0.9775838 0.7908209 0.963911 0.7464874 0.9195773 0.77549 0.9075641 0.7754901 0.9269004 0.7538098 0.9485806 0.7344734 0.9485805 0.7464874 0.9195773 0.2296283 0.5878481 0.2901608 0.56818 0.30341 0.6001669 0.5444706 0.7807844 0.534514 0.7179203 0.5681793 0.7098382 0.2157146 0.5000001 0.2793622 0.5 0.2820784 0.5345147 0.2466995 0.3709369 0.30341 0.3998323 0.2901606 0.4318189 0.629061 0.7532991 0.5878472 0.7703707 0.5681793 0.7098382 0.2192146 0.4555284 0.229628 0.4121506 0.2901606 0.4318189 0.7299906 0.3329014 0.753299 0.3709371 0.6965886 0.3998324 0.7299893 0.6670982 0.7010181 0.7010194 0.6560127 0.6560137 0.2700079 0.3329019 0.3215 0.3703128 0.30341 0.3998323 0.7703703 0.4121508 0.7098377 0.4318189 0.6965886 0.3998324 0.7299893 0.6670982 0.6784976 0.629687 0.6965878 0.6001669 0.4555269 0.2192159 0.4999992 0.2157145 0.4999992 0.2793622 0.5444707 0.219216 0.5345141 0.2820796 0.4999992 0.2793622 0.7807829 0.5444721 0.7703693 0.5878482 0.7098371 0.5681801 0.5444706 0.7807844 0.4999994 0.7842843 0.4999994 0.7206367 0.7703693 0.5878482 0.7532979 0.6290625 0.6965878 0.6001669 0.701018 0.2989808 0.7299906 0.3329014 0.6784986 0.3703124 0.2466996 0.6290625 0.30341 0.6001669 0.3214998 0.629687 0.6290613 0.2467011 0.600166 0.3034113 0.5681795 0.2901619 0.7807828 0.4555283 0.7179192 0.4654848 0.7098377 0.4318189 0.2989795 0.7010194 0.2700078 0.6670981 0.3214998 0.629687 0.5444707 0.219216 0.5878475 0.2296297 0.5681795 0.2901619 0.7807828 0.4555283 0.7842841 0.4999995 0.7206366 0.4999995 0.2989795 0.7010194 0.3439851 0.6560137 0.3702773 0.6785466 0.3329001 0.2700098 0.3703114 0.3215014 0.3439851 0.3439862 0.2989795 0.2989808 0.3439851 0.3439862 0.3215 0.3703128 0.4121501 0.2296299 0.4555269 0.2192159 0.4654837 0.2820796 0.7807829 0.5444721 0.7179192 0.5345153 0.7206366 0.4999995 0.3709365 0.7532991 0.3328561 0.7300522 0.3702773 0.6785466 0.2157146 0.5000001 0.2192146 0.4555284 0.2820786 0.4654848 0.4121501 0.2296299 0.4318184 0.290162 0.3998318 0.3034113 0.7010181 0.7010194 0.6670977 0.729991 0.6296866 0.678499 0.4121501 0.7703703 0.3709365 0.7532991 0.399832 0.6965887 0.701018 0.2989808 0.6560126 0.3439862 0.6296855 0.3215007 0.629061 0.7532991 0.6001659 0.6965888 0.6296866 0.678499 0.4121501 0.7703703 0.4318184 0.7098379 0.4654838 0.7179203 0.6670963 0.270009 0.6296855 0.3215007 0.600166 0.3034113 0.3709363 0.2467011 0.3998318 0.3034113 0.3703114 0.3215014 0.455527 0.7807843 0.4654838 0.7179203 0.4999994 0.7206367 0.2296283 0.5878481 0.2192143 0.5444712 0.2820784 0.5345147 0.136214 0.6182001 0.1222019 0.5598365 0.1563503 0.5544279 0.4999994 0.8825059 0.4401615 0.8777967 0.4455702 0.8436483 0.3263445 0.1591854 0.3420408 0.1899909 0.2954888 0.2185181 0.7248289 0.1905462 0.7045071 0.2185171 0.6579564 0.1899909 0.7704706 0.229528 0.7460234 0.2539754 0.7045071 0.2185171 0.2751666 0.1905473 0.2954888 0.2185181 0.2539739 0.2539753 0.8637834 0.6182004 0.8408135 0.6736541 0.810008 0.6579579 0.5598354 0.8777968 0.4999994 0.8825059 0.4999994 0.8479319 0.8777948 0.5598375 0.8637834 0.6182004 0.8309016 0.6075164 0.136214 0.6182001 0.1690958 0.6075162 0.1899891 0.6579579 0.5 0.5 0.5 0.5 0.5 0.5 0.5 0.5 0.5 0.5 0.5 0.5 0.5 0.5 0.5 0.5 0.5 0.5 0.5 0.5 0.5 0.5 0.5 0.5 0.5 0.5 0.5 0.5 0.5 0.5 0.5 0.5 0.5 0.5 0.5 0.5 0.5 0.5 0.5 0.5 0.5 0.5 0.5 0.5 0.5 0.5 0.5 0.5 0.5 0.5 0.5 0.5 0.5 0.5 0.5 0.5 0.5 0.5 0.5 0.5 0.5 0.5 0.5 0.5 0.5 0.5 0.5 0.5 0.5 0.5 0.5 0.5 0.5 0.5 0.5 0.5 0.5 0.5 0.5 0.5 0.5 0.5 0.5 0.5 0.5 0.5 0.5 0.5 0.5 0.5 0.5 0.5 0.5 0.5 0.5 0.5 0.5 0.5 0.5 0.5 0.5 0.5 0.5 0.5 0.5 0.5 0.5 0.5 0.5 0.5 0.5 0.5 0.5 0.5 0.5 0.5 0.5 0.5 0.5 0.5 0.5 0.5 0.5 0.5 0.5 0.5 0.5 0.5 0.5 0.5 0.5 0.5 0.5 0.5 0.5 0.5 0.5 0.5 0.5 0.5 0.5 0.5 0.5 0.5 0.5 0.5 0.5 0.5 0.5 0.5 0.5 0.5 0.5 0.5 0.5 0.5 0.5 0.5 0.5 0.5 0.5 0.5 0.5 0.5 0.5 0.5 0.5 0.5 0.5 0.5 0.5 0.5 0.5 0.5 0.5 0.5 0.5 0.5 0.5 0.5 0.5 0.5 0.5 0.5 0.5 0.5 0.5 0.5 0.5 0.5 0.5 0.5 0.5 0.5 0.5 0.5 0.5 0.5 0.5 0.5 0.5 0.5 0.5 0.5 0.5 0.5 0.5 0.5 0.5 0.5 0.5 0.5 0.5 0.5 0.5 0.5 0.5 0.5 0.5 0.5 0.5 0.5 0.5 0.5 0.5 0.5 0.5 0.5 0.5 0.5 0.5 0.5 0.5 0.5 0.5 0.5 0.5 0.5 0.5 0.5 0.5 0.5 0.5 0.5 0.5 0.5 0.5 0.5 0.5 0.5 0.5 0.5 0.5 0.5 0.5 0.5 0.5 0.5 0.5 0.5 0.5 0.5 0.5 0.5 0.5 0.5 0.5 0.5 0.5 0.5 0.5 0.5 0.5 0.5 0.5 0.5 0.5 0.5 0.5 0.5 0.5 0.5 0.5 0.5 0.5 0.5 0.5 0.5 0.5 0.5 0.5 0.5 0.5 0.5 0.5 0.5 0.5 0.5 0.5 0.5 0.5 0.5 0.5 0.5 0.5 0.5 0.5 0.5 0.5 0.5 0.5 0.5 0.5 0.5 0.5 0.5 0.5 0.5 0.5 0.5 0.5 0.5 0.5 0.5 0.5 0.5 0.5 0.5 0.5 0.5 0.5 0.5 0.5 0.5 0.5 0.5 0.5 0.5 0.5 0.5 0.5 0.5 0.5 0.5 0.5 0.5 0.5 0.5 0.5 0.5 0.5 0.5 0.5 0.5 0.5 0.5 0.5 0.5 0.5 0.5 0.5 0.5 0.5 0.5 0.5 0.5 0.5 0.5 0.5 0.5 0.5 0.5 0.5 0.5 0.5 0.5 0.5 0.5 0.5 0.5 0.5 0.5 0.5 0.5 0.5 0.5 0.5 0.5 0.5 0.5 0.5 0.5 0.5 0.5 0.5 0.5 0.5 0.5 0.5 0.5 0.5 0.5 0.5 0.5 0.5 0.5 0.5 0.5 0.5 0.5 0.5 0.5 0.5 0.5 0.5 0.5 0.5 0.5 0.5 0.5 0.1445836 0.9380955 0.1505307 0.9197921 0.156568 0.9207482 0.1332715 0.8666738 0.1177018 0.8553618 0.1204768 0.8499156 0.04195785 0.8623517 0.05907475 0.8499156 0.06184971 0.8553618 0.02298361 0.9207484 0.02902078 0.9197923 0.03496789 0.9380955 0.09939837 0.9709246 0.1003546 0.9769617 0.07919692 0.9769618 0.1690958 0.6075162 0.1563503 0.5544279 0.2192143 0.5444712 0.4999994 0.8479319 0.4455702 0.8436483 0.455527 0.7807843 0.3420408 0.1899909 0.3709363 0.2467011 0.3329001 0.2700098 0.7045071 0.2185171 0.6670963 0.270009 0.6290613 0.2467011 0.3924818 0.8309027 0.4121501 0.7703703 0.455527 0.7807843 0.6579561 0.8100096 0.629061 0.7532991 0.6670977 0.729991 0.7460234 0.2539754 0.701018 0.2989808 0.6670963 0.270009 0.3924818 0.8309027 0.342041 0.8100096 0.3709365 0.7532991 0.7460234 0.7460251 0.7045087 0.7814829 0.6670977 0.729991 0.3924818 0.1690977 0.4121501 0.2296299 0.3709363 0.2467011 0.1563506 0.4455718 0.2192146 0.4555284 0.2157146 0.5000001 0.342041 0.8100096 0.295435 0.7815579 0.3328561 0.7300522 0.8436466 0.554429 0.7807829 0.5444721 0.7842841 0.4999995 0.4455701 0.1563524 0.4555269 0.2192159 0.4121501 0.2296299 0.2539739 0.2539753 0.2989795 0.2989808 0.2700079 0.3329019 0.2954888 0.2185181 0.3329001 0.2700098 0.2989795 0.2989808 0.2539738 0.746025 0.2989795 0.7010194 0.3328561 0.7300522 0.8436465 0.4455718 0.8479316 0.4999995 0.7842841 0.4999995 0.5544272 0.1563524 0.6075156 0.1690976 0.5878475 0.2296297 0.2539738 0.746025 0.2185157 0.7045092 0.2700078 0.6670981 0.8436465 0.4455718 0.7807828 0.4555283 0.7703703 0.4121508 0.6579564 0.1899909 0.6290613 0.2467011 0.5878475 0.2296297 0.1899891 0.6579579 0.2466996 0.6290625 0.2700078 0.6670981 0.7460234 0.2539754 0.7814826 0.2954903 0.7299906 0.3329014 0.8309016 0.6075164 0.810008 0.6579579 0.7532979 0.6290625 0.554427 0.8436483 0.4999994 0.8479319 0.4999994 0.7842843 0.8436466 0.554429 0.8309016 0.6075164 0.7703693 0.5878482 0.5544272 0.1563524 0.5444707 0.219216 0.4999992 0.2157145 0.4455701 0.1563524 0.4999992 0.152067 0.4999992 0.2157145 0.810008 0.6579579 0.781481 0.7045093 0.7299893 0.6670982 0.8309027 0.3924826 0.7703703 0.4121508 0.753299 0.3709371 0.2185159 0.295491 0.2700079 0.3329019 0.2466995 0.3709369 0.781481 0.7045093 0.7460234 0.7460251 0.7010181 0.7010194 0.7814826 0.2954903 0.8100094 0.3420417 0.753299 0.3709371 0.1563506 0.4455718 0.1690955 0.3924824 0.229628 0.4121506 0.6579561 0.8100096 0.6075152 0.8309031 0.5878472 0.7703707 0.1899891 0.3420416 0.2466995 0.3709369 0.229628 0.4121506 0.1520671 0.5000002 0.2157146 0.5000001 0.2192143 0.5444712 0.6075152 0.8309031 0.554427 0.8436483 0.5444706 0.7807844 0.1690958 0.6075162 0.2296283 0.5878481 0.2466996 0.6290625</float_array>
          <technique_common>
            <accessor source="#daewon_dcx_01a_15x7_001-mesh-map-0-array" count="5724" stride="2">
              <param name="S" type="float"/>
              <param name="T" type="float"/>
            </accessor>
          </technique_common>
        </source>
        <source id="daewon_dcx_01a_15x7_001-mesh-colors-geom-steelwheel_01a_15x8-map0" name="geom-steelwheel_01a_15x8-map0">
          <float_array id="daewon_dcx_01a_15x7_001-mesh-colors-geom-steelwheel_01a_15x8-map0-array" count="22896">1 1 1 1 1 1 1 1 1 1 1 1 1 1 1 1 1 1 1 1 1 1 1 1 1 1 1 1 1 1 1 1 1 1 1 1 1 1 1 1 1 1 1 1 1 1 1 1 1 1 1 1 1 1 1 1 1 1 1 1 1 1 1 1 1 1 1 1 1 1 1 1 1 1 1 1 1 1 1 1 1 1 1 1 1 1 1 1 1 1 1 1 1 1 1 1 1 1 1 1 1 1 1 1 1 1 1 1 1 1 1 1 1 1 1 1 1 1 1 1 1 1 1 1 1 1 1 1 1 1 1 1 1 1 1 1 1 1 1 1 1 1 1 1 1 1 1 1 1 1 1 1 1 1 1 1 1 1 1 1 1 1 1 1 1 1 1 1 1 1 1 1 1 1 1 1 1 1 1 1 1 1 1 1 1 1 1 1 1 1 1 1 1 1 1 1 1 1 1 1 1 1 1 1 1 1 1 1 1 1 1 1 1 1 1 1 1 1 1 1 1 1 1 1 1 1 1 1 1 1 1 1 1 1 1 1 1 1 1 1 1 1 1 1 1 1 1 1 1 1 1 1 1 1 1 1 1 1 1 1 1 1 1 1 1 1 1 1 1 1 1 1 1 1 1 1 1 1 1 1 1 1 1 1 1 1 1 1 1 1 1 1 1 1 1 1 1 1 1 1 1 1 1 1 1 1 1 1 1 1 1 1 1 1 1 1 1 1 1 1 1 1 1 1 1 1 1 1 1 1 1 1 1 1 1 1 1 1 1 1 1 1 1 1 1 1 1 1 1 1 1 1 1 1 1 1 1 1 1 1 1 1 1 1 1 1 1 1 1 1 1 1 1 1 1 1 1 1 1 1 1 1 1 1 1 1 1 1 1 1 1 1 1 1 1 1 1 1 1 1 1 1 1 1 1 1 1 1 1 1 1 1 1 1 1 1 1 1 1 1 1 1 1 1 1 1 1 1 1 1 1 1 1 1 1 1 1 1 1 1 1 1 1 1 1 1 1 1 1 1 1 1 1 1 1 1 1 1 1 1 1 1 1 1 1 1 1 1 1 1 1 1 1 1 1 1 1 1 1 1 1 1 1 1 1 1 1 1 1 1 1 1 1 1 1 1 1 1 1 1 1 1 1 1 1 1 1 1 1 1 1 1 1 1 1 1 1 1 1 1 1 1 1 1 1 1 1 1 1 1 1 1 1 1 1 1 1 1 1 1 1 1 1 1 1 1 1 1 1 1 1 1 1 1 1 1 1 1 1 1 1 1 1 1 1 1 1 1 1 1 1 1 1 1 1 1 1 1 1 1 1 1 1 1 1 1 1 1 1 1 1 1 1 1 1 1 1 1 1 1 1 1 1 1 1 1 1 1 1 1 1 1 1 1 1 1 1 1 1 1 1 1 1 1 1 1 1 1 1 1 1 1 1 1 1 1 1 1 1 1 1 1 1 1 1 1 1 1 1 1 1 1 1 1 1 1 1 1 1 1 1 1 1 1 1 1 1 1 1 1 1 1 1 1 1 1 1 1 1 1 1 1 1 1 1 1 1 1 1 1 1 1 1 1 1 1 1 1 1 1 1 1 1 1 1 1 1 1 1 1 1 1 1 1 1 1 1 1 1 1 1 1 1 1 1 1 1 1 1 1 1 1 1 1 1 1 1 1 1 1 1 1 1 1 1 1 1 1 1 1 1 1 1 1 1 1 1 1 1 1 1 1 1 1 1 1 1 1 1 1 1 1 1 1 1 1 1 1 1 1 1 1 1 1 1 1 1 1 1 1 1 1 1 1 1 1 1 1 1 1 1 1 1 1 1 1 1 1 1 1 1 1 1 1 1 1 1 1 1 1 1 1 1 1 1 1 1 1 1 1 1 1 1 1 1 1 1 1 1 1 1 1 1 1 1 1 1 1 1 1 1 1 1 1 1 1 1 1 1 1 1 1 1 1 1 1 1 1 1 1 1 1 1 1 1 1 1 1 1 1 1 1 1 1 1 1 1 1 1 1 1 1 1 1 1 1 1 1 1 1 1 1 1 1 1 1 1 1 1 1 1 1 1 1 1 1 1 1 1 1 1 1 1 1 1 1 1 1 1 1 1 1 1 1 1 1 1 1 1 1 1 1 1 1 1 1 1 1 1 1 1 1 1 1 1 1 1 1 1 1 1 1 1 1 1 1 1 1 1 1 1 1 1 1 1 1 1 1 1 1 1 1 1 1 1 1 1 1 1 1 1 1 1 1 1 1 1 1 1 1 1 1 1 1 1 1 1 1 1 1 1 1 1 1 1 1 1 1 1 1 1 1 1 1 1 1 1 1 1 1 1 1 1 1 1 1 1 1 1 1 1 1 1 1 1 1 1 1 1 1 1 1 1 1 1 1 1 1 1 1 1 1 1 1 1 1 1 1 1 1 1 1 1 1 1 1 1 1 1 1 1 1 1 1 1 1 1 1 1 1 1 1 1 1 1 1 1 1 1 1 1 1 1 1 1 1 1 1 1 1 1 1 1 1 1 1 1 1 1 1 1 1 1 1 1 1 1 1 1 1 1 1 1 1 1 1 1 1 1 1 1 1 1 1 1 1 1 1 1 1 1 1 1 1 1 1 1 1 1 1 1 1 1 1 1 1 1 1 1 1 1 1 1 1 1 1 1 1 1 1 1 1 1 1 1 1 1 1 1 1 1 1 1 1 1 1 1 1 1 1 1 1 1 1 1 1 1 1 1 1 1 1 1 1 1 1 1 1 1 1 1 1 1 1 1 1 1 1 1 1 1 1 1 1 1 1 1 1 1 1 1 1 1 1 1 1 1 1 1 1 1 1 1 1 1 1 1 1 1 1 1 1 1 1 1 1 1 1 1 1 1 1 1 1 1 1 1 1 1 1 1 1 1 1 1 1 1 1 1 1 1 1 1 1 1 1 1 1 1 1 1 1 1 1 1 1 1 1 1 1 1 1 1 1 1 1 1 1 1 1 1 1 1 1 1 1 1 1 1 1 1 1 1 1 1 1 1 1 1 1 1 1 1 1 1 1 1 1 1 1 1 1 1 1 1 1 1 1 1 1 1 1 1 1 1 1 1 1 1 1 1 1 1 1 1 1 1 1 1 1 1 1 1 1 1 1 1 1 1 1 1 1 1 1 1 1 1 1 1 1 1 1 1 1 1 1 1 1 1 1 1 1 1 1 1 1 1 1 1 1 1 1 1 1 1 1 1 1 1 1 1 1 1 1 1 1 1 1 1 1 1 1 1 1 1 1 1 1 1 1 1 1 1 1 1 1 1 1 1 1 1 1 1 1 1 1 1 1 1 1 1 1 1 1 1 1 1 1 1 1 1 1 1 1 1 1 1 1 1 1 1 1 1 1 1 1 1 1 1 1 1 1 1 1 1 1 1 1 1 1 1 1 1 1 1 1 1 1 1 1 1 1 1 1 1 1 1 1 1 1 1 1 1 1 1 1 1 1 1 1 1 1 1 1 1 1 1 1 1 1 1 1 1 1 1 1 1 1 1 1 1 1 1 1 1 1 1 1 1 1 1 1 1 1 1 1 1 1 1 1 1 1 1 1 1 1 1 1 1 1 1 1 1 1 1 1 1 1 1 1 1 1 1 1 1 1 1 1 1 1 1 1 1 1 1 1 1 1 1 1 1 1 1 1 1 1 1 1 1 1 1 1 1 1 1 1 1 1 1 1 1 1 1 1 1 1 1 1 1 1 1 1 1 1 1 1 1 1 1 1 1 1 1 1 1 1 1 1 1 1 1 1 1 1 1 1 1 1 1 1 1 1 1 1 1 1 1 1 1 1 1 1 1 1 1 1 1 1 1 1 1 1 1 1 1 1 1 1 1 1 1 1 1 1 1 1 1 1 1 1 1 1 1 1 1 1 1 1 1 1 1 1 1 1 1 1 1 1 1 1 1 1 1 1 1 1 1 1 1 1 1 1 1 1 1 1 1 1 1 1 1 1 1 1 1 1 1 1 1 1 1 1 1 1 1 1 1 1 1 1 1 1 1 1 1 1 1 1 1 1 1 1 1 1 1 1 1 1 1 1 1 1 1 1 1 1 1 1 1 1 1 1 1 1 1 1 1 1 1 1 1 1 1 1 1 1 1 1 1 1 1 1 1 1 1 1 1 1 1 1 1 1 1 1 1 1 1 1 1 1 1 1 1 1 1 1 1 1 1 1 1 1 1 1 1 1 1 1 1 1 1 1 1 1 1 1 1 1 1 1 1 1 1 1 1 1 1 1 1 1 1 1 1 1 1 1 1 1 1 1 1 1 1 1 1 1 1 1 1 1 1 1 1 1 1 1 1 1 1 1 1 1 1 1 1 1 1 1 1 1 1 1 1 1 1 1 1 1 1 1 1 1 1 1 1 1 1 1 1 1 1 1 1 1 1 1 1 1 1 1 1 1 1 1 1 1 1 1 1 1 1 1 1 1 1 1 1 1 1 1 1 1 1 1 1 1 1 1 1 1 1 1 1 1 1 1 1 1 1 1 1 1 1 1 1 1 1 1 1 1 1 1 1 1 1 1 1 1 1 1 1 1 1 1 1 1 1 1 1 1 1 1 1 1 1 1 1 1 1 1 1 1 1 1 1 1 1 1 1 1 1 1 1 1 1 1 1 1 1 1 1 1 1 1 1 1 1 1 1 1 1 1 1 1 1 1 1 1 1 1 1 1 1 1 1 1 1 1 1 1 1 1 1 1 1 1 1 1 1 1 1 1 1 1 1 1 1 1 1 1 1 1 1 1 1 1 1 1 1 1 1 1 1 1 1 1 1 1 1 1 1 1 1 1 1 1 1 1 1 1 1 1 1 1 1 1 1 1 1 1 1 1 1 1 1 1 1 1 1 1 1 1 1 1 1 1 1 1 1 1 1 1 1 1 1 1 1 1 1 1 1 1 1 1 1 1 1 1 1 1 1 1 1 1 1 1 1 1 1 1 1 1 1 1 1 1 1 1 1 1 1 1 1 1 1 1 1 1 1 1 1 1 1 1 1 1 1 1 1 1 1 1 1 1 1 1 1 1 1 1 1 1 1 1 1 1 1 1 1 1 1 1 1 1 1 1 1 1 1 1 1 1 1 1 1 1 1 1 1 1 1 1 1 1 1 1 1 1 1 1 1 1 1 1 1 1 1 1 1 1 1 1 1 1 1 1 1 1 1 1 1 1 1 1 1 1 1 1 1 1 1 1 1 1 1 1 1 1 1 1 1 1 1 1 1 1 1 1 1 1 1 1 1 1 1 1 1 1 1 1 1 1 1 1 1 1 1 1 1 1 1 1 1 1 1 1 1 1 1 1 1 1 1 1 1 1 1 1 1 1 1 1 1 1 1 1 1 1 1 1 1 1 1 1 1 1 1 1 1 1 1 1 1 1 1 1 1 1 1 1 1 1 1 1 1 1 1 1 1 1 1 1 1 1 1 1 1 1 1 1 1 1 1 1 1 1 1 1 1 1 1 1 1 1 1 1 1 1 1 1 1 1 1 1 1 1 1 1 1 1 1 1 1 1 1 1 1 1 1 1 1 1 1 1 1 1 1 1 1 1 1 1 1 1 1 1 1 1 1 1 1 1 1 1 1 1 1 1 1 1 1 1 1 1 1 1 1 1 1 1 1 1 1 1 1 1 1 1 1 1 1 1 1 1 1 1 1 1 1 1 1 1 1 1 1 1 1 1 1 1 1 1 1 1 1 1 1 1 1 1 1 1 1 1 1 1 1 1 1 1 1 1 1 1 1 1 1 1 1 1 1 1 1 1 1 1 1 1 1 1 1 1 1 1 1 1 1 1 1 1 1 1 1 1 1 1 1 1 1 1 1 1 1 1 1 1 1 1 1 1 1 1 1 1 1 1 1 1 1 1 1 1 1 1 1 1 1 1 1 1 1 1 1 1 1 1 1 1 1 1 1 1 1 1 1 1 1 1 1 1 1 1 1 1 1 1 1 1 1 1 1 1 1 1 1 1 1 1 1 1 1 1 1 1 1 1 1 1 1 1 1 1 1 1 1 1 1 1 1 1 1 1 1 1 1 1 1 1 1 1 1 1 1 1 1 1 1 1 1 1 1 1 1 1 1 1 1 1 1 1 1 1 1 1 1 1 1 1 1 1 1 1 1 1 1 1 1 1 1 1 1 1 1 1 1 1 1 1 1 1 1 1 1 1 1 1 1 1 1 1 1 1 1 1 1 1 1 1 1 1 1 1 1 1 1 1 1 1 1 1 1 1 1 1 1 1 1 1 1 1 1 1 1 1 1 1 1 1 1 1 1 1 1 1 1 1 1 1 1 1 1 1 1 1 1 1 1 1 1 1 1 1 1 1 1 1 1 1 1 1 1 1 1 1 1 1 1 1 1 1 1 1 1 1 1 1 1 1 1 1 1 1 1 1 1 1 1 1 1 1 1 1 1 1 1 1 1 1 1 1 1 1 1 1 1 1 1 1 1 1 1 1 1 1 1 1 1 1 1 1 1 1 1 1 1 1 1 1 1 1 1 1 1 1 1 1 1 1 1 1 1 1 1 1 1 1 1 1 1 1 1 1 1 1 1 1 1 1 1 1 1 1 1 1 1 1 1 1 1 1 1 1 1 1 1 1 1 1 1 1 1 1 1 1 1 1 1 1 1 1 1 1 1 1 1 1 1 1 1 1 1 1 1 1 1 1 1 1 1 1 1 1 1 1 1 1 1 1 1 1 1 1 1 1 1 1 1 1 1 1 1 1 1 1 1 1 1 1 1 1 1 1 1 1 1 1 1 1 1 1 1 1 1 1 1 1 1 1 1 1 1 1 1 1 1 1 1 1 1 1 1 1 1 1 1 1 1 1 1 1 1 1 1 1 1 1 1 1 1 1 1 1 1 1 1 1 1 1 1 1 1 1 1 1 1 1 1 1 1 1 1 1 1 1 1 1 1 1 1 1 1 1 1 1 1 1 1 1 1 1 1 1 1 1 1 1 1 1 1 1 1 1 1 1 1 1 1 1 1 1 1 1 1 1 1 1 1 1 1 1 1 1 1 1 1 1 1 1 1 1 1 1 1 1 1 1 1 1 1 1 1 1 1 1 1 1 1 1 1 1 1 1 1 1 1 1 1 1 1 1 1 1 1 1 1 1 1 1 1 1 1 1 1 1 1 1 1 1 1 1 1 1 1 1 1 1 1 1 1 1 1 1 1 1 1 1 1 1 1 1 1 1 1 1 1 1 1 1 1 1 1 1 1 1 1 1 1 1 1 1 1 1 1 1 1 1 1 1 1 1 1 1 1 1 1 1 1 1 1 1 1 1 1 1 1 1 1 1 1 1 1 1 1 1 1 1 1 1 1 1 1 1 1 1 1 1 1 1 1 1 1 1 1 1 1 1 1 1 1 1 1 1 1 1 1 1 1 1 1 1 1 1 1 1 1 1 1 1 1 1 1 1 1 1 1 1 1 1 1 1 1 1 1 1 1 1 1 1 1 1 1 1 1 1 1 1 1 1 1 1 1 1 1 1 1 1 1 1 1 1 1 1 1 1 1 1 1 1 1 1 1 1 1 1 1 1 1 1 1 1 1 1 1 1 1 1 1 1 1 1 1 1 1 1 1 1 1 1 1 1 1 1 1 1 1 1 1 1 1 1 1 1 1 1 1 1 1 1 1 1 1 1 1 1 1 1 1 1 1 1 1 1 1 1 1 1 1 1 1 1 1 1 1 1 1 1 1 1 1 1 1 1 1 1 1 1 1 1 1 1 1 1 1 1 1 1 1 1 1 1 1 1 1 1 1 1 1 1 1 1 1 1 1 1 1 1 1 1 1 1 1 1 1 1 1 1 1 1 1 1 1 1 1 1 1 1 1 1 1 1 1 1 1 1 1 1 1 1 1 1 1 1 1 1 1 1 1 1 1 1 1 1 1 1 1 1 1 1 1 1 1 1 1 1 1 1 1 1 1 1 1 1 1 1 1 1 1 1 1 1 1 1 1 1 1 1 1 1 1 1 1 1 1 1 1 1 1 1 1 1 1 1 1 1 1 1 1 1 1 1 1 1 1 1 1 1 1 1 1 1 1 1 1 1 1 1 1 1 1 1 1 1 1 1 1 1 1 1 1 1 1 1 1 1 1 1 1 1 1 1 1 1 1 1 1 1 1 1 1 1 1 1 1 1 1 1 1 1 1 1 1 1 1 1 1 1 1 1 1 1 1 1 1 1 1 1 1 1 1 1 1 1 1 1 1 1 1 1 1 1 1 1 1 1 1 1 1 1 1 1 1 1 1 1 1 1 1 1 1 1 1 1 1 1 1 1 1 1 1 1 1 1 1 1 1 1 1 1 1 1 1 1 1 1 1 1 1 1 1 1 1 1 1 1 1 1 1 1 1 1 1 1 1 1 1 1 1 1 1 1 1 1 1 1 1 1 1 1 1 1 1 1 1 1 1 1 1 1 1 1 1 1 1 1 1 1 1 1 1 1 1 1 1 1 1 1 1 1 1 1 1 1 1 1 1 1 1 1 1 1 1 1 1 1 1 1 1 1 1 1 1 1 1 1 1 1 1 1 1 1 1 1 1 1 1 1 1 1 1 1 1 1 1 1 1 1 1 1 1 1 1 1 1 1 1 1 1 1 1 1 1 1 1 1 1 1 1 1 1 1 1 1 1 1 1 1 1 1 1 1 1 1 1 1 1 1 1 1 1 1 1 1 1 1 1 1 1 1 1 1 1 1 1 1 1 1 1 1 1 1 1 1 1 1 1 1 1 1 1 1 1 1 1 1 1 1 1 1 1 1 1 1 1 1 1 1 1 1 1 1 1 1 1 1 1 1 1 1 1 1 1 1 1 1 1 1 1 1 1 1 1 1 1 1 1 1 1 1 1 1 1 1 1 1 1 1 1 1 1 1 1 1 1 1 1 1 1 1 1 1 1 1 1 1 1 1 1 1 1 1 1 1 1 1 1 1 1 1 1 1 1 1 1 1 1 1 1 1 1 1 1 1 1 1 1 1 1 1 1 1 1 1 1 1 1 1 1 1 1 1 1 1 1 1 1 1 1 1 1 1 1 1 1 1 1 1 1 1 1 1 1 1 1 1 1 1 1 1 1 1 1 1 1 1 1 1 1 1 1 1 1 1 1 1 1 1 1 1 1 1 1 1 1 1 1 1 1 1 1 1 1 1 1 1 1 1 1 1 1 1 1 1 1 1 1 1 1 1 1 1 1 1 1 1 1 1 1 1 1 1 1 1 1 1 1 1 1 1 1 1 1 1 1 1 1 1 1 1 1 1 1 1 1 1 1 1 1 1 1 1 1 1 1 1 1 1 1 1 1 1 1 1 1 1 1 1 1 1 1 1 1 1 1 1 1 1 1 1 1 1 1 1 1 1 1 1 1 1 1 1 1 1 1 1 1 1 1 1 1 1 1 1 1 1 1 1 1 1 1 1 1 1 1 1 1 1 1 1 1 1 1 1 1 1 1 1 1 1 1 1 1 1 1 1 1 1 1 1 1 1 1 1 1 1 1 1 1 1 1 1 1 1 1 1 1 1 1 1 1 1 1 1 1 1 1 1 1 1 1 1 1 1 1 1 1 1 1 1 1 1 1 1 1 1 1 1 1 1 1 1 1 1 1 1 1 1 1 1 1 1 1 1 1 1 1 1 1 1 1 1 1 1 1 1 1 1 1 1 1 1 1 1 1 1 1 1 1 1 1 1 1 1 1 1 1 1 1 1 1 1 1 1 1 1 1 1 1 1 1 1 1 1 1 1 1 1 1 1 1 1 1 1 1 1 1 1 1 1 1 1 1 1 1 1 1 1 1 1 1 1 1 1 1 1 1 1 1 1 1 1 1 1 1 1 1 1 1 1 1 1 1 1 1 1 1 1 1 1 1 1 1 1 1 1 1 1 1 1 1 1 1 1 1 1 1 1 1 1 1 1 1 1 1 1 1 1 1 1 1 1 1 1 1 1 1 1 1 1 1 1 1 1 1 1 1 1 1 1 1 1 1 1 1 1 1 1 1 1 1 1 1 1 1 1 1 1 1 1 1 1 1 1 1 1 1 1 1 1 1 1 1 1 1 1 1 1 1 1 1 1 1 1 1 1 1 1 1 1 1 1 1 1 1 1 1 1 1 1 1 1 1 1 1 1 1 1 1 1 1 1 1 1 1 1 1 1 1 1 1 1 1 1 1 1 1 1 1 1 1 1 1 1 1 1 1 1 1 1 1 1 1 1 1 1 1 1 1 1 1 1 1 1 1 1 1 1 1 1 1 1 1 1 1 1 1 1 1 1 1 1 1 1 1 1 1 1 1 1 1 1 1 1 1 1 1 1 1 1 1 1 1 1 1 1 1 1 1 1 1 1 1 1 1 1 1 1 1 1 1 1 1 1 1 1 1 1 1 1 1 1 1 1 1 1 1 1 1 1 1 1 1 1 1 1 1 1 1 1 1 1 1 1 1 1 1 1 1 1 1 1 1 1 1 1 1 1 1 1 1 1 1 1 1 1 1 1 1 1 1 1 1 1 1 1 1 1 1 1 1 1 1 1 1 1 1 1 1 1 1 1 1 1 1 1 1 1 1 1 1 1 1 1 1 1 1 1 1 1 1 1 1 1 1 1 1 1 1 1 1 1 1 1 1 1 1 1 1 1 1 1 1 1 1 1 1 1 1 1 1 1 1 1 1 1 1 1 1 1 1 1 1 1 1 1 1 1 1 1 1 1 1 1 1 1 1 1 1 1 1 1 1 1 1 1 1 1 1 1 1 1 1 1 1 1 1 1 1 1 1 1 1 1 1 1 1 1 1 1 1 1 1 1 1 1 1 1 1 1 1 1 1 1 1 1 1 1 1 1 1 1 1 1 1 1 1 1 1 1 1 1 1 1 1 1 1 1 1 1 1 1 1 1 1 1 1 1 1 1 1 1 1 1 1 1 1 1 1 1 1 1 1 1 1 1 1 1 1 1 1 1 1 1 1 1 1 1 1 1 1 1 1 1 1 1 1 1 1 1 1 1 1 1 1 1 1 1 1 1 1 1 1 1 1 1 1 1 1 1 1 1 1 1 1 1 1 1 1 1 1 1 1 1 1 1 1 1 1 1 1 1 1 1 1 1 1 1 1 1 1 1 1 1 1 1 1 1 1 1 1 1 1 1 1 1 1 1 1 1 1 1 1 1 1 1 1 1 1 1 1 1 1 1 1 1 1 1 1 1 1 1 1 1 1 1 1 1 1 1 1 1 1 1 1 1 1 1 1 1 1 1 1 1 1 1 1 1 1 1 1 1 1 1 1 1 1 1 1 1 1 1 1 1 1 1 1 1 1 1 1 1 1 1 1 1 1 1 1 1 1 1 1 1 1 1 1 1 1 1 1 1 1 1 1 1 1 1 1 1 1 1 1 1 1 1 1 1 1 1 1 1 1 1 1 1 1 1 1 1 1 1 1 1 1 1 1 1 1 1 1 1 1 1 1 1 1 1 1 1 1 1 1 1 1 1 1 1 1 1 1 1 1 1 1 1 1 1 1 1 1 1 1 1 1 1 1 1 1 1 1 1 1 1 1 1 1 1 1 1 1 1 1 1 1 1 1 1 1 1 1 1 1 1 1 1 1 1 1 1 1 1 1 1 1 1 1 1 1 1 1 1 1 1 1 1 1 1 1 1 1 1 1 1 1 1 1 1 1 1 1 1 1 1 1 1 1 1 1 1 1 1 1 1 1 1 1 1 1 1 1 1 1 1 1 1 1 1 1 1 1 1 1 1 1 1 1 1 1 1 1 1 1 1 1 1 1 1 1 1 1 1 1 1 1 1 1 1 1 1 1 1 1 1 1 1 1 1 1 1 1 1 1 1 1 1 1 1 1 1 1 1 1 1 1 1 1 1 1 1 1 1 1 1 1 1 1 1 1 1 1 1 1 1 1 1 1 1 1 1 1 1 1 1 1 1 1 1 1 1 1 1 1 1 1 1 1 1 1 1 1 1 1 1 1 1 1 1 1 1 1 1 1 1 1 1 1 1 1 1 1 1 1 1 1 1 1 1 1 1 1 1 1 1 1 1 1 1 1 1 1 1 1 1 1 1 1 1 1 1 1 1 1 1 1 1 1 1 1 1 1 1 1 1 1 1 1 1 1 1 1 1 1 1 1 1 1 1 1 1 1 1 1 1 1 1 1 1 1 1 1 1 1 1 1 1 1 1 1 1 1 1 1 1 1 1 1 1 1 1 1 1 1 1 1 1 1 1 1 1 1 1 1 1 1 1 1 1 1 1 1 1 1 1 1 1 1 1 1 1 1 1 1 1 1 1 1 1 1 1 1 1 1 1 1 1 1 1 1 1 1 1 1 1 1 1 1 1 1 1 1 1 1 1 1 1 1 1 1 1 1 1 1 1 1 1 1 1 1 1 1 1 1 1 1 1 1 1 1 1 1 1 1 1 1 1 1 1 1 1 1 1 1 1 1 1 1 1 1 1 1 1 1 1 1 1 1 1 1 1 1 1 1 1 1 1 1 1 1 1 1 1 1 1 1 1 1 1 1 1 1 1 1 1 1 1 1 1 1 1 1 1 1 1 1 1 1 1 1 1 1 1 1 1 1 1 1 1 1 1 1 1 1 1 1 1 1 1 1 1 1 1 1 1 1 1 1 1 1 1 1 1 1 1 1 1 1 1 1 1 1 1 1 1 1 1 1 1 1 1 1 1 1 1 1 1 1 1 1 1 1 1 1 1 1 1 1 1 1 1 1 1 1 1 1 1 1 1 1 1 1 1 1 1 1 1 1 1 1 1 1 1 1 1 1 1 1 1 1 1 1 1 1 1 1 1 1 1 1 1 1 1 1 1 1 1 1 1 1 1 1 1 1 1 1 1 1 1 1 1 1 1 1 1 1 1 1 1 1 1 1 1 1 1 1 1 1 1 1 1 1 1 1 1 1 1 1 1 1 1 1 1 1 1 1 1 1 1 1 1 1 1 1 1 1 1 1 1 1 1 1 1 1 1 1 1 1 1 1 1 1 1 1 1 1 1 1 1 1 1 1 1 1 1 1 1 1 1 1 1 1 1 1 1 1 1 1 1 1 1 1 1 1 1 1 1 1 1 1 1 1 1 1 1 1 1 1 1 1 1 1 1 1 1 1 1 1 1 1 1 1 1 1 1 1 1 1 1 1 1 1 1 1 1 1 1 1 1 1 1 1 1 1 1 1 1 1 1 1 1 1 1 1 1 1 1 1 1 1 1 1 1 1 1 1 1 1 1 1 1 1 1 1 1 1 1 1 1 1 1 1 1 1 1 1 1 1 1 1 1 1 1 1 1 1 1 1 1 1 1 1 1 1 1 1 1 1 1 1 1 1 1 1 1 1 1 1 1 1 1 1 1 1 1 1 1 1 1 1 1 1 1 1 1 1 1 1 1 1 1 1 1 1 1 1 1 1 1 1 1 1 1 1 1 1 1 1 1 1 1 1 1 1 1 1 1 1 1 1 1 1 1 1 1 1 1 1 1 1 1 1 1 1 1 1 1 1 1 1 1 1 1 1 1 1 1 1 1 1 1 1 1 1 1 1 1 1 1 1 1 1 1 1 1 1 1 1 1 1 1 1 1 1 1 1 1 1 1 1 1 1 1 1 1 1 1 1 1 1 1 1 1 1 1 1 1 1 1 1 1 1 1 1 1 1 1 1 1 1 1 1 1 1 1 1 1 1 1 1 1 1 1 1 1 1 1 1 1 1 1 1 1 1 1 1 1 1 1 1 1 1 1 1 1 1 1 1 1 1 1 1 1 1 1 1 1 1 1 1 1 1 1 1 1 1 1 1 1 1 1 1 1 1 1 1 1 1 1 1 1 1 1 1 1 1 1 1 1 1 1 1 1 1 1 1 1 1 1 1 1 1 1 1 1 1 1 1 1 1 1 1 1 1 1 1 1 1 1 1 1 1 1 1 1 1 1 1 1 1 1 1 1 1 1 1 1 1 1 1 1 1 1 1 1 1 1 1 1 1 1 1 1 1 1 1 1 1 1 1 1 1 1 1 1 1 1 1 1 1 1 1 1 1 1 1 1 1 1 1 1 1 1 1 1 1 1 1 1 1 1 1 1 1 1 1 1 1 1 1 1 1 1 1 1 1 1 1 1 1 1 1 1 1 1 1 1 1 1 1 1 1 1 1 1 1 1 1 1 1 1 1 1 1 1 1 1 1 1 1 1 1 1 1 1 1 1 1 1 1 1 1 1 1 1 1 1 1 1 1 1 1 1 1 1 1 1 1 1 1 1 1 1 1 1 1 1 1 1 1 1 1 1 1 1 1 1 1 1 1 1 1 1 1 1 1 1 1 1 1 1 1 1 1 1 1 1 1 1 1 1 1 1 1 1 1 1 1 1 1 1 1 1 1 1 1 1 1 1 1 1 1 1 1 1 1 1 1 1 1 1 1 1 1 1 1 1 1 1 1 1 1 1 1 1 1 1 1 1 1 1 1 1 1 1 1 1 1 1 1 1 1 1 1 1 1 1 1 1 1 1 1 1 1 1 1 1 1 1 1 1 1 1 1 1 1 1 1 1 1 1 1 1 1 1 1 1 1 1 1 1 1 1 1 1 1 1 1 1 1 1 1 1 1 1 1 1 1 1 1 1 1 1 1 1 1 1 1 1 1 1 1 1 1 1 1 1 1 1 1 1 1 1 1 1 1 1 1 1 1 1 1 1 1 1 1 1 1 1 1 1 1 1 1 1 1 1 1 1 1 1 1 1 1 1 1 1 1 1 1 1 1 1 1 1 1 1 1 1 1 1 1 1 1 1 1 1 1 1 1 1 1 1 1 1 1 1 1 1 1 1 1 1 1 1 1 1 1 1 1 1 1 1 1 1 1 1 1 1 1 1 1 1 1 1 1 1 1 1 1 1 1 1 1 1 1 1 1 1 1 1 1 1 1 1 1 1 1 1 1 1 1 1 1 1 1 1 1 1 1 1 1 1 1 1 1 1 1 1 1 1 1 1 1 1 1 1 1 1 1 1 1 1 1 1 1 1 1 1 1 1 1 1 1 1 1 1 1 1 1 1 1 1 1 1 1 1 1 1 1 1 1 1 1 1 1 1 1 1 1 1 1 1 1 1 1 1 1 1 1 1 1 1 1 1 1 1 1 1 1 1 1 1 1 1 1 1 1 1 1 1 1 1 1 1 1 1 1 1 1 1 1 1 1 1 1 1 1 1 1 1 1 1 1 1 1 1 1 1 1 1 1 1 1 1 1 1 1 1 1 1 1 1 1 1 1 1 1 1 1 1 1 1 1 1 1 1 1 1 1 1 1 1 1 1 1 1 1 1 1 1 1 1 1 1 1 1 1 1 1 1 1 1 1 1 1 1 1 1 1 1 1 1 1 1 1 1 1 1 1 1 1 1 1 1 1 1 1 1 1 1 1 1 1 1 1 1 1 1 1 1 1 1 1 1 1 1 1 1 1 1 1 1 1 1 1 1 1 1 1 1 1 1 1 1 1 1 1 1 1 1 1 1 1 1 1 1 1 1 1 1 1 1 1 1 1 1 1 1 1 1 1 1 1 1 1 1 1 1 1 1 1 1 1 1 1 1 1 1 1 1 1 1 1 1 1 1 1 1 1 1 1 1 1 1 1 1 1 1 1 1 1 1 1 1 1 1 1 1 1 1 1 1 1 1 1 1 1 1 1 1 1 1 1 1 1 1 1 1 1 1 1 1 1 1 1 1 1 1 1 1 1 1 1 1 1 1 1 1 1 1 1 1 1 1 1 1 1 1 1 1 1 1 1 1 1 1 1 1 1 1 1 1 1 1 1 1 1 1 1 1 1 1 1 1 1 1 1 1 1 1 1 1 1 1 1 1 1 1 1 1 1 1 1 1 1 1 1 1 1 1 1 1 1 1 1 1 1 1 1 1 1 1 1 1 1 1 1 1 1 1 1 1 1 1 1 1 1 1 1 1 1 1 1 1 1 1 1 1 1 1 1 1 1 1 1 1 1 1 1 1 1 1 1 1 1 1 1 1 1 1 1 1 1 1 1 1 1 1 1 1 1 1 1 1 1 1 1 1 1 1 1 1 1 1 1 1 1 1 1 1 1 1 1 1 1 1 1 1 1 1 1 1 1 1 1 1 1 1 1 1 1 1 1 1 1 1 1 1 1 1 1 1 1 1 1 1 1 1 1 1 1 1 1 1 1 1 1 1 1 1 1 1 1 1 1 1 1 1 1 1 1 1 1 1 1 1 1 1 1 1 1 1 1 1 1 1 1 1 1 1 1 1 1 1 1 1 1 1 1 1 1 1 1 1 1 1 1 1 1 1 1 1 1 1 1 1 1 1 1 1 1 1 1 1 1 1 1 1 1 1 1 1 1 1 1 1 1 1 1 1 1 1 1 1 1 1 1 1 1 1 1 1 1 1 1 1 1 1 1 1 1 1 1 1 1 1 1 1 1 1 1 1 1 1 1 1 1 1 1 1 1 1 1 1 1 1 1 1 1 1 1 1 1 1 1 1 1 1 1 1 1 1 1 1 1 1 1 1 1 1 1 1 1 1 1 1 1 1 1 1 1 1 1 1 1 1 1 1 1 1 1 1 1 1 1 1 1 1 1 1 1 1 1 1 1 1 1 1 1 1 1 1 1 1 1 1 1 1 1 1 1 1 1 1 1 1 1 1 1 1 1 1 1 1 1 1 1 1 1 1 1 1 1 1 1 1 1 1 1 1 1 1 1 1 1 1 1 1 1 1 1 1 1 1 1 1 1 1 1 1 1 1 1 1 1 1 1 1 1 1 1 1 1 1 1 1 1 1 1 1 1 1 1 1 1 1 1 1 1 1 1 1 1 1 1 1 1 1 1 1 1 1 1 1 1 1 1 1 1 1 1 1 1 1 1 1 1 1 1 1 1 1 1 1 1 1 1 1 1 1 1 1 1 1 1 1 1 1 1 1 1 1 1 1 1 1 1 1 1 1 1 1 1 1 1 1 1 1 1 1 1 1 1 1 1 1 1 1 1 1 1 1 1 1 1 1 1 1 1 1 1 1 1 1 1 1 1 1 1 1 1 1 1 1 1 1 1 1 1 1 1 1 1 1 1 1 1 1 1 1 1 1 1 1 1 1 1 1 1 1 1 1 1 1 1 1 1 1 1 1 1 1 1 1 1 1 1 1 1 1 1 1 1 1 1 1 1 1 1 1 1 1 1 1 1 1 1 1 1 1 1 1 1 1 1 1 1 1 1 1 1 1 1 1 1 1 1 1 1 1 1 1 1 1 1 1 1 1 1 1 1 1 1 1 1 1 1 1 1 1 1 1 1 1 1 1 1 1 1 1 1 1 1 1 1 1 1 1 1 1 1 1 1 1 1 1 1 1 1 1 1 1 1 1 1 1 1 1 1 1 1 1 1 1 1 1 1 1 1 1 1 1 1 1 1 1 1 1 1 1 1 1 1 1 1 1 1 1 1 1 1 1 1 1 1 1 1 1 1 1 1 1 1 1 1 1 1 1 1 1 1 1 1 1 1 1 1 1 1 1 1 1 1 1 1 1 1 1 1 1 1 1 1 1 1 1 1 1 1 1 1 1 1 1 1 1 1 1 1 1 1 1 1 1 1 1 1 1 1 1 1 1 1 1 1 1 1 1 1 1 1 1 1 1 1 1 1 1 1 1 1 1 1 1 1 1 1 1 1 1 1 1 1 1 1 1 1 1 1 1 1 1 1 1 1 1 1 1 1 1 1 1 1 1 1 1 1 1 1 1 1 1 1 1 1 1 1 1 1 1 1 1 1 1 1 1 1 1 1 1 1 1 1 1 1 1 1 1 1 1 1 1 1 1 1 1 1 1 1 1 1 1 1 1 1 1 1 1 1 1 1 1 1 1 1 1 1 1 1 1 1 1 1 1 1 1 1 1 1 1 1 1 1 1 1 1 1 1 1 1 1 1 1 1 1 1 1 1 1 1 1 1 1 1 1 1 1 1 1 1 1 1 1 1 1 1 1 1 1 1 1 1 1 1 1 1 1 1 1 1 1 1 1 1 1 1 1 1 1 1 1 1 1 1 1 1 1 1 1 1 1 1 1 1 1 1 1 1 1 1 1 1 1 1 1 1 1 1 1 1 1 1 1 1 1 1 1 1 1 1 1 1 1 1 1 1 1 1 1 1 1 1 1 1 1 1 1 1 1 1 1 1 1 1 1 1 1 1 1 1 1 1 1 1 1 1 1 1 1 1 1 1 1 1 1 1 1 1 1 1 1 1 1 1 1 1 1 1 1 1 1 1 1 1 1 1 1 1 1 1 1 1 1 1 1 1 1 1 1 1 1 1 1 1 1 1 1 1 1 1 1 1 1 1 1 1 1 1 1 1 1 1 1 1 1 1 1 1 1 1 1 1 1 1 1 1 1 1 1 1 1 1 1 1 1 1 1 1 1 1 1 1 1 1 1 1 1 1 1 1 1 1 1 1 1 1 1 1 1 1 1 1 1 1 1 1 1 1 1 1 1 1 1 1 1 1 1 1 1 1 1 1 1 1 1 1 1 1 1 1 1 1 1 1 1 1 1 1 1 1 1 1 1 1 1 1 1 1 1 1 1 1 1 1 1 1 1 1 1 1 1 1 1 1 1 1 1 1 1 1 1 1 1 1 1 1 1 1 1 1 1 1 1 1 1 1 1 1 1 1 1 1 1 1 1 1 1 1 1 1 1 1 1 1 1 1 1 1 1 1 1 1 1 1 1 1 1 1 1 1 1 1 1 1 1 1 1 1 1 1 1 1 1 1 1 1 1 1 1 1 1 1 1 1 1 1 1 1 1 1 1 1 1 1 1 1 1 1 1 1 1 1 1 1 1 1 1 1 1 1 1 1 1 1 1 1 1 1 1 1 1 1 1 1 1 1 1 1 1 1 1 1 1 1 1 1 1 1 1 1 1 1 1 1 1 1 1 1 1 1 1 1 1 1 1 1 1 1 1 1 1 1 1 1 1 1 1 1 1 1 1 1 1 1 1 1 1 1 1 1 1 1 1 1 1 1 1 1 1 1 1 1 1 1 1 1 1 1 1 1 1 1 1 1 1 1 1 1 1 1 1 1 1 1 1 1 1 1 1 1 1 1 1 1 1 1 1 1 1 1 1 1 1 1 1 1 1 1 1 1 1 1 1 1 1 1 1 1 1 1 1 1 1 1 1 1 1 1 1 1 1 1 1 1 1 1 1 1 1 1 1 1 1 1 1 1 1 1 1 1 1 1 1 1 1 1 1 1 1 1 1 1 1 1 1 1 1 1 1 1 1 1 1 1 1 1 1 1 1 1 1 1 1 1 1 1 1 1 1 1 1 1 1 1 1 1 1 1 1 1 1 1 1 1 1 1 1 1 1 1 1 1 1 1 1 1 1 1 1 1 1 1 1 1 1 1 1 1 1 1 1 1 1 1 1 1 1 1 1 1 1 1 1 1 1 1 1 1 1 1 1 1 1 1 1 1 1 1 1 1 1 1 1 1 1 1 1 1 1 1 1 1 1 1 1 1 1 1 1 1 1 1 1 1 1 1 1 1 1 1 1 1 1 1 1 1 1 1 1 1 1 1 1 1 1 1 1 1 1 1 1 1 1 1 1 1 1 1 1 1 1 1 1 1 1 1 1 1 1 1 1 1 1 1 1 1 1 1 1 1 1 1 1 1 1 1 1 1 1 1 1 1 1 1 1 1 1 1 1 1 1 1 1 1 1 1 1 1 1 1 1 1 1 1 1 1 1 1 1 1 1 1 1 1 1 1 1 1 1 1 1 1 1 1 1 1 1 1 1 1 1 1 1 1 1 1 1 1 1 1 1 1 1 1 1 1 1 1 1 1 1 1 1 1 1 1 1 1 1 1 1 1 1 1 1 1 1 1 1 1 1 1 1 1 1 1 1 1 1 1 1 1 1 1 1 1 1 1 1 1 1 1 1 1 1 1 1 1 1 1 1 1 1 1 1 1 1 1 1 1 1 1 1 1 1 1 1 1 1 1 1 1 1 1 1 1 1 1 1 1 1 1 1 1 1 1 1 1 1 1 1 1 1 1 1 1 1 1 1 1 1 1 1 1 1 1 1 1 1 1 1 1 1 1 1 1 1 1 1 1 1 1 1 1 1 1 1 1 1 1 1 1 1 1 1 1 1 1 1 1 1 1 1 1 1 1 1 1 1 1 1 1 1 1 1 1 1 1 1 1 1 1 1 1 1 1 1 1 1 1 1 1 1 1 1 1 1 1 1 1 1 1 1 1 1 1 1 1 1 1 1 1 1 1 1 1 1 1 1 1 1 1 1 1 1 1 1 1 1 1 1 1 1 1 1 1 1 1 1 1 1 1 1 1 1 1 1 1 1 1 1 1 1 1 1 1 1 1 1 1 1 1 1 1 1 1 1 1 1 1 1 1 1 1 1 1 1 1 1 1 1 1 1 1 1 1 1 1 1 1 1 1 1 1 1 1 1 1 1 1 1 1 1 1 1 1 1 1 1 1 1 1 1 1 1 1 1 1 1 1 1 1 1 1 1 1 1 1 1 1 1 1 1 1 1 1 1 1 1 1 1 1 1 1 1 1 1 1 1 1 1 1 1 1 1 1 1 1 1 1 1 1 1 1 1 1 1 1 1 1 1 1 1 1 1 1 1 1 1 1 1 1 1 1 1 1 1 1 1 1 1 1 1 1 1 1 1 1 1 1 1 1 1 1 1 1 1 1 1 1 1 1 1 1 1 1 1 1 1 1 1 1 1 1 1 1 1 1 1 1 1 1 1 1 1 1 1 1 1 1 1 1 1 1 1 1 1 1 1 1 1 1 1 1 1 1 1 1 1 1 1 1 1 1 1 1 1 1 1 1 1 1 1 1 1 1 1 1 1 1 1 1 1 1 1 1 1 1 1 1 1 1 1 1 1 1 1 1 1 1 1 1 1 1 1 1 1 1 1 1 1 1 1 1 1 1 1 1 1 1 1 1 1 1 1 1 1 1 1 1 1 1 1 1 1 1 1 1 1 1 1 1 1 1 1 1 1 1 1 1 1 1 1 1 1 1 1 1 1 1 1 1 1 1 1 1 1 1 1 1 1 1 1 1 1 1 1 1 1 1 1 1 1 1 1 1 1 1 1 1 1 1 1 1 1 1 1 1 1 1 1 1 1 1 1 1 1 1 1 1 1 1 1 1 1 1 1 1 1 1 1 1 1 1 1 1 1 1 1 1 1 1 1 1 1 1 1 1 1 1 1 1 1 1 1 1 1 1 1 1 1 1 1 1 1 1 1 1 1 1 1 1 1 1 1 1 1 1 1 1 1 1 1 1 1 1 1 1 1 1 1 1 1 1 1 1 1 1 1 1 1 1 1 1 1 1 1 1 1 1 1 1 1 1 1 1 1 1 1 1 1 1 1 1 1 1 1 1 1 1 1 1 1 1 1 1 1 1 1 1 1 1 1 1 1 1 1 1 1 1 1 1 1 1 1 1 1 1 1 1 1 1 1 1 1 1 1 1 1 1 1 1 1 1 1 1 1 1 1 1 1 1 1 1 1 1 1 1 1 1 1 1 1 1 1 1 1 1 1 1 1 1 1 1 1 1 1 1 1 1 1 1 1 1 1 1 1 1 1 1 1 1 1 1 1 1 1 1 1 1 1 1 1 1 1 1 1 1 1 1 1 1 1 1 1 1 1 1 1 1 1 1 1 1 1 1 1 1 1 1 1 1 1 1 1 1 1 1 1 1 1 1 1 1 1 1 1 1 1 1 1 1 1 1 1 1 1 1 1 1 1 1 1 1 1 1 1 1 1 1 1 1 1 1 1 1 1 1 1 1 1 1 1 1 1 1 1 1 1 1 1 1 1 1 1 1 1 1 1 1 1 1 1 1 1 1 1 1 1 1 1 1 1 1 1 1 1 1 1 1 1 1 1 1 1 1 1 1 1 1 1 1 1 1 1 1 1 1 1 1 1 1 1 1 1 1 1 1 1 1 1 1 1 1 1 1 1 1 1 1 1 1 1 1 1 1 1 1 1 1 1 1 1 1 1 1 1 1 1 1 1 1 1 1 1 1 1 1 1 1 1 1 1 1 1 1 1 1 1 1 1 1 1 1 1 1 1 1 1 1 1 1 1 1 1 1 1 1 1 1 1 1 1 1 1 1 1 1 1 1 1 1 1 1 1 1 1 1 1 1 1 1 1 1 1 1 1 1 1 1 1 1 1 1 1 1 1 1 1 1 1 1 1 1 1 1 1 1 1 1 1 1 1 1 1 1 1 1 1 1 1 1 1 1 1 1 1 1 1 1 1 1 1 1 1 1 1 1 1 1 1 1 1 1 1 1 1 1 1 1 1 1 1 1 1 1 1 1 1 1 1 1 1 1 1 1 1 1 1 1 1 1 1 1 1 1 1 1 1 1 1 1 1 1 1 1 1 1 1 1 1 1 1 1 1 1 1 1 1 1 1 1 1 1 1 1 1 1 1 1 1 1 1 1 1 1 1 1 1 1 1 1 1 1 1 1 1 1 1 1 1 1 1 1 1 1 1 1 1 1 1 1 1 1 1 1 1 1 1 1 1 1 1 1 1 1 1 1 1 1 1 1 1 1 1 1 1 1 1 1 1 1 1 1 1 1 1 1 1 1 1 1 1 1 1 1 1 1 1 1 1 1 1 1 1 1 1 1 1 1 1 1 1 1 1 1 1 1 1 1 1 1 1 1 1 1 1 1 1 1 1 1 1 1 1 1 1 1 1 1 1 1 1 1 1 1 1 1 1 1 1 1 1 1 1 1 1 1 1 1 1 1 1 1 1 1 1 1 1 1 1 1 1 1 1 1 1 1 1 1 1 1 1 1 1 1 1 1 1 1 1 1 1 1 1 1 1 1 1 1 1 1 1 1 1 1 1 1 1 1 1 1 1 1 1 1 1 1 1 1 1 1 1 1 1 1 1 1 1 1 1 1 1 1 1 1 1 1 1 1 1 1 1 1 1 1 1 1 1 1 1 1 1 1 1 1 1 1 1 1 1 1 1 1 1 1 1 1 1 1 1 1 1 1 1 1 1 1 1 1 1 1 1 1 1 1 1 1 1 1 1 1 1 1 1 1 1 1 1 1 1 1 1 1 1 1 1 1 1 1 1 1 1 1 1 1 1 1 1 1 1 1 1 1 1 1 1 1 1 1 1 1 1 1 1 1 1 1 1 1 1 1 1 1 1 1 1 1 1 1 1 1 1 1 1 1 1 1 1 1 1 1 1 1 1 1 1 1 1 1 1 1 1 1 1 1 1 1 1 1 1 1 1 1 1 1 1 1 1 1 1 1 1 1 1 1 1 1 1 1 1 1 1 1 1 1 1 1 1 1 1 1 1 1 1 1 1 1 1 1 1 1 1 1 1 1 1 1 1 1 1 1 1 1 1 1 1 1 1 1 1 1 1 1 1 1 1 1 1 1 1 1 1 1 1 1 1 1 1 1 1 1 1 1 1 1 1 1 1 1 1 1 1 1 1 1 1 1 1 1 1 1 1 1 1 1 1 1 1 1 1 1 1 1 1 1 1 1 1 1 1 1 1 1 1 1 1 1 1 1 1 1 1 1 1 1 1 1 1 1 1 1 1 1 1 1 1 1 1 1 1 1 1 1 1 1 1 1 1 1 1 1 1 1 1 1 1 1 1 1 1 1 1 1 1 1 1 1 1 1 1 1 1 1 1 1 1 1 1 1 1 1 1 1 1 1 1 1 1 1 1 1 1 1 1 1 1 1 1 1 1 1 1 1 1 1 1 1 1 1 1 1 1 1 1 1 1 1 1 1 1 1 1 1 1 1 1 1 1 1 1 1 1 1 1 1 1 1 1 1 1 1 1 1 1 1 1 1 1 1 1 1 1 1 1 1 1 1 1 1 1 1 1 1 1 1 1 1 1 1 1 1 1 1 1 1 1 1 1 1 1 1 1 1 1 1 1 1 1 1 1 1 1 1 1 1 1 1 1 1 1 1 1 1 1 1 1 1 1 1 1 1 1 1 1 1 1 1 1 1 1 1 1 1 1 1 1 1 1 1 1 1 1 1 1 1 1 1 1 1 1 1 1 1 1 1 1 1 1 1 1 1 1 1 1 1 1 1 1 1 1 1 1 1 1 1 1 1 1 1 1 1 1 1 1 1 1 1 1 1 1 1 1 1 1 1 1 1 1 1 1 1 1 1 1 1 1 1 1 1 1 1 1 1 1 1 1 1 1 1 1 1 1 1 1 1 1 1 1 1 1 1 1 1 1 1 1 1 1 1 1 1 1 1 1 1 1 1 1 1 1 1 1 1 1 1 1 1 1 1 1 1 1 1 1 1 1 1 1 1 1 1 1 1 1 1 1 1 1 1 1 1 1 1 1 1 1 1 1 1 1 1 1 1 1 1 1 1 1 1 1 1 1 1 1 1 1 1 1 1 1 1 1 1 1 1 1 1 1 1 1 1 1 1 1 1 1 1 1 1 1 1 1 1 1 1 1 1 1 1 1 1 1 1 1 1 1 1 1 1 1 1 1 1 1 1 1 1 1 1 1 1 1 1 1 1 1 1 1 1 1 1 1 1 1 1 1 1 1 1 1 1 1 1 1 1 1 1 1 1 1 1 1 1 1 1 1 1 1 1 1 1 1 1 1 1 1 1 1 1 1 1 1 1 1 1 1 1 1 1 1 1 1 1 1 1 1 1 1 1 1 1 1 1 1 1 1 1 1 1 1 1 1 1 1 1 1 1 1 1 1 1 1 1 1 1 1 1 1 1 1 1 1 1 1 1 1 1 1 1 1 1 1 1 1 1 1 1 1 1 1 1 1 1 1 1 1 1 1 1 1 1 1 1 1 1 1 1 1 1 1 1 1 1 1 1 1 1 1 1 1 1 1 1 1 1 1 1 1 1 1 1 1 1 1 1 1 1 1 1 1 1 1 1 1 1 1 1 1 1 1 1 1 1 1 1 1 1 1 1 1 1 1 1 1 1 1 1 1 1 1 1 1 1 1 1 1 1 1 1 1 1 1 1 1 1 1 1 1 1 1 1 1 1 1 1 1 1 1 1 1 1 1 1 1 1 1 1 1 1 1 1 1 1 1 1 1 1 1 1 1 1 1 1 1 1 1 1 1 1 1 1 1 1 1 1 1 1 1 1 1 1 1 1 1 1 1 1 1 1 1 1 1 1 1 1 1 1 1 1 1 1 1 1 1 1 1 1 1 1 1 1 1 1 1 1 1 1 1 1 1 1 1 1 1 1 1 1 1 1 1 1 1 1 1 1 1 1 1 1 1 1 1 1 1 1 1 1 1 1 1 1 1 1 1 1 1 1 1 1 1 1 1 1 1 1 1 1 1 1 1 1 1 1 1 1 1 1 1 1 1 1 1 1 1 1 1 1 1 1 1 1 1 1 1 1 1 1 1 1 1 1 1 1 1 1 1 1 1 1 1 1 1 1 1 1 1 1 1 1 1 1 1 1 1 1 1 1 1 1 1 1 1 1 1 1 1 1 1 1 1 1 1 1 1 1 1 1 1 1 1 1 1 1 1 1 1 1 1 1 1 1 1 1 1 1 1 1 1 1 1 1 1 1 1 1 1 1 1 1 1 1 1 1 1 1 1 1 1 1 1 1 1 1 1 1 1 1 1 1 1 1 1 1 1 1 1 1 1 1 1 1 1 1 1 1 1 1 1 1 1 1 1 1 1 1 1 1 1 1 1 1 1 1 1 1 1 1 1 1 1 1 1 1 1 1 1 1 1 1 1 1 1 1 1 1 1 1 1 1 1 1 1 1 1 1 1 1 1 1 1 1 1 1 1 1 1 1 1 1 1 1 1 1 1 1 1 1 1 1 1 1 1 1 1 1 1 1 1 1 1 1 1 1 1 1 1 1 1 1 1 1 1 1 1 1 1 1 1 1 1 1 1 1 1 1 1 1 1 1 1 1 1 1 1 1 1 1 1 1 1 1 1 1 1 1 1 1 1 1 1 1 1 1 1 1 1 1 1 1 1 1 1 1 1 1 1 1 1 1 1 1 1 1 1 1 1 1 1 1 1 1 1 1 1 1 1 1 1 1 1 1 1 1 1 1 1 1 1 1 1 1 1 1 1 1 1 1 1 1 1 1 1 1 1 1 1 1 1 1 1 1 1 1 1 1 1 1 1 1 1 1 1 1 1 1 1 1 1 1 1 1 1 1 1 1 1 1 1 1 1 1 1 1 1 1 1 1 1 1 1 1 1 1 1 1 1 1 1 1 1 1 1 1 1 1 1 1 1 1 1 1 1 1 1 1 1 1 1 1 1 1 1 1 1 1 1 1 1 1 1 1 1 1 1 1 1 1 1 1 1 1 1 1 1 1 1 1 1 1 1 1 1 1 1 1 1 1 1 1 1 1 1 1 1 1 1 1 1 1 1 1 1 1 1 1 1 1 1 1 1 1 1 1 1 1 1 1 1 1 1 1 1 1 1 1 1 1 1 1 1 1 1 1 1 1 1 1 1 1 1 1 1 1 1 1 1 1 1 1 1 1 1 1 1 1 1 1 1 1 1 1 1 1 1 1 1 1 1 1 1 1 1 1 1 1 1 1 1 1 1 1 1 1 1 1 1 1 1 1 1 1 1 1 1 1 1 1 1 1 1 1 1 1 1 1 1 1 1 1 1 1 1 1 1 1 1 1 1 1 1 1 1 1 1 1 1 1 1 1 1 1 1 1 1 1 1 1 1 1 1 1 1 1 1 1 1 1 1 1 1 1 1 1 1 1 1 1 1 1 1 1 1 1 1 1 1 1 1 1 1 1 1 1 1 1 1 1 1 1 1 1 1 1 1 1 1 1 1 1 1 1 1 1 1 1 1 1 1 1 1 1 1 1 1 1 1 1 1 1 1 1 1 1 1 1 1 1 1 1 1 1 1 1 1 1 1 1 1 1 1 1 1 1 1 1 1 1 1 1 1 1 1 1 1 1 1 1 1 1 1 1 1 1 1 1 1 1 1 1 1 1 1 1 1 1 1 1 1 1 1 1 1 1 1 1 1 1 1 1 1 1 1 1 1 1 1 1 1 1 1 1 1 1 1 1 1 1 1 1 1 1 1 1 1 1 1 1 1 1 1 1 1 1 1 1 1 1 1 1 1 1 1 1 1 1 1 1 1 1 1 1 1 1 1 1 1 1 1 1 1 1 1 1 1 1 1 1 1 1 1 1 1 1 1 1 1 1 1 1 1 1 1 1 1 1 1 1 1 1 1 1 1 1 1 1 1 1 1 1 1 1 1 1 1 1 1 1 1 1 1 1 1 1 1 1 1 1 1 1 1 1 1 1 1 1 1 1 1 1 1 1 1 1 1 1 1 1 1 1 1 1 1 1 1 1 1 1 1 1 1 1 1 1 1 1 1 1 1 1 1 1 1 1 1 1 1 1 1 1 1 1 1 1 1 1 1 1 1 1 1 1 1 1 1 1 1 1 1 1 1 1 1 1 1 1 1 1 1 1 1 1 1 1 1 1 1 1 1 1 1 1 1 1 1 1 1 1 1 1 1 1 1 1 1 1 1 1 1 1 1 1 1 1 1 1 1 1 1 1 1 1 1 1 1 1 1 1 1 1 1 1 1 1 1 1 1 1 1 1 1 1 1 1 1 1 1 1 1 1 1 1 1 1 1 1 1 1 1 1 1 1 1 1 1 1 1 1 1 1 1 1 1 1 1 1 1 1 1 1 1 1 1 1 1 1 1 1 1 1 1 1 1 1 1 1 1 1 1 1 1 1 1 1 1 1 1 1 1 1 1 1 1 1 1 1 1 1 1 1 1 1 1 1 1 1 1 1 1 1 1 1 1 1 1 1 1 1 1 1 1 1 1 1 1 1 1 1 1 1 1 1 1 1 1 1 1 1 1 1 1 1 1 1 1 1 1 1 1 1 1 1 1 1 1 1 1 1 1 1 1 1 1 1 1 1 1 1 1 1 1 1 1 1 1 1 1 1 1 1 1 1 1 1 1 1 1 1 1 1 1 1 1 1 1 1 1 1 1 1 1 1 1 1 1 1 1 1 1 1 1 1 1 1 1 1 1 1 1 1 1 1 1 1 1 1 1 1 1 1 1 1 1 1 1 1 1 1 1 1 1 1 1 1 1 1 1 1 1 1 1 1 1 1 1 1 1 1 1 1 1 1 1 1 1 1 1 1 1 1 1 1 1 1 1 1 1 1 1 1 1 1 1 1 1 1 1 1 1 1 1 1 1 1 1 1 1 1 1 1 1 1 1 1 1 1 1 1 1 1 1 1 1 1 1 1 1 1 1 1 1 1 1 1 1 1 1 1 1 1 1 1 1 1 1 1 1 1 1 1 1 1 1 1 1 1 1 1 1 1 1 1 1 1 1 1 1 1 1 1 1 1 1 1 1 1 1 1 1 1 1 1 1 1 1 1 1 1 1 1 1 1 1 1 1 1 1 1 1 1 1 1 1 1 1 1 1 1 1 1 1 1 1 1 1 1 1 1 1 1 1 1 1 1 1 1 1 1 1 1 1 1 1 1 1 1 1 1 1 1 1 1 1 1 1 1 1 1 1 1 1 1 1 1 1 1 1 1 1 1 1 1 1 1 1 1 1 1 1 1 1 1 1 1 1 1 1 1 1 1 1 1 1 1 1 1 1 1 1 1 1 1 1 1 1 1 1 1 1 1 1 1 1 1 1 1 1 1 1 1 1 1 1 1 1 1 1 1 1 1 1 1 1 1 1 1 1 1 1 1 1 1 1 1 1 1 1 1 1 1 1 1 1 1 1 1 1 1 1 1 1 1 1 1 1 1 1 1 1 1 1 1 1 1 1 1 1 1 1 1 1 1 1 1 1 1 1 1 1 1 1 1 1 1 1 1 1 1 1 1 1 1 1 1 1 1 1 1 1 1 1 1 1 1 1 1 1 1 1 1 1 1 1 1 1 1 1 1 1 1 1 1 1 1 1 1 1 1 1 1 1 1 1 1 1 1 1 1 1 1 1 1 1 1 1 1 1 1 1 1 1 1 1 1 1 1 1 1 1 1 1 1 1 1 1 1 1 1 1 1 1 1 1 1 1 1 1 1 1 1 1 1 1 1 1 1 1 1 1 1 1 1 1 1 1 1 1 1 1 1 1 1 1 1 1 1 1 1 1 1 1 1 1 1 1 1 1 1 1 1 1 1 1 1 1 1 1 1 1 1 1 1 1 1 1 1 1 1 1 1 1 1 1 1 1 1 1 1 1 1 1 1 1 1 1 1 1 1 1 1 1 1 1 1 1 1 1 1 1 1 1 1 1 1 1 1 1 1 1 1 1 1 1 1 1 1 1 1 1 1 1 1 1 1 1 1 1 1 1 1 1 1 1 1 1 1 1 1 1 1 1 1 1 1 1 1 1 1 1 1 1 1 1 1 1 1 1 1 1 1 1 1 1 1 1 1 1 1 1 1 1 1 1 1 1 1 1 1 1 1 1 1 1 1 1 1 1 1 1 1 1 1 1 1 1 1 1 1 1 1 1 1 1 1 1 1 1 1 1 1 1 1 1 1 1 1 1 1 1 1 1 1 1 1 1 1 1 1 1 1 1 1 1 1 1 1 1 1 1 1 1 1 1 1 1 1 1 1 1 1 1 1 1 1 1 1 1 1 1 1 1 1 1 1 1 1 1 1 1 1 1 1 1 1 1 1 1 1 1 1 1 1 1 1 1 1 1 1 1 1 1 1 1 1 1 1 1 1 1 1 1 1 1 1 1 1 1 1 1 1 1 1 1 1 1 1 1 1 1 1 1 1 1 1 1 1 1 1 1 1 1 1 1 1 1 1 1 1 1 1 1 1 1 1 1 1 1 1 1 1 1 1 1 1 1 1 1 1 1 1 1 1 1 1 1 1 1 1 1 1 1 1 1 1 1 1 1 1 1 1 1 1 1 1 1 1 1 1 1 1 1 1 1 1 1 1 1 1 1 1 1 1 1 1 1 1 1 1 1 1 1 1 1 1 1 1 1 1 1 1 1 1 1 1 1 1 1 1 1 1 1 1 1 1 1 1 1 1 1 1 1 1 1 1 1 1 1 1 1 1 1 1 1 1 1 1 1 1 1 1 1 1 1 1 1 1 1 1 1 1 1 1 1 1 1 1 1 1 1 1 1 1 1 1 1 1 1 1 1 1 1 1 1 1 1 1 1 1 1 1 1 1 1 1 1 1 1 1 1 1 1 1 1 1 1 1 1 1 1 1 1 1 1 1 1 1 1 1 1 1 1 1 1 1 1 1 1 1 1 1 1 1 1 1 1 1 1 1 1 1 1 1 1 1 1 1 1 1 1 1 1 1 1 1 1 1 1 1 1 1 1 1 1 1 1 1 1 1 1 1 1 1 1 1 1 1 1 1 1 1 1 1 1 1 1 1 1 1 1 1 1 1 1 1 1 1 1 1 1 1 1 1 1 1 1 1 1 1 1 1 1 1 1 1 1 1 1 1 1 1 1 1 1 1 1 1 1 1 1 1 1 1 1 1 1 1 1 1 1 1 1 1 1 1 1 1 1 1 1 1 1 1 1 1 1 1 1 1 1 1 1 1 1 1 1 1 1 1 1 1 1 1 1 1 1 1 1 1 1 1 1 1 1 1 1 1 1 1 1 1 1 1 1 1 1 1 1 1 1 1 1 1 1 1 1 1 1 1 1 1 1 1 1 1 1 1 1 1 1 1 1 1 1 1 1 1 1 1 1 1 1 1 1 1 1 1 1 1 1 1 1 1 1 1 1 1 1 1 1 1 1 1 1 1 1 1 1 1 1 1 1 1 1 1 1 1 1 1 1 1 1 1 1 1 1 1 1 1 1 1 1 1 1 1 1 1 1 1 1 1 1 1 1 1 1 1 1 1 1 1 1 1 1 1 1 1 1 1 1 1 1 1 1 1 1 1 1 1 1 1 1 1 1 1 1 1 1 1 1 1 1 1 1 1 1 1 1 1 1 1 1 1 1 1 1 1 1 1 1 1 1 1 1 1 1 1 1 1 1 1 1 1 1 1 1 1 1 1 1 1 1 1 1 1 1 1 1 1 1 1 1 1 1 1 1 1 1 1 1 1 1 1 1 1 1 1 1 1 1 1 1 1 1 1 1 1 1 1 1 1 1 1 1 1 1 1 1 1 1 1 1 1 1 1 1 1 1 1 1 1 1 1 1 1 1 1 1 1 1 1 1 1 1 1 1 1 1 1 1 1 1 1 1 1 1 1 1 1 1 1 1 1 1 1 1 1 1 1 1 1 1 1 1 1 1 1 1 1 1 1 1 1 1 1 1 1 1 1 1 1 1 1 1 1 1 1 1 1 1 1 1 1 1 1 1 1 1 1 1 1 1 1 1 1 1 1 1 1 1 1 1 1 1 1 1 1 1 1 1 1 1 1 1 1 1 1 1 1 1 1 1 1 1 1 1 1 1 1 1 1 1 1 1 1 1 1 1 1 1 1 1 1 1 1 1 1 1 1 1 1 1 1 1 1 1 1 1 1 1 1 1 1 1 1 1 1 1 1 1 1 1 1 1 1 1 1 1 1 1 1 1 1 1 1 1 1 1 1 1 1 1 1 1 1 1 1 1 1 1 1 1 1 1 1 1 1 1 1 1 1 1 1 1 1 1 1 1 1 1 1 1 1 1 1 1 1 1 1 1 1 1 1 1 1 1 1 1 1 1 1 1 1 1 1 1 1 1 1 1 1 1 1 1 1 1 1 1 1 1 1 1 1 1 1 1 1 1 1 1 1 1 1 1 1 1 1 1 1 1 1 1 1 1 1 1 1 1 1 1 1 1 1 1 1 1 1 1 1 1 1 1 1 1 1 1 1 1 1 1 1 1 1 1 1 1 1 1 1 1 1 1 1 1 1 1 1 1 1 1 1 1 1 1 1 1 1 1 1 1 1 1 1 1 1 1 1 1 1 1 1 1 1 1 1 1 1 1 1 1 1 1 1 1 1 1 1 1 1 1 1 1 1 1 1 1 1 1 1 1 1 1 1 1 1 1 1 1 1 1 1 1 1 1 1 1 1 1 1 1 1 1 1 1 1 1 1 1 1 1 1 1 1 1 1 1 1 1 1 1 1 1 1 1 1 1 1 1 1 1 1 1 1 1 1 1 1 1 1 1 1 1 1 1 1 1 1 1 1 1 1 1 1 1 1 1 1 1 1 1 1 1 1 1 1 1 1 1 1 1 1 1 1 1 1 1 1 1 1 1 1 1 1 1 1 1 1 1 1 1 1 1 1 1 1 1 1 1 1 1 1 1 1 1 1 1 1 1 1 1 1 1 1 1 1 1 1 1 1 1 1 1 1 1 1 1 1 1 1 1 1 1 1 1 1 1 1 1 1 1 1 1 1 1 1 1 1 1 1 1 1 1 1 1 1 1 1 1 1 1 1 1 1 1 1 1 1 1 1 1 1 1 1 1 1 1 1 1 1 1 1 1 1 1 1 1 1 1 1 1 1 1 1 1 1 1 1 1 1 1 1 1 1 1 1 1 1 1 1 1 1 1 1 1 1 1 1 1 1 1 1 1 1 1 1 1 1 1 1 1 1 1 1 1 1 1 1 1 1 1 1 1 1 1 1 1 1 1 1 1 1 1 1 1 1 1 1 1 1 1 1 1 1 1 1 1 1 1 1 1 1 1 1 1 1 1 1 1 1 1 1 1 1 1 1 1 1 1 1 1 1 1 1 1 1 1 1 1 1 1 1 1 1 1 1 1 1 1 1 1 1 1 1 1 1 1 1 1 1 1 1 1 1 1 1 1 1 1 1 1 1 1 1 1 1 1 1 1 1 1 1 1 1 1 1 1 1 1 1 1 1 1 1 1 1 1 1 1 1 1 1 1 1 1 1 1 1 1 1 1 1 1 1 1 1 1 1 1 1 1 1 1 1 1 1 1 1 1 1 1 1 1 1 1 1 1 1 1 1 1 1 1 1 1 1 1 1 1 1 1 1 1 1 1 1 1 1 1 1 1 1 1 1 1 1 1 1 1 1 1 1 1 1 1 1 1 1 1 1 1 1 1 1 1 1 1 1 1 1 1 1 1 1 1 1 1 1 1 1 1 1 1 1 1 1 1 1 1 1 1 1 1 1 1 1 1 1 1 1 1 1 1 1 1 1 1 1 1 1 1 1 1 1 1 1 1 1 1 1 1 1 1 1 1 1 1 1 1 1 1 1 1 1 1 1 1 1 1 1 1 1 1 1 1 1 1 1 1 1 1 1 1 1 1 1 1 1 1 1 1 1 1 1 1 1 1 1 1 1 1 1 1 1 1 1 1 1 1 1 1 1 1 1 1 1 1 1 1 1 1 1 1 1 1 1 1 1 1 1 1 1 1 1 1 1 1 1 1 1 1 1 1 1 1 1 1 1 1 1 1 1 1 1 1 1 1 1 1 1 1 1 1 1 1 1 1 1 1 1 1 1 1 1 1 1 1 1 1 1 1 1 1 1 1 1 1 1 1 1 1 1 1 1 1 1 1 1 1 1 1 1 1 1 1 1 1 1 1 1 1 1 1 1 1 1 1 1 1 1 1 1 1 1 1 1 1 1 1 1 1 1 1 1 1 1 1 1 1 1 1 1 1 1 1 1 1 1 1 1 1 1 1 1 1 1 1 1 1 1 1 1 1 1 1 1 1 1 1 1 1 1 1 1 1 1 1 1 1 1 1 1 1 1 1 1 1 1 1 1 1 1 1 1 1 1 1 1 1 1 1 1 1 1 1 1 1 1 1 1 1 1 1 1 1 1 1 1 1 1 1 1 1 1 1 1 1 1 1 1 1 1 1 1 1 1 1 1 1 1 1 1 1 1 1 1 1 1 1 1 1 1 1 1 1 1 1 1 1 1 1 1 1 1 1 1 1 1 1 1 1 1 1 1 1 1 1 1 1 1 1 1 1 1 1 1 1 1 1 1 1 1 1 1 1 1 1 1 1 1 1 1 1 1 1 1 1 1 1 1 1 1 1 1 1 1 1 1 1 1 1 1 1 1 1 1 1 1 1 1 1 1 1 1 1 1 1 1 1 1 1 1 1 1 1 1 1 1 1 1 1 1 1 1 1 1 1 1 1 1 1 1 1 1 1 1 1 1 1 1 1 1 1 1 1 1 1 1 1 1 1 1 1 1 1 1 1 1 1 1 1 1 1 1 1 1 1 1 1 1 1 1 1 1 1 1 1 1 1 1 1 1 1 1 1 1 1 1 1 1 1 1 1 1 1 1 1 1 1 1 1 1 1 1 1 1 1 1 1 1 1 1 1 1 1 1 1 1 1 1 1 1 1 1 1 1 1 1 1 1 1 1 1 1 1 1 1 1 1 1 1 1 1 1 1 1 1 1 1 1 1 1 1 1 1 1 1 1 1 1 1 1 1 1 1 1 1 1 1 1 1 1 1 1 1 1 1 1 1 1 1 1 1 1 1 1 1 1 1 1 1 1 1 1 1 1 1 1 1 1 1 1 1 1 1 1 1 1 1 1 1 1 1 1 1 1 1 1 1 1 1 1 1 1 1 1 1 1 1 1 1 1 1 1 1 1 1 1 1 1 1 1 1 1 1 1 1 1 1 1 1 1 1 1 1 1 1 1 1 1 1 1 1 1 1 1 1 1 1 1 1 1 1 1 1 1 1 1 1 1 1 1 1 1 1 1 1 1 1 1 1 1 1 1 1 1 1 1 1 1 1 1 1 1 1 1 1 1 1 1 1 1 1 1 1 1 1 1 1 1 1 1 1 1 1 1 1 1 1 1 1 1 1 1 1 1 1 1 1 1 1 1 1 1 1 1 1 1 1 1 1 1 1 1 1 1 1 1 1 1 1 1 1 1 1 1 1 1 1 1 1 1 1 1 1 1 1 1 1 1 1 1 1 1 1 1 1 1 1 1 1 1 1 1 1 1 1 1 1 1 1 1 1 1 1 1 1 1 1 1 1 1 1 1 1 1 1 1 1 1 1 1 1 1 1 1 1 1 1 1 1 1 1 1 1 1 1 1 1 1 1 1 1 1 1 1 1 1 1 1 1 1 1 1 1 1 1 1 1 1 1 1 1 1 1 1 1 1 1 1 1 1 1 1 1 1 1 1 1 1 1 1 1 1 1 1 1 1 1 1 1 1 1 1 1 1 1 1 1 1 1 1 1 1 1 1 1 1 1 1 1 1 1 1 1 1 1 1 1 1 1 1 1 1 1 1 1 1 1 1 1 1 1 1 1 1 1 1 1 1 1 1 1 1 1 1 1 1 1 1 1 1 1 1 1 1 1 1 1 1 1 1 1 1 1 1 1 1 1 1 1 1 1 1 1 1 1 1 1 1 1 1 1 1 1 1 1 1 1 1 1 1 1 1 1 1 1 1 1 1 1 1 1 1 1 1 1 1 1 1 1 1 1 1 1 1 1 1 1 1 1 1 1 1 1 1 1 1 1 1 1 1 1 1 1 1 1 1 1 1 1 1 1 1 1 1 1 1 1 1 1 1 1 1 1 1 1 1 1 1 1 1 1 1 1 1 1 1 1 1 1 1 1 1 1 1 1 1 1 1 1 1 1 1 1 1 1 1 1 1 1 1 1 1 1 1 1 1 1 1 1 1 1 1 1 1 1 1 1 1 1 1 1 1 1 1 1 1 1 1 1 1 1 1 1 1 1 1 1 1 1 1 1 1 1 1 1 1 1 1 1 1 1 1 1 1 1 1 1 1 1 1 1 1 1 1 1 1 1 1 1 1 1 1 1 1 1 1 1 1 1 1 1 1 1 1 1 1 1 1 1 1 1 1 1 1 1 1 1 1 1 1 1 1 1 1 1 1 1 1 1 1 1 1 1 1 1 1 1 1 1 1 1 1 1 1 1 1 1 1 1 1 1 1 1 1 1 1 1 1 1 1 1 1 1 1 1 1 1 1 1 1 1 1 1 1 1 1 1 1 1 1 1 1 1 1 1 1 1 1 1 1 1 1 1 1 1 1 1 1 1 1 1 1 1 1 1 1 1 1 1 1 1 1 1 1 1 1 1 1 1 1 1 1 1 1 1 1 1 1 1 1 1 1 1 1 1 1 1 1 1 1 1 1 1 1 1 1 1 1 1 1 1 1 1 1 1 1 1 1 1 1 1 1 1 1 1 1 1 1 1 1 1 1 1 1 1 1 1 1 1 1 1 1 1 1 1 1 1 1 1 1 1 1 1 1 1 1 1 1 1 1 1 1 1 1 1 1 1 1 1 1 1 1 1 1 1 1 1 1 1 1 1 1 1 1 1 1 1 1 1 1 1 1 1 1 1 1 1 1 1 1 1 1 1 1 1 1 1 1 1 1 1 1 1 1 1 1 1 1 1 1 1 1 1 1 1 1 1 1 1 1 1 1 1 1 1 1 1 1 1 1 1 1 1 1 1 1 1 1 1 1 1 1 1 1 1 1 1 1 1 1 1 1 1 1 1 1 1 1 1 1 1 1 1 1 1 1 1 1 1 1 1 1 1 1 1 1 1 1 1 1 1 1 1 1 1 1 1 1 1 1 1 1 1 1 1 1 1 1 1 1 1 1 1 1 1 1 1 1 1 1 1 1 1 1 1 1 1 1 1 1 1 1 1 1 1 1 1 1 1 1 1 1 1 1 1 1 1 1 1 1 1 1 1 1 1 1 1 1 1 1 1 1 1 1 1 1 1 1 1 1 1 1 1 1 1 1 1 1 1 1 1 1 1 1 1 1 1 1 1 1 1 1 1 1 1 1 1 1 1 1 1 1 1 1 1 1 1 1 1 1 1 1 1 1 1 1 1 1 1 1 1 1 1 1 1 1 1 1 1 1 1 1 1 1 1 1 1 1 1 1 1 1 1 1 1 1 1 1 1 1 1 1 1 1 1 1 1 1 1 1 1 1 1 1 1 1 1 1 1 1 1 1 1 1 1 1 1 1 1 1 1 1 1 1 1 1 1 1 1 1 1 1 1 1 1 1 1 1 1 1 1 1 1 1 1 1 1 1 1 1 1 1 1 1 1 1 1 1 1 1 1 1 1 1 1 1 1 1 1 1 1 1 1 1 1 1 1 1 1 1 1 1 1 1 1 1 1 1 1 1 1 1 1 1 1 1 1 1 1 1 1 1 1 1 1 1 1 1 1 1 1 1 1 1 1 1 1 1 1 1 1 1 1 1 1 1 1 1 1 1 1 1 1 1 1 1 1 1 1 1 1 1 1 1 1 1 1 1 1 1 1 1 1 1 1 1 1 1 1 1 1 1 1 1 1 1 1 1 1 1 1 1 1 1 1 1 1 1 1 1 1 1 1 1 1 1 1 1 1 1 1 1 1 1 1 1 1 1 1 1 1 1 1 1 1 1 1 1 1 1 1 1 1 1 1 1 1 1 1 1 1 1 1 1 1 1 1 1 1 1 1 1 1 1 1 1 1 1 1 1 1 1 1 1 1 1 1 1 1 1 1 1 1 1 1 1 1 1 1 1 1 1 1 1 1 1 1 1 1 1 1 1 1 1 1 1 1 1 1 1 1 1 1 1 1 1 1 1 1 1 1 1 1 1 1 1 1 1 1 1 1 1 1 1 1 1 1 1 1 1 1 1 1 1 1 1 1 1 1 1 1 1 1 1 1 1 1 1 1 1 1 1 1 1 1 1 1 1 1 1 1 1 1 1 1 1 1 1 1 1 1 1 1 1 1 1 1 1 1 1 1 1 1 1 1 1 1 1 1 1 1 1 1 1 1 1 1 1 1 1 1 1 1 1 1 1 1 1 1 1 1 1 1 1 1 1 1 1 1 1 1 1 1 1 1 1 1 1 1 1 1 1 1 1 1 1 1 1 1 1 1 1 1 1 1 1 1 1 1 1 1 1 1 1 1 1 1 1 1 1 1 1 1 1 1 1 1 1 1 1 1 1 1 1 1 1 1 1 1 1 1 1 1 1 1 1 1 1 1 1 1 1 1 1 1 1 1 1 1 1 1 1 1 1 1 1 1 1 1 1 1 1 1 1 1 1 1 1 1 1 1 1 1 1 1 1 1 1 1 1 1 1 1 1 1 1 1 1 1 1 1 1 1 1 1 1 1 1 1 1 1 1 1 1 1 1 1 1 1 1 1 1 1 1 1 1 1 1 1 1 1 1 1 1 1 1 1 1 1 1 1 1 1 1 1 1 1 1 1 1 1 1 1 1 1 1 1 1 1 1 1 1 1 1 1 1 1 1 1 1 1 1 1 1 1 1 1 1 1 1 1 1 1 1 1 1 1 1 1 1 1 1 1 1 1 1 1 1 1 1 1 1 1 1 1 1 1 1 1 1 1 1 1 1 1 1 1 1 1 1 1 1 1 1 1 1 1 1 1 1 1 1 1 1 1 1 1 1 1 1 1 1 1 1 1 1 1 1 1 1 1 1 1 1 1 1 1 1 1 1 1 1 1 1 1 1 1 1 1 1 1 1 1 1 1 1 1 1 1 1 1 1 1 1 1 1 1 1 1 1 1 1 1 1 1 1 1 1 1 1 1 1 1 1 1 1 1 1 1 1 1 1 1 1 1 1 1 1 1 1 1 1 1 1 1 1 1 1 1 1 1 1 1 1 1 1 1 1 1 1 1 1 1 1 1 1 1 1 1 1 1 1 1 1 1 1 1 1 1 1 1 1 1 1 1 1 1 1 1 1 1 1 1 1 1 1 1 1 1 1 1 1 1 1 1 1 1 1 1 1 1 1 1 1 1 1 1 1 1 1 1 1 1 1 1 1 1 1 1 1 1 1 1 1 1 1 1 1 1 1 1 1 1 1 1 1 1 1 1 1 1 1 1 1 1 1 1 1 1 1 1 1 1 1 1 1 1 1 1 1 1 1 1 1 1 1 1 1 1 1 1 1 1 1 1 1 1 1 1 1 1 1 1 1 1 1 1 1 1 1 1 1 1 1 1 1 1 1 1 1 1 1 1 1 1 1 1 1 1 1 1 1 1 1 1 1 1 1 1 1 1 1 1 1 1 1 1 1 1 1 1 1 1 1 1 1 1 1 1 1 1 1 1 1 1 1 1 1 1 1 1 1 1 1 1 1 1 1 1 1 1 1 1 1 1 1 1 1 1 1 1 1 1 1 1 1 1 1 1 1 1 1 1 1 1 1 1 1 1 1 1 1 1 1 1 1 1 1 1 1 1 1 1 1 1 1 1 1 1 1 1 1 1 1 1 1 1 1 1 1 1 1 1 1 1 1 1 1 1 1 1 1 1 1 1 1 1 1 1 1 1 1 1 1 1 1 1 1 1 1 1 1 1 1 1 1 1 1 1 1 1 1 1 1 1 1 1 1 1 1 1 1 1 1 1 1 1 1 1 1 1 1 1 1 1 1 1 1 1 1 1 1 1 1 1 1 1 1 1 1 1 1 1 1 1 1 1 1 1 1 1 1 1 1 1 1 1 1 1 1 1 1 1 1 1 1 1 1 1 1 1 1 1 1 1 1 1 1 1 1 1 1 1 1 1 1 1 1 1 1 1 1 1 1 1 1 1 1 1 1 1 1 1 1 1 1 1 1 1 1 1 1 1 1 1 1 1 1 1 1 1 1 1 1 1 1 1 1 1 1 1 1 1 1 1 1 1 1 1 1 1 1 1 1 1 1 1 1 1 1 1 1 1 1 1 1 1 1 1 1 1 1 1 1 1 1 1 1 1 1 1 1 1 1 1 1 1 1 1 1 1 1 1 1 1 1 1 1 1 1 1 1 1 1 1 1 1 1 1 1 1 1 1 1 1 1 1 1 1 1 1 1 1 1 1 1 1 1 1 1 1 1 1 1 1 1 1 1 1 1 1 1 1 1 1 1 1 1 1 1 1 1 1 1 1 1 1 1 1 1 1 1 1 1 1 1 1 1 1 1 1 1 1 1 1 1 1 1 1 1 1 1 1 1 1 1 1 1 1 1 1 1 1 1 1 1 1 1 1 1 1 1 1 1 1 1 1 1 1 1 1 1 1 1 1 1 1 1 1 1 1 1 1 1 1 1 1 1 1 1 1 1 1 1 1 1 1 1 1 1 1 1 1 1 1 1 1 1 1 1 1 1 1 1 1 1 1 1 1 1 1 1 1 1 1 1 1 1 1 1 1 1 1 1 1 1 1 1 1 1 1 1 1 1 1 1 1 1 1 1 1 1 1 1 1 1 1 1 1 1 1 1 1 1 1 1 1 1 1 1 1 1 1 1 1 1 1 1 1 1 1 1 1 1 1 1 1 1 1 1 1 1 1 1 1 1 1 1 1 1 1 1 1 1 1 1 1 1 1 1 1 1 1 1 1 1 1 1 1 1 1 1 1 1 1 1 1 1 1 1 1 1 1 1 1 1 1 1 1 1 1 1 1 1 1 1 1 1 1 1 1 1 1 1 1 1 1 1 1 1 1 1 1 1 1 1 1 1 1 1 1 1 1 1 1 1 1 1 1 1 1 1 1 1 1 1 1 1 1 1 1 1 1 1 1 1 1 1 1 1 1 1 1 1 1 1 1 1 1 1 1 1 1 1 1 1 1 1 1 1 1 1 1 1 1 1 1 1 1 1 1 1 1 1 1 1 1 1 1 1 1 1 1 1 1 1 1 1 1 1 1 1 1 1 1 1 1 1 1 1 1 1 1 1 1 1 1 1 1 1 1 1 1 1 1 1 1 1 1 1 1 1 1 1 1 1 1 1 1 1 1 1 1 1 1 1 1 1 1 1 1 1 1 1 1 1 1 1 1 1 1 1 1 1 1 1 1 1 1 1 1 1 1 1 1 1 1 1 1 1 1 1 1 1 1 1 1 1 1 1 1 1 1 1 1 1 1 1 1 1 1 1 1 1 1 1 1 1 1 1 1 1 1 1 1 1 1 1 1 1 1 1 1 1 1 1 1 1 1 1 1 1 1 1 1 1 1 1 1 1 1 1 1 1 1 1 1 1 1 1 1 1 1 1 1 1 1 1 1 1 1 1 1 1 1 1 1 1 1 1 1 1 1 1 1 1 1 1 1 1 1 1 1 1 1 1 1 1 1 1 1 1 1 1 1 1 1 1 1 1 1 1 1 1 1 1 1 1 1 1 1 1 1 1 1 1 1 1 1 1 1 1 1 1 1 1 1 1 1 1 1 1 1 1 1 1 1 1 1 1 1 1 1 1 1 1 1 1 1 1 1 1 1 1 1 1 1 1 1 1 1 1 1 1 1 1 1 1 1 1 1 1 1 1 1 1 1 1 1 1 1 1 1 1 1 1 1 1 1 1 1 1 1 1 1 1 1 1 1 1 1 1 1 1 1 1 1 1 1 1 1 1 1 1 1 1 1 1 1 1 1 1 1 1 1 1 1 1 1 1 1 1 1 1 1 1 1 1 1 1 1 1 1 1 1 1 1 1 1 1 1 1 1 1 1 1 1 1 1 1 1 1 1 1 1 1 1 1 1 1 1 1 1 1 1 1 1 1 1 1 1 1 1 1 1 1 1 1 1 1 1 1 1 1 1 1 1 1 1 1 1 1 1 1 1 1 1 1 1 1 1 1 1 1 1 1 1 1 1 1 1 1 1 1 1 1 1 1 1 1 1 1 1 1 1 1 1 1 1 1 1 1 1 1 1 1 1 1 1 1 1 1 1 1 1 1 1 1 1 1 1 1 1 1 1 1 1 1 1 1 1 1 1 1 1 1 1 1 1 1 1 1 1 1 1 1 1 1 1 1 1 1 1 1 1 1 1 1 1 1 1 1 1 1 1 1 1 1 1 1 1 1 1 1 1 1 1 1 1 1 1 1 1 1 1 1 1 1 1 1 1 1 1 1 1 1 1 1 1 1 1 1 1 1 1 1 1 1 1 1 1 1 1 1 1 1 1 1 1 1 1 1 1 1 1 1 1 1 1 1 1 1 1 1 1 1 1 1 1 1 1 1 1 1 1 1 1 1 1 1 1 1 1 1 1 1 1 1 1 1 1 1 1 1 1 1 1 1 1 1 1 1 1 1 1 1 1 1 1 1 1 1 1 1 1 1 1 1 1 1 1 1 1 1 1 1 1 1 1 1 1 1 1 1 1 1 1 1 1 1 1 1 1 1 1 1 1 1 1 1 1 1 1 1 1 1 1 1 1 1 1 1 1 1 1 1 1 1 1 1 1 1 1 1 1 1 1 1 1 1 1 1 1 1 1 1 1 1 1 1 1 1 1 1 1 1 1 1 1 1 1 1 1 1 1 1 1 1 1 1 1 1 1 1 1 1 1 1 1 1 1 1 1 1 1 1 1 1 1 1 1 1 1 1 1 1 1 1 1 1 1 1 1 1 1 1 1 1 1 1 1 1 1 1 1 1 1 1 1 1 1 1 1 1 1 1 1 1 1 1 1 1 1 1 1 1 1 1 1 1 1 1 1 1 1 1 1 1 1 1 1 1 1 1 1 1 1 1 1 1 1 1 1 1 1 1 1 1 1 1 1 1 1 1 1 1 1 1 1 1 1 1 1 1 1 1 1 1 1 1 1 1 1 1 1 1 1 1 1 1 1 1 1 1 1 1 1 1 1 1 1 1 1 1 1 1 1 1 1 1 1 1 1 1 1 1 1 1 1 1 1 1 1 1 1 1 1 1 1 1 1 1 1 1 1 1 1 1 1 1 1 1 1 1 1 1 1 1 1 1 1 1 1 1 1 1 1 1 1 1 1 1 1 1 1 1 1 1 1 1 1 1 1 1 1 1 1 1 1 1 1 1 1 1 1 1 1 1 1 1 1 1 1 1 1 1 1 1 1 1 1 1 1 1 1 1 1 1 1 1 1 1 1 1 1 1 1 1 1 1 1 1 1 1 1 1 1 1 1 1 1 1 1 1 1 1 1 1 1 1 1 1 1 1 1 1 1 1 1 1 1 1 1 1 1 1 1 1 1 1 1 1 1 1 1 1 1 1 1 1 1 1 1 1 1 1 1 1 1 1 1 1 1 1 1 1 1 1 1 1 1 1 1 1 1 1 1 1 1 1 1 1 1 1 1 1 1 1 1 1 1 1 1 1 1 1 1 1 1 1 1 1 1 1 1 1 1 1 1 1 1 1 1 1 1 1 1 1 1 1 1 1 1 1 1 1 1 1 1 1 1 1 1 1 1 1 1 1 1 1 1 1 1 1 1 1 1 1 1 1 1 1 1 1 1 1 1 1 1 1 1 1 1 1 1 1 1 1 1 1 1 1 1 1 1 1 1 1 1 1 1 1 1 1 1 1 1 1 1 1 1 1 1 1 1 1 1 1 1 1 1 1 1 1 1 1 1 1 1 1 1 1 1 1 1 1 1 1 1 1 1 1 1 1 1 1 1 1 1 1 1 1 1 1 1 1 1 1 1 1 1 1 1 1 1 1 1 1 1 1 1 1 1 1 1 1 1 1 1 1 1 1 1 1 1 1 1 1 1 1 1 1 1 1 1 1 1 1 1 1 1 1 1 1 1 1 1 1 1 1 1 1 1 1 1 1 1 1 1 1 1 1 1 1 1 1 1 1 1 1 1 1 1 1 1 1 1 1 1 1 1 1 1 1 1 1 1 1 1 1 1 1 1 1 1 1 1 1 1 1 1 1 1 1 1 1 1 1 1 1 1 1 1 1 1 1 1 1 1 1 1 1 1 1 1 1 1 1 1 1 1 1 1 1 1 1 1 1 1 1 1 1 1 1 1 1 1 1 1 1 1 1 1 1 1 1 1 1 1 1 1 1 1 1 1 1 1 1 1 1 1 1 1 1 1 1 1 1 1 1 1 1 1 1 1 1 1 1 1 1 1 1 1 1 1 1 1 1 1 1 1 1 1 1 1 1 1 1 1 1 1 1 1 1 1 1 1 1 1 1 1 1 1 1 1 1 1 1 1 1 1 1 1 1 1 1 1 1 1 1 1 1 1 1 1 1 1 1 1 1 1 1 1 1 1 1 1 1 1 1 1 1 1 1 1 1 1 1 1 1 1 1 1 1 1 1 1 1 1 1 1 1 1 1 1 1 1 1 1 1 1 1 1 1 1 1 1 1 1 1 1 1 1 1 1 1 1 1 1 1 1 1 1 1 1 1 1 1 1 1 1 1 1 1 1 1 1 1 1 1 1 1 1 1 1 1 1 1 1 1 1 1 1 1 1 1 1 1 1 1 1 1 1 1 1 1 1 1 1 1 1 1 1 1 1 1 1 1 1 1 1 1 1 1 1 1 1 1 1 1 1 1 1 1 1 1 1 1 1 1 1 1 1 1 1 1 1 1 1 1 1 1 1 1 1 1 1 1 1 1 1 1 1 1 1 1 1 1 1 1 1 1 1 1 1 1 1 1 1 1 1 1 1 1 1 1 1 1 1 1 1 1 1 1 1 1 1 1 1 1 1 1 1 1 1 1 1 1 1 1 1 1 1 1 1 1 1 1 1 1 1 1 1 1 1 1 1 1 1 1 1 1 1 1 1 1 1 1 1 1 1 1 1 1 1 1 1 1 1 1 1 1 1 1 1 1 1 1 1 1 1 1 1 1 1 1 1 1 1 1 1 1 1 1 1 1 1 1 1 1 1 1 1 1 1 1 1 1 1 1 1 1 1 1 1 1 1 1 1 1 1 1 1 1 1 1 1 1 1 1 1 1 1 1 1 1 1 1 1 1 1 1 1 1 1 1 1 1 1 1 1 1 1 1 1 1 1 1 1 1 1 1 1 1 1 1 1 1 1 1 1 1 1 1 1 1 1 1 1 1 1 1 1 1 1 1 1 1 1 1 1 1 1 1 1 1 1 1 1 1 1 1 1 1 1 1 1 1 1 1 1 1 1 1 1 1 1 1 1 1 1 1 1 1 1 1 1 1 1 1 1 1 1 1 1 1 1 1 1 1 1 1 1 1 1 1 1 1 1 1 1 1 1 1 1 1 1 1 1 1 1 1 1 1 1 1 1 1 1 1 1 1 1 1 1 1 1 1 1 1 1 1 1 1 1 1 1 1 1 1 1 1 1 1 1 1 1 1 1 1 1 1 1 1 1 1 1 1 1 1 1 1 1 1 1 1 1 1 1 1 1 1 1 1 1 1 1 1 1 1 1 1 1 1 1 1 1 1 1 1 1 1 1 1 1 1 1 1 1 1 1 1 1 1 1 1 1 1 1 1 1 1 1 1 1 1 1 1 1 1 1 1 1 1 1 1 1 1 1 1 1 1 1 1 1 1 1 1 1 1 1 1 1 1 1 1 1 1 1 1 1 1 1 1 1 1 1 1 1 1 1 1 1 1 1 1 1 1 1 1 1 1 1 1 1 1 1 1 1 1 1 1 1 1 1 1 1 1 1 1 1 1 1 1 1 1 1 1 1 1 1 1 1 1 1 1 1 1 1 1 1 1 1 1 1 1 1 1 1 1 1 1 1 1 1 1 1 1 1 1 1 1 1 1 1 1 1 1 1 1 1 1 1 1 1 1 1 1 1 1 1 1 1 1 1 1 1 1 1 1 1 1 1 1 1 1 1 1 1 1 1 1 1 1 1 1 1 1 1 1 1 1 1 1 1 1 1 1 1 1 1 1 1 1 1 1 1 1 1 1 1 1 1 1 1 1 1 1 1 1 1 1 1 1 1 1 1 1 1 1 1 1 1 1 1 1 1 1 1 1 1 1 1 1 1 1 1 1 1 1 1 1 1 1 1 1 1 1 1 1 1 1 1 1 1 1 1 1 1 1 1 1 1 1 1 1 1 1 1 1 1 1 1 1 1 1 1 1 1 1 1 1 1 1 1 1 1 1 1 1 1 1 1 1 1 1 1 1 1 1 1 1 1 1 1 1 1 1 1 1 1 1 1 1 1 1 1 1 1 1 1 1 1 1 1 1 1 1 1 1 1 1 1 1 1 1 1 1 1 1 1 1 1 1 1 1 1 1 1 1 1 1 1 1 1 1 1 1 1 1 1 1 1 1 1 1 1 1 1 1 1 1 1 1 1 1 1 1 1 1 1 1 1 1 1 1 1 1 1 1 1 1 1 1 1 1 1 1 1 1 1 1 1 1 1 1 1 1 1 1 1 1 1 1 1 1 1 1 1 1 1 1 1 1 1 1 1 1 1 1 1 1 1 1 1 1 1 1 1 1 1 1 1 1 1 1 1 1 1 1 1 1 1 1 1 1 1 1 1 1 1 1 1 1 1 1 1 1 1 1 1 1 1 1 1 1 1 1 1 1 1 1 1 1 1 1 1 1 1 1 1 1 1 1 1 1 1 1 1 1 1 1 1 1 1 1 1 1 1 1 1 1 1 1 1 1 1 1 1 1 1 1 1 1 1 1 1 1 1 1 1 1 1 1 1 1 1 1 1 1 1 1 1 1 1 1 1 1 1 1 1 1 1 1 1 1 1 1 1 1 1 1 1 1 1 1 1 1 1 1 1 1 1 1 1 1 1 1 1 1 1 1 1 1 1 1 1 1 1 1 1 1 1 1 1 1 1 1 1 1 1 1 1 1 1 1 1 1 1 1 1 1 1 1 1 1 1 1 1 1 1 1 1 1 1 1 1 1 1 1 1 1 1 1 1 1 1 1 1 1 1 1 1 1 1 1 1 1 1 1 1 1 1 1 1 1 1 1 1 1 1 1 1 1 1 1 1 1 1 1 1 1 1 1 1 1 1 1 1 1 1 1 1 1 1 1 1 1 1 1 1 1 1 1 1 1 1 1 1 1 1 1 1 1 1 1 1 1 1 1 1 1 1 1 1 1 1 1 1 1 1 1 1 1 1 1 1 1 1 1 1 1 1 1 1 1 1 1 1 1 1 1 1 1 1 1 1 1 1 1 1 1 1 1 1 1 1 1 1 1 1 1 1 1 1 1 1 1 1 1 1 1 1 1 1 1 1 1 1 1 1 1 1 1 1 1 1 1 1 1 1 1 1 1 1 1 1 1 1 1 1 1 1 1 1 1 1 1 1 1 1 1 1 1 1 1 1 1 1 1 1 1 1 1 1 1 1 1 1 1 1 1 1 1 1 1 1 1 1 1 1 1 1 1 1 1 1 1 1 1 1 1 1 1 1 1 1 1 1 1 1 1 1 1 1 1 1 1 1 1 1 1 1 1 1 1 1 1 1 1 1 1 1 1 1 1 1 1 1 1 1 1 1 1 1 1 1 1 1 1 1 1 1 1 1 1 1 1 1 1 1 1 1 1 1 1 1 1 1 1 1 1 1 1 1 1 1 1 1 1 1 1 1 1 1 1 1 1 1 1 1 1 1 1 1 1 1 1 1 1 1 1 1 1 1 1 1 1 1 1 1 1 1 1 1 1 1 1 1 1 1 1 1 1 1 1 1 1 1 1 1 1 1 1 1 1 1 1 1 1 1 1 1 1 1 1 1 1 1 1 1 1 1 1 1 1 1 1 1 1 1 1 1 1 1 1 1 1 1 1 1 1 1 1 1 1 1 1 1 1 1 1 1 1 1 1 1 1 1 1 1 1 1 1 1 1 1 1 1 1 1 1 1 1 1 1 1 1 1 1 1 1 1 1 1 1 1 1 1 1 1 1 1 1 1 1 1 1 1 1 1 1 1 1 1 1 1 1 1 1 1 1 1 1 1 1 1 1 1 1 1 1 1 1 1 1 1 1 1 1 1 1 1 1 1 1 1 1 1 1 1 1 1 1 1 1 1 1 1 1 1 1 1 1 1 1 1 1 1 1 1 1 1 1 1 1 1 1 1 1 1 1 1 1 1 1 1 1 1 1 1 1 1 1 1 1 1 1 1 1 1 1 1 1 1 1 1 1 1 1 1 1 1 1 1 1 1 1 1 1 1 1 1 1 1 1 1 1 1 1 1 1 1 1 1 1 1 1 1 1 1 1 1 1 1 1 1 1 1 1 1 1 1 1 1 1 1 1 1 1 1 1 1 1 1 1 1 1 1 1 1 1 1 1 1 1 1 1 1 1 1 1 1 1 1 1 1 1 1 1 1 1 1 1 1 1 1 1 1 1 1 1 1 1 1 1 1 1 1 1 1 1 1 1 1 1 1 1 1 1 1 1 1 1 1 1 1 1 1 1 1 1 1 1 1 1 1 1 1 1 1 1 1 1 1 1 1 1 1 1 1 1 1 1 1 1 1 1 1 1 1 1 1 1 1 1 1 1 1 1 1 1 1 1 1 1 1 1 1 1 1 1 1 1 1 1 1 1 1 1 1 1 1 1 1 1 1 1 1 1 1 1 1 1 1 1 1 1 1 1 1 1 1 1 1 1 1 1 1 1 1 1 1 1 1 1 1 1 1 1 1 1 1 1 1 1 1 1 1 1 1 1 1 1 1 1 1 1 1 1 1 1 1 1 1 1 1 1 1 1 1 1 1 1 1 1 1 1 1 1 1 1 1 1 1 1 1 1 1 1 1 1 1 1 1 1 1 1 1 1 1 1 1 1 1 1 1 1 1 1 1 1 1 1 1 1 1 1 1 1 1 1 1 1 1 1 1 1 1 1 1 1 1 1 1 1 1 1 1 1 1 1 1 1 1 1 1 1 1 1 1 1 1 1 1 1 1 1 1 1 1 1 1 1 1 1 1 1 1 1 1 1 1 1 1 1 1 1 1 1 1 1 1 1 1 1 1 1 1 1 1 1 1 1 1 1 1 1 1 1 1 1 1 1 1 1 1 1 1 1 1 1 1 1 1 1 1 1 1 1 1 1 1 1 1 1 1 1 1 1 1 1 1 1 1 1 1 1 1 1 1 1 1 1 1 1 1 1 1 1 1 1 1 1 1 1 1 1 1 1 1 1 1 1 1 1 1 1 1 1 1 1 1 1 1 1 1 1 1 1 1 1 1 1 1 1 1 1 1 1 1 1 1 1 1 1 1 1 1 1 1 1 1 1 1 1 1 1 1 1 1 1 1 1 1 1 1 1 1 1 1 1 1 1 1 1 1 1 1 1 1 1 1 1 1 1 1 1 1 1 1 1 1 1 1 1 1 1 1 1 1 1 1 1 1 1 1 1 1 1 1 1 1 1 1 1 1 1 1 1 1 1 1 1 1 1 1 1 1 1 1 1 1 1 1 1 1 1 1 1 1 1 1 1 1 1 1 1 1 1 1 1 1 1 1 1 1 1 1 1 1 1 1 1 1 1 1 1 1 1 1 1 1 1 1 1 1 1 1 1 1 1 1 1 1 1 1 1 1 1 1 1 1 1 1 1 1 1 1 1 1 1 1 1 1 1 1 1 1 1 1 1 1 1 1 1 1 1 1 1 1 1 1 1 1 1 1 1 1 1 1 1 1 1 1 1 1 1 1 1 1 1 1 1 1 1 1 1 1 1 1 1 1 1 1 1 1 1 1 1 1 1 1 1 1 1 1 1 1 1 1 1 1 1 1 1 1 1 1 1 1 1 1 1 1 1 1 1 1 1 1 1 1 1 1 1 1 1 1 1 1 1 1 1 1 1 1 1 1 1 1 1 1 1 1 1 1 1 1 1 1 1 1 1 1 1 1 1 1 1 1 1 1 1 1 1 1 1 1 1 1 1 1 1 1 1 1 1 1 1 1 1 1 1 1 1 1 1 1 1 1 1 1 1 1 1 1 1 1 1 1 1 1 1 1 1 1 1 1 1 1 1 1 1 1 1 1 1 1 1 1 1 1 1 1 1 1 1 1 1 1 1 1 1 1 1 1 1 1 1 1 1 1 1 1 1 1 1 1 1 1 1 1 1 1 1 1 1 1 1 1 1 1 1 1 1 1 1 1 1 1 1 1 1 1 1 1 1 1 1 1 1 1 1 1 1 1 1 1 1 1 1 1 1 1 1 1 1 1 1 1 1 1 1 1 1 1 1 1 1 1 1 1 1 1 1 1 1 1 1 1 1 1 1 1 1 1 1 1 1 1 1 1 1 1 1 1 1 1 1 1 1 1 1 1 1 1 1 1 1 1 1 1 1 1 1 1 1 1 1 1 1 1 1 1 1 1 1 1 1 1 1 1 1 1 1 1 1 1 1 1 1 1 1 1 1 1 1 1 1 1 1 1 1 1 1 1 1 1 1 1 1 1 1 1 1 1 1 1 1 1 1 1 1 1 1 1 1 1 1 1 1 1 1 1 1 1 1 1 1 1 1 1 1 1 1 1 1 1 1 1 1 1 1 1 1 1 1 1 1 1 1 1 1 1 1 1 1 1 1 1 1 1 1 1 1 1 1 1 1 1 1 1 1 1 1 1 1 1 1 1 1 1 1 1 1 1 1 1 1 1 1 1 1 1 1 1 1 1 1 1 1 1 1 1 1 1 1 1 1 1 1 1 1 1 1 1 1 1 1 1 1 1 1 1 1 1 1 1 1 1 1 1 1 1 1 1 1 1 1 1 1 1 1 1 1 1 1 1 1 1 1 1 1 1 1 1 1 1 1 1 1 1 1 1 1 1 1 1 1 1 1 1 1 1 1 1 1 1 1 1 1 1 1 1 1 1 1 1 1 1 1 1 1 1 1 1 1 1 1 1 1 1 1 1 1 1 1 1 1 1 1 1 1 1 1 1 1 1 1 1 1 1 1 1 1 1 1 1 1 1 1 1 1 1 1 1 1 1 1 1 1 1 1 1 1 1 1 1 1 1 1 1 1 1 1 1 1 1 1 1 1 1 1 1 1 1 1 1 1 1 1 1 1 1 1 1 1 1 1 1 1 1 1 1 1 1 1 1 1 1 1 1 1 1 1 1 1 1 1 1 1 1 1 1 1 1 1 1 1 1 1 1 1 1 1 1 1 1 1 1 1 1 1 1 1 1 1 1 1 1 1 1 1 1 1 1 1 1 1 1 1 1 1 1 1 1 1 1 1 1 1 1 1 1 1 1 1 1 1 1 1 1 1 1 1 1 1 1 1 1 1 1 1 1 1 1 1 1 1 1 1 1 1 1 1 1 1 1 1 1 1 1 1 1 1 1 1 1 1 1 1 1 1 1 1 1 1 1 1 1 1 1 1 1 1 1 1 1 1 1 1 1 1 1 1 1 1 1 1 1 1 1 1 1 1 1 1 1 1 1 1 1 1 1 1 1 1 1 1 1 1 1 1 1 1 1 1 1 1 1 1 1 1 1 1 1 1 1 1 1 1 1 1 1 1 1 1 1 1 1 1 1 1 1 1 1 1 1 1 1 1 1 1 1 1 1 1 1 1 1 1 1 1 1 1 1 1 1 1 1 1 1 1 1 1 1 1 1 1 1 1 1 1 1 1 1 1 1 1 1 1 1 1 1 1 1 1 1 1 1 1 1 1 1 1 1 1 1 1 1 1 1 1 1 1 1 1 1 1 1 1 1 1 1 1 1 1 1 1 1 1 1 1 1 1 1 1 1 1 1 1 1 1 1 1 1 1 1 1 1 1 1 1 1 1 1 1 1 1 1 1 1 1 1 1 1 1 1 1 1 1 1 1 1 1 1 1 1 1 1 1 1 1 1 1 1 1 1 1 1 1 1 1 1 1 1 1 1 1 1 1 1 1 1 1 1 1 1 1 1 1 1 1 1 1 1 1 1 1 1 1 1 1 1 1 1 1</float_array>
          <technique_common>
            <accessor source="#daewon_dcx_01a_15x7_001-mesh-colors-geom-steelwheel_01a_15x8-map0-array" count="5724" stride="4">
              <param name="R" type="float"/>
              <param name="G" type="float"/>
              <param name="B" type="float"/>
              <param name="A" type="float"/>
            </accessor>
          </technique_common>
        </source>
        <vertices id="daewon_dcx_01a_15x7_001-mesh-vertices">
          <input semantic="POSITION" source="#daewon_dcx_01a_15x7_001-mesh-positions"/>
        </vertices>
        <triangles material="artproswear_5st_01a-material" count="1908">
          <input semantic="VERTEX" source="#daewon_dcx_01a_15x7_001-mesh-vertices" offset="0"/>
          <input semantic="NORMAL" source="#daewon_dcx_01a_15x7_001-mesh-normals" offset="1"/>
          <input semantic="TEXCOORD" source="#daewon_dcx_01a_15x7_001-mesh-map-0" offset="2" set="0"/>
          <input semantic="COLOR" source="#daewon_dcx_01a_15x7_001-mesh-colors-geom-steelwheel_01a_15x8-map0" offset="3" set="0"/>
          <p>25 0 0 0 30 1 1 1 24 2 2 2 301 3 3 3 6 4 4 4 525 5 5 5 75 6 6 6 81 7 7 7 74 8 8 8 132 9 9 9 140 10 10 10 139 11 11 11 30 1 12 12 36 12 13 13 29 13 14 14 172 14 15 15 178 15 16 16 171 16 17 17 84 17 18 18 93 18 19 19 92 19 20 20 523 20 21 21 34 21 22 22 522 22 23 23 96 23 24 24 103 24 25 25 95 25 26 26 96 23 27 27 105 26 28 28 104 27 29 29 9 28 30 30 15 29 31 31 8 30 32 32 30 1 33 33 38 31 34 34 37 32 35 35 123 33 36 36 128 34 37 37 122 35 38 38 988 36 39 39 1014 37 40 40 989 37 41 41 9 28 42 42 17 38 43 43 16 39 44 44 220 40 45 45 1 41 46 46 219 42 47 47 191 43 48 48 197 44 49 49 190 45 50 50 205 46 51 51 213 47 52 52 212 48 53 53 148 49 54 54 156 50 55 55 155 51 56 56 122 35 57 57 127 52 58 58 121 53 59 59 5 54 60 60 10 55 61 61 4 56 62 62 1010 57 63 63 992 58 64 64 993 57 65 65 175 59 66 66 512 60 67 67 513 61 68 68 218 62 69 69 1 41 70 70 0 63 71 71 139 11 72 72 148 49 73 73 147 64 74 74 155 51 75 75 164 65 76 76 163 66 77 77 142 67 78 78 151 68 79 79 150 69 80 80 971 70 81 81 1005 71 82 82 972 71 83 83 66 72 84 84 73 73 85 85 65 74 86 86 13 75 87 87 22 76 88 88 21 77 89 89 213 47 90 90 219 42 91 91 212 48 92 92 84 17 93 93 91 78 94 94 83 79 95 95 172 14 96 96 180 80 97 97 179 81 98 98 1000 82 99 99 1020 83 100 100 1001 83 101 101 59 84 102 102 65 74 103 103 519 85 104 104 28 86 105 105 34 21 106 106 27 87 107 107 90 88 108 108 97 89 109 109 96 23 110 110 42 90 111 111 49 91 112 112 48 92 113 113 157 93 114 114 166 94 115 115 165 95 116 116 977 96 117 117 1030 97 118 118 978 97 119 119 62 98 120 120 70 99 121 121 69 100 122 122 168 101 123 123 513 61 124 124 514 102 125 125 176 103 126 126 182 104 127 127 175 59 128 128 213 47 129 129 221 105 130 130 220 40 131 131 200 106 132 132 192 107 133 133 193 108 134 134 4 56 135 135 9 28 136 136 3 109 137 137 11 110 138 138 17 38 139 139 10 55 140 140 152 111 141 141 161 112 142 142 160 113 143 143 21 77 144 144 28 86 145 145 27 87 146 146 15 29 147 147 22 76 148 148 14 114 149 149 113 115 150 150 120 116 151 151 112 117 152 152 223 118 153 153 4 56 154 154 222 119 155 155 1011 120 156 156 983 121 157 157 984 120 158 158 53 122 159 159 519 85 160 160 52 123 161 161 169 124 162 162 175 59 163 163 168 101 164 164 170 125 165 165 176 103 166 166 169 124 167 167 105 26 168 168 113 115 169 169 112 117 170 170 115 126 171 171 122 35 172 172 114 127 173 173 244 128 174 174 1015 129 175 175 998 129 176 176 131 130 177 177 515 131 178 178 130 132 179 179 90 88 180 180 95 25 181 181 89 133 182 182 61 134 183 183 67 135 184 184 60 136 185 185 37 32 186 186 42 90 187 187 36 12 188 188 38 31 189 189 45 137 190 190 44 138 191 191 998 129 192 192 1016 82 193 193 1000 82 194 194 520 139 195 195 53 122 196 196 52 123 197 197 82 140 198 198 89 133 199 199 81 7 200 200 104 27 201 201 112 117 202 202 111 141 203 203 62 98 204 204 68 142 205 205 61 134 206 206 214 143 207 207 222 119 208 208 221 105 209 209 201 144 210 210 207 145 211 211 200 106 212 212 74 8 213 213 518 146 214 214 73 73 215 215 60 136 216 216 66 72 217 217 59 84 218 218 147 64 219 219 155 51 220 220 154 147 221 221 170 125 222 222 178 15 223 223 177 148 224 224 107 149 225 225 113 115 226 226 106 150 227 227 45 137 228 228 50 151 229 229 44 138 230 230 77 152 231 231 85 153 232 232 84 17 233 233 124 154 234 234 130 132 235 235 516 155 236 236 47 156 237 237 53 122 238 238 46 157 239 239 67 135 240 240 76 158 241 241 75 6 242 242 141 159 243 243 148 49 244 244 140 10 245 245 93 18 246 246 98 160 247 247 92 19 248 248 93 18 249 249 100 161 250 250 99 162 251 251 142 67 252 252 149 163 253 253 141 159 254 254 189 164 255 255 197 44 256 256 511 165 257 257 40 166 258 258 47 156 259 259 46 157 260 260 163 66 261 261 169 124 262 262 162 167 263 263 120 116 264 264 127 52 265 265 126 168 266 266 279 169 267 267 203 170 268 268 994 171 269 269 79 172 270 270 85 153 271 271 78 173 272 272 1025 174 273 273 973 175 274 274 974 174 275 275 70 99 276 276 77 152 277 277 69 100 278 278 522 22 279 279 40 166 280 280 521 176 281 281 34 21 282 282 41 177 283 283 40 166 284 284 82 140 285 285 91 78 286 286 90 88 287 287 23 178 288 288 30 1 289 289 29 13 290 290 31 179 291 291 39 180 292 292 38 31 293 293 1009 58 294 294 991 181 295 295 992 58 296 296 518 146 297 297 89 133 298 298 88 182 299 299 153 183 300 300 162 167 301 301 161 112 302 302 2 184 303 303 7 185 304 304 1 41 305 305 2 184 306 306 9 28 307 307 8 30 308 308 135 186 309 309 143 187 310 310 142 67 311 311 978 97 312 312 271 188 313 313 1018 188 314 314 88 182 315 315 95 25 316 316 517 189 317 317 0 63 318 318 7 185 319 319 6 4 320 320 7 185 321 321 15 29 322 322 14 114 323 323 178 15 324 324 184 190 325 325 177 148 326 326 107 149 327 327 115 126 328 328 114 127 329 329 976 191 330 330 1024 192 331 331 987 192 332 332 165 95 333 333 171 16 334 334 164 65 335 335 521 176 336 336 46 157 337 337 520 139 338 338 118 193 339 339 125 194 340 340 124 154 341 341 119 195 342 342 126 168 343 343 125 194 344 344 76 158 345 345 84 17 346 346 83 79 347 347 396 196 348 348 261 197 349 349 259 198 350 350 150 69 351 351 158 199 352 352 157 93 353 353 1021 200 354 354 999 201 355 355 990 200 356 356 56 202 357 357 63 203 358 358 62 98 359 359 21 77 360 360 523 20 361 361 20 204 362 362 184 190 363 363 191 43 364 364 183 205 365 365 163 66 366 366 171 16 367 367 170 125 368 368 202 206 369 369 208 207 370 370 201 144 371 371 975 208 372 372 1023 191 373 373 976 191 374 374 113 115 375 375 122 35 376 376 121 53 377 377 110 209 378 378 117 210 379 379 109 211 380 380 211 212 381 381 219 42 382 382 218 62 383 383 75 6 384 384 83 79 385 385 82 140 386 386 99 162 387 387 106 150 388 388 98 160 389 389 179 81 390 390 187 213 391 391 186 214 392 392 1032 215 393 393 995 216 394 394 996 215 395 395 103 24 396 396 109 211 397 397 102 217 398 398 125 194 399 399 133 218 400 400 132 9 401 401 200 106 402 402 206 219 403 403 199 220 404 404 99 162 405 405 108 221 406 406 107 149 407 407 145 222 408 408 153 183 409 409 152 111 410 410 6 4 411 411 14 114 412 412 13 75 413 413 29 13 414 414 35 223 415 415 28 86 416 416 126 168 417 417 134 224 418 418 133 218 419 419 16 39 420 420 25 0 421 421 24 2 422 422 165 95 423 423 173 225 424 424 172 14 425 425 977 96 426 426 1014 37 427 427 1028 96 428 428 160 113 429 429 168 101 430 430 514 102 431 431 110 209 432 432 119 195 433 433 118 193 434 434 191 43 435 435 199 220 436 436 198 226 437 437 207 145 438 438 215 227 439 439 214 143 440 440 157 93 441 441 164 65 442 442 156 50 443 443 209 228 444 444 215 227 445 445 208 207 446 446 118 193 447 447 516 155 448 448 117 210 449 449 139 11 450 450 146 229 451 451 138 230 452 452 55 231 453 453 60 136 454 454 54 232 455 455 56 202 456 456 61 134 457 457 55 231 458 458 187 213 459 459 194 233 460 460 186 214 461 461 1018 188 462 462 983 121 463 463 274 121 464 464 50 151 465 465 56 202 466 466 49 91 467 467 197 44 468 468 509 234 469 469 511 165 470 470 161 112 471 471 169 124 472 472 168 101 473 473 48 92 474 474 54 232 475 475 47 156 476 476 207 145 477 477 213 47 478 478 206 219 479 479 216 235 480 480 222 119 481 481 215 227 482 482 1004 236 483 483 985 237 484 484 986 236 485 485 128 34 486 486 134 224 487 487 127 52 488 488 95 25 489 489 102 217 490 490 517 189 491 491 53 122 492 492 60 136 493 493 59 84 494 494 177 148 495 495 183 205 496 496 176 103 497 497 133 218 498 498 141 159 499 499 140 10 500 500 37 32 501 501 44 138 502 502 43 238 503 503 18 239 504 504 25 0 505 505 17 38 506 506 138 230 507 507 145 222 508 508 515 131 509 509 183 205 510 510 190 45 511 511 182 104 512 512 155 51 513 513 162 167 514 514 154 147 515 515 48 92 516 516 56 202 517 517 55 231 518 518 186 214 519 519 193 108 520 520 185 240 521 521 64 241 522 522 70 99 523 523 63 203 524 524 1022 181 525 525 990 200 526 526 991 181 527 527 179 81 528 528 185 240 529 529 178 15 530 530 198 226 531 531 206 219 532 532 205 46 533 533 67 135 534 534 74 8 535 535 66 72 536 536 42 90 537 537 35 223 538 538 36 12 539 539 185 240 540 540 192 107 541 541 184 190 542 542 194 233 543 543 200 106 544 544 193 108 545 545 195 242 546 546 201 144 547 547 194 233 548 548 972 71 549 549 1006 36 550 550 988 36 551 551 211 212 552 552 510 243 553 553 479 244 554 554 198 226 555 555 204 245 556 556 197 44 557 557 111 141 558 558 120 116 559 559 119 195 560 560 97 89 561 561 106 150 562 562 105 26 563 563 44 138 564 564 49 91 565 565 43 238 566 566 85 153 567 567 94 246 568 568 93 18 569 569 1008 216 570 570 281 247 571 571 995 216 572 572 512 60 573 573 190 45 574 574 189 164 575 575 147 64 576 576 153 183 577 577 146 229 578 578 91 78 579 579 98 160 580 580 97 89 581 581 69 100 582 582 76 158 583 583 68 142 584 584 71 248 585 585 78 173 586 586 70 99 587 587 1002 249 588 588 1027 208 589 589 975 208 590 590 135 186 591 591 141 159 592 592 134 224 593 593 524 250 594 594 21 77 595 595 20 204 596 596 104 27 597 597 110 209 598 598 103 24 599 599 42 90 600 600 47 156 601 601 41 177 602 602 16 39 603 603 23 178 604 604 15 29 605 605 149 163 606 606 157 93 607 607 156 50 608 608 51 251 609 609 57 252 610 610 50 151 611 611 1031 253 612 612 993 57 613 613 233 253 614 614 525 5 615 615 13 75 616 616 524 250 617 617 125 194 618 618 131 130 619 619 124 154 620 620 23 178 621 621 28 86 622 622 22 76 623 623 220 40 624 624 3 109 625 625 2 184 626 626 221 105 627 627 4 56 628 628 3 109 629 629 58 254 630 630 63 203 631 631 57 252 632 632 987 192 633 633 1017 70 634 634 971 70 635 635 144 255 636 636 267 256 637 637 265 257 638 638 260 258 639 639 115 126 640 640 258 259 641 641 229 260 642 642 12 261 643 643 19 262 644 644 246 263 645 645 64 241 646 646 982 264 647 647 1034 265 648 648 159 266 649 649 167 267 650 650 282 268 651 651 195 242 652 652 280 269 653 653 275 270 654 654 174 271 655 655 181 272 656 656 284 273 657 657 202 206 658 658 282 268 659 659 994 171 660 660 210 274 661 661 283 275 662 662 256 276 663 663 115 126 664 664 108 221 665 665 253 277 666 666 354 278 667 667 101 279 668 668 981 280 669 669 64 241 670 670 58 254 671 671 269 281 672 672 399 282 673 673 159 266 674 674 270 283 675 675 166 94 676 676 158 199 677 677 263 284 678 678 144 255 679 679 265 257 680 680 246 263 681 681 79 172 682 682 71 248 683 683 231 285 684 684 33 286 685 685 979 287 686 686 280 269 687 687 187 213 688 688 278 288 689 689 245 289 690 690 351 290 691 691 72 291 692 692 286 292 693 693 223 118 694 694 216 235 695 695 259 198 696 696 116 293 697 697 396 196 698 698 234 294 699 699 39 180 700 700 32 295 701 701 350 296 702 702 243 297 703 703 241 298 704 704 232 299 705 705 18 239 706 706 230 300 707 707 235 301 708 708 33 286 709 709 308 302 710 710 264 303 711 711 143 187 712 712 136 304 713 713 398 305 714 714 263 284 715 715 261 197 716 716 232 299 717 717 32 295 718 718 26 306 719 719 101 279 720 720 255 307 721 721 253 277 722 722 230 300 723 723 11 110 724 724 228 308 725 725 285 309 726 726 210 274 727 727 217 310 728 728 228 308 729 729 5 54 730 730 225 311 731 731 357 312 732 732 241 298 733 733 239 313 734 734 240 314 735 735 45 137 736 736 238 315 737 737 287 316 738 738 217 310 739 739 224 317 740 740 250 318 741 741 79 172 742 742 248 319 743 743 247 320 744 744 87 321 745 745 249 322 746 746 1019 323 747 747 166 94 748 748 272 324 749 749 87 321 750 750 1026 325 751 751 249 322 752 752 278 288 753 753 180 80 754 754 276 326 755 755 237 327 756 756 357 312 757 757 239 313 758 758 266 328 759 759 151 68 760 760 143 187 761 761 262 329 762 762 123 33 763 763 260 258 764 764 252 330 765 765 86 331 766 766 250 318 767 767 245 289 768 768 80 332 769 769 247 320 770 770 273 333 771 771 167 267 772 772 174 271 773 773 284 273 774 774 216 235 775 775 209 228 776 776 227 334 777 777 303 335 778 778 12 261 779 779 1019 323 780 780 180 80 781 781 173 225 782 782 275 270 783 783 188 336 784 784 277 337 785 785 240 314 786 786 58 254 787 787 51 251 788 788 226 338 789 789 224 317 790 790 303 335 791 791 254 339 792 792 108 221 793 793 100 161 794 794 356 340 795 795 257 341 796 796 255 307 797 797 262 329 798 798 136 304 799 799 129 342 800 800 277 337 801 801 196 343 802 802 279 169 803 803 288 344 804 804 5 54 805 805 223 118 806 806 235 301 807 807 309 345 808 808 237 327 809 809 268 346 810 810 158 199 811 811 151 68 812 812 231 285 813 813 19 262 814 814 306 347 815 815 238 315 816 816 39 180 817 817 236 348 818 818 204 245 819 819 479 244 820 820 509 234 821 821 205 46 822 822 211 212 823 823 204 245 824 824 131 130 825 825 139 11 826 826 138 230 827 827 25 0 828 828 32 295 829 829 31 179 830 830 128 34 831 831 136 304 832 832 135 186 833 833 218 62 834 834 301 3 835 835 510 243 836 836 242 349 837 837 1013 128 838 838 244 128 839 839 1003 237 840 840 980 350 841 841 985 237 842 842 252 330 843 843 100 161 844 844 94 246 845 845 1025 174 846 846 281 247 847 847 1007 247 848 848 1029 350 849 849 233 253 850 850 980 350 851 851 474 351 852 852 289 352 853 853 290 353 854 854 1001 83 855 855 251 249 856 856 1002 249 857 857 477 354 858 858 289 352 859 859 291 355 860 860 296 356 861 861 297 357 862 862 298 358 863 863 476 359 864 864 300 360 865 865 477 354 866 866 298 358 867 867 299 361 868 868 476 359 869 869 1012 175 870 870 984 120 871 871 973 175 872 872 1033 201 873 873 996 215 874 874 999 201 875 875 296 356 876 876 294 362 877 877 295 363 878 878 293 364 879 879 290 353 880 880 292 365 881 881 475 366 882 882 292 365 883 883 294 362 884 884 474 351 885 885 291 355 886 886 289 352 887 887 477 354 888 888 300 360 889 889 289 352 890 890 296 356 891 891 295 363 892 892 297 357 893 893 476 359 894 894 299 361 895 895 300 360 896 896 298 358 897 897 297 357 898 898 299 361 899 899 296 356 900 900 475 366 901 901 294 362 902 902 293 364 903 903 474 351 904 904 290 353 905 905 475 366 906 906 293 364 907 907 292 365 908 908 242 349 909 909 986 236 910 910 997 349 911 911 341 367 912 912 324 368 913 913 342 369 914 914 337 370 915 915 311 371 916 916 329 372 917 917 330 373 918 918 303 335 919 919 329 372 920 920 333 374 921 921 306 347 922 922 332 375 923 923 309 345 924 924 334 376 925 925 335 377 926 926 330 373 927 927 311 371 928 928 312 378 929 929 331 379 930 930 12 261 931 931 330 373 932 932 336 380 933 933 317 381 934 934 318 382 935 935 334 376 936 936 317 381 937 937 335 377 938 938 312 378 939 939 338 383 940 940 339 384 941 941 317 381 942 942 343 385 943 943 344 386 944 944 345 387 945 945 317 381 946 946 344 386 947 947 313 388 948 948 339 384 949 949 340 389 950 950 315 390 951 951 341 367 952 952 342 369 953 953 338 383 954 954 319 391 955 955 470 392 956 956 316 393 957 957 342 369 958 958 343 385 959 959 314 394 960 960 340 389 961 961 341 367 962 962 325 395 963 963 1060 396 964 964 326 397 965 965 326 397 966 966 1061 398 967 967 327 399 968 968 324 368 969 969 1059 400 970 970 325 395 971 971 328 401 972 972 1035 402 973 973 320 403 974 974 321 404 975 975 1039 405 976 976 322 406 977 977 322 406 978 978 1041 407 979 979 323 408 980 980 320 403 981 981 1036 409 982 982 321 404 983 983 323 408 984 984 1042 410 985 985 324 368 986 986 331 379 987 987 314 394 988 988 332 375 989 989 332 375 990 990 19 262 991 991 331 379 992 992 332 375 993 993 315 390 994 994 333 374 995 995 303 335 996 996 337 370 997 997 329 372 998 998 333 374 999 999 316 393 1000 1000 334 376 1001 1001 331 379 1002 1002 312 378 1003 1003 313 388 1004 1004 336 380 1005 1005 309 345 1006 1006 335 377 1007 1007 308 302 1008 1008 333 374 1009 1009 334 376 1010 1010 338 383 1011 1011 328 401 1012 1012 320 403 1013 1013 343 385 1014 1014 324 368 1015 1015 325 395 1016 1016 338 383 1017 1017 321 404 1018 1018 339 384 1019 1019 339 384 1020 1020 322 406 1021 1021 340 389 1022 1022 340 389 1023 1023 323 408 1024 1024 341 367 1025 1025 345 387 1026 1026 326 397 1027 1027 327 399 1028 1028 344 386 1029 1029 325 395 1030 1030 326 397 1031 1031 385 411 1032 1032 370 412 1033 1033 386 413 1034 1034 318 382 1035 1035 374 414 1036 1036 336 380 1037 1037 375 415 1038 1038 350 296 1039 1039 374 414 1040 1040 87 321 1041 1041 377 416 1042 1042 378 417 1043 1043 101 279 1044 1044 379 418 1045 1045 380 419 1046 1046 375 415 1047 1047 358 420 1048 1048 359 421 1049 1049 72 291 1050 1050 375 415 1051 1051 376 422 1052 1052 381 423 1053 1053 364 424 1054 1054 365 425 1055 1055 379 418 1056 1056 364 424 1057 1057 380 419 1058 1058 359 421 1059 1059 382 426 1060 1060 383 427 1061 1061 364 424 1062 1062 387 428 1063 1063 388 429 1064 1064 389 430 1065 1065 364 424 1066 1066 388 429 1067 1067 360 431 1068 1068 383 427 1069 1069 384 432 1070 1070 362 433 1071 1071 385 411 1072 1072 386 413 1073 1073 358 420 1074 1074 345 387 1075 1075 382 426 1076 1076 363 434 1077 1077 386 413 1078 1078 387 428 1079 1079 361 435 1080 1080 384 432 1081 1081 385 411 1082 1082 371 436 1083 1083 1063 437 1084 1084 372 438 1085 1085 372 438 1086 1086 1064 439 1087 1087 373 440 1088 1088 370 412 1089 1089 1043 441 1090 1090 371 436 1091 1091 327 399 1092 1092 1062 442 1093 1093 366 443 1094 1094 367 444 1095 1095 1045 445 1096 1096 368 446 1097 1097 368 446 1098 1098 1046 447 1099 1099 369 448 1100 1100 366 443 1101 1101 1047 449 1102 1102 367 444 1103 1103 369 448 1104 1104 1044 450 1105 1105 370 412 1106 1106 376 422 1107 1107 361 435 1108 1108 377 416 1109 1109 80 332 1110 1110 376 422 1111 1111 377 416 1112 1112 377 416 1113 1113 362 433 1114 1114 378 417 1115 1115 357 312 1116 1116 374 414 1117 1117 350 296 1118 1118 378 417 1119 1119 363 434 1120 1120 379 418 1121 1121 376 422 1122 1122 359 421 1123 1123 360 431 1124 1124 356 340 1125 1125 380 419 1126 1126 381 423 1127 1127 354 278 1128 1128 378 417 1129 1129 379 418 1130 1130 382 426 1131 1131 327 399 1132 1132 366 443 1133 1133 387 428 1134 1134 370 412 1135 1135 371 436 1136 1136 382 426 1137 1137 367 444 1138 1138 383 427 1139 1139 383 427 1140 1140 368 446 1141 1141 384 432 1142 1142 384 432 1143 1143 369 448 1144 1144 385 411 1145 1145 389 430 1146 1146 372 438 1147 1147 373 440 1148 1148 388 429 1149 1149 371 436 1150 1150 372 438 1151 1151 426 451 1152 1152 411 452 1153 1153 427 453 1154 1154 365 425 1155 1155 415 454 1156 1156 381 423 1157 1157 396 196 1158 1158 415 454 1159 1159 416 455 1160 1160 144 255 1161 1161 418 456 1162 1162 419 457 1163 1163 159 266 1164 1164 420 458 1165 1165 421 459 1166 1166 416 455 1167 1167 400 460 1168 1168 401 461 1169 1169 417 462 1170 1170 396 196 1171 1171 416 455 1172 1172 422 463 1173 1173 406 464 1174 1174 448 465 1175 1175 420 458 1176 1176 406 464 1177 1177 421 459 1178 1178 401 461 1179 1179 423 466 1180 1180 424 467 1181 1181 406 464 1182 1182 428 468 1183 1183 429 469 1184 1184 430 470 1185 1185 406 464 1186 1186 429 469 1187 1187 402 471 1188 1188 424 467 1189 1189 425 472 1190 1190 404 473 1191 1191 426 451 1192 1192 427 453 1193 1193 400 460 1194 1194 389 430 1195 1195 423 466 1196 1196 405 474 1197 1197 427 453 1198 1198 428 468 1199 1199 403 475 1200 1200 425 472 1201 1201 426 451 1202 1202 412 476 1203 1203 1053 477 1204 1204 413 478 1205 1205 413 478 1206 1206 1066 479 1207 1207 414 480 1208 1208 411 452 1209 1209 1051 481 1210 1210 412 476 1211 1211 373 440 1212 1212 1065 482 1213 1213 407 483 1214 1214 408 484 1215 1215 1048 485 1216 1216 409 486 1217 1217 409 486 1218 1218 1052 487 1219 1219 410 488 1220 1220 407 483 1221 1221 1049 489 1222 1222 408 484 1223 1223 410 488 1224 1224 1050 490 1225 1225 411 452 1226 1226 417 462 1227 1227 403 475 1228 1228 418 456 1229 1229 137 491 1230 1230 417 462 1231 1231 418 456 1232 1232 418 456 1233 1233 404 473 1234 1234 419 457 1235 1235 116 293 1236 1236 381 423 1237 1237 415 454 1238 1238 419 457 1239 1239 405 474 1240 1240 420 458 1241 1241 417 462 1242 1242 401 461 1243 1243 402 471 1244 1244 167 267 1245 1245 421 459 1246 1246 422 463 1247 1247 399 282 1248 1248 419 457 1249 1249 420 458 1250 1250 423 466 1251 1251 373 440 1252 1252 407 483 1253 1253 428 468 1254 1254 411 452 1255 1255 412 476 1256 1256 423 466 1257 1257 408 484 1258 1258 424 467 1259 1259 424 467 1260 1260 409 486 1261 1261 425 472 1262 1262 425 472 1263 1263 410 488 1264 1264 426 451 1265 1265 430 470 1266 1266 413 478 1267 1267 414 480 1268 1268 429 469 1269 1269 412 476 1270 1270 413 478 1271 1271 466 492 1272 1272 453 493 1273 1273 467 494 1274 1274 448 465 1275 1275 456 495 1276 1276 422 463 1277 1277 181 272 1278 1278 456 495 1279 1279 457 496 1280 1280 203 170 1281 1281 459 497 1282 1282 460 498 1283 1283 210 274 1284 1284 462 499 1285 1285 217 310 1286 1286 457 496 1287 1287 441 500 1288 1288 442 501 1289 1289 188 336 1290 1290 457 496 1291 1291 458 502 1292 1292 462 499 1293 1293 319 391 1294 1294 337 370 1295 1295 461 503 1296 1296 447 504 1297 1297 462 499 1298 1298 442 501 1299 1299 463 505 1300 1300 464 506 1301 1301 447 504 1302 1302 468 507 1303 1303 469 508 1304 1304 470 392 1305 1305 447 504 1306 1306 469 508 1307 1307 443 509 1308 1308 464 506 1309 1309 465 510 1310 1310 445 511 1311 1311 466 492 1312 1312 467 494 1313 1313 463 505 1314 1314 448 465 1315 1315 430 470 1316 1316 446 512 1317 1317 467 494 1318 1318 468 507 1319 1319 444 513 1320 1320 465 510 1321 1321 466 492 1322 1322 454 514 1323 1323 1068 515 1324 1324 455 516 1325 1325 455 516 1326 1326 1040 517 1327 1327 328 401 1328 1328 453 493 1329 1329 1058 518 1330 1330 454 514 1331 1331 414 480 1332 1332 1067 519 1333 1333 449 520 1334 1334 450 521 1335 1335 1055 522 1336 1336 451 523 1337 1337 451 523 1338 1338 1054 524 1339 1339 452 525 1340 1340 449 520 1341 1341 1056 526 1342 1342 450 521 1343 1343 452 525 1344 1344 1057 527 1345 1345 453 493 1346 1346 458 502 1347 1347 444 513 1348 1348 459 497 1349 1349 196 343 1350 1350 458 502 1351 1351 459 497 1352 1352 459 497 1353 1353 445 511 1354 1354 460 498 1355 1355 174 271 1356 1356 422 463 1357 1357 456 495 1358 1358 460 498 1359 1359 446 512 1360 1360 461 503 1361 1361 458 502 1362 1362 442 501 1363 1363 443 509 1364 1364 337 370 1365 1365 217 310 1366 1366 462 499 1367 1367 203 170 1368 1368 461 503 1369 1369 210 274 1370 1370 463 505 1371 1371 414 480 1372 1372 449 520 1373 1373 468 507 1374 1374 453 493 1375 1375 454 514 1376 1376 463 505 1377 1377 450 521 1378 1378 464 506 1379 1379 464 506 1380 1380 451 523 1381 1381 465 510 1382 1382 465 510 1383 1383 452 525 1384 1384 466 492 1385 1385 470 392 1386 1386 455 516 1387 1387 328 401 1388 1388 469 508 1389 1389 454 514 1390 1390 455 516 1391 1391 474 351 1392 1392 293 364 1393 1393 478 528 1394 1394 293 364 1395 1395 475 366 1396 1396 478 528 1397 1397 475 366 1398 1398 296 356 1399 1399 478 528 1400 1400 296 356 1401 1401 298 358 1402 1402 478 528 1403 1403 298 358 1404 1404 476 359 1405 1405 478 528 1406 1406 476 359 1407 1407 477 354 1408 1408 478 528 1409 1409 477 354 1410 1410 291 355 1411 1411 478 528 1412 1412 291 355 1413 1413 474 351 1414 1414 478 528 1415 1415 495 528 1416 1416 491 528 1417 1417 492 528 1418 1418 496 528 1419 1419 492 528 1420 1420 538 528 1421 1421 497 528 1422 1422 538 528 1423 1423 493 528 1424 1424 497 528 1425 1425 539 528 1426 1426 499 528 1427 1427 499 528 1428 1428 540 528 1429 1429 498 528 1430 1430 498 528 1431 1431 494 528 1432 1432 483 528 1433 1433 1085 528 1434 1434 1083 528 1435 1435 1088 528 1436 1436 528 529 1437 1437 1090 530 1438 1438 529 530 1439 1439 1090 530 1440 1440 530 531 1441 1441 529 530 1442 1442 1093 532 1443 1443 533 533 1444 1444 532 532 1445 1445 533 533 1446 1446 1110 534 1447 1447 526 534 1448 1448 527 535 1449 1449 1091 529 1450 1450 528 529 1451 1451 1110 534 1452 1452 527 535 1453 1453 526 534 1454 1454 1092 536 1455 1455 532 532 1456 1456 531 536 1457 1457 530 531 1458 1458 1092 536 1459 1459 531 536 1460 1460 645 537 1461 1461 580 537 1462 1462 543 537 1463 1463 514 102 1464 1464 513 61 1465 1465 1150 538 1466 1466 160 113 1467 1467 514 102 1468 1468 1148 539 1469 1469 152 111 1470 1470 160 113 1471 1471 1080 540 1472 1472 145 222 1473 1473 152 111 1474 1474 1078 541 1475 1475 515 131 1476 1476 145 222 1477 1477 1079 542 1478 1478 130 132 1479 1479 515 131 1480 1480 586 543 1481 1481 516 155 1482 1482 130 132 1483 1483 1121 544 1484 1484 117 210 1485 1485 516 155 1486 1486 1122 545 1487 1487 109 211 1488 1488 117 210 1489 1489 1123 546 1490 1490 102 217 1491 1491 109 211 1492 1492 1124 547 1493 1493 517 189 1494 1494 102 217 1495 1495 1125 548 1496 1496 88 182 1497 1497 517 189 1498 1498 1126 549 1499 1499 518 146 1500 1500 88 182 1501 1501 620 550 1502 1502 73 73 1503 1503 518 146 1504 1504 1136 551 1505 1505 65 74 1506 1506 73 73 1507 1507 1076 552 1508 1508 519 85 1509 1509 65 74 1510 1510 1077 553 1511 1511 52 123 1512 1512 519 85 1513 1513 1137 554 1514 1514 520 139 1515 1515 52 123 1516 1516 1145 555 1517 1517 521 176 1518 1518 520 139 1519 1519 481 556 1520 1520 522 22 1521 1521 521 176 1522 1522 1069 557 1523 1523 523 20 1524 1524 522 22 1525 1525 1070 558 1526 1526 20 204 1527 1527 523 20 1528 1528 1072 559 1529 1529 524 250 1530 1530 20 204 1531 1531 1073 560 1532 1532 525 5 1533 1533 524 250 1534 1534 1074 561 1535 1535 301 3 1536 1536 525 5 1537 1537 1075 562 1538 1538 510 243 1539 1539 301 3 1540 1540 1099 563 1541 1541 479 244 1542 1542 510 243 1543 1543 1100 564 1544 1544 509 234 1545 1545 479 244 1546 1546 1101 565 1547 1547 511 165 1548 1548 509 234 1549 1549 1151 566 1550 1550 189 164 1551 1551 511 165 1552 1552 1103 567 1553 1553 512 60 1554 1554 189 164 1555 1555 1104 568 1556 1556 513 61 1557 1557 512 60 1558 1558 555 569 1559 1559 514 102 1560 1560 1150 538 1561 1561 1149 570 1562 1562 514 102 1563 1563 1149 570 1564 1564 1148 539 1565 1565 160 113 1566 1566 1148 539 1567 1567 1080 540 1568 1568 152 111 1569 1569 1080 540 1570 1570 1078 541 1571 1571 145 222 1572 1572 1078 541 1573 1573 1079 542 1574 1574 515 131 1575 1575 1079 542 1576 1576 1147 571 1577 1577 515 131 1578 1578 1147 571 1579 1579 586 543 1580 1580 130 132 1581 1581 586 543 1582 1582 1121 544 1583 1583 516 155 1584 1584 1121 544 1585 1585 1122 545 1586 1586 117 210 1587 1587 1122 545 1588 1588 1123 546 1589 1589 109 211 1590 1590 1123 546 1591 1591 1146 572 1592 1592 109 211 1593 1593 1146 572 1594 1594 1124 547 1595 1595 102 217 1596 1596 1124 547 1597 1597 1125 548 1598 1598 517 189 1599 1599 1125 548 1600 1600 1126 549 1601 1601 88 182 1602 1602 1126 549 1603 1603 620 550 1604 1604 518 146 1605 1605 620 550 1606 1606 1135 573 1607 1607 518 146 1608 1608 1135 573 1609 1609 1136 551 1610 1610 73 73 1611 1611 1136 551 1612 1612 1076 552 1613 1613 65 74 1614 1614 1076 552 1615 1615 1077 553 1616 1616 519 85 1617 1617 1077 553 1618 1618 1137 554 1619 1619 52 123 1620 1620 1137 554 1621 1621 1138 574 1622 1622 52 123 1623 1623 1138 574 1624 1624 1145 555 1625 1625 520 139 1626 1626 1145 555 1627 1627 481 556 1628 1628 521 176 1629 1629 481 556 1630 1630 1069 557 1631 1631 522 22 1632 1632 1069 557 1633 1633 1070 558 1634 1634 523 20 1635 1635 1070 558 1636 1636 1071 575 1637 1637 523 20 1638 1638 1071 575 1639 1639 1072 559 1640 1640 20 204 1641 1641 1072 559 1642 1642 1073 560 1643 1643 524 250 1644 1644 1073 560 1645 1645 1074 561 1646 1646 525 5 1647 1647 1074 561 1648 1648 1075 562 1649 1649 301 3 1650 1650 1075 562 1651 1651 480 576 1652 1652 301 3 1653 1653 480 576 1654 1654 1099 563 1655 1655 510 243 1656 1656 1099 563 1657 1657 1100 564 1658 1658 479 244 1659 1659 1100 564 1660 1660 1101 565 1661 1661 509 234 1662 1662 1101 565 1663 1663 1151 566 1664 1664 511 165 1665 1665 1151 566 1666 1666 1102 577 1667 1667 511 165 1668 1668 1102 577 1669 1669 1103 567 1670 1670 189 164 1671 1671 1103 567 1672 1672 1104 568 1673 1673 512 60 1674 1674 1104 568 1675 1675 555 569 1676 1676 513 61 1677 1677 555 569 1678 1678 1150 538 1679 1679 546 528 1680 1680 545 528 1681 1681 540 528 1682 1682 543 528 1683 1683 535 528 1684 1684 548 528 1685 1685 543 528 1686 1686 548 528 1687 1687 547 528 1688 1688 493 528 1689 1689 542 528 1690 1690 546 528 1691 1691 542 528 1692 1692 543 528 1693 1693 547 528 1694 1694 546 528 1695 1695 542 528 1696 1696 547 528 1697 1697 540 528 1698 1698 539 528 1699 1699 546 528 1700 1700 539 528 1701 1701 493 528 1702 1702 546 528 1703 1703 536 528 1704 1704 494 528 1705 1705 544 528 1706 1706 494 528 1707 1707 540 528 1708 1708 545 528 1709 1709 545 528 1710 1710 544 528 1711 1711 494 528 1712 1712 492 528 1713 1713 1095 528 1714 1714 1094 528 1715 1715 492 528 1716 1716 491 528 1717 1717 1095 528 1718 1718 491 528 1719 1719 537 528 1720 1720 1096 528 1721 1721 1095 528 1722 1722 491 528 1723 1723 1096 528 1724 1724 493 528 1725 1725 538 528 1726 1726 1094 528 1727 1727 538 528 1728 1728 492 528 1729 1729 1094 528 1730 1730 541 528 1731 1731 542 528 1732 1732 1097 528 1733 1733 542 528 1734 1734 493 528 1735 1735 1094 528 1736 1736 1098 528 1737 1737 549 528 1738 1738 541 528 1739 1739 1097 528 1740 1740 1098 528 1741 1741 541 528 1742 1742 542 528 1743 1743 1094 528 1744 1744 1097 528 1745 1745 568 528 1746 1746 564 528 1747 1747 565 528 1748 1748 569 528 1749 1749 565 528 1750 1750 575 528 1751 1751 570 528 1752 1752 575 528 1753 1753 566 528 1754 1754 570 528 1755 1755 576 528 1756 1756 572 528 1757 1757 572 528 1758 1758 577 528 1759 1759 571 528 1760 1760 571 528 1761 1761 567 528 1762 1762 557 528 1763 1763 1106 528 1764 1764 1105 528 1765 1765 577 528 1766 1766 580 528 1767 1767 573 528 1768 1768 1109 528 1769 1769 580 528 1770 1770 1109 528 1771 1771 1108 528 1772 1772 566 528 1773 1773 579 528 1774 1774 1106 528 1775 1775 579 528 1776 1776 580 528 1777 1777 1108 528 1778 1778 1106 528 1779 1779 579 528 1780 1780 1108 528 1781 1781 577 528 1782 1782 576 528 1783 1783 1106 528 1784 1784 576 528 1785 1785 566 528 1786 1786 1106 528 1787 1787 574 528 1788 1788 567 528 1789 1789 1107 528 1790 1790 567 528 1791 1791 577 528 1792 1792 1105 528 1793 1793 1105 528 1794 1794 1107 528 1795 1795 567 528 1796 1796 565 528 1797 1797 588 528 1798 1798 587 528 1799 1799 565 528 1800 1800 564 528 1801 1801 588 528 1802 1802 564 528 1803 1803 536 528 1804 1804 544 528 1805 1805 588 528 1806 1806 564 528 1807 1807 544 528 1808 1808 566 528 1809 1809 575 528 1810 1810 587 528 1811 1811 575 528 1812 1812 565 528 1813 1813 587 528 1814 1814 578 528 1815 1815 579 528 1816 1816 589 528 1817 1817 579 528 1818 1818 566 528 1819 1819 587 528 1820 1820 548 528 1821 1821 535 528 1822 1822 578 528 1823 1823 589 528 1824 1824 548 528 1825 1825 578 528 1826 1826 579 528 1827 1827 587 528 1828 1828 589 528 1829 1829 599 528 1830 1830 595 528 1831 1831 596 528 1832 1832 600 528 1833 1833 596 528 1834 1834 606 528 1835 1835 601 528 1836 1836 606 528 1837 1837 597 528 1838 1838 601 528 1839 1839 607 528 1840 1840 603 528 1841 1841 603 528 1842 1842 608 528 1843 1843 602 528 1844 1844 602 528 1845 1845 598 528 1846 1846 591 528 1847 1847 1114 528 1848 1848 1113 528 1849 1849 608 528 1850 1850 611 528 1851 1851 604 528 1852 1852 1117 528 1853 1853 611 528 1854 1854 1117 528 1855 1855 1116 528 1856 1856 597 528 1857 1857 610 528 1858 1858 1114 528 1859 1859 610 528 1860 1860 611 528 1861 1861 1116 528 1862 1862 1114 528 1863 1863 610 528 1864 1864 1116 528 1865 1865 608 528 1866 1866 607 528 1867 1867 1114 528 1868 1868 607 528 1869 1869 597 528 1870 1870 1114 528 1871 1871 605 528 1872 1872 598 528 1873 1873 1115 528 1874 1874 598 528 1875 1875 608 528 1876 1876 1113 528 1877 1877 1113 528 1878 1878 1115 528 1879 1879 598 528 1880 1880 596 528 1881 1881 1119 528 1882 1882 1118 528 1883 1883 596 528 1884 1884 595 528 1885 1885 1119 528 1886 1886 595 528 1887 1887 574 528 1888 1888 1107 528 1889 1889 1119 528 1890 1890 595 528 1891 1891 1107 528 1892 1892 597 528 1893 1893 606 528 1894 1894 1118 528 1895 1895 606 528 1896 1896 596 528 1897 1897 1118 528 1898 1898 609 528 1899 1899 610 528 1900 1900 1120 528 1901 1901 610 528 1902 1902 597 528 1903 1903 1118 528 1904 1904 1109 528 1905 1905 573 528 1906 1906 609 528 1907 1907 1120 528 1908 1908 1109 528 1909 1909 609 528 1910 1910 610 528 1911 1911 1118 528 1912 1912 1120 528 1913 1913 633 528 1914 1914 629 528 1915 1915 630 528 1916 1916 634 528 1917 1917 630 528 1918 1918 640 528 1919 1919 635 528 1920 1920 640 528 1921 1921 631 528 1922 1922 635 528 1923 1923 641 528 1924 1924 637 528 1925 1925 637 528 1926 1926 642 528 1927 1927 636 528 1928 1928 636 528 1929 1929 632 528 1930 1930 622 528 1931 1931 1128 528 1932 1932 1127 528 1933 1933 642 528 1934 1934 645 528 1935 1935 638 528 1936 1936 1131 528 1937 1937 645 528 1938 1938 1131 528 1939 1939 1130 528 1940 1940 631 528 1941 1941 644 528 1942 1942 1128 528 1943 1943 644 528 1944 1944 645 528 1945 1945 1130 528 1946 1946 1128 528 1947 1947 644 528 1948 1948 1130 528 1949 1949 642 528 1950 1950 641 528 1951 1951 1128 528 1952 1952 641 528 1953 1953 631 528 1954 1954 1128 528 1955 1955 639 528 1956 1956 632 528 1957 1957 1129 528 1958 1958 632 528 1959 1959 642 528 1960 1960 1127 528 1961 1961 1127 528 1962 1962 1129 528 1963 1963 632 528 1964 1964 630 528 1965 1965 1133 528 1966 1966 1132 528 1967 1967 630 528 1968 1968 629 528 1969 1969 1133 528 1970 1970 629 528 1971 1971 605 528 1972 1972 1115 528 1973 1973 1133 528 1974 1974 629 528 1975 1975 1115 528 1976 1976 631 528 1977 1977 640 528 1978 1978 1132 528 1979 1979 640 528 1980 1980 630 528 1981 1981 1132 528 1982 1982 643 528 1983 1983 644 528 1984 1984 1134 528 1985 1985 644 528 1986 1986 631 528 1987 1987 1132 528 1988 1988 1117 528 1989 1989 604 528 1990 1990 643 528 1991 1991 1134 528 1992 1992 1117 528 1993 1993 643 528 1994 1994 644 528 1995 1995 1132 528 1996 1996 1134 528 1997 1997 664 528 1998 1998 660 528 1999 1999 661 528 2000 2000 665 528 2001 2001 661 528 2002 2002 669 528 2003 2003 666 528 2004 2004 669 528 2005 2005 662 528 2006 2006 666 528 2007 2007 670 528 2008 2008 668 528 2009 2009 668 528 2010 2010 671 528 2011 2011 667 528 2012 2012 667 528 2013 2013 663 528 2014 2014 655 528 2015 2015 1140 528 2016 2016 1139 528 2017 2017 671 528 2018 2018 534 528 2019 2019 549 528 2020 2020 1098 528 2021 2021 534 528 2022 2022 1098 528 2023 2023 1141 528 2024 2024 662 528 2025 2025 673 528 2026 2026 1140 528 2027 2027 673 528 2028 2028 534 528 2029 2029 1141 528 2030 2030 1140 528 2031 2031 673 528 2032 2032 1141 528 2033 2033 671 528 2034 2034 670 528 2035 2035 1140 528 2036 2036 670 528 2037 2037 662 528 2038 2038 1140 528 2039 2039 537 528 2040 2040 663 528 2041 2041 1096 528 2042 2042 663 528 2043 2043 671 528 2044 2044 1139 528 2045 2045 1139 528 2046 2046 1096 528 2047 2047 663 528 2048 2048 661 528 2049 2049 1143 528 2050 2050 1142 528 2051 2051 661 528 2052 2052 660 528 2053 2053 1143 528 2054 2054 660 528 2055 2055 639 528 2056 2056 1129 528 2057 2057 1143 528 2058 2058 660 528 2059 2059 1129 528 2060 2060 662 528 2061 2061 669 528 2062 2062 1142 528 2063 2063 669 528 2064 2064 661 528 2065 2065 1142 528 2066 2066 672 528 2067 2067 673 528 2068 2068 1144 528 2069 2069 673 528 2070 2070 662 528 2071 2071 1142 528 2072 2072 1131 528 2073 2073 638 528 2074 2074 672 528 2075 2075 1144 528 2076 2076 1131 528 2077 2077 672 528 2078 2078 673 528 2079 2079 1142 528 2080 2080 1144 528 2081 2081 692 578 2082 2082 680 579 2083 2083 681 580 2084 2084 691 581 2085 2085 680 579 2086 2086 682 582 2087 2087 695 583 2088 2088 686 584 2089 2089 687 585 2090 2090 689 586 2091 2091 690 587 2092 2092 691 581 2093 2093 687 585 2094 2094 688 588 2095 2095 689 586 2096 2096 695 583 2097 2097 684 589 2098 2098 685 590 2099 2099 693 591 2100 2100 681 580 2101 2101 683 592 2102 2102 694 593 2103 2103 683 592 2104 2104 684 589 2105 2105 692 578 2106 2106 682 582 2107 2107 680 579 2108 2108 691 581 2109 2109 690 587 2110 2110 680 579 2111 2111 695 583 2112 2112 685 590 2113 2113 686 584 2114 2114 689 586 2115 2115 688 588 2116 2116 690 587 2117 2117 687 585 2118 2118 686 584 2119 2119 688 588 2120 2120 695 583 2121 2121 694 593 2122 2122 684 589 2123 2123 693 591 2124 2124 692 578 2125 2125 681 580 2126 2126 694 593 2127 2127 693 591 2128 2128 683 592 2129 2129 692 578 2130 2130 693 591 2131 2131 696 528 2132 2132 693 591 2133 2133 694 593 2134 2134 696 528 2135 2135 694 593 2136 2136 695 583 2137 2137 696 528 2138 2138 695 583 2139 2139 687 585 2140 2140 696 528 2141 2141 687 585 2142 2142 689 586 2143 2143 696 528 2144 2144 689 586 2145 2145 691 581 2146 2146 696 528 2147 2147 691 581 2148 2148 682 582 2149 2149 696 528 2150 2150 682 582 2151 2151 692 578 2152 2152 696 528 2153 2153 1156 528 2154 2154 1154 528 2155 2155 1159 528 2156 2156 699 594 2157 2157 582 595 2158 2158 700 595 2159 2159 582 595 2160 2160 701 596 2161 2161 700 595 2162 2162 585 597 2163 2163 704 598 2164 2164 703 597 2165 2165 704 598 2166 2166 617 599 2167 2167 697 599 2168 2168 698 600 2169 2169 581 594 2170 2170 699 594 2171 2171 617 599 2172 2172 698 600 2173 2173 697 599 2174 2174 584 601 2175 2175 703 597 2176 2176 702 601 2177 2177 701 596 2178 2178 584 601 2179 2179 702 601 2180 2180 718 602 2181 2181 705 603 2182 2182 706 604 2183 2183 720 605 2184 2184 705 603 2185 2185 707 606 2186 2186 713 607 2187 2187 714 608 2188 2188 719 609 2189 2189 716 610 2190 2190 717 611 2191 2191 720 605 2192 2192 719 609 2193 2193 715 612 2194 2194 716 610 2195 2195 713 607 2196 2196 710 613 2197 2197 712 614 2198 2198 709 615 2199 2199 706 604 2200 2200 708 616 2201 2201 711 617 2202 2202 708 616 2203 2203 710 613 2204 2204 718 602 2205 2205 707 606 2206 2206 705 603 2207 2207 720 605 2208 2208 717 611 2209 2209 705 603 2210 2210 713 607 2211 2211 712 614 2212 2212 714 608 2213 2213 716 610 2214 2214 715 612 2215 2215 717 611 2216 2216 719 609 2217 2217 714 608 2218 2218 715 612 2219 2219 713 607 2220 2220 711 617 2221 2221 710 613 2222 2222 709 615 2223 2223 718 602 2224 2224 706 604 2225 2225 711 617 2226 2226 709 615 2227 2227 708 616 2228 2228 718 602 2229 2229 709 615 2230 2230 721 528 2231 2231 709 615 2232 2232 711 617 2233 2233 721 528 2234 2234 711 617 2235 2235 713 607 2236 2236 721 528 2237 2237 713 607 2238 2238 719 609 2239 2239 721 528 2240 2240 719 609 2241 2241 716 610 2242 2242 721 528 2243 2243 716 610 2244 2244 720 605 2245 2245 721 528 2246 2246 720 605 2247 2247 707 606 2248 2248 721 528 2249 2249 707 606 2250 2250 718 602 2251 2251 721 528 2252 2252 1164 528 2253 2253 1162 528 2254 2254 1167 528 2255 2255 724 618 2256 2256 613 619 2257 2257 725 619 2258 2258 613 619 2259 2259 726 620 2260 2260 725 619 2261 2261 616 621 2262 2262 729 622 2263 2263 728 621 2264 2264 729 622 2265 2265 651 623 2266 2266 722 623 2267 2267 723 624 2268 2268 612 625 2269 2269 724 618 2270 2270 651 623 2271 2271 723 624 2272 2272 722 623 2273 2273 615 626 2274 2274 728 621 2275 2275 727 626 2276 2276 726 620 2277 2277 615 626 2278 2278 727 626 2279 2279 732 627 2280 2280 730 628 2281 2281 731 629 2282 2282 743 630 2283 2283 730 628 2284 2284 733 631 2285 2285 738 632 2286 2286 739 633 2287 2287 740 634 2288 2288 745 635 2289 2289 742 636 2290 2290 743 630 2291 2291 740 634 2292 2292 741 637 2293 2293 745 635 2294 2294 738 632 2295 2295 736 638 2296 2296 737 639 2297 2297 735 640 2298 2298 731 629 2299 2299 734 641 2300 2300 744 642 2301 2301 734 641 2302 2302 736 638 2303 2303 732 627 2304 2304 733 631 2305 2305 730 628 2306 2306 743 630 2307 2307 742 636 2308 2308 730 628 2309 2309 738 632 2310 2310 737 639 2311 2311 739 633 2312 2312 745 635 2313 2313 741 637 2314 2314 742 636 2315 2315 740 634 2316 2316 739 633 2317 2317 741 637 2318 2318 738 632 2319 2319 744 642 2320 2320 736 638 2321 2321 735 640 2322 2322 732 627 2323 2323 731 629 2324 2324 744 642 2325 2325 735 640 2326 2326 734 641 2327 2327 732 627 2328 2328 735 640 2329 2329 746 528 2330 2330 735 640 2331 2331 744 642 2332 2332 746 528 2333 2333 744 642 2334 2334 738 632 2335 2335 746 528 2336 2336 738 632 2337 2337 740 634 2338 2338 746 528 2339 2339 740 634 2340 2340 745 635 2341 2341 746 528 2342 2342 745 635 2343 2343 743 630 2344 2344 746 528 2345 2345 743 630 2346 2346 733 631 2347 2347 746 528 2348 2348 733 631 2349 2349 732 627 2350 2350 746 528 2351 2351 1172 528 2352 2352 1170 528 2353 2353 1175 528 2354 2354 749 643 2355 2355 647 644 2356 2356 750 644 2357 2357 647 644 2358 2358 751 645 2359 2359 750 644 2360 2360 650 646 2361 2361 754 647 2362 2362 753 646 2363 2363 754 647 2364 2364 677 648 2365 2365 747 648 2366 2366 748 649 2367 2367 646 643 2368 2368 749 643 2369 2369 677 648 2370 2370 748 649 2371 2371 747 648 2372 2372 649 650 2373 2373 753 646 2374 2374 752 650 2375 2375 751 645 2376 2376 649 650 2377 2377 752 650 2378 2378 757 651 2379 2379 755 652 2380 2380 756 653 2381 2381 767 654 2382 2382 755 652 2383 2383 768 655 2384 2384 762 656 2385 2385 763 657 2386 2386 770 658 2387 2387 765 659 2388 2388 766 660 2389 2389 767 654 2390 2390 770 658 2391 2391 764 661 2392 2392 765 659 2393 2393 762 656 2394 2394 760 662 2395 2395 761 663 2396 2396 759 664 2397 2397 756 653 2398 2398 758 665 2399 2399 769 666 2400 2400 758 665 2401 2401 760 662 2402 2402 757 651 2403 2403 768 655 2404 2404 755 652 2405 2405 767 654 2406 2406 766 660 2407 2407 755 652 2408 2408 762 656 2409 2409 761 663 2410 2410 763 657 2411 2411 765 659 2412 2412 764 661 2413 2413 766 660 2414 2414 770 658 2415 2415 763 657 2416 2416 764 661 2417 2417 762 656 2418 2418 769 666 2419 2419 760 662 2420 2420 759 664 2421 2421 757 651 2422 2422 756 653 2423 2423 769 666 2424 2424 759 664 2425 2425 758 665 2426 2426 757 651 2427 2427 759 664 2428 2428 771 528 2429 2429 759 664 2430 2430 769 666 2431 2431 771 528 2432 2432 769 666 2433 2433 762 656 2434 2434 771 528 2435 2435 762 656 2436 2436 770 658 2437 2437 771 528 2438 2438 770 658 2439 2439 765 659 2440 2440 771 528 2441 2441 765 659 2442 2442 767 654 2443 2443 771 528 2444 2444 767 654 2445 2445 768 655 2446 2446 771 528 2447 2447 768 655 2448 2448 757 651 2449 2449 771 528 2450 2450 1180 528 2451 2451 1178 528 2452 2452 1183 528 2453 2453 774 667 2454 2454 674 668 2455 2455 775 668 2456 2456 674 668 2457 2457 776 669 2458 2458 775 668 2459 2459 553 670 2460 2460 779 671 2461 2461 778 670 2462 2462 779 671 2463 2463 550 672 2464 2464 772 672 2465 2465 773 673 2466 2466 552 667 2467 2467 774 667 2468 2468 550 672 2469 2469 773 673 2470 2470 772 672 2471 2471 676 674 2472 2472 778 670 2473 2473 777 674 2474 2474 776 669 2475 2475 676 674 2476 2476 777 674 2477 2477 931 675 2478 2478 782 676 2479 2479 948 677 2480 2480 932 678 2481 2481 800 679 2482 2482 949 680 2483 2483 933 681 2484 2484 789 682 2485 2485 950 683 2486 2486 934 684 2487 2487 790 685 2488 2488 951 686 2489 2489 952 687 2490 2490 800 679 2491 2491 801 688 2492 2492 953 689 2493 2493 790 685 2494 2494 818 690 2495 2495 954 691 2496 2496 794 692 2497 2497 793 693 2498 2498 955 694 2499 2499 802 695 2500 2500 804 696 2501 2501 937 697 2502 2502 791 698 2503 2503 934 684 2504 2504 938 699 2505 2505 794 692 2506 2506 935 700 2507 2507 955 694 2508 2508 803 701 2509 2509 956 702 2510 2510 957 703 2511 2511 792 704 2512 2512 813 705 2513 2513 940 706 2514 2514 792 704 2515 2515 939 707 2516 2516 958 708 2517 2517 798 709 2518 2518 806 710 2519 2519 932 678 2520 2520 780 711 2521 2521 799 712 2522 2522 941 713 2523 2523 803 701 2524 2524 798 709 2525 2525 959 714 2526 2526 793 693 2527 2527 808 715 2528 2528 948 677 2529 2529 783 716 2530 2530 960 717 2531 2531 943 718 2532 2532 811 719 2533 2533 961 720 2534 2534 944 721 2535 2535 795 722 2536 2536 938 699 2537 2537 962 723 2538 2538 783 716 2539 2539 784 724 2540 2540 940 706 2541 2541 811 719 2542 2542 812 725 2543 2543 944 721 2544 2544 796 726 2545 2545 807 727 2546 2546 962 723 2547 2547 785 728 2548 2548 963 729 2549 2549 946 730 2550 2550 816 731 2551 2551 964 732 2552 2552 964 732 2553 2553 817 733 2554 2554 937 697 2555 2555 965 734 2556 2556 813 705 2557 2557 815 735 2558 2558 958 708 2559 2559 796 726 2560 2560 945 736 2561 2561 966 737 2562 2562 785 728 2563 2563 786 738 2564 2564 933 681 2565 2565 818 690 2566 2566 819 739 2567 2567 965 734 2568 2568 814 740 2569 2569 967 741 2570 2570 936 742 2571 2571 797 743 2572 2572 802 695 2573 2573 968 744 2574 2574 786 738 2575 2575 788 745 2576 2576 959 714 2577 2577 805 746 2578 2578 969 747 2579 2579 952 687 2580 2580 797 743 2581 2581 947 748 2582 2582 968 744 2583 2583 787 749 2584 2584 970 750 2585 2585 969 747 2586 2586 810 751 2587 2587 943 718 2588 2588 967 741 2589 2589 809 752 2590 2590 946 730 2591 2591 970 750 2592 2592 780 711 2593 2593 942 753 2594 2594 931 675 2595 2595 789 682 2596 2596 781 754 2597 2597 781 754 2598 2598 537 528 2599 2599 491 528 2600 2600 789 682 2601 2601 537 528 2602 2602 781 754 2603 2603 789 682 2604 2604 655 528 2605 2605 663 528 2606 2606 818 690 2607 2607 655 528 2608 2608 819 739 2609 2609 571 528 2610 2610 802 695 2611 2611 797 743 2612 2612 790 685 2613 2613 666 528 2614 2614 668 528 2615 2615 790 685 2616 2616 665 528 2617 2617 666 528 2618 2618 780 711 2619 2619 787 749 2620 2620 494 528 2621 2621 809 752 2622 2622 814 740 2623 2623 632 528 2624 2624 816 731 2625 2625 660 528 2626 2626 654 528 2627 2627 809 752 2628 2628 639 528 2629 2629 660 528 2630 2630 806 710 2631 2631 798 709 2632 2632 574 528 2633 2633 814 740 2634 2634 622 528 2635 2635 632 528 2636 2636 813 705 2637 2637 622 528 2638 2638 815 735 2639 2639 633 528 2640 2640 634 528 2641 2641 792 704 2642 2642 792 704 2643 2643 635 528 2644 2644 637 528 2645 2645 792 704 2646 2646 634 528 2647 2647 635 528 2648 2648 568 528 2649 2649 569 528 2650 2650 797 743 2651 2651 482 528 2652 2652 495 528 2653 2653 784 724 2654 2654 810 751 2655 2655 629 528 2656 2656 621 528 2657 2657 805 746 2658 2658 605 528 2659 2659 629 528 2660 2660 808 715 2661 2661 605 528 2662 2662 805 746 2663 2663 808 715 2664 2664 591 528 2665 2665 598 528 2666 2666 794 692 2667 2667 591 528 2668 2668 793 693 2669 2669 664 528 2670 2670 665 528 2671 2671 790 685 2672 2672 795 722 2673 2673 601 528 2674 2674 603 528 2675 2675 795 722 2676 2676 600 528 2677 2677 601 528 2678 2678 636 528 2679 2679 813 705 2680 2680 792 704 2681 2681 621 528 2682 2682 633 528 2683 2683 812 725 2684 2684 806 710 2685 2685 595 528 2686 2686 590 528 2687 2687 595 528 2688 2688 806 710 2689 2689 574 528 2690 2690 803 701 2691 2691 557 528 2692 2692 567 528 2693 2693 802 695 2694 2694 557 528 2695 2695 804 696 2696 2696 599 528 2697 2697 600 528 2698 2698 795 722 2699 2699 797 743 2700 2700 570 528 2701 2701 572 528 2702 2702 797 743 2703 2703 569 528 2704 2704 570 528 2705 2705 602 528 2706 2706 794 692 2707 2707 795 722 2708 2708 667 528 2709 2709 818 690 2710 2710 790 685 2711 2711 799 712 2712 2712 564 528 2713 2713 556 528 2714 2714 780 711 2715 2715 536 528 2716 2716 564 528 2717 2717 498 528 2718 2718 786 738 2719 2719 785 728 2720 2720 787 749 2721 2721 483 528 2722 2722 494 528 2723 2723 786 738 2724 2724 483 528 2725 2725 788 745 2726 2726 495 528 2727 2727 496 528 2728 2728 785 728 2729 2729 785 728 2730 2730 497 528 2731 2731 499 528 2732 2732 785 728 2733 2733 496 528 2734 2734 497 528 2735 2735 654 528 2736 2736 664 528 2737 2737 791 698 2738 2738 556 528 2739 2739 568 528 2740 2740 801 688 2741 2741 782 676 2742 2742 491 528 2743 2743 482 528 2744 2744 789 682 2745 2745 663 528 2746 2746 537 528 2747 2747 789 682 2748 2748 819 739 2749 2749 655 528 2750 2750 818 690 2751 2751 667 528 2752 2752 655 528 2753 2753 668 528 2754 2754 667 528 2755 2755 790 685 2756 2756 791 698 2757 2757 664 528 2758 2758 790 685 2759 2759 817 733 2760 2760 654 528 2761 2761 791 698 2762 2762 817 733 2763 2763 816 731 2764 2764 654 528 2765 2765 816 731 2766 2766 809 752 2767 2767 660 528 2768 2768 639 528 2769 2769 809 752 2770 2770 632 528 2771 2771 814 740 2772 2772 815 735 2773 2773 622 528 2774 2774 813 705 2775 2775 636 528 2776 2776 622 528 2777 2777 637 528 2778 2778 636 528 2779 2779 792 704 2780 2780 812 725 2781 2781 633 528 2782 2782 792 704 2783 2783 811 719 2784 2784 621 528 2785 2785 812 725 2786 2786 811 719 2787 2787 810 751 2788 2788 621 528 2789 2789 810 751 2790 2790 805 746 2791 2791 629 528 2792 2792 808 715 2793 2793 598 528 2794 2794 605 528 2795 2795 808 715 2796 2796 793 693 2797 2797 591 528 2798 2798 794 692 2799 2799 602 528 2800 2800 591 528 2801 2801 603 528 2802 2802 602 528 2803 2803 795 722 2804 2804 807 727 2805 2805 599 528 2806 2806 795 722 2807 2807 796 726 2808 2808 590 528 2809 2809 807 727 2810 2810 796 726 2811 2811 806 710 2812 2812 590 528 2813 2813 798 709 2814 2814 803 701 2815 2815 567 528 2816 2816 574 528 2817 2817 798 709 2818 2818 567 528 2819 2819 803 701 2820 2820 804 696 2821 2821 557 528 2822 2822 802 695 2823 2823 571 528 2824 2824 557 528 2825 2825 572 528 2826 2826 571 528 2827 2827 797 743 2828 2828 801 688 2829 2829 568 528 2830 2830 797 743 2831 2831 800 679 2832 2832 556 528 2833 2833 801 688 2834 2834 800 679 2835 2835 799 712 2836 2836 556 528 2837 2837 799 712 2838 2838 780 711 2839 2839 564 528 2840 2840 536 528 2841 2841 780 711 2842 2842 494 528 2843 2843 787 749 2844 2844 788 745 2845 2845 483 528 2846 2846 786 738 2847 2847 498 528 2848 2848 483 528 2849 2849 499 528 2850 2850 498 528 2851 2851 785 728 2852 2852 784 724 2853 2853 495 528 2854 2854 785 728 2855 2855 783 716 2856 2856 482 528 2857 2857 784 724 2858 2858 783 716 2859 2859 782 676 2860 2860 482 528 2861 2861 782 676 2862 2862 781 754 2863 2863 491 528 2864 2864 590 528 2865 2865 599 528 2866 2866 807 727 2867 2867 481 556 2868 2868 1185 755 2869 2869 820 756 2870 2870 480 576 2871 2871 1191 757 2872 2872 842 758 2873 2873 1126 549 2874 2874 851 759 2875 2875 620 550 2876 2876 586 543 2877 2877 1193 760 2878 2878 1121 544 2879 2879 1147 571 2880 2880 858 761 2881 2881 586 543 2882 2882 620 550 2883 2883 1189 762 2884 2884 1135 573 2885 2885 555 569 2886 2886 1186 763 2887 2887 840 764 2888 2888 1099 563 2889 2889 842 758 2890 2890 1192 765 2891 2891 1150 538 2892 2892 840 764 2893 2893 1187 766 2894 2894 481 556 2895 2895 1184 767 2896 2896 1069 557 2897 2897 1205 768 2898 2898 1286 769 2899 2899 1275 768 2900 2900 828 770 2901 2901 1266 771 2902 2902 1265 770 2903 2903 626 772 2904 2904 1247 200 2905 2905 1239 772 2906 2906 502 773 2907 2907 1226 774 2908 2908 501 774 2909 2909 1198 247 2910 2910 1284 775 2911 2911 1268 247 2912 2912 625 776 2913 2913 1247 200 2914 2914 503 200 2915 2915 505 777 2916 2916 1228 778 2917 2917 504 778 2918 2918 831 779 2919 2919 1285 780 2920 2920 1215 780 2921 2921 656 781 2922 2922 1243 782 2923 2923 657 782 2924 2924 852 783 2925 2925 1242 781 2926 2926 656 781 2927 2927 854 784 2928 2928 1264 785 2929 2929 1267 784 2930 2930 594 786 2931 2931 1228 778 2932 2932 1248 786 2933 2933 506 787 2934 2934 1227 777 2935 2935 505 777 2936 2936 829 788 2937 2937 1287 789 2938 2938 827 789 2939 2939 659 121 2940 2940 1244 790 2941 2941 1245 121 2942 2942 855 791 2943 2943 1241 792 2944 2944 1259 791 2945 2945 1198 247 2946 2946 1266 771 2947 2947 1196 771 2948 2948 558 36 2949 2949 1231 793 2950 2950 559 793 2951 2951 593 794 2952 2952 1229 787 2953 2953 506 787 2954 2954 828 770 2955 2955 1288 795 2956 2956 823 795 2957 2957 855 791 2958 2958 1269 793 2959 2959 853 793 2960 2960 559 793 2961 2961 1232 796 2962 2962 560 796 2963 2963 593 794 2964 2964 1250 349 2965 2965 1249 794 2966 2966 827 789 2967 2967 1286 769 2968 2968 1216 769 2969 2969 829 788 2970 2970 1271 349 2971 2971 1270 788 2972 2972 561 83 2973 2973 1234 797 2974 2974 563 797 2975 2975 592 798 2976 2976 1250 349 2977 2977 507 349 2978 2978 1201 349 2979 2979 1254 799 2980 2980 1271 349 2981 2981 489 249 2982 2982 1260 350 2983 2983 859 350 2984 2984 850 800 2985 2985 1267 784 2986 2986 1272 800 2987 2987 563 797 2988 2988 1235 801 2989 2989 562 801 2990 2990 561 83 2991 2991 1252 802 2992 2992 1233 83 2993 2993 823 795 2994 2994 1262 174 2995 2995 822 174 2996 2996 841 803 2997 2997 1273 121 2998 2998 1256 803 2999 2999 560 796 3000 3000 1252 802 3001 3001 508 802 3002 3002 853 793 3003 3003 1274 804 3004 3004 838 804 3005 3005 821 805 3006 3006 1219 806 3007 3007 484 806 3008 3008 1205 768 3009 3009 1258 783 3010 3010 852 783 3011 3011 845 807 3012 3012 1236 808 3013 3013 623 808 3014 3014 848 809 3015 3015 1272 800 3016 3016 1276 809 3017 3017 500 810 3018 3018 1254 799 3019 3019 825 799 3020 3020 623 808 3021 3021 1237 785 3022 3022 624 785 3023 3023 1207 811 3024 3024 1273 121 3025 3025 1203 121 3026 3026 624 785 3027 3027 1238 776 3028 3028 625 776 3029 3029 1209 812 3030 3030 1278 813 3031 3031 846 813 3032 3032 626 772 3033 3033 1240 795 3034 3034 628 795 3035 3035 844 814 3036 3036 1276 809 3037 3037 1280 814 3038 3038 628 795 3039 3039 1241 792 3040 3040 627 792 3041 3041 1207 811 3042 3042 1281 815 3043 3043 1277 811 3044 3044 846 813 3045 3045 1263 807 3046 3046 845 807 3047 3047 821 805 3048 3048 1280 814 3049 3049 1253 805 3050 3050 562 801 3051 3051 1255 816 3052 3052 836 816 3053 3053 485 817 3054 3054 1219 806 3055 3055 1220 817 3056 3056 843 818 3057 3057 1282 779 3058 3058 831 779 3059 3059 486 819 3060 3060 1220 817 3061 3061 1221 819 3062 3062 486 819 3063 3063 1222 820 3064 3064 487 820 3065 3065 822 174 3066 3066 1230 36 3067 3067 558 36 3068 3068 487 820 3069 3069 1223 821 3070 3070 488 821 3071 3071 841 803 3072 3072 1251 798 3073 3073 592 798 3074 3074 488 821 3075 3075 1224 822 3076 3076 490 813 3077 3077 1209 812 3078 3078 1283 192 3079 3079 1279 812 3080 3080 490 813 3081 3081 1261 823 3082 3082 489 249 3083 3083 838 804 3084 3084 1283 192 3085 3085 1213 192 3086 3086 594 786 3087 3087 1257 818 3088 3088 843 818 3089 3089 659 121 3090 3090 1246 810 3091 3091 500 810 3092 3092 836 816 3093 3093 1284 775 3094 3094 833 775 3095 3095 658 790 3096 3096 1226 774 3097 3097 1244 790 3098 3098 1215 780 3099 3099 1281 815 3100 3100 1211 815 3101 3101 859 350 3102 3102 1264 785 3103 3103 857 785 3104 3104 657 782 3105 3105 1225 773 3106 3106 502 773 3107 3107 895 824 3108 3108 867 824 3109 3109 860 824 3110 3110 923 824 3111 3111 889 824 3112 3112 891 824 3113 3113 884 824 3114 3114 917 824 3115 3115 915 824 3116 3116 882 824 3117 3117 910 824 3118 3118 880 824 3119 3119 929 824 3120 3120 876 824 3121 3121 896 824 3122 3122 928 824 3123 3123 929 824 3124 3124 930 824 3125 3125 929 824 3126 3126 896 824 3127 3127 930 824 3128 3128 896 824 3129 3129 897 824 3130 3130 930 824 3131 3131 897 825 3132 3132 902 825 3133 3133 930 825 3134 3134 902 824 3135 3135 927 824 3136 3136 930 824 3137 3137 927 824 3138 3138 906 824 3139 3139 930 824 3140 3140 906 824 3141 3141 907 824 3142 3142 930 824 3143 3143 907 824 3144 3144 910 824 3145 3145 930 824 3146 3146 910 826 3147 3147 914 826 3148 3148 930 826 3149 3149 914 827 3150 3150 921 827 3151 3151 930 827 3152 3152 921 828 3153 3153 919 828 3154 3154 930 828 3155 3155 919 829 3156 3156 909 829 3157 3157 930 829 3158 3158 909 830 3159 3159 904 830 3160 3160 930 830 3161 3161 904 824 3162 3162 905 824 3163 3163 930 824 3164 3164 905 824 3165 3165 915 824 3166 3166 930 824 3167 3167 915 824 3168 3168 917 824 3169 3169 930 824 3170 3170 917 824 3171 3171 918 824 3172 3172 930 824 3173 3173 918 824 3174 3174 913 824 3175 3175 930 824 3176 3176 913 824 3177 3177 911 824 3178 3178 930 824 3179 3179 911 824 3180 3180 912 824 3181 3181 930 824 3182 3182 912 824 3183 3183 924 824 3184 3184 930 824 3185 3185 924 831 3186 3186 926 831 3187 3187 930 831 3188 3188 926 832 3189 3189 923 832 3190 3190 930 832 3191 3191 923 824 3192 3192 908 824 3193 3193 930 824 3194 3194 908 824 3195 3195 900 824 3196 3196 930 824 3197 3197 900 824 3198 3198 901 824 3199 3199 930 824 3200 3200 901 833 3201 3201 903 833 3202 3202 930 833 3203 3203 903 834 3204 3204 898 834 3205 3205 930 834 3206 3206 898 835 3207 3207 899 835 3208 3208 930 835 3209 3209 899 824 3210 3210 895 824 3211 3211 930 824 3212 3212 895 824 3213 3213 916 824 3214 3214 930 824 3215 3215 916 836 3216 3216 920 836 3217 3217 930 836 3218 3218 920 824 3219 3219 922 824 3220 3220 930 824 3221 3221 922 837 3222 3222 925 837 3223 3223 930 837 3224 3224 925 824 3225 3225 928 824 3226 3226 930 824 3227 3227 347 824 3228 3228 861 824 3229 3229 307 824 3230 3230 347 824 3231 3231 863 824 3232 3232 862 824 3233 3233 346 824 3234 3234 864 824 3235 3235 863 824 3236 3236 305 824 3237 3237 866 824 3238 3238 864 824 3239 3239 1037 824 3240 3240 1261 823 3241 3241 1224 822 3242 3242 307 824 3243 3243 860 824 3244 3244 867 824 3245 3245 870 824 3246 3246 431 824 3247 3247 355 824 3248 3248 439 824 3249 3249 878 824 3250 3250 877 824 3251 3251 473 824 3252 3252 875 824 3253 3253 878 824 3254 3254 472 824 3255 3255 879 824 3256 3256 875 824 3257 3257 438 824 3258 3258 881 824 3259 3259 879 824 3260 3260 438 824 3261 3261 880 824 3262 3262 881 824 3263 3263 437 824 3264 3264 882 824 3265 3265 880 824 3266 3266 886 824 3267 3267 885 824 3268 3268 432 824 3269 3269 471 824 3270 3270 883 824 3271 3271 874 824 3272 3272 440 824 3273 3273 873 824 3274 3274 883 824 3275 3275 876 824 3276 3276 865 824 3277 3277 1038 824 3278 3278 434 824 3279 3279 871 824 3280 3280 872 824 3281 3281 433 824 3282 3282 884 824 3283 3283 871 824 3284 3284 432 824 3285 3285 885 824 3286 3286 884 824 3287 3287 889 824 3288 3288 353 824 3289 3289 352 824 3290 3290 395 824 3291 3291 887 824 3292 3292 886 824 3293 3293 431 824 3294 3294 887 824 3295 3295 395 824 3296 3296 436 824 3297 3297 471 824 3298 3298 874 824 3299 3299 355 824 3300 3300 890 824 3301 3301 888 824 3302 3302 393 824 3303 3303 889 824 3304 3304 890 824 3305 3305 352 824 3306 3306 892 824 3307 3307 891 824 3308 3308 392 824 3309 3309 869 824 3310 3310 892 824 3311 3311 872 824 3312 3312 873 824 3313 3313 440 824 3314 3314 390 824 3315 3315 893 824 3316 3316 868 824 3317 3317 349 824 3318 3318 894 824 3319 3319 893 824 3320 3320 394 824 3321 3321 867 824 3322 3322 894 824 3323 3323 348 824 3324 3324 307 824 3325 3325 867 824 3326 3326 877 824 3327 3327 876 824 3328 3328 302 824 3329 3329 347 824 3330 3330 862 824 3331 3331 861 824 3332 3332 347 824 3333 3333 346 824 3334 3334 863 824 3335 3335 346 824 3336 3336 305 824 3337 3337 864 824 3338 3338 305 824 3339 3339 304 824 3340 3340 866 824 3341 3341 302 824 3342 3342 876 824 3343 3343 1038 824 3344 3344 310 824 3345 3345 877 824 3346 3346 302 824 3347 3347 310 824 3348 3348 439 824 3349 3349 877 824 3350 3350 439 824 3351 3351 473 824 3352 3352 878 824 3353 3353 473 824 3354 3354 472 824 3355 3355 875 824 3356 3356 472 824 3357 3357 438 824 3358 3358 879 824 3359 3359 438 824 3360 3360 437 824 3361 3361 880 824 3362 3362 437 824 3363 3363 436 824 3364 3364 882 824 3365 3365 882 824 3366 3366 436 824 3367 3367 874 824 3368 3368 471 824 3369 3369 440 824 3370 3370 883 824 3371 3371 435 824 3372 3372 872 824 3373 3373 440 824 3374 3374 435 824 3375 3375 434 824 3376 3376 872 824 3377 3377 434 824 3378 3378 433 824 3379 3379 871 824 3380 3380 433 824 3381 3381 432 824 3382 3382 884 824 3383 3383 397 824 3384 3384 886 824 3385 3385 432 824 3386 3386 397 824 3387 3387 395 824 3388 3388 886 824 3389 3389 431 824 3390 3390 870 824 3391 3391 887 824 3392 3392 888 824 3393 3393 870 824 3394 3394 355 824 3395 3395 355 824 3396 3396 393 824 3397 3397 890 824 3398 3398 393 824 3399 3399 353 824 3400 3400 889 824 3401 3401 891 824 3402 3402 889 824 3403 3403 352 824 3404 3404 352 824 3405 3405 392 824 3406 3406 892 824 3407 3407 392 824 3408 3408 391 824 3409 3409 869 824 3410 3410 868 824 3411 3411 869 824 3412 3412 390 824 3413 3413 390 824 3414 3414 349 824 3415 3415 893 824 3416 3416 349 824 3417 3417 394 824 3418 3418 894 824 3419 3419 394 824 3420 3420 348 824 3421 3421 867 824 3422 3422 307 824 3423 3423 861 824 3424 3424 860 824 3425 3425 869 824 3426 3426 391 824 3427 3427 390 824 3428 3428 820 756 3429 3429 950 683 3430 3430 931 675 3431 3431 842 758 3432 3432 970 750 3433 3433 942 753 3434 3434 1190 838 3435 3435 946 730 3436 3436 851 759 3437 3437 858 761 3438 3438 943 718 3439 3439 1193 760 3440 3440 1194 839 3441 3441 970 750 3442 3442 1191 757 3443 3443 1195 840 3444 3444 947 748 3445 3445 856 841 3446 3446 1188 842 3447 3447 969 747 3448 3448 858 761 3449 3449 1194 839 3450 3450 966 737 3451 3451 968 744 3452 3452 832 843 3453 3453 947 748 3454 3454 936 742 3455 3455 1199 844 3456 3456 967 741 3457 3457 1190 838 3458 3458 1200 845 3459 3459 933 681 3460 3460 824 846 3461 3461 1197 847 3462 3462 963 729 3463 3463 966 737 3464 3464 1187 766 3465 3465 945 736 3466 3466 849 848 3467 3467 1204 849 3468 3468 965 734 3469 3469 1199 844 3470 3470 1189 762 3471 3471 937 697 3472 3472 834 850 3473 3473 851 759 3474 3474 964 732 3475 3475 1189 762 3476 3476 1206 851 3477 3477 963 729 3478 3478 1202 852 3479 3479 847 853 3480 3480 945 736 3481 3481 944 721 3482 3482 839 854 3483 3483 961 720 3484 3484 940 706 3485 3485 1206 851 3486 3486 960 717 3487 3487 962 723 3488 3488 847 853 3489 3489 938 699 3490 3490 835 855 3491 3491 1193 760 3492 3492 961 720 3493 3493 1208 856 3494 3494 1184 767 3495 3495 960 717 3496 3496 1210 857 3497 3497 1188 842 3498 3498 954 691 3499 3499 959 714 3500 3500 840 764 3501 3501 956 702 3502 3502 941 713 3503 3503 1192 765 3504 3504 942 753 3505 3505 932 678 3506 3506 1187 766 3507 3507 941 713 3508 3508 958 708 3509 3509 839 854 3510 3510 939 707 3511 3511 837 858 3512 3512 1204 849 3513 3513 939 707 3514 3514 957 703 3515 3515 1186 763 3516 3516 955 694 3517 3517 956 702 3518 3518 835 855 3519 3519 935 700 3520 3520 830 859 3521 3521 834 850 3522 3522 934 684 3523 3523 826 860 3524 3524 1214 861 3525 3525 936 742 3526 3526 955 694 3527 3527 1212 862 3528 3528 935 700 3529 3529 954 691 3530 3530 1200 845 3531 3531 951 686 3532 3532 953 689 3533 3533 1195 840 3534 3534 949 680 3535 3535 952 687 3536 3536 826 860 3537 3537 951 686 3538 3538 1217 863 3539 3539 824 846 3540 3540 950 683 3541 3541 1185 755 3542 3542 1218 864 3543 3543 932 678 3544 3544 949 680 3545 3545 820 756 3546 3546 948 677 3547 3547 1184 767 3548 3548 25 0 3549 3549 31 179 3550 3550 30 1 3551 3551 301 3 3552 3552 0 63 3553 3553 6 4 3554 3554 75 6 3555 3555 82 140 3556 3556 81 7 3557 3557 132 9 3558 3558 133 218 3559 3559 140 10 3560 3560 30 1 3561 3561 37 32 3562 3562 36 12 3563 3563 172 14 3564 3564 179 81 3565 3565 178 15 3566 3566 84 17 3567 3567 85 153 3568 3568 93 18 3569 3569 523 20 3570 3570 27 87 3571 3571 34 21 3572 3572 96 23 3573 3573 104 27 3574 3574 103 24 3575 3575 96 23 3576 3576 97 89 3577 3577 105 26 3578 3578 9 28 3579 3579 16 39 3580 3580 15 29 3581 3581 30 1 3582 3582 31 179 3583 3583 38 31 3584 3584 123 33 3585 3585 129 342 3586 3586 128 34 3587 3587 988 36 3588 3588 1006 36 3589 3589 1014 37 3590 3590 9 28 3591 3591 10 55 3592 3592 17 38 3593 3593 220 40 3594 3594 2 184 3595 3595 1 41 3596 3596 191 43 3597 3597 198 226 3598 3598 197 44 3599 3599 205 46 3600 3600 206 219 3601 3601 213 47 3602 3602 148 49 3603 3603 149 163 3604 3604 156 50 3605 3605 122 35 3606 3606 128 34 3607 3607 127 52 3608 3608 5 54 3609 3609 11 110 3610 3610 10 55 3611 3611 1010 57 3612 3612 1009 58 3613 3613 992 58 3614 3614 175 59 3615 3615 182 104 3616 3616 512 60 3617 3617 218 62 3618 3618 219 42 3619 3619 1 41 3620 3620 139 11 3621 3621 140 10 3622 3622 148 49 3623 3623 155 51 3624 3624 156 50 3625 3625 164 65 3626 3626 142 67 3627 3627 143 187 3628 3628 151 68 3629 3629 971 70 3630 3630 1017 70 3631 3631 1005 71 3632 3632 66 72 3633 3633 74 8 3634 3634 73 73 3635 3635 13 75 3636 3636 14 114 3637 3637 22 76 3638 3638 213 47 3639 3639 220 40 3640 3640 219 42 3641 3641 84 17 3642 3642 92 19 3643 3643 91 78 3644 3644 172 14 3645 3645 173 225 3646 3646 180 80 3647 3647 1000 82 3648 3648 1016 82 3649 3649 1020 83 3650 3650 59 84 3651 3651 66 72 3652 3652 65 74 3653 3653 28 86 3654 3654 35 223 3655 3655 34 21 3656 3656 90 88 3657 3657 91 78 3658 3658 97 89 3659 3659 42 90 3660 3660 43 238 3661 3661 49 91 3662 3662 157 93 3663 3663 158 199 3664 3664 166 94 3665 3665 977 96 3666 3666 1028 96 3667 3667 1030 97 3668 3668 62 98 3669 3669 63 203 3670 3670 70 99 3671 3671 168 101 3672 3672 175 59 3673 3673 513 61 3674 3674 176 103 3675 3675 183 205 3676 3676 182 104 3677 3677 213 47 3678 3678 214 143 3679 3679 221 105 3680 3680 200 106 3681 3681 199 220 3682 3682 192 107 3683 3683 4 56 3684 3684 10 55 3685 3685 9 28 3686 3686 11 110 3687 3687 18 239 3688 3688 17 38 3689 3689 152 111 3690 3690 153 183 3691 3691 161 112 3692 3692 21 77 3693 3693 22 76 3694 3694 28 86 3695 3695 15 29 3696 3696 23 178 3697 3697 22 76 3698 3698 113 115 3699 3699 121 53 3700 3700 120 116 3701 3701 223 118 3702 3702 5 54 3703 3703 4 56 3704 3704 1011 120 3705 3705 274 121 3706 3706 983 121 3707 3707 53 122 3708 3708 59 84 3709 3709 519 85 3710 3710 169 124 3711 3711 176 103 3712 3712 175 59 3713 3713 170 125 3714 3714 177 148 3715 3715 176 103 3716 3716 105 26 3717 3717 106 150 3718 3718 113 115 3719 3719 115 126 3720 3720 123 33 3721 3721 122 35 3722 3722 244 128 3723 3723 1013 128 3724 3724 1015 129 3725 3725 131 130 3726 3726 138 230 3727 3727 515 131 3728 3728 90 88 3729 3729 96 23 3730 3730 95 25 3731 3731 61 134 3732 3732 68 142 3733 3733 67 135 3734 3734 37 32 3735 3735 43 238 3736 3736 42 90 3737 3737 38 31 3738 3738 39 180 3739 3739 45 137 3740 3740 998 129 3741 3741 1015 129 3742 3742 1016 82 3743 3743 520 139 3744 3744 46 157 3745 3745 53 122 3746 3746 82 140 3747 3747 90 88 3748 3748 89 133 3749 3749 104 27 3750 3750 105 26 3751 3751 112 117 3752 3752 62 98 3753 3753 69 100 3754 3754 68 142 3755 3755 214 143 3756 3756 215 227 3757 3757 222 119 3758 3758 201 144 3759 3759 208 207 3760 3760 207 145 3761 3761 74 8 3762 3762 81 7 3763 3763 518 146 3764 3764 60 136 3765 3765 67 135 3766 3766 66 72 3767 3767 147 64 3768 3768 148 49 3769 3769 155 51 3770 3770 170 125 3771 3771 171 16 3772 3772 178 15 3773 3773 107 149 3774 3774 114 127 3775 3775 113 115 3776 3776 45 137 3777 3777 51 251 3778 3778 50 151 3779 3779 77 152 3780 3780 78 173 3781 3781 85 153 3782 3782 124 154 3783 3783 131 130 3784 3784 130 132 3785 3785 47 156 3786 3786 54 232 3787 3787 53 122 3788 3788 67 135 3789 3789 68 142 3790 3790 76 158 3791 3791 141 159 3792 3792 149 163 3793 3793 148 49 3794 3794 93 18 3795 3795 99 162 3796 3796 98 160 3797 3797 93 18 3798 3798 94 246 3799 3799 100 161 3800 3800 142 67 3801 3801 150 69 3802 3802 149 163 3803 3803 189 164 3804 3804 190 45 3805 3805 197 44 3806 3806 40 166 3807 3807 41 177 3808 3808 47 156 3809 3809 163 66 3810 3810 170 125 3811 3811 169 124 3812 3812 120 116 3813 3813 121 53 3814 3814 127 52 3815 3815 279 169 3816 3816 196 343 3817 3817 203 170 3818 3818 79 172 3819 3819 86 331 3820 3820 85 153 3821 3821 1025 174 3822 3822 1012 175 3823 3823 973 175 3824 3824 70 99 3825 3825 78 173 3826 3826 77 152 3827 3827 522 22 3828 3828 34 21 3829 3829 40 166 3830 3830 34 21 3831 3831 35 223 3832 3832 41 177 3833 3833 82 140 3834 3834 83 79 3835 3835 91 78 3836 3836 23 178 3837 3837 24 2 3838 3838 30 1 3839 3839 31 179 3840 3840 32 295 3841 3841 39 180 3842 3842 1009 58 3843 3843 1022 181 3844 3844 991 181 3845 3845 518 146 3846 3846 81 7 3847 3847 89 133 3848 3848 153 183 3849 3849 154 147 3850 3850 162 167 3851 3851 2 184 3852 3852 8 30 3853 3853 7 185 3854 3854 2 184 3855 3855 3 109 3856 3856 9 28 3857 3857 135 186 3858 3858 136 304 3859 3859 143 187 3860 3860 978 97 3861 3861 1030 97 3862 3862 271 188 3863 3863 88 182 3864 3864 89 133 3865 3865 95 25 3866 3866 0 63 3867 3867 1 41 3868 3868 7 185 3869 3869 7 185 3870 3870 8 30 3871 3871 15 29 3872 3872 178 15 3873 3873 185 240 3874 3874 184 190 3875 3875 107 149 3876 3876 108 221 3877 3877 115 126 3878 3878 976 191 3879 3879 1023 191 3880 3880 1024 192 3881 3881 165 95 3882 3882 172 14 3883 3883 171 16 3884 3884 521 176 3885 3885 40 166 3886 3886 46 157 3887 3887 118 193 3888 3888 119 195 3889 3889 125 194 3890 3890 119 195 3891 3891 120 116 3892 3892 126 168 3893 3893 76 158 3894 3894 77 152 3895 3895 84 17 3896 3896 396 196 3897 3897 398 305 3898 3898 261 197 3899 3899 150 69 3900 3900 151 68 3901 3901 158 199 3902 3902 1021 200 3903 3903 1033 201 3904 3904 999 201 3905 3905 56 202 3906 3906 57 252 3907 3907 63 203 3908 3908 21 77 3909 3909 27 87 3910 3910 523 20 3911 3911 184 190 3912 3912 192 107 3913 3913 191 43 3914 3914 163 66 3915 3915 164 65 3916 3916 171 16 3917 3917 202 206 3918 3918 209 228 3919 3919 208 207 3920 3920 975 208 3921 3921 1027 208 3922 3922 1023 191 3923 3923 113 115 3924 3924 114 127 3925 3925 122 35 3926 3926 110 209 3927 3927 118 193 3928 3928 117 210 3929 3929 211 212 3930 3930 212 48 3931 3931 219 42 3932 3932 75 6 3933 3933 76 158 3934 3934 83 79 3935 3935 99 162 3936 3936 107 149 3937 3937 106 150 3938 3938 179 81 3939 3939 180 80 3940 3940 187 213 3941 3941 1032 215 3942 3942 1008 216 3943 3943 995 216 3944 3944 103 24 3945 3945 110 209 3946 3946 109 211 3947 3947 125 194 3948 3948 126 168 3949 3949 133 218 3950 3950 200 106 3951 3951 207 145 3952 3952 206 219 3953 3953 99 162 3954 3954 100 161 3955 3955 108 221 3956 3956 145 222 3957 3957 146 229 3958 3958 153 183 3959 3959 6 4 3960 3960 7 185 3961 3961 14 114 3962 3962 29 13 3963 3963 36 12 3964 3964 35 223 3965 3965 126 168 3966 3966 127 52 3967 3967 134 224 3968 3968 16 39 3969 3969 17 38 3970 3970 25 0 3971 3971 165 95 3972 3972 166 94 3973 3973 173 225 3974 3974 977 96 3975 3975 989 37 3976 3976 1014 37 3977 3977 160 113 3978 3978 161 112 3979 3979 168 101 3980 3980 110 209 3981 3981 111 141 3982 3982 119 195 3983 3983 191 43 3984 3984 192 107 3985 3985 199 220 3986 3986 207 145 3987 3987 208 207 3988 3988 215 227 3989 3989 157 93 3990 3990 165 95 3991 3991 164 65 3992 3992 209 228 3993 3993 216 235 3994 3994 215 227 3995 3995 118 193 3996 3996 124 154 3997 3997 516 155 3998 3998 139 11 3999 3999 147 64 4000 4000 146 229 4001 4001 55 231 4002 4002 61 134 4003 4003 60 136 4004 4004 56 202 4005 4005 62 98 4006 4006 61 134 4007 4007 187 213 4008 4008 195 242 4009 4009 194 233 4010 4010 1018 188 4011 4011 271 188 4012 4012 983 121 4013 4013 50 151 4014 4014 57 252 4015 4015 56 202 4016 4016 197 44 4017 4017 204 245 4018 4018 509 234 4019 4019 161 112 4020 4020 162 167 4021 4021 169 124 4022 4022 48 92 4023 4023 55 231 4024 4024 54 232 4025 4025 207 145 4026 4026 214 143 4027 4027 213 47 4028 4028 216 235 4029 4029 223 118 4030 4030 222 119 4031 4031 1004 236 4032 4032 1003 237 4033 4033 985 237 4034 4034 128 34 4035 4035 135 186 4036 4036 134 224 4037 4037 95 25 4038 4038 103 24 4039 4039 102 217 4040 4040 53 122 4041 4041 54 232 4042 4042 60 136 4043 4043 177 148 4044 4044 184 190 4045 4045 183 205 4046 4046 133 218 4047 4047 134 224 4048 4048 141 159 4049 4049 37 32 4050 4050 38 31 4051 4051 44 138 4052 4052 18 239 4053 4053 26 306 4054 4054 25 0 4055 4055 138 230 4056 4056 146 229 4057 4057 145 222 4058 4058 183 205 4059 4059 191 43 4060 4060 190 45 4061 4061 155 51 4062 4062 163 66 4063 4063 162 167 4064 4064 48 92 4065 4065 49 91 4066 4066 56 202 4067 4067 186 214 4068 4068 194 233 4069 4069 193 108 4070 4070 64 241 4071 4071 71 248 4072 4072 70 99 4073 4073 1022 181 4074 4074 1021 200 4075 4075 990 200 4076 4076 179 81 4077 4077 186 214 4078 4078 185 240 4079 4079 198 226 4080 4080 199 220 4081 4081 206 219 4082 4082 67 135 4083 4083 75 6 4084 4084 74 8 4085 4085 42 90 4086 4086 41 177 4087 4087 35 223 4088 4088 185 240 4089 4089 193 108 4090 4090 192 107 4091 4091 194 233 4092 4092 201 144 4093 4093 200 106 4094 4094 195 242 4095 4095 202 206 4096 4096 201 144 4097 4097 972 71 4098 4098 1005 71 4099 4099 1006 36 4100 4100 211 212 4101 4101 218 62 4102 4102 510 243 4103 4103 198 226 4104 4104 205 46 4105 4105 204 245 4106 4106 111 141 4107 4107 112 117 4108 4108 120 116 4109 4109 97 89 4110 4110 98 160 4111 4111 106 150 4112 4112 44 138 4113 4113 50 151 4114 4114 49 91 4115 4115 85 153 4116 4116 86 331 4117 4117 94 246 4118 4118 1008 216 4119 4119 1007 247 4120 4120 281 247 4121 4121 512 60 4122 4122 182 104 4123 4123 190 45 4124 4124 147 64 4125 4125 154 147 4126 4126 153 183 4127 4127 91 78 4128 4128 92 19 4129 4129 98 160 4130 4130 69 100 4131 4131 77 152 4132 4132 76 158 4133 4133 71 248 4134 4134 79 172 4135 4135 78 173 4136 4136 1002 249 4137 4137 251 249 4138 4138 1027 208 4139 4139 135 186 4140 4140 142 67 4141 4141 141 159 4142 4142 524 250 4143 4143 13 75 4144 4144 21 77 4145 4145 104 27 4146 4146 111 141 4147 4147 110 209 4148 4148 42 90 4149 4149 48 92 4150 4150 47 156 4151 4151 16 39 4152 4152 24 2 4153 4153 23 178 4154 4154 149 163 4155 4155 150 69 4156 4156 157 93 4157 4157 51 251 4158 4158 58 254 4159 4159 57 252 4160 4160 1031 253 4161 4161 1010 57 4162 4162 993 57 4163 4163 525 5 4164 4164 6 4 4165 4165 13 75 4166 4166 125 194 4167 4167 132 9 4168 4168 131 130 4169 4169 23 178 4170 4170 29 13 4171 4171 28 86 4172 4172 220 40 4173 4173 221 105 4174 4174 3 109 4175 4175 221 105 4176 4176 222 119 4177 4177 4 56 4178 4178 58 254 4179 4179 64 241 4180 4180 63 203 4181 4181 987 192 4182 4182 1024 192 4183 4183 1017 70 4184 4184 144 255 4185 4185 399 282 4186 4186 267 256 4187 4187 260 258 4188 4188 123 33 4189 4189 115 126 4190 4190 229 260 4191 4191 227 334 4192 4192 12 261 4193 4193 246 263 4194 4194 71 248 4195 4195 64 241 4196 4196 1034 265 4197 4197 269 281 4198 4198 159 266 4199 4199 282 268 4200 4200 202 206 4201 4201 195 242 4202 4202 275 270 4203 4203 273 333 4204 4204 174 271 4205 4205 284 273 4206 4206 209 228 4207 4207 202 206 4208 4208 994 171 4209 4209 203 170 4210 4210 210 274 4211 4211 256 276 4212 4212 258 259 4213 4213 115 126 4214 4214 253 277 4215 4215 1026 325 4216 4216 354 278 4217 4217 981 280 4218 4218 982 264 4219 4219 64 241 4220 4220 269 281 4221 4221 267 256 4222 4222 399 282 4223 4223 270 283 4224 4224 272 324 4225 4225 166 94 4226 4226 263 284 4227 4227 137 491 4228 4228 144 255 4229 4229 246 263 4230 4230 248 319 4231 4231 79 172 4232 4232 231 285 4233 4233 306 347 4234 4234 33 286 4235 4235 280 269 4236 4236 195 242 4237 4237 187 213 4238 4238 245 289 4239 4239 243 297 4240 4240 351 290 4241 4241 286 292 4242 4242 288 344 4243 4243 223 118 4244 4244 259 198 4245 4245 257 341 4246 4246 116 293 4247 4247 234 294 4248 4248 236 348 4249 4249 39 180 4250 4250 350 296 4251 4251 351 290 4252 4252 243 297 4253 4253 232 299 4254 4254 26 306 4255 4255 18 239 4256 4256 235 301 4257 4257 979 287 4258 4258 33 286 4259 4259 264 303 4260 4260 266 328 4261 4261 143 187 4262 4262 398 305 4263 4263 137 491 4264 4264 263 284 4265 4265 232 299 4266 4266 234 294 4267 4267 32 295 4268 4268 101 279 4269 4269 356 340 4270 4270 255 307 4271 4271 230 300 4272 4272 18 239 4273 4273 11 110 4274 4274 285 309 4275 4275 283 275 4276 4276 210 274 4277 4277 228 308 4278 4278 11 110 4279 4279 5 54 4280 4280 357 312 4281 4281 350 296 4282 4282 241 298 4283 4283 240 314 4284 4284 51 251 4285 4285 45 137 4286 4286 287 316 4287 4287 285 309 4288 4288 217 310 4289 4289 250 318 4290 4290 86 331 4291 4291 79 172 4292 4292 247 320 4293 4293 80 332 4294 4294 87 321 4295 4295 1019 323 4296 4296 173 225 4297 4297 166 94 4298 4298 87 321 4299 4299 354 278 4300 4300 1026 325 4301 4301 278 288 4302 4302 187 213 4303 4303 180 80 4304 4304 237 327 4305 4305 309 345 4306 4306 357 312 4307 4307 266 328 4308 4308 268 346 4309 4309 151 68 4310 4310 262 329 4311 4311 129 342 4312 4312 123 33 4313 4313 252 330 4314 4314 94 246 4315 4315 86 331 4316 4316 245 289 4317 4317 72 291 4318 4318 80 332 4319 4319 273 333 4320 4320 1034 265 4321 4321 167 267 4322 4322 284 273 4323 4323 286 292 4324 4324 216 235 4325 4325 227 334 4326 4326 226 338 4327 4327 303 335 4328 4328 1019 323 4329 4329 276 326 4330 4330 180 80 4331 4331 275 270 4332 4332 181 272 4333 4333 188 336 4334 4334 240 314 4335 4335 981 280 4336 4336 58 254 4337 4337 226 338 4338 4338 287 316 4339 4339 224 317 4340 4340 254 339 4341 4341 256 276 4342 4342 108 221 4343 4343 356 340 4344 4344 116 293 4345 4345 257 341 4346 4346 262 329 4347 4347 264 303 4348 4348 136 304 4349 4349 277 337 4350 4350 188 336 4351 4351 196 343 4352 4352 288 344 4353 4353 225 311 4354 4354 5 54 4355 4355 235 301 4356 4356 308 302 4357 4357 309 345 4358 4358 268 346 4359 4359 270 283 4360 4360 158 199 4361 4361 231 285 4362 4362 229 260 4363 4363 19 262 4364 4364 238 315 4365 4365 45 137 4366 4366 39 180 4367 4367 204 245 4368 4368 211 212 4369 4369 479 244 4370 4370 205 46 4371 4371 212 48 4372 4372 211 212 4373 4373 131 130 4374 4374 132 9 4375 4375 139 11 4376 4376 25 0 4377 4377 26 306 4378 4378 32 295 4379 4379 128 34 4380 4380 129 342 4381 4381 136 304 4382 4382 218 62 4383 4383 0 63 4384 4384 301 3 4385 4385 242 349 4386 4386 997 349 4387 4387 1013 128 4388 4388 1003 237 4389 4389 1029 350 4390 4390 980 350 4391 4391 252 330 4392 4392 254 339 4393 4393 100 161 4394 4394 1025 174 4395 4395 974 174 4396 4396 281 247 4397 4397 1029 350 4398 4398 1031 253 4399 4399 233 253 4400 4400 1001 83 4401 4401 1020 83 4402 4402 251 249 4403 4403 1012 175 4404 4404 1011 120 4405 4405 984 120 4406 4406 1033 201 4407 4407 1032 215 4408 4408 996 215 4409 4409 242 349 4410 4410 1004 236 4411 4411 986 236 4412 4412 341 367 4413 4413 323 408 4414 4414 324 368 4415 4415 337 370 4416 4416 319 391 4417 4417 311 371 4418 4418 330 373 4419 4419 12 261 4420 4420 303 335 4421 4421 333 374 4422 4422 33 286 4423 4423 306 347 4424 4424 309 345 4425 4425 308 302 4426 4426 334 376 4427 4427 330 373 4428 4428 329 372 4429 4429 311 371 4430 4430 331 379 4431 4431 19 262 4432 4432 12 261 4433 4433 336 380 4434 4434 335 377 4435 4435 317 381 4436 4436 334 376 4437 4437 316 393 4438 4438 317 381 4439 4439 312 378 4440 4440 311 371 4441 4441 338 383 4442 4442 317 381 4443 4443 316 393 4444 4444 343 385 4445 4445 345 387 4446 4446 318 382 4447 4447 317 381 4448 4448 313 388 4449 4449 312 378 4450 4450 339 384 4451 4451 315 390 4452 4452 314 394 4453 4453 341 367 4454 4454 338 383 4455 4455 311 371 4456 4456 319 391 4457 4457 316 393 4458 4458 315 390 4459 4459 342 369 4460 4460 314 394 4461 4461 313 388 4462 4462 340 389 4463 4463 325 395 4464 4464 1059 400 4465 4465 1060 396 4466 4466 326 397 4467 4467 1060 396 4468 4468 1061 398 4469 4469 324 368 4470 4470 1042 410 4471 4471 1059 400 4472 4472 328 401 4473 4473 1040 517 4474 4474 1035 402 4475 4475 321 404 4476 4476 1036 409 4477 4477 1039 405 4478 4478 322 406 4479 4479 1039 405 4480 4480 1041 407 4481 4481 320 403 4482 4482 1035 402 4483 4483 1036 409 4484 4484 323 408 4485 4485 1041 407 4486 4486 1042 410 4487 4487 331 379 4488 4488 313 388 4489 4489 314 394 4490 4490 332 375 4491 4491 306 347 4492 4492 19 262 4493 4493 332 375 4494 4494 314 394 4495 4495 315 390 4496 4496 303 335 4497 4497 224 317 4498 4498 337 370 4499 4499 333 374 4500 4500 315 390 4501 4501 316 393 4502 4502 331 379 4503 4503 330 373 4504 4504 312 378 4505 4505 336 380 4506 4506 357 312 4507 4507 309 345 4508 4508 308 302 4509 4509 33 286 4510 4510 333 374 4511 4511 338 383 4512 4512 470 392 4513 4513 328 401 4514 4514 343 385 4515 4515 342 369 4516 4516 324 368 4517 4517 338 383 4518 4518 320 403 4519 4519 321 404 4520 4520 339 384 4521 4521 321 404 4522 4522 322 406 4523 4523 340 389 4524 4524 322 406 4525 4525 323 408 4526 4526 345 387 4527 4527 344 386 4528 4528 326 397 4529 4529 344 386 4530 4530 343 385 4531 4531 325 395 4532 4532 385 411 4533 4533 369 448 4534 4534 370 412 4535 4535 318 382 4536 4536 358 420 4537 4537 374 414 4538 4538 375 415 4539 4539 351 290 4540 4540 350 296 4541 4541 87 321 4542 4542 80 332 4543 4543 377 416 4544 4544 101 279 4545 4545 354 278 4546 4546 379 418 4547 4547 375 415 4548 4548 374 414 4549 4549 358 420 4550 4550 72 291 4551 4551 351 290 4552 4552 375 415 4553 4553 381 423 4554 4554 380 419 4555 4555 364 424 4556 4556 379 418 4557 4557 363 434 4558 4558 364 424 4559 4559 359 421 4560 4560 358 420 4561 4561 382 426 4562 4562 364 424 4563 4563 363 434 4564 4564 387 428 4565 4565 389 430 4566 4566 365 425 4567 4567 364 424 4568 4568 360 431 4569 4569 359 421 4570 4570 383 427 4571 4571 362 433 4572 4572 361 435 4573 4573 385 411 4574 4574 358 420 4575 4575 318 382 4576 4576 345 387 4577 4577 363 434 4578 4578 362 433 4579 4579 386 413 4580 4580 361 435 4581 4581 360 431 4582 4582 384 432 4583 4583 371 436 4584 4584 1043 441 4585 4585 1063 437 4586 4586 372 438 4587 4587 1063 437 4588 4588 1064 439 4589 4589 370 412 4590 4590 1044 450 4591 4591 1043 441 4592 4592 327 399 4593 4593 1061 398 4594 4594 1062 442 4595 4595 367 444 4596 4596 1047 449 4597 4597 1045 445 4598 4598 368 446 4599 4599 1045 445 4600 4600 1046 447 4601 4601 366 443 4602 4602 1062 442 4603 4603 1047 449 4604 4604 369 448 4605 4605 1046 447 4606 4606 1044 450 4607 4607 376 422 4608 4608 360 431 4609 4609 361 435 4610 4610 80 332 4611 4611 72 291 4612 4612 376 422 4613 4613 377 416 4614 4614 361 435 4615 4615 362 433 4616 4616 357 312 4617 4617 336 380 4618 4618 374 414 4619 4619 378 417 4620 4620 362 433 4621 4621 363 434 4622 4622 376 422 4623 4623 375 415 4624 4624 359 421 4625 4625 356 340 4626 4626 101 279 4627 4627 380 419 4628 4628 354 278 4629 4629 87 321 4630 4630 378 417 4631 4631 382 426 4632 4632 345 387 4633 4633 327 399 4634 4634 387 428 4635 4635 386 413 4636 4636 370 412 4637 4637 382 426 4638 4638 366 443 4639 4639 367 444 4640 4640 383 427 4641 4641 367 444 4642 4642 368 446 4643 4643 384 432 4644 4644 368 446 4645 4645 369 448 4646 4646 389 430 4647 4647 388 429 4648 4648 372 438 4649 4649 388 429 4650 4650 387 428 4651 4651 371 436 4652 4652 426 451 4653 4653 410 488 4654 4654 411 452 4655 4655 365 425 4656 4656 400 460 4657 4657 415 454 4658 4658 396 196 4659 4659 116 293 4660 4660 415 454 4661 4661 144 255 4662 4662 137 491 4663 4663 418 456 4664 4664 159 266 4665 4665 399 282 4666 4666 420 458 4667 4667 416 455 4668 4668 415 454 4669 4669 400 460 4670 4670 417 462 4671 4671 398 305 4672 4672 396 196 4673 4673 422 463 4674 4674 421 459 4675 4675 406 464 4676 4676 420 458 4677 4677 405 474 4678 4678 406 464 4679 4679 401 461 4680 4680 400 460 4681 4681 423 466 4682 4682 406 464 4683 4683 405 474 4684 4684 428 468 4685 4685 430 470 4686 4686 448 465 4687 4687 406 464 4688 4688 402 471 4689 4689 401 461 4690 4690 424 467 4691 4691 404 473 4692 4692 403 475 4693 4693 426 451 4694 4694 400 460 4695 4695 365 425 4696 4696 389 430 4697 4697 405 474 4698 4698 404 473 4699 4699 427 453 4700 4700 403 475 4701 4701 402 471 4702 4702 425 472 4703 4703 412 476 4704 4704 1051 481 4705 4705 1053 477 4706 4706 413 478 4707 4707 1053 477 4708 4708 1066 479 4709 4709 411 452 4710 4710 1050 490 4711 4711 1051 481 4712 4712 373 440 4713 4713 1064 439 4714 4714 1065 482 4715 4715 408 484 4716 4716 1049 489 4717 4717 1048 485 4718 4718 409 486 4719 4719 1048 485 4720 4720 1052 487 4721 4721 407 483 4722 4722 1065 482 4723 4723 1049 489 4724 4724 410 488 4725 4725 1052 487 4726 4726 1050 490 4727 4727 417 462 4728 4728 402 471 4729 4729 403 475 4730 4730 137 491 4731 4731 398 305 4732 4732 417 462 4733 4733 418 456 4734 4734 403 475 4735 4735 404 473 4736 4736 116 293 4737 4737 356 340 4738 4738 381 423 4739 4739 419 457 4740 4740 404 473 4741 4741 405 474 4742 4742 417 462 4743 4743 416 455 4744 4744 401 461 4745 4745 167 267 4746 4746 159 266 4747 4747 421 459 4748 4748 399 282 4749 4749 144 255 4750 4750 419 457 4751 4751 423 466 4752 4752 389 430 4753 4753 373 440 4754 4754 428 468 4755 4755 427 453 4756 4756 411 452 4757 4757 423 466 4758 4758 407 483 4759 4759 408 484 4760 4760 424 467 4761 4761 408 484 4762 4762 409 486 4763 4763 425 472 4764 4764 409 486 4765 4765 410 488 4766 4766 430 470 4767 4767 429 469 4768 4768 413 478 4769 4769 429 469 4770 4770 428 468 4771 4771 412 476 4772 4772 466 492 4773 4773 452 525 4774 4774 453 493 4775 4775 448 465 4776 4776 441 500 4777 4777 456 495 4778 4778 181 272 4779 4779 174 271 4780 4780 456 495 4781 4781 203 170 4782 4782 196 343 4783 4783 459 497 4784 4784 210 274 4785 4785 461 503 4786 4786 462 499 4787 4787 457 496 4788 4788 456 495 4789 4789 441 500 4790 4790 188 336 4791 4791 181 272 4792 4792 457 496 4793 4793 462 499 4794 4794 447 504 4795 4795 319 391 4796 4796 461 503 4797 4797 446 512 4798 4798 447 504 4799 4799 442 501 4800 4800 441 500 4801 4801 463 505 4802 4802 447 504 4803 4803 446 512 4804 4804 468 507 4805 4805 470 392 4806 4806 319 391 4807 4807 447 504 4808 4808 443 509 4809 4809 442 501 4810 4810 464 506 4811 4811 445 511 4812 4812 444 513 4813 4813 466 492 4814 4814 463 505 4815 4815 441 500 4816 4816 448 465 4817 4817 446 512 4818 4818 445 511 4819 4819 467 494 4820 4820 444 513 4821 4821 443 509 4822 4822 465 510 4823 4823 454 514 4824 4824 1058 518 4825 4825 1068 515 4826 4826 455 516 4827 4827 1068 515 4828 4828 1040 517 4829 4829 453 493 4830 4830 1057 527 4831 4831 1058 518 4832 4832 414 480 4833 4833 1066 479 4834 4834 1067 519 4835 4835 450 521 4836 4836 1056 526 4837 4837 1055 522 4838 4838 451 523 4839 4839 1055 522 4840 4840 1054 524 4841 4841 449 520 4842 4842 1067 519 4843 4843 1056 526 4844 4844 452 525 4845 4845 1054 524 4846 4846 1057 527 4847 4847 458 502 4848 4848 443 509 4849 4849 444 513 4850 4850 196 343 4851 4851 188 336 4852 4852 458 502 4853 4853 459 497 4854 4854 444 513 4855 4855 445 511 4856 4856 174 271 4857 4857 167 267 4858 4858 422 463 4859 4859 460 498 4860 4860 445 511 4861 4861 446 512 4862 4862 458 502 4863 4863 457 496 4864 4864 442 501 4865 4865 337 370 4866 4866 224 317 4867 4867 217 310 4868 4868 203 170 4869 4869 460 498 4870 4870 461 503 4871 4871 463 505 4872 4872 430 470 4873 4873 414 480 4874 4874 468 507 4875 4875 467 494 4876 4876 453 493 4877 4877 463 505 4878 4878 449 520 4879 4879 450 521 4880 4880 464 506 4881 4881 450 521 4882 4882 451 523 4883 4883 465 510 4884 4884 451 523 4885 4885 452 525 4886 4886 470 392 4887 4887 469 508 4888 4888 455 516 4889 4889 469 508 4890 4890 468 507 4891 4891 454 514 4892 4892 495 528 4893 4893 482 528 4894 4894 491 528 4895 4895 496 528 4896 4896 495 528 4897 4897 492 528 4898 4898 497 528 4899 4899 496 528 4900 4900 538 528 4901 4901 497 528 4902 4902 493 528 4903 4903 539 528 4904 4904 499 528 4905 4905 539 528 4906 4906 540 528 4907 4907 498 528 4908 4908 540 528 4909 4909 494 528 4910 4910 1082 528 4911 4911 1081 528 4912 4912 1085 528 4913 4913 1085 528 4914 4914 1084 528 4915 4915 1083 528 4916 4916 1083 528 4917 4917 1087 528 4918 4918 1088 528 4919 4919 1088 528 4920 4920 1086 528 4921 4921 1082 528 4922 4922 1082 528 4923 4923 1085 528 4924 4924 1088 528 4925 4925 528 529 4926 4926 1091 529 4927 4927 1090 530 4928 4928 1090 530 4929 4929 1089 531 4930 4930 530 531 4931 4931 1093 532 4932 4932 1112 865 4933 4933 533 533 4934 4934 533 533 4935 4935 1112 865 4936 4936 1110 534 4937 4937 527 535 4938 4938 1111 535 4939 4939 1091 529 4940 4940 1110 534 4941 4941 1111 535 4942 4942 527 535 4943 4943 1092 536 4944 4944 1093 532 4945 4945 532 532 4946 4946 530 531 4947 4947 1089 531 4948 4948 1092 536 4949 4949 543 866 4950 4950 542 866 4951 4951 534 866 4952 4952 542 867 4953 4953 541 867 4954 4954 534 867 4955 4955 541 868 4956 4956 549 868 4957 4957 534 868 4958 4958 534 869 4959 4959 673 869 4960 4960 645 869 4961 4961 673 528 4962 4962 672 528 4963 4963 645 528 4964 4964 672 870 4965 4965 638 870 4966 4966 645 870 4967 4967 645 528 4968 4968 644 528 4969 4969 611 528 4970 4970 644 528 4971 4971 643 528 4972 4972 611 528 4973 4973 643 528 4974 4974 604 528 4975 4975 611 528 4976 4976 611 871 4977 4977 610 871 4978 4978 580 871 4979 4979 610 528 4980 4980 609 528 4981 4981 580 528 4982 4982 609 528 4983 4983 573 528 4984 4984 580 528 4985 4985 580 872 4986 4986 579 872 4987 4987 543 872 4988 4988 579 873 4989 4989 578 873 4990 4990 543 873 4991 4991 578 528 4992 4992 535 528 4993 4993 543 528 4994 4994 543 874 4995 4995 534 874 4996 4996 645 874 4997 4997 645 875 4998 4998 611 875 4999 4999 580 875 5000 5000 568 528 5001 5001 556 528 5002 5002 564 528 5003 5003 569 528 5004 5004 568 528 5005 5005 565 528 5006 5006 570 528 5007 5007 569 528 5008 5008 575 528 5009 5009 570 528 5010 5010 566 528 5011 5011 576 528 5012 5012 572 528 5013 5013 576 528 5014 5014 577 528 5015 5015 571 528 5016 5016 577 528 5017 5017 567 528 5018 5018 599 528 5019 5019 590 528 5020 5020 595 528 5021 5021 600 528 5022 5022 599 528 5023 5023 596 528 5024 5024 601 528 5025 5025 600 528 5026 5026 606 528 5027 5027 601 528 5028 5028 597 528 5029 5029 607 528 5030 5030 603 528 5031 5031 607 528 5032 5032 608 528 5033 5033 602 528 5034 5034 608 528 5035 5035 598 528 5036 5036 633 528 5037 5037 621 528 5038 5038 629 528 5039 5039 634 528 5040 5040 633 528 5041 5041 630 528 5042 5042 635 528 5043 5043 634 528 5044 5044 640 528 5045 5045 635 528 5046 5046 631 528 5047 5047 641 528 5048 5048 637 528 5049 5049 641 528 5050 5050 642 528 5051 5051 636 528 5052 5052 642 528 5053 5053 632 528 5054 5054 664 528 5055 5055 654 528 5056 5056 660 528 5057 5057 665 528 5058 5058 664 528 5059 5059 661 528 5060 5060 666 528 5061 5061 665 528 5062 5062 669 528 5063 5063 666 528 5064 5064 662 528 5065 5065 670 528 5066 5066 668 528 5067 5067 670 528 5068 5068 671 528 5069 5069 667 528 5070 5070 671 528 5071 5071 663 528 5072 5072 1153 528 5073 5073 1152 528 5074 5074 1156 528 5075 5075 1156 528 5076 5076 1155 528 5077 5077 1154 528 5078 5078 1154 528 5079 5079 1158 528 5080 5080 1159 528 5081 5081 1159 528 5082 5082 1157 528 5083 5083 1153 528 5084 5084 1153 528 5085 5085 1156 528 5086 5086 1159 528 5087 5087 699 594 5088 5088 581 594 5089 5089 582 595 5090 5090 582 595 5091 5091 583 596 5092 5092 701 596 5093 5093 585 597 5094 5094 619 876 5095 5095 704 598 5096 5096 704 598 5097 5097 619 876 5098 5098 617 599 5099 5099 698 600 5100 5100 618 600 5101 5101 581 594 5102 5102 617 599 5103 5103 618 600 5104 5104 698 600 5105 5105 584 601 5106 5106 585 597 5107 5107 703 597 5108 5108 701 596 5109 5109 583 596 5110 5110 584 601 5111 5111 1161 528 5112 5112 1160 528 5113 5113 1164 528 5114 5114 1164 528 5115 5115 1163 528 5116 5116 1162 528 5117 5117 1162 528 5118 5118 1166 528 5119 5119 1167 528 5120 5120 1167 528 5121 5121 1165 528 5122 5122 1161 528 5123 5123 1161 528 5124 5124 1164 528 5125 5125 1167 528 5126 5126 724 618 5127 5127 612 625 5128 5128 613 619 5129 5129 613 619 5130 5130 614 620 5131 5131 726 620 5132 5132 616 621 5133 5133 653 877 5134 5134 729 622 5135 5135 729 622 5136 5136 653 877 5137 5137 651 623 5138 5138 723 624 5139 5139 652 624 5140 5140 612 625 5141 5141 651 623 5142 5142 652 624 5143 5143 723 624 5144 5144 615 626 5145 5145 616 621 5146 5146 728 621 5147 5147 726 620 5148 5148 614 620 5149 5149 615 626 5150 5150 1169 528 5151 5151 1168 528 5152 5152 1172 528 5153 5153 1172 528 5154 5154 1171 528 5155 5155 1170 528 5156 5156 1170 528 5157 5157 1174 528 5158 5158 1175 528 5159 5159 1175 528 5160 5160 1173 528 5161 5161 1169 528 5162 5162 1169 528 5163 5163 1172 528 5164 5164 1175 528 5165 5165 749 643 5166 5166 646 643 5167 5167 647 644 5168 5168 647 644 5169 5169 648 645 5170 5170 751 645 5171 5171 650 646 5172 5172 679 878 5173 5173 754 647 5174 5174 754 647 5175 5175 679 878 5176 5176 677 648 5177 5177 748 649 5178 5178 678 649 5179 5179 646 643 5180 5180 677 648 5181 5181 678 649 5182 5182 748 649 5183 5183 649 650 5184 5184 650 646 5185 5185 753 646 5186 5186 751 645 5187 5187 648 645 5188 5188 649 650 5189 5189 1177 528 5190 5190 1176 528 5191 5191 1180 528 5192 5192 1180 528 5193 5193 1179 528 5194 5194 1178 528 5195 5195 1178 528 5196 5196 1182 528 5197 5197 1183 528 5198 5198 1183 528 5199 5199 1181 528 5200 5200 1177 528 5201 5201 1177 528 5202 5202 1180 528 5203 5203 1183 528 5204 5204 774 667 5205 5205 552 667 5206 5206 674 668 5207 5207 674 668 5208 5208 675 669 5209 5209 776 669 5210 5210 553 670 5211 5211 554 879 5212 5212 779 671 5213 5213 779 671 5214 5214 554 879 5215 5215 550 672 5216 5216 773 673 5217 5217 551 673 5218 5218 552 667 5219 5219 550 672 5220 5220 551 673 5221 5221 773 673 5222 5222 676 674 5223 5223 553 670 5224 5224 778 670 5225 5225 776 669 5226 5226 675 669 5227 5227 676 674 5228 5228 931 675 5229 5229 781 754 5230 5230 782 676 5231 5231 932 678 5232 5232 799 712 5233 5233 800 679 5234 5234 933 681 5235 5235 819 739 5236 5236 789 682 5237 5237 934 684 5238 5238 791 698 5239 5239 790 685 5240 5240 952 687 5241 5241 949 680 5242 5242 800 679 5243 5243 953 689 5244 5244 951 686 5245 5245 790 685 5246 5246 954 691 5247 5247 935 700 5248 5248 794 692 5249 5249 955 694 5250 5250 936 742 5251 5251 802 695 5252 5252 937 697 5253 5253 817 733 5254 5254 791 698 5255 5255 938 699 5256 5256 795 722 5257 5257 794 692 5258 5258 955 694 5259 5259 804 696 5260 5260 803 701 5261 5261 957 703 5262 5262 939 707 5263 5263 792 704 5264 5264 940 706 5265 5265 812 725 5266 5266 792 704 5267 5267 958 708 5268 5268 941 713 5269 5269 798 709 5270 5270 932 678 5271 5271 942 753 5272 5272 780 711 5273 5273 941 713 5274 5274 956 702 5275 5275 803 701 5276 5276 959 714 5277 5277 954 691 5278 5278 793 693 5279 5279 948 677 5280 5280 782 676 5281 5281 783 716 5282 5282 943 718 5283 5283 810 751 5284 5284 811 719 5285 5285 944 721 5286 5286 807 727 5287 5287 795 722 5288 5288 962 723 5289 5289 960 717 5290 5290 783 716 5291 5291 940 706 5292 5292 961 720 5293 5293 811 719 5294 5294 944 721 5295 5295 945 736 5296 5296 796 726 5297 5297 962 723 5298 5298 784 724 5299 5299 785 728 5300 5300 946 730 5301 5301 809 752 5302 5302 816 731 5303 5303 964 732 5304 5304 816 731 5305 5305 817 733 5306 5306 965 734 5307 5307 957 703 5308 5308 813 705 5309 5309 958 708 5310 5310 806 710 5311 5311 796 726 5312 5312 966 737 5313 5313 963 729 5314 5314 785 728 5315 5315 933 681 5316 5316 953 689 5317 5317 818 690 5318 5318 965 734 5319 5319 815 735 5320 5320 814 740 5321 5321 936 742 5322 5322 947 748 5323 5323 797 743 5324 5324 968 744 5325 5325 966 737 5326 5326 786 738 5327 5327 959 714 5328 5328 808 715 5329 5329 805 746 5330 5330 952 687 5331 5331 801 688 5332 5332 797 743 5333 5333 968 744 5334 5334 788 745 5335 5335 787 749 5336 5336 969 747 5337 5337 805 746 5338 5338 810 751 5339 5339 967 741 5340 5340 814 740 5341 5341 809 752 5342 5342 970 750 5343 5343 787 749 5344 5344 780 711 5345 5345 931 675 5346 5346 950 683 5347 5347 789 682 5348 5348 481 556 5349 5349 1145 555 5350 5350 1185 755 5351 5351 480 576 5352 5352 1075 562 5353 5353 1191 757 5354 5354 1126 549 5355 5355 1190 838 5356 5356 851 759 5357 5357 586 543 5358 5358 858 761 5359 5359 1193 760 5360 5360 1147 571 5361 5361 1188 842 5362 5362 858 761 5363 5363 620 550 5364 5364 851 759 5365 5365 1189 762 5366 5366 555 569 5367 5367 1104 568 5368 5368 1186 763 5369 5369 1099 563 5370 5370 480 576 5371 5371 842 758 5372 5372 1150 538 5373 5373 555 569 5374 5374 840 764 5375 5375 481 556 5376 5376 820 756 5377 5377 1184 767 5378 5378 1205 768 5379 5379 1216 769 5380 5380 1286 769 5381 5381 828 770 5382 5382 1196 771 5383 5383 1266 771 5384 5384 626 772 5385 5385 503 200 5386 5386 1247 200 5387 5387 502 773 5388 5388 1225 773 5389 5389 1226 774 5390 5390 1198 247 5391 5391 833 775 5392 5392 1284 775 5393 5393 625 776 5394 5394 1238 776 5395 5395 1247 200 5396 5396 505 777 5397 5397 1227 777 5398 5398 1228 778 5399 5399 831 779 5400 5400 1282 779 5401 5401 1285 780 5402 5402 656 781 5403 5403 1242 781 5404 5404 1243 782 5405 5405 852 783 5406 5406 1258 783 5407 5407 1242 781 5408 5408 854 784 5409 5409 857 785 5410 5410 1264 785 5411 5411 594 786 5412 5412 504 778 5413 5413 1228 778 5414 5414 506 787 5415 5415 1229 787 5416 5416 1227 777 5417 5417 829 788 5418 5418 1270 788 5419 5419 1287 789 5420 5420 659 121 5421 5421 658 790 5422 5422 1244 790 5423 5423 855 791 5424 5424 627 792 5425 5425 1241 792 5426 5426 1198 247 5427 5427 1268 247 5428 5428 1266 771 5429 5429 558 36 5430 5430 1230 36 5431 5431 1231 793 5432 5432 593 794 5433 5433 1249 794 5434 5434 1229 787 5435 5435 828 770 5436 5436 1265 770 5437 5437 1288 795 5438 5438 855 791 5439 5439 1259 791 5440 5440 1269 793 5441 5441 559 793 5442 5442 1231 793 5443 5443 1232 796 5444 5444 593 794 5445 5445 507 349 5446 5446 1250 349 5447 5447 827 789 5448 5448 1287 789 5449 5449 1286 769 5450 5450 829 788 5451 5451 1201 349 5452 5452 1271 349 5453 5453 561 83 5454 5454 1233 83 5455 5455 1234 797 5456 5456 592 798 5457 5457 1251 798 5458 5458 1250 349 5459 5459 1201 349 5460 5460 825 799 5461 5461 1254 799 5462 5462 489 249 5463 5463 1261 823 5464 5464 1260 350 5465 5465 850 800 5466 5466 854 784 5467 5467 1267 784 5468 5468 563 797 5469 5469 1234 797 5470 5470 1235 801 5471 5471 561 83 5472 5472 508 802 5473 5473 1252 802 5474 5474 823 795 5475 5475 1288 795 5476 5476 1262 174 5477 5477 841 803 5478 5478 1203 121 5479 5479 1273 121 5480 5480 560 796 5481 5481 1232 796 5482 5482 1252 802 5483 5483 853 793 5484 5484 1269 793 5485 5485 1274 804 5486 5486 821 805 5487 5487 1253 805 5488 5488 1219 806 5489 5489 1205 768 5490 5490 1275 768 5491 5491 1258 783 5492 5492 845 807 5493 5493 1263 807 5494 5494 1236 808 5495 5495 848 809 5496 5496 850 800 5497 5497 1272 800 5498 5498 500 810 5499 5499 1246 810 5500 5500 1254 799 5501 5501 623 808 5502 5502 1236 808 5503 5503 1237 785 5504 5504 1207 811 5505 5505 1277 811 5506 5506 1273 121 5507 5507 624 785 5508 5508 1237 785 5509 5509 1238 776 5510 5510 1209 812 5511 5511 1279 812 5512 5512 1278 813 5513 5513 626 772 5514 5514 1239 772 5515 5515 1240 795 5516 5516 844 814 5517 5517 848 809 5518 5518 1276 809 5519 5519 628 795 5520 5520 1240 795 5521 5521 1241 792 5522 5522 1207 811 5523 5523 1211 815 5524 5524 1281 815 5525 5525 846 813 5526 5526 1278 813 5527 5527 1263 807 5528 5528 821 805 5529 5529 844 814 5530 5530 1280 814 5531 5531 562 801 5532 5532 1235 801 5533 5533 1255 816 5534 5534 485 817 5535 5535 484 806 5536 5536 1219 806 5537 5537 843 818 5538 5538 1257 818 5539 5539 1282 779 5540 5540 486 819 5541 5541 485 817 5542 5542 1220 817 5543 5543 486 819 5544 5544 1221 819 5545 5545 1222 820 5546 5546 822 174 5547 5547 1262 174 5548 5548 1230 36 5549 5549 487 820 5550 5550 1222 820 5551 5551 1223 821 5552 5552 841 803 5553 5553 1256 803 5554 5554 1251 798 5555 5555 488 821 5556 5556 1223 821 5557 5557 1224 822 5558 5558 1209 812 5559 5559 1213 192 5560 5560 1283 192 5561 5561 490 813 5562 5562 1224 822 5563 5563 1261 823 5564 5564 838 804 5565 5565 1274 804 5566 5566 1283 192 5567 5567 594 786 5568 5568 1248 786 5569 5569 1257 818 5570 5570 659 121 5571 5571 1245 121 5572 5572 1246 810 5573 5573 836 816 5574 5574 1255 816 5575 5575 1284 775 5576 5576 658 790 5577 5577 501 774 5578 5578 1226 774 5579 5579 1215 780 5580 5580 1285 780 5581 5581 1281 815 5582 5582 859 350 5583 5583 1260 350 5584 5584 1264 785 5585 5585 657 782 5586 5586 1243 782 5587 5587 1225 773 5588 5588 895 824 5589 5589 899 824 5590 5590 867 824 5591 5591 923 824 5592 5592 926 824 5593 5593 889 824 5594 5594 884 824 5595 5595 885 824 5596 5596 917 824 5597 5597 882 824 5598 5598 914 824 5599 5599 910 824 5600 5600 929 824 5601 5601 865 824 5602 5602 876 824 5603 5603 820 756 5604 5604 1185 755 5605 5605 950 683 5606 5606 842 758 5607 5607 1191 757 5608 5608 970 750 5609 5609 1190 838 5610 5610 967 741 5611 5611 946 730 5612 5612 858 761 5613 5613 969 747 5614 5614 943 718 5615 5615 1194 839 5616 5616 968 744 5617 5617 970 750 5618 5618 1195 840 5619 5619 952 687 5620 5620 947 748 5621 5621 1188 842 5622 5622 959 714 5623 5623 969 747 5624 5624 1194 839 5625 5625 1197 847 5626 5626 966 737 5627 5627 832 843 5628 5628 856 841 5629 5629 947 748 5630 5630 1199 844 5631 5631 965 734 5632 5632 967 741 5633 5633 1200 845 5634 5634 953 689 5635 5635 933 681 5636 5636 1197 847 5637 5637 1202 852 5638 5638 963 729 5639 5639 1187 766 5640 5640 958 708 5641 5641 945 736 5642 5642 1204 849 5643 5643 957 703 5644 5644 965 734 5645 5645 1189 762 5646 5646 964 732 5647 5647 937 697 5648 5648 851 759 5649 5649 946 730 5650 5650 964 732 5651 5651 1206 851 5652 5652 962 723 5653 5653 963 729 5654 5654 847 853 5655 5655 849 848 5656 5656 945 736 5657 5657 839 854 5658 5658 1208 856 5659 5659 961 720 5660 5660 1206 851 5661 5661 1210 857 5662 5662 960 717 5663 5663 847 853 5664 5664 944 721 5665 5665 938 699 5666 5666 1193 760 5667 5667 943 718 5668 5668 961 720 5669 5669 1184 767 5670 5670 948 677 5671 5671 960 717 5672 5672 1188 842 5673 5673 1212 862 5674 5674 954 691 5675 5675 840 764 5676 5676 1186 763 5677 5677 956 702 5678 5678 1192 765 5679 5679 842 758 5680 5680 942 753 5681 5681 1187 766 5682 5682 840 764 5683 5683 941 713 5684 5684 839 854 5685 5685 940 706 5686 5686 939 707 5687 5687 1204 849 5688 5688 837 858 5689 5689 939 707 5690 5690 1186 763 5691 5691 1214 861 5692 5692 955 694 5693 5693 835 855 5694 5694 938 699 5695 5695 935 700 5696 5696 834 850 5697 5697 937 697 5698 5698 934 684 5699 5699 1214 861 5700 5700 832 843 5701 5701 936 742 5702 5702 1212 862 5703 5703 830 859 5704 5704 935 700 5705 5705 1200 845 5706 5706 1217 863 5707 5707 951 686 5708 5708 1195 840 5709 5709 1218 864 5710 5710 949 680 5711 5711 826 860 5712 5712 934 684 5713 5713 951 686 5714 5714 824 846 5715 5715 933 681 5716 5716 950 683 5717 5717 1218 864 5718 5718 1192 765 5719 5719 932 678 5720 5720 820 756 5721 5721 931 675 5722 5722 948 677 5723 5723</p>
        </triangles>
      </mesh>
    </geometry>
    <geometry id="daewon_dcx_01a_15x7-mesh" name="daewon_dcx_01a_15x7">
      <mesh>
        <source id="daewon_dcx_01a_15x7-mesh-positions">
          <float_array id="daewon_dcx_01a_15x7-mesh-positions-array" count="4239">8.292925 2.99003e-5 18.34339 8.581462 2.96734e-5 19.26641 9.070406 2.9654e-5 19.77011 9.3371 2.96873e-5 20.16475 9.070406 2.97156e-5 20.61737 8.696444 2.97691e-5 20.7527 -8.850199 -7.72884e-5 20.7527 7.679262 -3.461292 17.40133 8.292925 -3.578565 17.99093 8.581462 -3.758631 18.8962 9.070406 -3.856902 19.39023 9.3371 -3.933891 19.77728 9.070406 -4.022205 20.22122 8.696444 -4.048606 20.35392 -8.850199 -4.048714 20.35393 7.679262 -6.789634 16.39169 8.292925 -7.019666 16.94708 8.581462 -7.372876 17.79983 9.070406 -7.565634 18.2652 9.3371 -7.716676 18.6298 9.070406 -7.88988 19.04798 8.696444 -7.941661 19.17297 -8.850199 -7.941768 19.17297 7.679262 -9.856997 14.75213 8.292925 -10.19099 15.25197 8.581462 -10.70378 16.01943 9.070406 -10.98363 16.43823 9.3371 -11.20287 16.76637 9.070406 -11.45435 17.14272 8.696444 -11.52954 17.25522 -8.850199 -11.52965 17.25523 7.679262 -12.5456 12.54566 8.292925 -12.97067 12.97073 8.581462 -13.62335 13.6234 9.070406 -13.97951 13.97957 9.3371 -14.25857 14.25862 9.070406 -14.57864 14.57868 8.696444 -14.6743 14.67436 -8.850199 -14.67443 14.67436 7.679262 -14.75209 9.857052 8.292925 -15.2519 10.19103 8.581462 -16.01938 10.70384 9.070406 -16.4382 10.98368 9.3371 -16.76633 11.20292 9.070406 -17.14267 11.45439 8.696444 -17.25516 11.52957 -8.850199 -17.2553 11.52957 7.679262 -16.39165 6.789652 8.292925 -16.94702 7.019701 8.581462 -17.79978 7.37293 9.070406 -18.26513 7.565683 9.3371 -18.62974 7.716706 9.070406 -19.04792 7.889918 8.696444 -19.17293 7.941699 -8.850199 -19.17303 7.941699 7.679262 -17.40128 3.461326 8.292925 -17.99087 3.578606 8.581462 -18.89614 3.758676 9.070406 -19.39019 3.85694 9.3371 -19.77722 3.933933 9.070406 -20.22118 4.022235 8.696444 -20.35389 4.048628 -8.850199 -20.354 4.048628 7.679262 -17.74217 -1.92326e-5 8.292925 -18.34331 -1.92227e-5 8.581462 -19.26636 -1.92919e-5 9.070406 -19.77004 -1.93083e-5 9.3371 -20.16467 -1.93388e-5 9.070406 -20.61732 -1.93255e-5 8.696444 -20.75261 -1.93231e-5 -8.850199 -20.75273 -1.9298e-5 7.679262 -17.40128 -3.461356 8.292925 -17.99087 -3.578634 8.581462 -18.89614 -3.758705 9.070406 -19.39017 -3.856974 9.3371 -19.77722 -3.933964 9.070406 -20.22116 -4.022266 8.696444 -20.35384 -4.048667 -8.850199 -20.35397 -4.048667 7.679262 -16.39165 -6.789681 8.292925 -16.94702 -7.019731 8.581462 -17.79978 -7.372957 9.070406 -18.26513 -7.565713 9.3371 -18.62973 -7.716737 9.070406 -19.04791 -7.889951 8.696444 -19.17293 -7.941733 -8.850199 -19.17303 -7.941733 7.679262 -14.75208 -9.857084 8.292925 -15.2519 -10.19106 8.581462 -16.01936 -10.70387 9.070406 -16.43819 -10.98371 9.3371 -16.76632 -11.20296 9.070406 -17.14265 -11.45442 8.696444 -17.25514 -11.5296 -8.850199 -17.25528 -11.5296 7.679262 -12.5456 -12.54568 8.292925 -12.97067 -12.97076 8.581455 -13.62333 -13.62343 9.070406 -13.97951 -13.9796 9.3371 -14.25856 -14.25865 9.070406 -14.57864 -14.57871 8.696444 -14.6743 -14.67438 -8.850199 -14.67441 -14.67438 7.679262 -9.856983 -14.75215 8.292919 -10.19098 -15.25199 8.581455 -10.70377 -16.01945 9.070406 -10.98362 -16.43826 9.3371 -11.20286 -16.76639 9.070406 -11.45433 -17.14275 8.696444 -11.52952 -17.25525 -8.850193 -11.52963 -17.25524 7.679262 -6.789603 -16.39172 8.292919 -7.019651 -16.94711 8.581455 -7.37286 -17.79987 9.070406 -7.565618 -18.26523 9.3371 -7.71666 -18.62982 9.070406 -7.889848 -19.04801 8.696444 -7.941645 -19.17301 -8.850199 -7.941752 -19.173 7.679262 -3.461276 -17.40136 8.292919 -3.57855 -17.99095 8.581455 -3.758615 -18.89624 9.070406 -3.856886 -19.39026 9.3371 -3.933876 -19.77731 9.070406 -4.022174 -20.22124 8.696444 -4.048591 -20.35394 -8.850199 -4.048698 -20.35394 7.679262 6.10759e-5 -17.74227 8.292919 6.1032e-5 -18.34341 8.581455 6.10849e-5 -19.26643 9.070406 6.10656e-5 -19.77013 9.3371 6.10989e-5 -20.16476 9.070406 6.11272e-5 -20.6174 8.696444 6.11807e-5 -20.7527 -8.850199 -4.58768e-5 -20.7527 7.679262 3.461414 -17.40135 8.292919 3.578702 -17.99095 8.581455 3.758768 -18.89623 9.070406 3.857024 -19.39025 9.3371 3.934029 -19.77731 9.070406 4.022326 -20.22124 8.696444 4.048729 -20.35395 -8.850193 4.048606 -20.35395 7.679262 6.789725 -16.39171 8.292919 7.019789 -16.94711 8.581455 7.373014 -17.79986 9.070406 7.565771 -18.26522 9.3371 7.716766 -18.62981 9.070406 7.890001 -19.048 8.696436 7.941784 -19.173 -8.850193 7.941676 -19.173 7.679262 9.857138 -14.75215 8.292919 10.19112 -15.25199 8.581455 10.70395 -16.01945 9.070406 10.98378 -16.43826 9.3371 11.203 -16.76639 9.070406 11.45449 -17.14275 8.696436 11.52964 -17.25525 -8.850199 11.52953 -17.25525 7.679253 12.54574 -12.54567 8.29291 12.97083 -12.97074 8.581446 13.62348 -13.62341 9.0704 13.97965 -13.97958 9.337089 14.25871 -14.25863 9.070391 14.57878 -14.57869 8.696419 14.67445 -14.67437 -8.850222 14.67433 -14.67437 7.679246 14.7522 -9.857065 8.292887 15.25204 -10.19105 8.581423 16.01952 -10.70384 9.070378 16.43833 -10.98369 9.337069 16.76647 -11.20293 9.070378 17.14281 -11.4544 8.696403 17.2553 -11.52958 -8.850245 17.25519 -11.52957 7.67923 16.39178 -6.789671 8.292887 16.94716 -7.019719 8.581423 17.7999 -7.372933 9.070378 18.26527 -7.565686 9.337069 18.62984 -7.71671 9.070378 19.04803 -7.889924 8.696396 19.17301 -7.941706 -8.850254 19.173 -7.941706 7.67923 17.4014 -3.461354 8.292887 17.99098 -3.57863 8.581423 18.89623 -3.758701 9.070369 19.39026 -3.856966 9.337059 19.77732 -3.933956 9.070369 20.22126 -4.022258 8.696403 20.35396 -4.04866 -8.850254 20.35395 -4.048659 7.67923 17.7423 -2.31241e-5 8.292887 18.34342 -2.31142e-5 8.581415 19.26644 -2.32184e-5 9.070369 19.77013 -2.32347e-5 9.337059 20.16477 -2.32652e-5 9.070369 20.61742 -2.32519e-5 8.696403 20.75273 -2.32496e-5 -8.850254 20.7527 -2.71509e-5 7.67923 17.4014 3.461322 8.292887 17.99098 3.578606 8.581423 18.89623 3.758672 9.070369 19.39026 3.856944 9.337059 19.77732 3.933933 9.070369 20.22124 4.022239 8.696403 20.35396 4.048633 -8.850254 20.35395 4.048625 7.67923 16.39175 6.789648 8.292887 16.94714 7.019701 8.581423 17.7999 7.372926 9.070378 18.26526 7.565687 9.337069 18.62983 7.716702 9.070378 19.04799 7.889922 8.696403 19.17299 7.941695 -8.850254 19.17299 7.941687 7.679246 14.75218 9.857065 8.292887 15.25204 10.19103 8.581423 16.0195 10.70383 9.070378 16.43831 10.98367 9.337069 16.76645 11.20292 9.070378 17.1428 11.4544 8.696413 17.25528 11.52956 -8.850245 17.25517 11.52956 7.679253 12.54571 12.54567 8.292919 12.97078 12.97074 8.581455 13.62346 13.62342 9.0704 13.97965 13.97959 9.337089 14.2587 14.25864 9.070391 14.57875 14.57869 8.696428 14.67441 14.67437 -8.850222 14.6743 14.67437 8.292925 10.1911 15.25198 8.581462 10.70388 16.01944 9.070406 10.98376 16.43824 9.3371 11.203 16.76638 9.070406 11.45446 17.14273 8.696444 11.52964 17.25523 -8.850199 11.52953 17.25523 8.292925 7.019772 16.94709 8.581462 7.372998 17.79984 9.070406 7.565755 18.2652 9.3371 7.716766 18.62981 9.070406 7.890001 19.04798 8.696444 7.941767 19.17298 -8.850199 7.941629 19.17299 8.292925 3.578655 17.99093 8.581462 3.758752 18.89621 9.070406 3.856993 19.39024 9.3371 3.934014 19.77729 9.070406 4.022326 20.22123 8.696444 4.048713 20.35394 -8.850199 4.04859 20.35394 7.715464 2.96022e-5 18.78042 -7.696962 -7.7352e-5 18.78041 -7.69697 -3.663921 18.41955 7.715464 -3.663815 18.41955 -7.696962 -7.187011 17.35084 7.715464 -7.186888 17.35084 -7.696962 -10.43392 15.61535 7.715464 -10.4338 15.61534 -7.696962 -13.27982 13.27976 7.715464 -13.27971 13.27975 -7.696962 -15.61539 10.43384 7.715464 -15.61528 10.43383 -7.696962 -17.3509 7.186942 7.715464 -17.35079 7.186943 -7.696962 -18.4196 3.663864 7.715464 -18.41949 3.663864 -7.696962 -18.78047 -1.93046e-5 7.715464 -18.78036 -1.92805e-5 -7.696962 -18.4196 -3.663891 7.715464 -18.41949 -3.663892 -7.696962 -17.3509 -7.186973 7.715464 -17.35079 -7.186973 -7.696962 -15.61538 -10.43386 7.715464 -15.61527 -10.43386 -7.696962 -13.2798 -13.27978 7.715464 -13.27969 -13.27978 -7.696962 -10.4339 -15.61536 7.715464 -10.43379 -15.61536 -7.696962 -7.186995 -17.35087 7.715464 -7.186873 -17.35087 -7.69697 -3.663905 -18.41959 7.715464 -3.6638 -18.41958 -7.69697 -4.59405e-5 -18.78044 7.715464 6.10137e-5 -18.78044 -7.696962 3.663831 -18.41958 7.715464 3.663936 -18.41958 -7.696962 7.186935 -17.35086 7.715464 7.187042 -17.35086 -7.69697 10.43381 -15.61537 7.715464 10.43392 -15.61536 -7.69697 13.27974 -13.27976 7.715456 13.27985 -13.27977 -7.697009 15.61532 -10.43384 7.715433 15.61543 -10.43384 -7.697009 17.35082 -7.186962 7.715433 17.35094 -7.186957 -7.697009 18.41957 -3.663891 7.715433 18.41959 -3.663892 -7.697009 18.78045 -3.10839e-5 7.715433 18.78047 -2.32069e-5 -7.697017 18.41957 3.663853 7.715433 18.41959 3.66386 -7.697017 17.35077 7.186938 7.715433 17.35091 7.186946 -7.697017 15.61532 10.43382 7.715433 15.61543 10.43382 -7.69697 13.27969 13.27978 7.715456 13.27982 13.27977 -7.696962 10.43379 15.61535 7.715464 10.4339 15.61535 -7.696962 7.186904 17.35084 7.715464 7.18701 17.35085 -7.696962 3.663831 18.41955 7.715464 3.663936 18.41956 5.5764 1.269043 5.669861 5.5764 0.8973694 6.567192 7.652779 0.7458801 6.415668 7.652779 1.054779 5.669861 5.5764 1.52588e-5 6.938877 7.652779 4.57764e-5 6.72459 5.5764 -0.8972931 6.567192 7.652779 -0.7457581 6.415668 5.5764 -1.268997 5.669861 7.652779 -1.054657 5.669861 5.5764 -0.8972931 4.772533 7.652779 -0.7457428 4.924065 5.5764 1.52588e-5 4.400856 7.652779 4.57764e-5 4.615147 5.5764 0.8973694 4.772533 7.652779 0.7458801 4.924065 7.679262 2.99441e-5 17.74224 2.695133 0 17.29348 -8.850199 -7.72884e-5 20.7527 2.695133 -3.373756 16.96119 -8.850199 -4.048714 20.35393 2.695133 -6.617918 15.97709 -8.850199 -7.941768 19.17297 -8.850199 -11.52965 17.25523 -8.850199 -14.67443 14.67436 2.695133 -14.379 9.607734 -8.850199 -17.2553 11.52957 -8.850199 -19.17303 7.941699 2.695133 3.373809 16.96119 -8.850199 -7.72898e-5 19.79509 -8.850199 -3.861893 19.41473 -8.850199 -7.575305 18.28828 -8.850199 -10.99761 16.45901 -8.850199 -13.99731 13.99724 -8.850199 -16.45907 10.99755 -8.850199 -18.28834 7.57524 -8.850199 -19.41481 3.861824 -8.850199 3.86177 19.41474 -5.367885 -8.77302e-5 17.29726 -5.367885 -3.374581 16.96489 -5.367876 -6.619426 15.98058 -5.367885 -9.609889 14.38214 -5.367885 -12.23108 12.231 -5.367885 -14.38221 9.609837 -5.367885 -15.98066 6.619361 -5.367885 -16.96495 3.374515 -5.367876 3.374458 16.9649 -9.364704 -7.73368e-5 20.27389 -9.364704 -3.955295 19.88433 -9.364704 -7.758528 18.73063 -9.364704 -11.26364 16.85712 -9.364704 -14.33586 14.3358 -9.364704 -16.85719 11.26355 -9.364704 -18.73069 7.758471 -9.364704 -19.88438 3.955226 -9.364704 3.955157 19.88434 -8.255879 -8.77302e-5 18.75028 -8.255879 -3.658072 18.38999 -8.255879 -7.175496 17.323 -8.255879 -10.41717 15.59028 -8.255879 -13.25852 13.25846 -8.255879 -15.59036 10.41709 -8.255879 -17.32305 7.175404 -8.255879 -18.39006 3.657985 2.695133 -9.607712 14.37901 2.695133 -12.22831 12.22833 2.695133 -15.97707 6.617918 2.695133 -17.29348 1.90735e-6 -8.850199 -20.7527 -7.62939e-5 -8.850199 -20.35393 -4.048712 -8.850199 -19.17297 -7.941767 -8.850199 -17.25523 -11.52965 2.695133 -12.22833 -12.22831 -8.850199 -14.67436 -14.67443 2.695133 -9.607735 -14.379 -8.850199 -11.52957 -17.2553 -8.850199 -7.9417 -19.17303 2.695133 -3.373779 -16.96118 -8.850199 -4.04863 -20.354 -8.850199 -20.35394 4.048592 -8.850199 -19.79509 -7.62939e-5 -8.850199 -19.41473 -3.861891 -8.850199 -18.28828 -7.575304 -8.850199 -16.45901 -10.99761 -8.850199 -13.99724 -13.99731 -8.850199 -10.99755 -16.45907 -8.850199 -7.575241 -18.28834 -8.850199 -3.861826 -19.41481 -5.367885 -17.29726 -8.58307e-5 -5.367885 -16.96489 -3.37458 -5.367876 -15.98058 -6.619426 -5.367885 -14.38214 -9.609887 -5.367885 -12.231 -12.23108 -5.367885 -9.609838 -14.38221 -5.367885 -6.619363 -15.98066 -5.367885 -3.374516 -16.96495 -9.364704 -20.27389 -7.62939e-5 -9.364704 -19.88433 -3.955294 -9.364704 -18.73063 -7.758526 -9.364704 -16.85712 -11.26364 -9.364704 -14.3358 -14.33586 -9.364704 -11.26355 -16.85719 -9.364704 -7.758472 -18.73069 -9.364704 -3.955227 -19.88438 -8.255879 -18.75028 -8.58307e-5 -8.255879 -18.38999 -3.658071 -8.255879 -17.323 -7.175495 -8.255879 -15.59028 -10.41716 -8.255879 -13.25846 -13.25852 -8.255879 -10.41709 -15.59036 -8.255879 -7.175405 -17.32305 -8.255879 -3.657987 -18.39006 2.695133 -16.96119 -3.373754 2.695133 -15.97709 -6.617916 2.695133 -14.37901 -9.607712 2.695133 -6.61792 -15.97707 2.695133 -16.96119 3.37381 -8.850199 7.41548e-5 -20.7527 2.695133 3.373754 -16.96119 -8.850199 4.048711 -20.35393 2.695133 6.617916 -15.97709 -8.850199 7.941765 -19.17297 -8.850199 11.52965 -17.25523 -8.850199 14.67443 -14.67436 -8.850199 17.2553 -11.52957 -8.850199 19.17303 -7.941702 -8.850199 20.354 -4.048631 -8.850199 7.43008e-5 -19.79509 -8.850199 3.86189 -19.41473 -8.850199 7.575302 -18.28828 -8.850199 10.99761 -16.45901 -8.850199 13.99731 -13.99724 -8.850199 16.45907 -10.99755 -8.850199 18.28834 -7.575242 -5.367885 8.51184e-5 -17.29726 -5.367885 3.374578 -16.96489 -5.367876 6.619423 -15.98058 -5.367885 9.609887 -14.38214 -5.367885 12.23108 -12.231 -5.367885 14.3822 -9.609839 -5.367885 15.98065 -6.619363 -5.367885 16.96495 -3.374518 -9.364704 7.42755e-5 -20.27389 -9.364704 3.955292 -19.88433 -9.364704 7.758525 -18.73063 -9.364704 11.26364 -16.85712 -9.364704 14.33586 -14.3358 -9.364704 16.85719 -11.26355 -9.364704 18.73069 -7.758474 -9.364704 19.88438 -3.955229 -8.255879 8.4899e-5 -18.75028 -8.255879 3.658069 -18.38999 -8.255879 7.175493 -17.323 -8.255879 10.41716 -15.59028 -8.255879 13.25852 -13.25846 -8.255879 15.59036 -10.41709 -8.255879 17.32305 -7.175407 -8.255879 18.39006 -3.657988 2.695133 -2.61124e-6 -17.29348 2.695133 9.60771 -14.37901 2.695133 12.22831 -12.22833 2.695133 14.379 -9.607736 2.695133 15.97707 -6.61792 -8.850199 20.7527 7.31604e-5 2.695133 16.96119 3.373752 -8.850199 20.35393 4.048709 2.695133 15.9771 6.617914 -8.850199 19.17297 7.941764 2.695133 14.37901 9.60771 -8.850199 17.25523 11.52964 -8.850199 14.67436 14.67443 -8.850199 11.52957 17.2553 2.695133 6.617922 15.97707 -8.850199 7.941703 19.17303 -8.850199 4.048633 20.354 2.695133 16.96119 -3.373813 -8.850199 19.79509 7.3305e-5 -8.850199 19.41473 3.861888 -8.850199 18.28828 7.575301 -8.850199 16.45901 10.99761 -8.850199 13.99724 13.99731 -8.850199 10.99755 16.45907 -8.850199 7.575244 18.28834 -8.850199 19.41474 -3.861774 -5.367885 17.29726 8.32189e-5 -5.367885 16.96489 3.374577 -5.367876 15.98058 6.619424 -5.367885 14.38214 9.609885 -5.367885 12.231 12.23108 -5.367885 9.60984 14.3822 -5.367885 6.619365 15.98065 -9.364704 20.27389 7.32327e-5 -9.364704 19.88433 3.955291 -9.364704 18.73063 7.758523 -9.364704 16.85712 11.26363 -9.364704 14.3358 14.33586 -9.364704 11.26355 16.85719 -9.364704 7.758475 18.73069 -8.255879 18.75028 8.29995e-5 -8.255879 18.38999 3.658069 -8.255879 17.323 7.175493 -8.255879 15.59028 10.41716 -8.255879 13.25846 13.25852 -8.255879 10.41709 15.59036 -8.255879 7.175407 17.32305 -8.255879 3.657989 18.39006 2.695133 17.29348 -4.51859e-6 2.695133 12.22833 12.2283 2.695133 9.607737 14.37899 7.652779 0.7458801 6.415668 7.652779 1.054779 5.669861 7.652779 4.57764e-5 6.72459 7.652779 -0.7457581 6.415668 7.652779 -1.054657 5.669861 7.652779 -0.7457428 4.924065 7.652779 4.57764e-5 4.615147 7.652779 0.7458801 4.924065 7.91618 6.23733e-5 5.669869 7.679262 6.789725 16.3917 7.679262 3.461398 17.40133 7.679262 9.857138 14.75214 8.120285 3.8147e-5 16.83796 8.120285 -16.01386 5.203175 8.120285 -7.322511 4.92715 8.120285 -2.423281 8.486649 8.120285 -15.00274 7.644268 8.120285 -13.62221 9.897099 8.120285 -11.90623 11.90623 8.120285 -9.899743 13.62583 8.120285 -7.644272 15.00273 8.120285 -2.634033 16.63066 8.120285 -5.203217 16.01384 8.120285 -7.177055 3.656834 8.120285 -5.806315 3.756879 8.120285 -3.414491 4.699569 8.120285 -1.260094 7.955753 8.120285 -5.88794 4.660643 8.120285 -4.786257 4.668525 8.120285 -3.742648 5.151231 8.120285 -2.613137 7.039927 8.120285 -2.96107 5.994604 8.120293 -16.63067 2.633995 8.120293 -16.01387 -5.203266 8.120293 -15.00274 -7.644325 8.120293 3.05176e-5 -16.83804 8.120293 13.62226 -9.897145 8.120293 15.0028 -7.644318 8.120293 16.01392 -5.203258 8.120293 16.83803 -3.43323e-5 8.120293 9.897156 13.6222 7.67926 9.85714 14.75214 7.67926 3.461395 17.40133 7.67926 6.789726 16.3917 7.67926 3.05176e-5 17.74224 7.679253 12.54571 12.54567 7.679245 14.75218 9.857068 7.67923 16.39175 6.789646 7.67923 17.4014 3.461323 7.67923 17.7423 -2.28882e-5 7.67923 17.4014 -3.461353 7.67923 16.39178 -6.789669 7.679245 14.7522 -9.857064 7.679253 12.54574 -12.54567 7.67926 9.85714 -14.75215 7.67926 6.789726 -16.39171 7.67926 3.46141 -17.40135 7.67926 6.10352e-5 -17.74227 7.67926 -3.461273 -17.40136 7.67926 -6.789604 -16.39172 7.67926 -9.85698 -14.75215 7.67926 -12.5456 -12.54568 7.67926 -14.75208 -9.857083 7.67926 -16.39165 -6.78968 7.67926 -17.40128 -3.461357 7.67926 -17.74217 -1.90735e-5 7.67926 -17.40128 3.461327 7.67926 -16.39165 6.789654 7.67926 -14.75209 9.857052 7.67926 -12.5456 12.54566 7.67926 -9.856995 14.75213 7.67926 -6.789635 16.39169 7.67926 -3.461288 17.40133 5.5764 1.522847 5.66986 5.5764 1.076839 6.746657 5.5764 1.37098e-5 7.192679 5.5764 -1.076756 6.746657 5.5764 -1.522801 5.66986 5.5764 -1.076756 4.593066 5.5764 1.37098e-5 4.147054 5.5764 1.076839 4.593066 8.120293 -3.579768 -4.82514e-5 8.120293 -2.104101 -2.896153 8.120293 2.15316e-5 3.579794 8.120293 2.104179 2.896113 8.120293 1.106242 3.404587 8.120293 -2.896108 2.104123 8.120293 -2.104142 2.896089 8.120293 -1.106205 3.404562 8.120293 3.404594 1.106198 8.120293 3.579802 -2.29713e-5 8.120293 2.896095 2.104132 8.120293 2.104133 -2.896126 8.120293 1.106197 -3.4046 8.120293 3.404566 -1.106201 8.120293 2.896091 -2.104136 8.120293 -3.404607 -1.106199 8.120293 -2.896133 -2.104135 8.120293 8.89157e-6 -3.579768 8.120293 -1.106211 -3.404559 8.120293 -3.404579 1.106238 8.120285 2.28882e-5 3.579796 8.120285 0 8.054982 8.120285 -7.660706 2.489044 8.120285 -4.526014 4.085675 8.120285 -2.487166 5.566985 8.120285 -1.778827 6.68302 8.120285 -2.896111 2.104122 8.120285 -2.104141 2.896088 8.120285 -1.106209 3.40456 8.120285 1.52588e-5 7.448368 8.120285 -1.257553 6.927456 8.120285 -1.778488 5.669857 8.120285 -1.257553 4.412266 8.120285 1.52588e-5 3.891365 8.120285 -3.404579 1.106239 8.120285 -4.842758 3.443569 8.120285 -6.199768 3.336788 8.120285 -7.083817 2.301685 8.120285 -3.700905 1.202511 8.120285 -3.807678 2.559551 8.120285 16.01387 5.20318 8.120285 2.423218 8.486695 8.120285 7.322448 4.927196 8.120285 2.634029 16.63066 8.120285 5.203207 16.01386 8.120285 7.64427 15.00273 8.120285 11.90623 11.90623 8.120285 15.00273 7.64427 8.120285 13.62219 9.897103 8.120285 1.260023 7.95581 8.120285 1.778754 6.683073 8.120285 3.41442 4.699621 8.120285 7.176981 3.656883 8.120285 2.613061 7.039982 8.120285 2.960997 5.994655 8.120285 3.74257 5.151287 8.120285 5.887865 4.660698 8.120285 4.786187 4.66858 8.120285 3.404595 1.106196 8.120285 7.660743 2.489126 8.120285 2.487092 5.567038 8.120285 4.52594 4.085729 8.120285 5.806242 3.756931 8.120285 1.106192 3.404574 8.120285 2.104128 2.896098 8.120285 2.896092 2.104134 8.120285 7.083824 2.301658 8.120285 6.199797 3.336706 8.120285 4.842772 3.443525 8.120285 3.807709 2.559469 8.120285 3.700913 1.202483 8.120285 9.897074 -13.62222 8.120285 1.778534 5.669858 8.120285 1.257641 6.927454 8.120285 1.257641 4.412262 8.120285 8.82014 0.317915 8.120285 6.948801 -5.441475 8.120285 16.63066 2.634044 8.120285 16.63065 -2.634035 8.120285 11.90623 -11.90624 8.120285 7.955792 1.260126 8.120285 6.905645 0.3734868 8.120285 5.524718 -1.795044 8.120285 5.695711 -5.695675 8.120285 7.502901 -0.3096957 8.120285 6.616253 -0.9636254 8.120285 6.055683 -1.967561 8.120285 6.252037 -4.159458 8.120285 5.919095 -3.109263 8.120285 2.104132 -2.896129 8.120285 4.734598 -6.516617 8.120285 6.06312 -0.6450567 8.120285 5.28435 -3.041866 8.120285 5.367281 -4.361109 8.120285 3.579774 2.00272e-5 8.120285 3.404563 -1.106201 8.120285 2.896091 -2.104134 8.120285 4.378027 -6.025866 8.120285 5.089237 -4.865259 8.120285 4.771485 -3.541642 8.120285 3.610846 -2.830427 8.120285 2.287274 -3.14819 8.120285 5.941953 0.06059503 8.120285 6.977033 0.944613 8.120285 4.584943 0.1673762 8.120285 -9.897139 -13.62217 8.120285 3.027928 -8.290211 8.120285 -3.027852 -8.290211 8.120285 7.64428 -15.00273 8.120285 5.203227 -16.01386 8.120285 2.634037 -16.63065 8.120285 -2.634039 -16.63065 8.120285 -7.644279 -15.00273 8.120285 -5.203213 -16.01384 8.120285 3.656927 -7.177009 8.120285 2.489169 -6.452245 8.120285 4.33922e-5 -5.809018 8.120285 -3.656838 -7.177004 8.120285 2.023986 -7.231384 8.120285 1.128072 -6.590207 8.120285 4.72069e-5 -6.367306 8.120285 -2.023894 -7.231383 8.120285 -1.127985 -6.590209 8.120285 -2.10417 -2.896102 8.120285 -4.734599 -6.516616 8.120285 1.260122 -5.965704 8.120285 -1.260032 -5.965705 8.120285 -2.48908 -6.452244 8.120285 1.10623 -3.404561 8.120285 7.86781e-6 -3.579767 8.120285 -1.106209 -3.40456 8.120285 -4.378054 -6.025846 8.120285 -3.054475 -6.3436 8.120285 -1.893832 -5.632379 8.120285 -1.576083 -4.308769 8.120285 -2.2873 -3.148171 8.120285 1.893794 -5.632407 8.120285 3.054402 -6.343651 8.120285 1.576009 -4.308817 8.120285 -6.948777 -5.441547 8.120285 -8.820117 0.3178425 8.120285 -11.90623 -11.90624 8.120285 -13.6222 -9.897116 8.120285 -16.63065 -2.634033 8.120285 -16.83795 0 8.120285 -5.695689 -5.695762 8.120285 -5.367254 -4.361193 8.120285 -5.524691 -1.795126 8.120285 -7.955762 1.260044 8.120285 -6.252009 -4.159545 8.120285 -5.919066 -3.109346 8.120285 -6.055653 -1.96765 8.120285 -7.502872 -0.3097825 8.120285 -6.616229 -0.9637094 8.120285 -5.284323 -3.041951 8.120285 -6.063094 -0.6451421 8.120285 -6.905617 0.3734036 8.120285 -2.896087 -2.104155 8.120285 -3.404559 -1.106216 8.120285 -3.579766 4.76837e-7 8.120285 -6.977007 0.9446988 8.120285 -5.941937 0.06064081 8.120285 -4.584919 0.1674613 8.120285 -4.771523 -3.541614 8.120285 -5.089309 -4.865205 8.120285 -3.610915 -2.830371 5.5764 5.784514 0.5451517 5.5764 6.523073 1.175925 7.652779 6.332153 1.273176 7.652779 5.718303 0.7489286 5.5764 6.599269 2.144217 7.652779 6.395479 2.077969 5.5764 5.968492 2.88275 7.652779 5.871211 2.691808 5.5764 5.000216 2.958971 7.652779 5.066452 2.755122 5.5764 4.26167 2.32817 7.652779 4.452617 2.230863 5.5764 4.185468 1.359925 7.652779 4.38928 1.426115 5.5764 4.816251 0.6213446 7.652779 4.913554 0.8122454 7.652779 6.332153 1.273176 7.652779 5.718303 0.7489286 7.652779 6.395479 2.077969 7.652779 5.871211 2.691808 7.652779 5.066452 2.755122 7.652779 4.452617 2.230863 7.652779 4.38928 1.426115 7.652779 4.913554 0.8122454 7.91618 5.392385 1.752027 5.5764 5.862943 0.3037691 5.5764 6.749213 1.060697 5.5764 6.840649 2.222647 5.5764 6.083716 3.108888 5.5764 4.921786 3.200353 5.5764 4.03553 2.443392 5.5764 3.944087 1.281497 5.5764 4.701027 0.3952007 5.5764 2.305983 -5.332939 5.5764 3.134111 -5.840431 7.652779 3.167605 -5.628802 7.652779 2.479326 -5.206998 5.5764 4.078557 -5.613679 7.652779 3.952578 -5.440335 5.5764 4.586024 -4.785555 7.652779 4.374366 -4.752039 5.5764 4.359301 -3.841116 7.652779 4.185896 -3.967103 5.5764 3.53115 -3.333645 7.652779 3.497611 -3.545316 5.5764 2.586746 -3.560377 7.652779 2.712678 -3.73376 5.5764 2.079237 -4.388521 7.652779 2.290863 -4.42207 7.652779 3.167605 -5.628802 7.652779 2.479326 -5.206998 7.652779 3.952578 -5.440335 7.652779 4.374366 -4.752039 7.652779 4.185896 -3.967103 7.652779 3.497611 -3.545316 7.652779 2.712678 -3.73376 7.652779 2.290863 -4.42207 7.91618 3.332615 -4.587057 5.5764 2.100651 -5.48212 5.5764 3.094404 -6.09111 5.5764 4.227739 -5.819008 5.5764 4.8367 -4.825259 5.5764 4.564632 -3.691934 5.5764 3.570851 -3.082967 5.5764 2.437566 -3.355045 5.5764 1.828555 -4.348819 5.5764 -4.359338 -3.841089 5.5764 -4.586086 -4.78551 7.652779 -4.374465 -4.751967 7.652779 -4.185995 -3.96703 5.5764 -4.078583 -5.61366 7.652779 -3.952652 -5.44028 5.5764 -3.134174 -5.840385 7.652779 -3.167705 -5.62873 5.5764 -2.306021 -5.332911 7.652779 -2.479426 -5.206926 5.5764 -2.079299 -4.388476 7.652779 -2.290975 -4.421988 5.5764 -2.586771 -3.560359 7.652779 -2.712753 -3.733705 5.5764 -3.531212 -3.333599 7.652779 -3.497724 -3.545235 7.652779 -4.374465 -4.751967 7.652779 -4.185995 -3.96703 7.652779 -3.952652 -5.44028 7.652779 -3.167705 -5.62873 7.652779 -2.479426 -5.206926 7.652779 -2.290975 -4.421988 7.652779 -2.712753 -3.733705 7.652779 -3.497724 -3.545235 7.91618 -3.332716 -4.586984 5.5764 -4.56467 -3.691906 5.5764 -4.836766 -4.82521 5.5764 -4.227762 -5.818992 5.5764 -3.094472 -6.091062 5.5764 -2.100689 -5.482093 5.5764 -1.828623 -4.34877 5.5764 -2.437589 -3.355029 5.5764 -3.570918 -3.082918 5.5764 -5.000202 2.959015 5.5764 -5.968469 2.882824 7.652779 -5.871173 2.691926 7.652779 -5.066413 2.755238 5.5764 -6.599259 2.144247 7.652779 -6.395451 2.078057 5.5764 -6.52305 1.175999 7.652779 -6.332115 1.273293 5.5764 -5.7845 0.5451956 7.652779 -5.718266 0.7490459 5.5764 -4.816228 0.6214175 7.652779 -4.913511 0.8123775 5.5764 -4.185458 1.359954 7.652779 -4.389252 1.426203 5.5764 -4.261646 2.328243 7.652779 -4.452575 2.230995 7.652779 -5.871173 2.691926 7.652779 -5.066413 2.755238 7.652779 -6.395451 2.078057 7.652779 -6.332115 1.273293 7.652779 -5.718266 0.7490459 7.652779 -4.913511 0.8123775 7.652779 -4.389252 1.426203 7.652779 -4.452575 2.230995 7.91618 -5.392346 1.752146 5.5764 -4.921772 3.200398 5.5764 -6.08369 3.108966 5.5764 -6.840641 2.222674 5.5764 -6.749189 1.060776 5.5764 -5.862929 0.3038139 5.5764 -4.701002 0.3952799 5.5764 -3.944078 1.281524 5.5764 -4.035504 2.443471 8.120287 3.80839e-5 9.712454 8.120287 -9.237092 3.001278 8.120287 -8.653861 4.409349 8.120287 -7.857542 5.708826 8.120287 -6.867735 6.867733 8.120287 -5.710351 7.859631 8.120287 -4.409351 8.653854 8.120287 -1.519346 9.592876 8.120287 -3.001302 9.237086 8.120291 -9.592883 1.519324 8.120291 -9.237101 -3.001363 8.120291 -8.653861 -4.409414 8.120291 3.36831e-5 -9.712531 8.120291 7.857606 -5.708885 8.120291 8.653928 -4.409409 8.120291 9.23716 -3.001358 8.120291 9.712524 -3.58835e-5 8.120291 5.708891 7.857536 8.120287 9.237132 3.001281 8.120287 1.519376 9.592879 8.120287 3.001329 9.237097 8.120287 4.409382 8.653856 8.120287 6.867767 6.867734 8.120287 8.653891 4.40935 8.120287 7.857564 5.708828 8.120287 5.708844 -7.857583 8.120287 9.592908 1.519353 8.120287 9.592905 -1.51938 8.120287 6.867765 -6.86777 8.120287 -5.708849 -7.857555 8.120287 4.409388 -8.653889 8.120287 3.00134 -9.237125 8.120287 1.519381 -9.592905 8.120287 -1.51935 -9.592905 8.120287 -4.409356 -8.653887 8.120287 -3.0013 -9.237118 8.120287 -6.867735 -6.867772 8.120287 -7.857537 -5.708868 8.120287 -9.592873 -1.519379 8.120287 -9.712448 -1.608e-5 8.120285 -14.56639 4.732867 8.120285 -13.64667 6.953315 8.120285 2.395948 15.12744 8.120285 4.732903 14.5664 8.120285 -15.316 -3.43456e-6 8.120293 -15.12745 2.39591 8.120293 -13.64667 -6.953373 8.120293 -14.56641 -4.732957 8.120285 6.953323 13.64666 8.120285 -15.12744 -2.395952 8.120293 13.64673 -6.953366 8.120293 12.39097 -9.002565 8.120285 10.83006 10.83005 8.120285 12.39091 9.00252 8.120285 -12.39091 -9.002539 8.120293 14.56645 -4.73295 8.120285 13.64667 6.953316 8.120293 3.11937e-5 -15.31609 8.120285 -2.39595 -15.12744 8.120285 2.395955 -15.12744 8.120285 14.56641 4.732872 8.120285 15.12745 2.395955 8.120285 3.81335e-5 15.31601 8.120285 10.83005 -10.83006 8.120285 -12.39092 9.002516 8.120285 6.953333 -13.64667 8.120285 4.732921 -14.5664 8.120285 15.12744 -2.395953 8.120285 -10.83005 10.83005 8.120293 15.31608 -3.46636e-5 8.120285 -9.004921 12.39421 8.120285 -9.002552 -12.3909 8.120285 -10.83005 -10.83006 8.120285 -4.732902 -14.56639 8.120285 -6.953318 13.64666 8.120285 -6.953325 -13.64667 8.120293 9.002575 12.39091 8.120285 -4.732905 14.56638 8.120285 9.002501 -12.39094 8.120285 -2.395945 15.12744 2.695133 -15.00274 7.644268 2.695133 -13.62221 9.897099 2.695133 -11.90623 11.90623 2.695133 -9.899743 13.62583 2.695133 -7.644272 15.00273 2.695133 -2.634033 16.63066 2.695133 -5.203217 16.01384 2.695133 -16.63067 2.633995 2.695133 -16.01387 -5.203266 2.695133 -15.00274 -7.644325 2.695133 3.05176e-5 -16.83804 2.695133 13.62226 -9.897145 2.695133 15.0028 -7.644318 2.695133 16.01392 -5.203258 2.695133 16.83803 -3.43323e-5 2.695133 9.897156 13.6222 2.695133 2.634029 16.63066 2.695133 5.203207 16.01387 2.695133 7.64427 15.00273 2.695133 11.90623 11.90623 2.695133 15.00273 7.64427 2.695133 13.62219 9.897103 2.695133 16.63066 2.634045 2.695133 16.63065 -2.634035 2.695133 11.90623 -11.90624 2.695133 7.64428 -15.00273 2.695133 5.203227 -16.01386 2.695133 2.634037 -16.63065 2.695133 -2.634039 -16.63065 2.695133 -7.644279 -15.00273 2.695133 -5.203213 -16.01384 2.695133 -11.90623 -11.90624 2.695133 -13.6222 -9.897116 2.695133 -16.63065 -2.634033 2.695133 -16.83795 0 2.695133 -13.64667 6.953314 2.695133 2.395948 15.12744 2.695133 4.732903 14.5664 2.695133 -15.316 -3.8147e-6 2.695133 -15.12745 2.39591 2.695133 -13.64667 -6.953373 2.695133 -14.56641 -4.732957 2.695133 6.953323 13.64666 2.695133 -15.12744 -2.395952 2.695133 13.64673 -6.953366 2.695133 12.39097 -9.002565 2.695133 10.83006 10.83005 2.695133 12.39091 9.00252 2.695133 -12.39091 -9.002539 2.695133 14.56645 -4.73295 2.695133 13.64667 6.953316 2.695133 3.12328e-5 -15.31609 2.695133 -2.39595 -15.12744 2.695133 2.395955 -15.12744 2.695133 15.12745 2.395954 2.695133 10.83005 -10.83006 2.695133 -12.39092 9.002516 2.695133 6.953333 -13.64667 2.695133 4.732921 -14.5664 2.695133 15.12744 -2.395953 2.695133 -10.83005 10.83005 2.695133 15.31608 -3.43323e-5 2.695133 -9.004921 12.39421 2.695133 -10.83005 -10.83006 2.695133 -4.732902 -14.56639 2.695133 -6.953319 13.64666 2.695133 -6.953324 -13.64667 2.695133 9.002575 12.39091 2.695133 -4.732905 14.56638 2.695133 -2.395945 15.12744 2.695133 -1.06128e-4 1.54675e-4 8.228088 -11.90174 3.867073 8.228088 1.957662 12.36016 8.228088 -12.51422 -9.75727e-6 8.228094 -11.15026 -5.681394 8.228094 11.15033 -5.681388 8.228088 8.848912 8.848892 8.228088 -10.12422 -7.355703 8.228094 11.90181 -3.867154 8.228094 3.24384e-5 -12.51431 8.228088 1.957668 -12.36017 8.228088 11.90177 3.867077 8.228088 3.81087e-5 12.51423 8.228088 5.68136 -11.15028 8.228088 12.36017 -1.957667 8.228094 12.5143 -3.52736e-5 8.228088 -7.3557 -10.12423 8.228094 7.355733 10.12422 8.228088 -11.15026 5.681332 8.228088 3.867116 11.90175 8.228094 -12.36017 1.957617 8.228094 -11.90175 -3.86716 8.228088 5.681353 11.15026 8.228088 -12.36015 -1.957665 8.228094 10.12429 -7.355724 8.228088 10.12424 7.355674 8.228088 11.15028 5.681333 8.228088 -1.95765 -12.36017 8.228088 12.36018 1.957653 8.228088 8.84891 -8.848916 8.228088 -10.12423 7.355671 8.228088 3.867131 -11.90176 8.228088 -8.848894 8.848891 8.228088 -7.357636 10.12692 8.228088 -8.848893 -8.848918 8.228088 -3.867101 -11.90175 8.228088 -5.681334 11.15025 8.228088 -5.68134 -11.15028 8.228088 -3.867104 11.90173 8.228088 7.355672 -10.12426 8.228088 -1.957645 12.36016 7.715464 3.663936 -18.41958 7.715464 7.187042 -17.35086 -7.697017 17.35077 7.186938 -7.697017 15.61532 10.43382 7.715464 -7.186873 -17.35087 7.715464 -3.6638 -18.41958 7.715433 15.61543 -10.43384 7.715433 17.35094 -7.186957 -7.696962 -13.27982 13.27976 -7.696962 -15.61539 10.43384 7.715464 -18.78036 -1.92805e-5 7.715464 -18.41949 -3.663892 -7.697009 18.78045 -3.10839e-5 -7.697017 18.41957 3.663853 -7.696962 -17.3509 7.186942 -7.696962 -18.4196 3.663864 7.715464 6.10137e-5 -18.78044 7.715464 10.43392 -15.61536 7.715456 13.27985 -13.27977 -7.696962 -7.7352e-5 18.78041 -7.69697 -3.663921 18.41955 -7.696962 -7.187011 17.35084 -7.696962 -10.43392 15.61535 -7.69697 13.27969 13.27978 -7.696962 10.43379 15.61535 -7.696962 7.186904 17.35084 -7.696962 -18.78047 -1.93046e-5 7.715464 -17.35079 -7.186973 -7.696962 3.663831 18.41955 7.715464 -15.61527 -10.43386 7.715464 -13.27969 -13.27978 7.715464 -10.43379 -15.61536 7.715464 -17.35079 7.186943 7.715464 -18.41949 3.663864 -7.696962 7.186935 -17.35086 -7.69697 10.43381 -15.61537 7.715456 13.27982 13.27977 7.715464 10.4339 15.61535 7.715464 -7.186888 17.35084 7.715464 -10.4338 15.61534 7.715433 18.41959 3.66386 7.715433 17.35091 7.186946 -7.696962 -18.4196 -3.663891 -7.69697 13.27974 -13.27976 -7.696962 -17.3509 -7.186973 -7.696962 -15.61538 -10.43386 -7.696962 3.663831 -18.41958 7.715433 18.41959 -3.663892 7.715433 18.78047 -2.32069e-5 -7.696962 -13.2798 -13.27978 7.715464 2.96022e-5 18.78042 7.715464 -3.663815 18.41955 -7.69697 -3.663905 -18.41959 -7.69697 -4.59405e-5 -18.78044 7.715433 15.61543 10.43382 -7.696962 -10.4339 -15.61536 -7.696962 -7.186995 -17.35087 -7.697009 15.61532 -10.43384 7.715464 -15.61528 10.43383 -7.697009 17.35082 -7.186962 7.715464 -13.27971 13.27975 7.715464 7.18701 17.35085 7.715464 3.663936 18.41956 -7.697009 18.41957 -3.663891 2.695133 0 17.29348 2.695133 -3.373756 16.96119 2.695133 -3.373756 16.96119 2.695133 -3.373756 16.96119 2.695133 -6.617918 15.97709 2.695133 3.373809 16.96119 2.695133 -9.607712 14.37901 2.695133 -12.22831 12.22833 2.695133 -9.607735 -14.379 2.695133 -12.22833 -12.22831 2.695133 -15.97709 -6.617916 2.695133 -14.37901 -9.607712 2.695133 -16.96119 -3.373754 2.695133 6.617916 -15.97709 2.695133 3.373754 -16.96119 2.695133 12.22831 -12.22833 2.695133 14.379 -9.607736 2.695133 9.60771 -14.37901 2.695133 15.97707 -6.61792 2.695133 14.37901 9.60771 2.695133 15.9771 6.617914 2.695133 16.96119 3.373752 2.695133 12.22833 12.2283 2.695133 9.607737 14.37899 2.695133 -14.379 9.607734 2.695133 -15.97707 6.617918 2.695133 -16.96119 3.37381 2.695133 -17.29348 1.90735e-6 2.695133 -6.61792 -15.97707 2.695133 -3.373779 -16.96118 2.695133 -2.61124e-6 -17.29348 2.695133 16.96119 -3.373813 2.695133 17.29348 -4.51859e-6 2.695133 6.617922 15.97707 8.120285 -15.00274 7.644268 8.120285 -13.62221 9.897099 8.120285 -11.90623 11.90623 8.120285 -9.899743 13.62583 8.120285 -7.644272 15.00273 8.120285 -5.203217 16.01384 8.120285 -2.634033 16.63066 8.120293 -15.00274 -7.644325 8.120293 -16.01387 -5.203266 8.120293 15.0028 -7.644318 8.120293 13.62226 -9.897145 8.120293 16.01392 -5.203258 5.5764 1.076839 6.746657 5.5764 1.522847 5.66986 5.5764 -1.522801 5.66986 5.5764 -1.076756 6.746657 5.5764 1.37098e-5 7.192679 5.5764 1.076839 4.593066 5.5764 -1.076756 4.593066 5.5764 1.37098e-5 4.147054 8.120285 -1.778488 5.669857 8.120285 -1.257553 6.927456 8.120285 1.52588e-5 7.448368 8.120285 -1.257553 4.412266 8.120285 1.52588e-5 3.891365 8.120285 -4.842758 3.443569 8.120285 -6.199768 3.336788 8.120285 -7.083817 2.301685 8.120285 -3.807678 2.559551 8.120285 -3.700905 1.202511 8.120285 2.634029 16.63066 8.120285 5.203207 16.01386 8.120285 7.64427 15.00273 8.120285 11.90623 11.90623 8.120285 13.62219 9.897103 8.120285 15.00273 7.64427 8.120285 6.199797 3.336706 8.120285 4.842772 3.443525 8.120285 7.083824 2.301658 8.120285 3.807709 2.559469 8.120285 3.700913 1.202483 8.120285 1.778534 5.669858 8.120285 1.257641 6.927454 8.120285 1.257641 4.412262 8.120285 5.089237 -4.865259 8.120285 4.771485 -3.541642 8.120285 4.378027 -6.025866 8.120285 3.610846 -2.830427 8.120285 2.287274 -3.14819 8.120285 5.941953 0.06059503 8.120285 6.977033 0.944613 8.120285 4.584943 0.1673762 8.120285 7.64428 -15.00273 8.120285 5.203227 -16.01386 8.120285 2.634037 -16.63065 8.120285 -2.634039 -16.63065 8.120285 -5.203213 -16.01384 8.120285 -7.644279 -15.00273 8.120285 -3.054475 -6.3436 8.120285 -1.893832 -5.632379 8.120285 -4.378054 -6.025846 8.120285 -1.576083 -4.308769 8.120285 -2.2873 -3.148171 8.120285 1.893794 -5.632407 8.120285 3.054402 -6.343651 8.120285 1.576009 -4.308817 8.120285 -11.90623 -11.90624 8.120285 -13.6222 -9.897116 8.120285 -16.63065 -2.634033 8.120285 -16.83795 0 8.120285 -6.977007 0.9446988 8.120285 -5.941937 0.06064081 8.120285 -4.584919 0.1674613 8.120285 -4.771523 -3.541614 8.120285 -5.089309 -4.865205 8.120285 -3.610915 -2.830371 8.120293 -16.63067 2.633995 8.120293 3.05176e-5 -16.83804 8.120285 11.90623 -11.90624 8.120285 16.63065 -2.634035 8.120293 16.83803 -3.43323e-5 8.120285 16.63066 2.634044 8.120293 9.897156 13.6222 5.5764 6.749213 1.060697 5.5764 5.862943 0.3037691 5.5764 4.921786 3.200353 5.5764 6.083716 3.108888 5.5764 6.840649 2.222647 5.5764 4.701027 0.3952007 5.5764 4.03553 2.443392 5.5764 3.944087 1.281497 5.5764 3.094404 -6.09111 5.5764 2.100651 -5.48212 5.5764 4.564632 -3.691934 5.5764 4.8367 -4.825259 5.5764 4.227739 -5.819008 5.5764 1.828555 -4.348819 5.5764 3.570851 -3.082967 5.5764 2.437566 -3.355045 5.5764 -4.836766 -4.82521 5.5764 -4.56467 -3.691906 5.5764 -2.100689 -5.482093 5.5764 -3.094472 -6.091062 5.5764 -4.227762 -5.818992 5.5764 -3.570918 -3.082918 5.5764 -1.828623 -4.34877 5.5764 -2.437589 -3.355029 5.5764 -6.08369 3.108966 5.5764 -4.921772 3.200398 5.5764 -5.862929 0.3038139 5.5764 -6.749189 1.060776 5.5764 -6.840641 2.222674 5.5764 -4.035504 2.443471 5.5764 -4.701002 0.3952799 5.5764 -3.944078 1.281524 8.120285 -13.64667 6.953315 8.120293 -15.12745 2.39591 8.120285 13.64667 6.953316 8.120285 15.12745 2.395955 8.120285 10.83005 -10.83006 8.120285 -10.83005 -10.83006 8.120285 -6.953325 -13.64667 8.120285 -2.395945 15.12744 8.120285 2.395948 15.12744 8.120285 6.953333 -13.64667 8.120285 -4.732905 14.56638 8.120285 6.953323 13.64666 8.120293 9.002575 12.39091 8.120285 -6.953318 13.64666 8.120285 10.83006 10.83005 8.120285 -4.732902 -14.56639 8.120285 -15.12744 -2.395952 8.120285 -15.316 -3.43456e-6 8.120285 -9.004921 12.39421 8.120293 15.31608 -3.46636e-5 8.120285 -2.39595 -15.12744 8.120285 -12.39091 -9.002539 8.120285 -10.83005 10.83005 8.120285 15.12744 -2.395953 8.120285 4.732921 -14.5664 8.120285 2.395955 -15.12744 8.120285 -12.39092 9.002516 8.120293 14.56645 -4.73295 8.120293 12.39097 -9.002565 8.120293 3.11937e-5 -15.31609 8.120285 12.39091 9.00252 8.120293 13.64673 -6.953366 8.120293 -13.64667 -6.953373 8.120293 -14.56641 -4.732957 8.120285 4.732903 14.5664 2.695133 -15.00274 7.644268 2.695133 -13.62221 9.897099 2.695133 -11.90623 11.90623 2.695133 -9.899743 13.62583 2.695133 -7.644272 15.00273 2.695133 -5.203217 16.01384 2.695133 -15.00274 -7.644325 2.695133 -16.01387 -5.203266 2.695133 15.0028 -7.644318 2.695133 13.62226 -9.897145 2.695133 16.01392 -5.203258 2.695133 2.634029 16.63066 2.695133 5.203207 16.01387 2.695133 7.64427 15.00273 2.695133 11.90623 11.90623 2.695133 13.62219 9.897103 2.695133 15.00273 7.64427 2.695133 7.64428 -15.00273 2.695133 5.203227 -16.01386 2.695133 2.634037 -16.63065 2.695133 -2.634039 -16.63065 2.695133 -5.203213 -16.01384 2.695133 -7.644279 -15.00273 2.695133 -11.90623 -11.90624 2.695133 -13.6222 -9.897116 2.695133 -16.63065 -2.634033 2.695133 -16.83795 0 2.695133 -16.63067 2.633995 2.695133 3.05176e-5 -16.83804 2.695133 11.90623 -11.90624 2.695133 16.63065 -2.634035 2.695133 16.83803 -3.43323e-5 2.695133 16.63066 2.634045 2.695133 9.897156 13.6222 2.695133 -13.64667 6.953314 2.695133 -15.12745 2.39591 2.695133 13.64667 6.953316 2.695133 15.12745 2.395954 2.695133 10.83005 -10.83006 2.695133 -10.83005 -10.83006 2.695133 -6.953324 -13.64667 2.695133 -2.395945 15.12744 2.695133 -2.634033 16.63066 2.695133 2.395948 15.12744 2.695133 6.953333 -13.64667 2.695133 -4.732905 14.56638 2.695133 6.953323 13.64666 2.695133 9.002575 12.39091 2.695133 -6.953319 13.64666 2.695133 10.83006 10.83005 2.695133 -4.732902 -14.56639 2.695133 -15.12744 -2.395952 2.695133 -15.316 -3.8147e-6 2.695133 -9.004921 12.39421 2.695133 15.31608 -3.43323e-5 2.695133 -2.39595 -15.12744 2.695133 -12.39091 -9.002539 2.695133 -10.83005 10.83005 2.695133 15.12744 -2.395953 2.695133 4.732921 -14.5664 2.695133 2.395955 -15.12744 2.695133 -12.39092 9.002516 2.695133 14.56645 -4.73295 2.695133 12.39097 -9.002565 2.695133 3.12328e-5 -15.31609 2.695133 12.39091 9.00252 2.695133 13.64673 -6.953366 2.695133 -13.64667 -6.953373 2.695133 -14.56641 -4.732957 2.695133 4.732903 14.5664</float_array>
          <technique_common>
            <accessor source="#daewon_dcx_01a_15x7-mesh-positions-array" count="1413" stride="3">
              <param name="X" type="float"/>
              <param name="Y" type="float"/>
              <param name="Z" type="float"/>
            </accessor>
          </technique_common>
        </source>
        <source id="daewon_dcx_01a_15x7-mesh-normals">
          <float_array id="daewon_dcx_01a_15x7-mesh-normals-array" count="2760">0.6284611 -0.4321585 0.6467424 0.9999971 -0.001709043 0.001709043 0.9999971 -0.001342833 0.002014219 0.6997751 0 -0.7143633 0.8596702 0.09964579 -0.5010368 0.6997801 0.1393517 -0.7006347 0.8530212 0.4339268 0.2899356 0.8596687 0.3612269 0.3612269 0.8596612 0.4247644 0.2838274 0.8530212 -0.2899356 0.4339268 0.7787505 -0.443592 0.443592 0.8530182 -0.3690105 0.369041 0.7787555 0.5216017 -0.3485279 0.7787505 0.443592 -0.443592 0.6284543 0.7778465 0 0.999997 0.002411007 4.5779e-4 0.999997 0.002441525 0 0.9999971 -0.001709043 -0.001709043 0.6284487 -0.43215 -0.6467601 0.9999971 -0.001342833 -0.002014219 0.6997804 0.5051274 -0.5051274 0.8596612 0.4247644 -0.2838274 0.6997798 0.5939689 -0.3968745 0.8530213 0.1997199 0.4821478 0.8596702 0.09964579 0.5010368 0.8596653 0.1954756 0.4719797 0.7787455 0.12238 0.6152874 0.8530102 0.1018118 0.5118671 0.9999971 -4.5779e-4 0.00238049 0.7787644 0.2400658 -0.579564 0.7787601 0.1223822 -0.6152684 0.6284487 -0.6467601 0.43215 0.999997 -0.002044796 0.001342833 -0.3582593 0.1821357 -0.9156838 0.6284558 0.2976558 -0.7186407 0.6284591 0.1517433 -0.7628979 0 0.5555732 -0.8314677 0 0.7071068 -0.7071068 0.6284558 -0.2976558 0.7186407 0.999997 -9.1558e-4 0.002258419 0.7787601 -0.1223822 -0.6152684 0.8530177 0 -0.521882 0.8530235 -0.1018134 -0.5118446 0.8530212 -0.4339268 -0.2899356 0.8596687 -0.3612269 -0.3612269 0.8596686 -0.4247681 -0.2837993 0.8530212 -0.2899356 -0.4339268 0.7787506 -0.2400616 -0.5795843 0.8530213 -0.1997199 -0.4821478 0.7787555 -0.5216017 0.3485279 0.9999971 0.002227902 -9.15581e-4 0.7787386 -0.5795981 0.2400673 0.9999971 9.15581e-4 -0.002227902 0.999997 4.5779e-4 -0.002411007 -0.3582305 0 0.9336333 0.6284591 -0.1517433 0.7628979 0.6284729 0 0.7778316 0 -0.5555732 0.8314677 0 -0.3826816 0.9238803 0.8596571 -0.5010597 -0.09964424 0.6997969 -0.6599699 -0.2733572 0.6997802 -0.7006347 -0.1393517 0.8596702 -0.09964579 -0.5010368 0.8596638 0 -0.5108603 0.8530212 -0.4339268 0.2899356 0.999997 0.002411007 -4.5779e-4 0.7787603 -0.6152685 0.1223822 0.628455 0.5500202 -0.5500202 -0.3582921 0.7762792 -0.518669 0.6284487 0.6467601 -0.43215 0 0.1950772 -0.9807879 0 0.3826816 -0.9238803 0.8596602 0.4719769 0.1955049 0.6997798 0.5939689 0.3968745 0.6997813 0.6599839 0.2733631 0.8596653 0.1954756 -0.4719797 0.8530212 0.2899356 -0.4339268 0.8596686 0.2837993 -0.4247681 0.7787555 0.3485279 0.5216017 0.7787505 0.443592 0.443592 -0.3582593 0.9156838 0.1821357 0.6284591 0.7628979 0.1517433 0 -0.8314677 -0.5555732 0 -0.7071068 -0.7071068 0.8596571 0.5010597 0.09964424 0.6997802 0.7006347 0.1393517 0.8530278 0.3690146 -0.3690146 0.8596687 0.3612269 -0.3612269 0.8530212 0.2899356 0.4339268 0.7787506 0.2400616 0.5795843 0.7787506 0.5795843 -0.2400616 0.9999971 -0.00238049 4.5779e-4 0.7787603 0.6152685 -0.1223822 0.6284236 0.7186692 -0.2976551 -0.3582693 0.9156789 -0.1821408 0.6284591 0.7628979 -0.1517433 0 0.8314677 -0.5555732 0 0.9238803 -0.3826816 0.9999971 -0.00238049 -4.5779e-4 0.6284558 -0.7186407 -0.2976558 0.999997 -0.002258419 -9.1558e-4 0.8596638 -0.5108603 0 0.6997751 -0.7143633 0 0.8530235 -0.5118446 -0.1018134 0.8596653 -0.4719797 -0.1954756 0.999997 4.5779e-4 0.002411007 0.999997 0.002044796 0.001342833 0.7787505 -0.443592 -0.443592 0.7787555 -0.5216017 -0.3485279 0.999997 0 0.002441525 -0.3582693 -0.1821408 0.9156789 0.6997813 -0.6599839 0.2733631 0.8596571 -0.5010597 0.09964424 0.6997802 -0.7006347 0.1393517 0.8530213 0.1997199 -0.4821478 0.999997 0 -0.002441525 0.7787601 -0.1223822 0.6152684 0.7787445 0 0.6273414 -0.3582693 0.1821408 0.9156789 0.6284591 0.1517433 0.7628979 0 0.9807879 0.1950772 0 1 0 0.8596638 0.5108603 0 0.6997751 0.7143633 0 0.8530177 -0.521882 0 0.7787445 -0.6273414 0 -0.3582673 0 -0.9336191 0.6284543 0 -0.7778465 0 -0.9807879 -0.1950772 0 -0.9238803 -0.3826816 0.8596686 -0.2837993 0.4247681 0.699796 -0.5051167 0.5051167 0.6997953 -0.396866 0.5939562 0.8596686 0.2837993 0.4247681 0.7787603 0.6152685 0.1223822 0.8530213 0.4821478 0.1997199 0.8530235 0.5118446 0.1018134 -0.3582603 -0.8625532 0.3572837 0.6284558 -0.7186407 0.2976558 0.6997802 0.7006347 -0.1393517 0.8530278 0.3690146 0.3690146 0.8530177 0 0.521882 0.7787506 0.5795843 0.2400616 0.999997 9.1558e-4 0.002258419 0.628455 0.5500202 0.5500202 0.999997 0.001342833 0.002044796 0.999997 0.001739561 0.001739561 0.6997804 0.5051274 0.5051274 0.8530213 -0.4821478 0.1997199 0.7787603 -0.6152685 -0.1223822 0.6284445 -0.1517398 -0.7629107 0.999997 -4.5779e-4 -0.002411007 0.6284591 -0.7628979 0.1517433 0.999997 -0.002044796 -0.001342833 0.628455 -0.5500202 -0.5500202 0.8596653 -0.1954756 0.4719797 0.6997969 -0.2733572 0.6599699 0.8530318 0.5118313 -0.1018108 0.8596571 0.5010597 -0.09964424 0.7787555 0.5216017 0.3485279 0.999997 0.001739561 -0.001739561 0.999997 -9.1558e-4 -0.002258419 -0.3582642 -0.3572571 -0.8625625 0.6284558 -0.2976558 -0.7186407 0.999997 0.002044796 -0.001342833 0.699808 -0.5939365 -0.3968732 0.6997804 -0.5051274 -0.5051274 0.8596602 0.4719769 -0.1955049 0.8530235 -0.5118446 0.1018134 0.7787386 -0.2400673 0.5795981 0.8632633 0.4196987 0.2804095 0.8632596 0.3569194 0.3569194 -0.3582655 -0.7762877 -0.5186747 0.6284487 -0.6467601 -0.43215 0 0.8314677 0.5555732 0 0.9238803 0.3826816 0.6997813 0.6599839 -0.2733631 0.8530213 0.4821478 -0.1997199 0.7787555 0.3485279 -0.5216017 0.628455 -0.5500202 0.5500202 -0.3582655 -0.7762877 0.5186747 0 -0.1950772 0.9807879 0.6997953 0.396866 0.5939562 0.8596653 -0.4719797 0.1954756 0.7787593 0 -0.6273229 0.8530235 0.1018134 -0.5118446 0.6284487 0.43215 -0.6467601 -0.3582688 0.660168 -0.660168 0 0.9807879 -0.1950772 0.6997813 0.2733631 0.6599839 0.7787386 -0.5795981 -0.2400673 0 -0.1950772 -0.9807879 0 0 -1 0.8596702 -0.09964579 0.5010368 0.8530213 -0.1997199 0.4821478 0.8530102 -0.1018118 0.5118671 0.863267 0.09845501 -0.4950524 0.8632643 0.1931556 -0.4663324 -0.3583002 0.8625453 -0.3572626 0 0 1 0 0.1950772 0.9807879 0.999997 -0.002441525 0 0.6284261 -0.7629253 -0.1517427 0.6997953 0.396866 -0.5939562 0.8530088 -0.4821712 -0.1997169 -0.3582688 0.660168 0.660168 0.6284487 0.43215 0.6467601 0 -0.3826816 -0.9238803 0.8596638 0 0.5108603 0.6997957 -0.1393488 0.7006197 0.6997751 0 0.7143633 0.8596653 -0.1954756 -0.4719797 -0.3582642 0.8625625 0.3572571 0.6284558 0.7186407 0.2976558 0 0.3826816 0.9238803 0 0.5555732 0.8314677 0.6997801 0.1393517 0.7006347 0.7787435 -0.3485362 0.521614 0.7787555 -0.3485279 -0.5216017 -0.3582693 -0.1821408 -0.9156789 0.699808 -0.5939365 0.3968732 0.8530212 0.4339268 -0.2899356 0.9999971 0.001342833 -0.002014219 -0.3582673 0.9336191 0 0.8530278 -0.3690146 -0.3690146 0.6284558 0.2976558 0.7186407 -0.3582655 0.5186747 0.7762877 0.8596686 -0.4247681 0.2837993 0.8596687 -0.3612269 0.3612269 0.7787324 0.6273563 0 0.8530177 0.521882 0 -0.3583006 0.7762671 0.5186814 0.6997798 -0.3968745 -0.5939689 -0.3582909 0.3572532 0.8625532 0 -0.9807879 0.1950772 0 -0.9238803 0.3826816 0.999997 -0.002258419 9.1558e-4 -0.3583002 -0.3572626 0.8625453 0.999997 0.002258419 9.1558e-4 -0.3582959 -0.9156689 -0.1821388 0.6284303 0.6467725 0.4321583 0.6997801 -0.1393517 -0.7006347 0.6997813 -0.2733631 -0.6599839 0.8596612 -0.2838274 -0.4247644 -0.3582655 -0.5186747 -0.7762877 0 0.7071068 0.7071068 -0.3582642 -0.8625625 -0.3572571 0 -0.5555732 -0.8314677 0.6997813 0.2733631 -0.6599839 -0.3582593 -0.9156838 0.1821357 0.6284543 -0.7778465 0 0 -0.7071068 0.7071068 -0.3582939 -0.9336089 0 0.8632596 0.3569194 -0.3569194 0.8632633 0.4196987 -0.2804095 -0.8953624 0.08685666 -0.436786 -0.8953652 0 -0.4453327 0.8632643 -0.1931556 0.4663324 0.863267 -0.09845501 0.4950524 -0.8953686 -0.4114276 -0.1704185 -0.8953624 -0.436786 -0.08685666 0.863267 0.4950524 -0.09845501 0.8632643 0.4663324 -0.1931556 -0.895367 0.3148952 0.3148952 -0.8953624 0.3702854 0.2474164 0.863267 0.4950524 0.09845501 0.8632627 0.504755 0 -0.8953624 0.2474164 0.3702854 0.8632559 0.2804376 0.4196951 0.8632633 0.2804095 0.4196987 -0.8953624 -0.08685666 -0.436786 0.8632643 -0.1931556 -0.4663324 0.8632633 -0.2804095 -0.4196987 -0.8953652 -0.4453327 0 -0.8953686 0.4114276 -0.1704185 0.8632559 0.2804376 -0.4196951 0.8632633 -0.2804095 0.4196987 0.8632596 -0.3569194 0.3569194 -0.8953686 0.4114276 0.1704185 0.8632643 -0.4663324 -0.1931556 0.863267 -0.4950524 -0.09845501 -0.8953686 0.1704185 0.4114276 0.8632627 0 -0.504755 -0.895367 -0.3148952 0.3148952 -0.3582688 -0.660168 0.660168 0.8632627 -0.504755 0 -0.8953624 -0.2474164 0.3702854 -0.8953686 -0.1704185 0.4114276 0.8632633 -0.4196987 0.2804095 -0.8953624 0.2474164 -0.3702854 -0.3583006 0.5186814 -0.7762671 -0.3582598 -0.518697 0.7762753 0.863267 -0.09845501 -0.4950524 -0.8953624 -0.08685666 0.436786 0.8632643 0.1931556 0.4663324 -0.8953652 0 0.4453327 0.863267 -0.4950524 0.09845501 -0.8953624 -0.436786 0.08685666 -0.8953686 -0.4114276 0.1704185 0.863267 0.09845501 0.4950524 -0.895367 -0.3148952 -0.3148952 -0.8953624 -0.3702854 -0.2474164 0.8632633 -0.4196987 -0.2804095 0.8632596 -0.3569194 -0.3569194 -0.8953652 0.4453327 0 -0.8953744 0.4367613 -0.08685785 -0.8953744 0.4367613 0.08685785 0.8632643 -0.4663324 0.1931556 -0.895367 0.3148952 -0.3148952 -0.8953686 0.1704185 -0.4114276 -0.8953624 -0.2474164 -0.3702854 -0.3582954 -0.6601608 -0.6601608 0.8632627 0 0.504755 0.8632643 0.4663324 0.1931556 -0.8953686 -0.1704185 -0.4114276 -0.3582642 0.3572571 -0.8625625 -0.8953624 0.08685666 0.436786 -0.8953624 0.3702854 -0.2474164 -0.8953624 -0.3702854 0.2474164 0 -1 0 0 -0.8314677 0.5555732 0.1026356 0.7033726 0.7033726 0.1026367 0.9947189 0 0.1026356 0.7033726 -0.7033726 0.1026669 -0.9947159 0 0.1026657 -0.7033704 -0.7033704 0.1026367 0 -0.9947189 0.1026657 -0.7033704 0.7033704 0.1026367 0 0.9947189 0.1026356 -0.7033726 0.7033726 -0.6979785 0.3978508 -0.5954334 -0.2345109 0.6873881 -0.6873881 -0.6979748 0.5063751 -0.5063751 -0.9989593 0.008881092 0.04474133 -0.7796973 0 -0.6261566 -0.9989572 0 0.0456568 -0.9989578 -0.008881092 0.04477179 -0.6812584 0 0.7320431 -0.9989589 -0.03225892 0.03225892 -0.681253 -0.4067009 0.6086779 -0.9989572 -0.02536147 0.03796595 -0.6812471 -0.6763335 0.2801347 -0.9989572 -0.03796595 0.02536147 -0.9989577 -0.04217767 0.017457 -0.779696 0.1221365 -0.6141311 -0.9989577 -0.017457 0.04217767 -0.6812465 -0.1427987 0.7179915 -0.9989565 -0.04480224 0.008881092 -0.7797035 0.5784907 -0.2396059 -0.779696 0.6141311 -0.1221365 -0.6979843 0 -0.716113 -0.6979734 0.1396862 -0.7023681 -0.6979785 0.5954334 -0.3978508 -0.6979848 0.6616054 -0.2740361 -0.6979734 0.7023681 -0.1396862 -0.7797035 0.2396059 -0.5784907 -0.6979848 0.2740361 -0.6616054 -0.7796912 0.442765 -0.442765 -0.779696 -0.1221365 -0.6141311 -0.6979734 -0.1396862 -0.7023681 -0.7797058 0.5206279 -0.3478584 -0.7797058 0.3478584 -0.5206279 -0.2345073 0.8082937 -0.5400628 -4.57789e-4 0.9238802 -0.3826815 -0.2344812 0.8981276 -0.3720021 -4.57784e-4 0.9807878 -0.1950772 -0.2345076 0.9534426 -0.1896142 -4.57789e-4 0.8314676 -0.5555732 -0.2345076 -0.1896142 -0.9534425 -4.57792e-4 0 -0.9999999 -0.2344774 0 -0.9721217 -0.2344774 0.189645 -0.9534439 -4.57789e-4 0.3826815 -0.9238802 -0.2344812 0.3720021 -0.8981276 -4.57789e-4 0.5555732 -0.8314676 -0.2345073 0.5400628 -0.8082937 -4.57784e-4 0.1950772 -0.9807878 -4.57793e-4 0.7071067 -0.7071067 -0.6812471 -0.2801347 0.6763335 -0.681253 -0.6086779 0.4067009 -0.6979785 0.5954334 0.3978508 -0.2345109 0.6873881 0.6873881 -0.6979748 0.5063751 0.5063751 -0.9989572 -0.0456568 0 -0.9989578 -0.04477179 -0.008881092 -0.6812584 -0.7320431 0 -0.9989589 -0.03225892 -0.03225892 -0.681253 -0.6086779 -0.4067009 -0.9989572 -0.03796595 -0.02536147 -0.6812471 -0.2801347 -0.6763335 -0.9989572 -0.02536147 -0.03796595 -0.9989577 -0.017457 -0.04217767 -0.7796973 0.6261566 0 -0.779696 0.6141311 0.1221365 -0.9989577 -0.04217767 -0.017457 -0.6812465 -0.7179915 -0.1427987 -0.9989593 -0.008881092 -0.04474133 -0.7797035 0.2396059 0.5784907 -0.779696 0.1221365 0.6141311 -0.6979843 0.716113 0 -0.6979734 0.7023681 0.1396862 -0.6979785 0.3978508 0.5954334 -0.6979848 0.2740361 0.6616054 -0.6979734 0.1396862 0.7023681 -0.7797035 0.5784907 0.2396059 -0.6979848 0.6616054 0.2740361 -0.7796912 0.442765 0.442765 -0.7797058 0.3478584 0.5206279 -0.7797058 0.5206279 0.3478584 -0.2345073 0.5400628 0.8082937 -4.57789e-4 0.3826815 0.9238802 -0.2344812 0.3720021 0.8981276 -4.57784e-4 0.1950772 0.9807878 -0.2345076 0.1896142 0.9534425 -4.57789e-4 0.5555732 0.8314676 -4.57792e-4 0.9999999 0 -0.2344774 0.9721217 0 -0.2344774 0.9534439 0.189645 -4.57789e-4 0.9238802 0.3826815 -0.2344812 0.8981276 0.3720021 -4.57789e-4 0.8314676 0.5555732 -0.2345073 0.8082937 0.5400628 -4.57784e-4 0.9807878 0.1950772 -4.57793e-4 0.7071067 0.7071067 -0.6812471 -0.6763335 -0.2801347 -0.6812153 -0.7180212 0.1427985 -0.681253 -0.4067009 -0.6086779 -0.6979785 -0.3978508 0.5954334 -0.2345109 -0.6873881 0.6873881 -0.6979748 -0.5063751 0.5063751 -0.9989572 0 -0.0456568 -0.9989578 0.008881092 -0.04477179 -0.6812584 0 -0.7320431 -0.9989589 0.03225892 -0.03225892 -0.681253 0.4067009 -0.6086779 -0.9989572 0.02536147 -0.03796595 -0.6812471 0.6763335 -0.2801347 -0.9989572 0.03796595 -0.02536147 -0.9989577 0.04217767 -0.017457 -0.7796973 0 0.6261566 -0.779696 -0.1221365 0.6141311 -0.9989577 0.017457 -0.04217767 -0.6812465 0.1427987 -0.7179915 -0.9989563 0.04480224 -0.008911609 -0.7797035 -0.5784907 0.2396059 -0.7797106 -0.6141121 0.1221387 -0.6979843 0 0.716113 -0.6979734 -0.1396862 0.7023681 -0.6979785 -0.5954334 0.3978508 -0.6979848 -0.6616054 0.2740361 -0.6979734 -0.7023681 0.1396862 -0.7797035 -0.2396059 0.5784907 -0.6979848 -0.2740361 0.6616054 -0.7796912 -0.442765 0.442765 -0.7797058 -0.5206279 0.3478584 -0.7797058 -0.3478584 0.5206279 -0.2345073 -0.8082937 0.5400628 -4.57789e-4 -0.9238802 0.3826815 -0.2344812 -0.8981276 0.3720021 -4.57784e-4 -0.9807878 0.1950772 -0.2345076 -0.9534426 0.1896142 -4.57789e-4 -0.8314676 0.5555732 -4.57792e-4 0 0.9999999 -0.2344774 0 0.9721217 -0.2344774 -0.189645 0.9534439 -4.57789e-4 -0.3826815 0.9238802 -0.2344812 -0.3720021 0.8981276 -4.57789e-4 -0.5555732 0.8314676 -0.2345073 -0.5400628 0.8082937 -4.57784e-4 -0.1950772 0.9807878 -4.57793e-4 -0.7071067 0.7071067 -0.6812471 0.2801347 -0.6763335 -0.681253 0.6086779 -0.4067009 -0.6979785 -0.5954334 -0.3978508 -0.2345109 -0.6873881 -0.6873881 -0.6979748 -0.5063751 -0.5063751 -0.9989572 0.0456568 0 -0.9989578 0.04477179 0.008881092 -0.6812584 0.7320431 0 -0.9989589 0.03225892 0.03225892 -0.681253 0.6086779 0.4067009 -0.9989572 0.03796595 0.02536147 -0.6812471 0.2801347 0.6763335 -0.9989572 0.02536147 0.03796595 -0.9989577 0.017457 0.04217767 -0.7796973 -0.6261566 0 -0.779696 -0.6141311 -0.1221365 -0.9989577 0.04217767 0.017457 -0.6812465 0.7179915 0.1427987 -0.7797035 -0.2396059 -0.5784907 -0.6979691 -0.7161279 0 -0.6979734 -0.7023681 -0.1396862 -0.6979785 -0.3978508 -0.5954334 -0.6979848 -0.2740361 -0.6616054 -0.7797035 -0.5784907 -0.2396059 -0.6979848 -0.6616054 -0.2740361 -0.7796912 -0.442765 -0.442765 -0.7797058 -0.3478584 -0.5206279 -0.7797058 -0.5206279 -0.3478584 -0.2345073 -0.5400628 -0.8082937 -4.57789e-4 -0.3826815 -0.9238802 -0.2345101 -0.3719994 -0.8981212 -4.57784e-4 -0.1950772 -0.9807878 -4.57789e-4 -0.5555732 -0.8314676 -4.57792e-4 -0.9999999 0 -0.2344774 -0.9721217 0 -0.2344774 -0.9534439 -0.189645 -4.57789e-4 -0.9238802 -0.3826815 -0.2344812 -0.8981276 -0.3720021 -4.57789e-4 -0.8314676 -0.5555732 -0.2345073 -0.8082937 -0.5400628 -4.57784e-4 -0.9807878 -0.1950772 -4.57793e-4 -0.7071067 -0.7071067 -0.6812471 0.6763335 0.2801347 -0.6813091 0.142799 0.7179321 -0.6812512 0.5176373 0.5176373 -0.681253 0.4067009 0.6086779 0.9702109 0.1713052 0.1713052 0.9702036 0 0.2422915 1 0 0 0.9702109 -0.1713052 0.1713052 0.9702036 -0.2422915 0 0.9702109 -0.1713052 -0.1713052 0.9702036 0 -0.2422915 0.9702109 0.1713052 -0.1713052 0.9702036 0.2422915 0 0.09998112 0 -0.9949893 0.09998154 0.7035638 -0.7035638 0.09998112 0.9949893 0 0.09998112 0 0.9949893 0.09998154 -0.7035638 0.7035638 0.09998112 -0.9949893 0 0.09998154 -0.7035638 -0.7035638 0.09998154 0.7035638 0.7035638 1 2.09967e-7 0 0.8964083 0.4432295 0 0.8972882 0.4325758 0.0880472 0.9493859 0.311172 0.04287922 0.8972786 0.4326018 -0.08801573 0.8947576 0.4423736 -0.06094652 0.8982046 0.4061163 -0.1682206 0.8908032 0.4334074 -0.1364832 0.8972743 0.3681572 -0.2436375 0.8908036 0.4029797 -0.2099437 0.8964368 0.3133698 -0.3133698 0.8947508 0.3559226 -0.269704 0.897297 0.2436048 -0.3681234 0.9707247 0.1450578 -0.191447 0.8982203 0.1681931 -0.4060928 0.9474659 0.1477735 -0.2836751 0.8972882 0.0880472 -0.4325758 0.890825 0.1364513 -0.4333727 0.8964083 0 -0.4432295 0.8947576 0.06094652 -0.4423736 0.8972882 -0.0880472 -0.4325758 0.8947576 -0.06094652 -0.4423736 0.8982203 -0.1681931 -0.4060928 0.8908213 -0.1364813 -0.4333709 0.8972743 -0.2436375 -0.3681572 0.9474533 -0.1478021 -0.2837019 0.8964136 -0.313403 -0.313403 0.9707203 -0.1450877 -0.1914461 0.8972743 -0.3681572 -0.2436375 0.8947569 -0.3559129 -0.2696967 0.8982046 -0.4061163 -0.1682206 0.8908036 -0.4029797 -0.2099437 0.8972703 -0.4326124 -0.08804845 0.8908032 -0.4334074 -0.1364832 0.8964083 -0.4432295 0 0.8947394 -0.4424103 -0.06094735 0.8972703 -0.4326124 0.08804845 0.9493768 -0.3111996 0.0428788 0.8982046 -0.4061163 0.1682206 0.9696127 -0.2333467 0.07348924 0.8972743 -0.3681572 0.2436375 0.9474533 -0.2837019 0.1478021 0.8963183 -0.3137373 0.3133406 0.8947508 -0.3559226 0.269704 0.8966677 -0.2439742 0.36941 0.8939963 -0.2705214 0.3571957 0.8982203 -0.1681931 0.4060928 0.890708 -0.2099428 0.4031915 0.8972882 -0.0880472 0.4325758 0.8908213 -0.1364813 0.4333709 0.8964204 0 0.4432049 0.9493859 -0.04287922 0.311172 0.8972882 0.0880472 0.4325758 0.9493859 0.04287922 0.311172 0.8982203 0.1681931 0.4060928 0.8908213 0.1364813 0.4333709 0.897287 0.243602 0.3681498 0.8908265 0.2099114 0.4029457 0.8964368 0.3133698 0.3133698 0.8947568 0.2696966 0.3559129 0.897287 0.3681498 0.243602 0.8947569 0.3559129 0.2696967 0.8982203 0.4060928 0.1681931 0.9474616 0.2836738 0.1478034 0.9696127 0.2333467 0.07348924 0.8987908 0.4383779 0 0.9513742 0.2178153 -0.2178153 0.8987908 0 -0.4383779 0.9513617 -0.2178429 -0.2178429 0.8987908 -0.4383779 0 0.8988058 -0.3102329 0.3096836 0.9718625 0 0.2355493 0.8988116 0.3099498 0.3099498 0.1026355 0.8863028 -0.4515899 0.1026359 0.307389 -0.9460328 0.1026355 -0.4515899 -0.8863028 0.1026368 0.3073613 -0.9460416 0.1026661 -0.307388 0.9460298 0.1026656 -0.8863 0.4515885 0.1026368 -0.9460416 -0.3073613 0.1026656 0.4515885 0.8863 0.1026359 0.9460328 0.307389 0.1026368 0.4515656 0.886315 0.9702088 0.215863 -0.1099916 0.9702072 0.2304204 0.07486373 0.9702088 0.1099916 0.215863 0.9702072 -0.07486373 0.2304204 0.9702088 -0.215863 0.1099916 0.9702072 -0.2304204 -0.07486373 0.9702088 -0.1099916 -0.215863 0.9702072 0.07486373 -0.2304204 0.09998172 -0.9462862 -0.3074835 0.09998005 -0.4517108 -0.8865447 0.09997975 0.307447 -0.9462984 0.09997975 0.9462984 0.307447 0.09998005 0.4517108 0.8865447 0.09997975 -0.307447 0.9462984 0.09998005 -0.8865447 0.4517108 0.09998005 0.8865447 -0.4517108 0.1026358 -0.1556169 -0.9824711 0.1026344 -0.8047477 -0.5846773 0.1026362 -0.1555871 -0.9824758 0.1026362 -0.9824758 0.1555871 0.1026671 0.8047344 0.5846898 0.1026664 0.1555867 0.9824727 0.1026344 -0.5846773 0.8047477 0.1026358 -0.9824711 0.1556169 0.1026362 -0.5846571 0.804762 0.1026664 0.9824727 -0.1555867 0.1026369 0.5846917 -0.8047369 0.1026362 0.9824758 -0.1555871 0.9702053 -0.03790479 -0.239301 0.9702099 0.1424033 -0.1959952 0.9702064 0.2393013 -0.03787434 0.9702099 0.1959952 0.1424033 0.9702064 0.03787434 0.2393013 0.9702041 -0.1424024 0.1960245 0.9702064 -0.2393013 0.03787434 0.9702099 -0.1959952 -0.1424033 0.0999825 -0.5848488 0.8049568 0.09997999 -0.9827402 0.1556466 0.09998005 -0.8049677 -0.5848345 0.09998005 0.5848344 -0.8049675 0.09997999 0.9827402 -0.1556466 0.09998005 0.8049677 0.5848345 0.09997999 0.1556465 0.9827401 0.09998005 -0.5848344 0.8049675 0.09998047 -0.1556168 -0.9827448 0.1026362 -0.9824758 -0.1555871 0.1026344 -0.8047477 0.5846773 0.1026362 -0.1555871 0.9824758 0.1026369 -0.8047369 0.5846917 0.1026664 0.8047595 -0.5846554 0.1026664 0.9824727 0.1555867 0.1026369 0.5846917 0.8047369 0.1026664 0.1555867 -0.9824727 0.1026671 0.8047344 -0.5846898 0.1026344 -0.5846773 -0.8047477 0.1026362 -0.5846571 -0.804762 0.1026358 0.1556169 -0.9824711 0.9702064 -0.2393013 -0.03787434 0.9702041 -0.1424024 -0.1960245 0.9702053 0.03790479 -0.239301 0.9702041 0.1960245 -0.1424024 0.9702064 0.2393013 0.03787434 0.9702099 0.1424033 0.1959952 0.9702064 -0.03787434 0.2393013 0.9702099 -0.1959952 0.1424033 0.09998005 0.5848344 0.8049675 0.09997999 -0.1556465 0.9827401 0.09998005 -0.8049677 0.5848345 0.0999825 -0.5848488 -0.8049568 0.09997999 0.1556465 -0.9827401 0.09998005 0.8049677 -0.5848345 0.09997999 0.9827402 0.1556466 0.09997999 -0.9827402 -0.1556466 0.1026355 -0.4515899 0.8863028 0.1026359 0.307389 0.9460328 0.1026355 0.8863028 0.4515899 0.102667 -0.3073604 -0.9460387 0.1026656 0.4515885 -0.8863 0.1026359 0.9460328 -0.307389 0.1026656 -0.8863 -0.4515885 0.1026661 -0.307388 -0.9460298 0.1026368 -0.9460416 0.3073613 0.1026355 -0.8863028 -0.4515899 0.9702088 -0.1099916 0.215863 0.9702072 -0.2304204 0.07486373 0.9702088 -0.215863 -0.1099916 0.9702072 -0.07486373 -0.2304204 0.9702088 0.1099916 -0.215863 0.9702072 0.2304204 -0.07486373 0.9702088 0.215863 0.1099916 0.9702072 0.07486373 0.2304204 0.09997975 0.9462984 -0.307447 0.09998005 0.8865447 0.4517108 0.09997975 0.307447 0.9462984 0.09998172 -0.9462862 0.3074835 0.09998005 -0.8865447 -0.4517108 0.09997975 -0.307447 -0.9462984 0.09998005 0.4517108 -0.8865447 0.09998005 -0.4517108 0.8865447 0.9999982 -0.001800596 5.79868e-4 0.9997965 0.01797556 -0.009155631 0.9999982 -0.001709043 8.54543e-4 0.9999982 5.79868e-4 0.001800596 0.9997965 -0.003143429 -0.01992875 0.9997964 -0.006225824 -0.01919633 0.9999982 -0.001892149 0 0.9997965 0.01992875 -0.003143429 0.9999982 -0.001892149 2.74674e-4 0.9999982 -0.001709043 -8.54543e-4 0.9997964 0.01919633 0.006225824 0.9999982 -0.001800596 -5.79868e-4 0.9999982 8.54543e-4 0.001709043 0.9997965 -0.009155631 -0.01797556 0.9999982 -0.001892149 -2.74674e-4 0.9997965 0.01992875 0.003143429 0.9999982 0.001525938 -0.001129209 0.9997965 -0.01797556 0.009155631 0.9997966 -0.01632755 0.01184129 0.9999982 0.001525938 0.001129209 0.9997969 -0.01425224 -0.01425224 0.9997966 -0.01632755 -0.01184129 0.9999982 -0.001525938 -0.001129209 0.9997965 0.01797556 0.009155631 0.9999982 0.001800596 -5.79868e-4 0.9999982 0.001709043 -8.54543e-4 0.9999982 0.001709043 8.54543e-4 0.9997965 -0.01797556 -0.009155631 0.9999982 -2.74674e-4 -0.001892149 0.9997965 0 0.02017289 0.9997965 0.003143429 0.01992875 0.9999982 2.74674e-4 -0.001892149 0.9999982 0 -0.001922667 0.9999982 0.001892149 2.74674e-4 0.9997964 -0.01919633 -0.006225824 0.9997965 -0.01992875 -0.003143429 0.9999982 2.74674e-4 0.001892149 0.9997965 0 -0.02017289 0.9999982 0.001800596 5.79868e-4 0.9999982 0.001342833 -0.001342833 0.9997969 -0.01425224 0.01425224 0.9997966 0.01632755 -0.01184129 0.9999982 -0.001525938 0.001129209 0.9999982 8.54543e-4 -0.001709043 0.9997964 -0.006225824 0.01919633 0.9999982 5.79868e-4 -0.001800596 0.9999982 0.001892149 -2.74674e-4 0.9997964 -0.01919633 0.006225824 0.9999983 -0.001342833 0.001312315 0.9997969 0.01425224 -0.01425224 0.9997965 -0.003143429 0.01992875 0.9997965 -0.02017289 0 0.9997965 -0.01992875 0.003143429 0.9997963 0.01187181 -0.01632755 0.9999982 -0.001129209 0.001586973 0.9999982 -0.001129209 -0.001525938 0.9997969 0.01425224 0.01425224 0.9999982 -0.001342833 -0.001342833 0.9997966 0.01632755 0.01184129 0.9997964 0.006225824 0.01919633 0.9999982 -5.79868e-4 -0.001800596 0.9999982 0.001892149 0 0.9999983 -8.54543e-4 0.001678526 0.9997969 0.009125113 -0.01797556 0.9997965 0.02017289 0 0.9997965 0.009155631 0.01797556 0.9999982 -8.54543e-4 -0.001709043 0.9999982 0.001342833 0.001342833 0.9997966 -0.01184129 -0.01632755 0.9999982 -5.79868e-4 0.001800596 0.9997964 0.006225824 -0.01919633 0.9997966 -0.01184129 0.01632755 0.9999982 0.001129209 -0.001525938 0.9999982 0.001129209 0.001525938 0.9997965 0.003143429 -0.01992875 0.9999982 -2.74674e-4 0.001892149 0.9997965 -0.009155631 0.01797556 0.9997966 0.01184129 0.01632755 0.9999982 0 0.001922667 0.9997964 0.01919633 -0.006225824 0.9996938 -0.02444601 0.003845393 0.9998334 -0.01736527 0.00564599 0.9996938 -0.003845393 0.02444601 0.9998335 0 0.01825034 0.9998336 -0.01071214 -0.01477116 0.9996935 0.01123112 -0.02206552 0.9998336 0.01071214 -0.01477116 0.9996942 -0.01748758 -0.01748758 0.9996935 0.02206552 0.01123112 0.9998335 0.01736527 0.005615472 0.9996938 0.003845393 0.02444601 0.9996938 0.02444601 0.003845393 0.9996935 -0.02206552 0.01123112 0 -0.8090053 -0.5878015 0 -0.8910016 -0.4540003 0 0.4539761 0.8910139 0 0.587767 0.8090303 0 0.1564405 0.9876874 0 0.8910016 0.4540003 0 0.9510608 0.309004 0 0.8090303 0.587767 0 -0.1564405 0.9876874 0 -0.8910139 0.4539761 0 -0.8090053 0.5878015 0 0.8090053 -0.5878015 0 0.8910139 -0.4539761 0 0.03924769 0.9992296 0 0.8090053 0.5878015 0 -0.9992296 0.03924769 0 -0.453234 0.8913916 0 -0.309004 0.9510608 0 -0.03921723 0.9992308 0 -0.9510608 0.309004 0 -0.9876922 -0.1564108 0 -0.9510608 -0.309004 0 0.9876922 0.1564108 0 0.9381909 0.3461183 0 0.3461183 -0.9381909 0 -0.309004 -0.9510608 0 -0.9876922 0.1564108 0 0.309004 0.9510608 0 -0.4539761 -0.8910139 0 -0.8090303 -0.587767 0 -0.6190851 -0.785324 0 -0.785324 -0.6190851 0 -0.587767 0.8090303 0 -0.9624558 0.2714384 0 -0.587767 -0.8090303 0 0.785324 -0.6190851 0 -0.1564405 -0.9876874 0 -0.2714384 0.9624558 0 0.9624558 0.2714384 0 -0.3461183 -0.9381909 0 -0.9381909 0.3461183 0 -0.7077016 0.7065114 0 0.6190851 -0.785324 0 0.9876922 -0.1564108 0 0.1564405 -0.9876874 0 0.309004 -0.9510608 0 -0.8090303 0.587767 0 0.9510608 -0.309004 0 0.2714384 0.9624558 0 0.8090303 -0.587767 0 0.9992308 0.03921723 0 0.7077016 -0.7065114 0 0.587767 -0.8090303 0 0.453234 -0.8913916 -0.07709121 0.3080903 -0.9482285 -0.2939553 -0.5310239 -0.7947352 -1 0 0 -1 0 0 -1 0 0 -1 0 0 -1 0 0 -1 0 0 -1 -2.07903e-7 0 -1 2.07904e-7 0 -1 0 0 -1 0 0 -1 0 0 -1 0 0 0.9996935 -0.01123112 -0.02206552 0.9992609 -0.01187193 0.03656202 0.9992616 0.01742649 0.03424257 0.9992612 0.02258419 0.03109908 0.9996942 0.01748758 -0.01748758 0.999262 0.02716213 0.02716213 0.9992609 -0.01187193 -0.03656202 0.999261 -0.03796589 -0.00601226 0.9992616 -0.03842371 0 0.9992616 -0.01742649 0.03424257 0.9992616 0.03842371 0 0.999261 -0.00601226 -0.03796589 0.9992612 -0.03109908 -0.02258419 0.9992612 -0.02719265 0.02716207 0.9992621 -0.02258425 0.03106862 0.999261 0.03796589 -0.00601226 0.999261 0.00601226 -0.03796589 0.9992609 0.03656202 -0.01187193 0.9992609 0.01187193 -0.03656202 0.9992612 -0.03109908 0.02258419 0.9992616 0 -0.03842371 0.9992616 0.03424257 -0.01742649 0.9992616 -0.03424257 -0.01742649 0.9992612 0.03109908 0.02258419 0.9992612 0.03109908 -0.02258419 0.9992609 -0.03656202 -0.01187193 0.9992609 0.01187193 0.03656202 -0.6812512 -0.5176373 0.5176373 -0.6812512 -0.5176373 -0.5176373 -0.6812615 -0.1428018 -0.7179767 -0.6812512 0.5176373 -0.5176373 -0.6812615 0.7179767 -0.1428018 0.1000117 -0.7035616 0.7035616 1 -9.84059e-6 0 1 2.45999e-6 0 1 -2.46005e-6 0 1 1.78274e-6 0 1 -4.92009e-6 0 1 0 0 0.1000102 0.4517094 0.8865419 0.1000102 0.9827372 -0.155646 0.1000102 0.155646 -0.9827372 0.1000102 -0.8865419 -0.4517094</float_array>
          <technique_common>
            <accessor source="#daewon_dcx_01a_15x7-mesh-normals-array" count="920" stride="3">
              <param name="X" type="float"/>
              <param name="Y" type="float"/>
              <param name="Z" type="float"/>
            </accessor>
          </technique_common>
        </source>
        <source id="daewon_dcx_01a_15x7-mesh-map-0">
          <float_array id="daewon_dcx_01a_15x7-mesh-map-0-array" count="11448">0.2360832 0.894979 0.1714722 0.8285275 0.2418775 0.8863076 0.4999993 0.9087923 0.4175462 0.9145223 0.4202483 0.9009375 0.1309025 0.2533761 0.2011463 0.2011455 0.1485853 0.2651916 0.7466243 0.1309018 0.8220984 0.1779017 0.813892 0.1861081 0.1714722 0.8285275 0.1212522 0.7530708 0.1779019 0.822098 0.9750369 0.4999995 0.9556803 0.5906403 0.9646075 0.4999995 0.1714725 0.1714717 0.2360837 0.1050203 0.2418777 0.1136919 0.2109401 0.7890598 0.1485853 0.7348077 0.1601012 0.7271127 0.3301233 0.08987993 0.4175466 0.08547729 0.3382615 0.109528 0.3301233 0.08987993 0.4111335 0.0532363 0.4133978 0.06461882 0.4093593 0.9556809 0.3256817 0.9208416 0.4111331 0.9467629 0.1714722 0.8285275 0.1050208 0.7639163 0.1136919 0.7581223 0.5932839 0.03103232 0.6817892 0.06112217 0.5926755 0.03408998 0.115526 0.09704953 0.02592575 0.1191915 0.115526 0.1191915 0.4093593 0.9556809 0.3182108 0.9388774 0.3222016 0.9292421 0.5888661 0.9467632 0.4999993 0.9439101 0.5866026 0.9353805 0.8690978 0.7466229 0.7988534 0.798854 0.8514152 0.7348077 0.7466226 0.869098 0.6743184 0.9208416 0.6698771 0.9101193 0.8787481 0.2469289 0.9292417 0.3222022 0.9208418 0.3256819 0.5926755 0.03408998 0.6777977 0.07075756 0.5906412 0.04431849 0.4999993 0.9781551 0.4073246 0.9659096 0.4999993 0.975037 0.115526 0.09708631 0.02592575 0.07494384 0.02592575 0.09708631 0.914522 0.5824534 0.8776747 0.6564377 0.9009377 0.579751 0.5824531 0.9145223 0.4999993 0.9439101 0.4999993 0.9226432 0.813892 0.1861081 0.8787481 0.2469289 0.8690983 0.2533769 0.9208418 0.3256819 0.9556803 0.4093592 0.9467623 0.4111331 0.8359028 0.1640979 0.8975715 0.2343512 0.8949796 0.2360835 0.115526 0.05276483 0.02592575 0.07490736 0.115526 0.07490736 0.1095287 0.3382611 0.1601014 0.2728867 0.1223247 0.3435615 0.3382612 0.8904712 0.2533769 0.8690977 0.2651919 0.8514149 0.6743184 0.9208416 0.5866026 0.9353805 0.6698771 0.9101193 0.1714725 0.1714717 0.2469291 0.1212522 0.1779019 0.1779013 0.9750369 0.4999995 0.9689666 0.5932831 0.9659085 0.5926749 0.115526 0.0970326 0.02592575 0.1191751 0.115526 0.1191752 0.0854777 0.417546 0.1223247 0.3435615 0.09906226 0.4202482 0.1861081 0.8138917 0.1485853 0.7348077 0.2011463 0.7988537 0.2533771 0.1309018 0.3256821 0.07915771 0.3301233 0.08987993 0.0791586 0.6743181 0.04431915 0.5906403 0.05323648 0.5888664 0.9388771 0.3182112 0.9689666 0.4067164 0.965909 0.4073247 0.115526 0.1413335 0.02592575 0.1634758 0.115526 0.1634758 0.04431915 0.409359 0.06112289 0.3182106 0.07075798 0.3222016 0.9226424 0.4999995 0.9009377 0.579751 0.9087923 0.4999995 0.9353796 0.5866021 0.8904712 0.6617383 0.914522 0.5824534 0.6743184 0.9208416 0.5906408 0.9556811 0.5888661 0.9467632 0.886308 0.7581223 0.8220984 0.8220984 0.8787475 0.7530706 0.4999993 0.975037 0.4093593 0.9556809 0.4999993 0.9646084 0.4067162 0.9689671 0.3182108 0.9388774 0.4073246 0.9659096 0.8776753 0.3435617 0.914522 0.4175462 0.9009377 0.4202482 0.2651919 0.8514149 0.1861081 0.8138917 0.2011463 0.7988537 0.3256817 0.9208416 0.2533769 0.8690977 0.3301229 0.9101192 0.5 0.03539139 0.5888668 0.05323648 0.5 0.04448384 0.5932835 0.9689674 0.4999993 0.975037 0.5926755 0.9659097 0.115526 0.05278563 0.02592575 0.03064316 0.02592575 0.05278557 0.07735729 0.4999995 0.09906226 0.4202482 0.09120792 0.4999995 0.9439094 0.4999995 0.914522 0.5824534 0.9226424 0.4999995 0.9555147 0.4999995 0.9353796 0.5866021 0.9439094 0.4999995 0.4111335 0.0532363 0.5 0.03539139 0.5 0.04448384 0.5 0.02184486 0.5926755 0.03408998 0.5 0.02496224 0.115526 0.05274885 0.02592575 0.07489073 0.115526 0.07489073 0.7348083 0.1485846 0.7890602 0.2109399 0.7271132 0.1601012 0.2533771 0.1309018 0.3382615 0.109528 0.2651921 0.1485846 0.05323702 0.4111329 0.08988058 0.3301225 0.06461971 0.4133971 0.1136919 0.7581223 0.0791586 0.6743181 0.1212522 0.7530708 0.1050208 0.7639163 0.05824238 0.6829817 0.06112259 0.6817886 0.115526 0.07489073 0.02592575 0.0970326 0.115526 0.0970326 0.09906226 0.5797511 0.07735729 0.4999995 0.09120792 0.4999995 0.1861085 0.1861077 0.2651921 0.1485846 0.2011463 0.2011455 0.4133978 0.06461882 0.5 0.04448384 0.5 0.0560894 0.04431915 0.409359 0.0791586 0.3256813 0.05323702 0.4111329 0.6777977 0.9292424 0.5926755 0.9659097 0.5906408 0.9556811 0.8359021 0.8359021 0.7581228 0.8863078 0.8285279 0.8285279 0.1485853 0.2651916 0.2109401 0.2109397 0.1601014 0.2728867 0.06461971 0.4133971 0.1095287 0.3382611 0.0854777 0.417546 0.8690983 0.2533769 0.9208418 0.3256819 0.9101193 0.330123 0.9555147 0.4999995 0.9556803 0.5906403 0.9467623 0.5888664 0.4073252 0.03408998 0.5 0.03539139 0.4093596 0.04431849 0.05824238 0.6829817 0.03408998 0.5926748 0.06112259 0.6817886 0.1136921 0.2418768 0.1640976 0.1640974 0.1714725 0.1714717 0.661739 0.109528 0.7271132 0.1601012 0.6564381 0.1223247 0.06461971 0.5866023 0.07735729 0.4999995 0.0854777 0.5824534 0.08988058 0.3301225 0.1212524 0.2469285 0.1309025 0.2533761 0.8285282 0.1714723 0.8787481 0.2469289 0.8220984 0.1779017 0.2360837 0.1050203 0.322202 0.07075732 0.2418777 0.1136919 0.2360837 0.1050203 0.3170182 0.05824184 0.3182116 0.06112194 0.8359028 0.1640979 0.8863086 0.2418775 0.8285282 0.1714723 0.839898 0.7271129 0.7988534 0.798854 0.7890595 0.7890601 0.1095287 0.6617383 0.06461971 0.5866023 0.0854777 0.5824534 0.9467623 0.4111331 0.9439094 0.4999995 0.9353796 0.4133971 0.5888668 0.05323648 0.6777977 0.07075756 0.6743187 0.07915794 0.02592575 0.09706956 0.01158308 0.1192116 0.02592575 0.1192122 0.1024293 0.2343508 0.1640976 0.1640974 0.1050212 0.236083 0.115526 0.09706962 0.02592575 0.0749275 0.02592575 0.09706956 0.06112289 0.3182106 0.1136921 0.2418768 0.07075798 0.3222016 0.1601012 0.7271127 0.1095287 0.6617383 0.1223247 0.6564378 0.1485853 0.7348077 0.08988058 0.6698769 0.1095287 0.6617383 0.1861085 0.1861077 0.2469291 0.1212522 0.2533771 0.1309018 0.2469288 0.8787471 0.1714722 0.8285275 0.1779019 0.822098 0.1640976 0.8359018 0.102429 0.7656485 0.1050208 0.7639163 0.115526 0.07494384 0.02592575 0.05280196 0.02592575 0.07494384 0.2109401 0.2109397 0.2651921 0.1485846 0.2728876 0.1601012 0.8904718 0.3382613 0.9353796 0.4133971 0.914522 0.4175462 0.4999993 0.9555156 0.4133974 0.9353803 0.4999993 0.9439101 0.4999993 0.9555156 0.4093593 0.9556809 0.4111331 0.9467629 0.7639171 0.1050203 0.8381071 0.1618933 0.8359028 0.1640979 0.115526 0.1634758 0.02592575 0.1856177 0.115526 0.1856177 0.2728876 0.1601012 0.3382615 0.109528 0.343562 0.1223245 0.4999993 0.9226432 0.4133974 0.9353803 0.4175462 0.9145223 0.4133974 0.9353803 0.3256817 0.9208416 0.3301229 0.9101192 0.9556803 0.5906403 0.9208416 0.6743181 0.9467623 0.5888664 0.4073252 0.03408998 0.5 0.02184486 0.5 0.02496224 0.115526 0.008480727 0.02592575 0.03062301 0.115526 0.03062301 0.965909 0.4073247 0.9646075 0.4999995 0.9556803 0.4093592 0.1223247 0.6564378 0.0854777 0.5824534 0.09906226 0.5797511 0.5824542 0.08547729 0.6698774 0.0898801 0.661739 0.109528 0.586603 0.06461906 0.6743187 0.07915794 0.6698774 0.0898801 0.1212524 0.2469285 0.1714725 0.1714717 0.1779019 0.1779013 0.02592575 0.05276483 0.01158308 0.07490736 0.02592575 0.07490736 0.8949796 0.2360835 0.9417567 0.3170182 0.9388771 0.3182112 0.115526 0.03065973 0.02592575 0.008517861 0.02592575 0.03065973 0.03539204 0.4999995 0.03409045 0.4073244 0.04431915 0.409359 0.2651919 0.8514149 0.2109401 0.7890598 0.2728872 0.8398983 0.9208416 0.6743181 0.8690978 0.7466229 0.9101193 0.6698768 0.9467623 0.4111331 0.9646075 0.4999995 0.9555147 0.4999995 0.8381062 0.8381066 0.7639165 0.8949791 0.8359021 0.8359021 0.115526 0.1634593 0.02592575 0.1856012 0.115526 0.1856012 0.5 0.03539139 0.5926755 0.03408998 0.5906412 0.04431849 0.5 0.07735639 0.5797517 0.09906202 0.5 0.09120708 0.6617385 0.8904715 0.5866026 0.9353805 0.5824531 0.9145223 0.1309025 0.2533761 0.1779019 0.1779013 0.1861085 0.1861077 0.3182116 0.06112194 0.4093596 0.04431849 0.322202 0.07075732 0.9659085 0.5926749 0.9417563 0.6829816 0.9388762 0.6817888 0.115526 0.1634962 0.02592575 0.1413539 0.02592575 0.1634962 0.4175466 0.08547729 0.5 0.09120708 0.4202486 0.09906184 0.6698774 0.0898801 0.7530718 0.1212522 0.7466243 0.1309018 0.8285279 0.8285279 0.7530713 0.8787474 0.8220984 0.8220984 0.3182116 0.06112194 0.4067166 0.03103256 0.4073252 0.03408998 0.8398986 0.2728871 0.8904718 0.3382613 0.8776753 0.3435617 0.4175462 0.9145223 0.3301229 0.9101192 0.3382612 0.8904712 0.1779019 0.822098 0.1309021 0.7466232 0.1861081 0.8138917 0.6743187 0.07915794 0.7581228 0.1136919 0.7530718 0.1212522 0.3222016 0.9292421 0.2360832 0.894979 0.2418775 0.8863076 0.965909 0.4073247 0.9781544 0.4999995 0.9750369 0.4999995 0.115526 0.1413335 0.02592575 0.1191915 0.02592575 0.1413334 0.9009377 0.4202482 0.9226424 0.4999995 0.9087923 0.4999995 0.5 0.07735639 0.586603 0.06461906 0.5824542 0.08547729 0.8690978 0.7466229 0.8220984 0.8220984 0.8138917 0.8138921 0.7581228 0.8863078 0.6817892 0.9388774 0.6777977 0.9292424 0.9388771 0.3182112 0.9556803 0.4093592 0.9292417 0.3222022 0.7656487 0.8975713 0.6817892 0.9388774 0.7639165 0.8949791 0.5824542 0.08547729 0.6564381 0.1223247 0.5797517 0.09906202 0.813892 0.1861081 0.8514152 0.2651919 0.7988546 0.201146 0.04448461 0.4999995 0.06461971 0.4133971 0.05608963 0.4999995 0.03539204 0.4999995 0.05323702 0.4111329 0.04448461 0.4999995 0.897571 0.7656483 0.9388762 0.6817888 0.9417563 0.6829816 0.115526 0.008501172 0.02592575 0.03064316 0.115526 0.03064316 0.03408998 0.5926748 0.03539204 0.4999995 0.04431915 0.5906403 0.7988534 0.798854 0.7271132 0.8398986 0.7890595 0.7890601 0.914522 0.4175462 0.9439094 0.4999995 0.9226424 0.4999995 0.05323648 0.5888664 0.05608963 0.4999995 0.06461971 0.5866023 0.7581228 0.8863078 0.6743184 0.9208416 0.7530713 0.8787474 0.6829819 0.9417575 0.5926755 0.9659097 0.6817892 0.9388774 0.115526 0.1856547 0.02592575 0.1635123 0.02592575 0.1856547 0.6817892 0.06112217 0.7581228 0.1136919 0.6777977 0.07075756 0.3382615 0.109528 0.4202486 0.09906184 0.343562 0.1223245 0.07735729 0.4999995 0.06461971 0.4133971 0.0854777 0.417546 0.9467623 0.5888664 0.9101193 0.6698768 0.9353796 0.5866021 0.7530718 0.1212522 0.8285282 0.1714723 0.8220984 0.1779017 0.1136919 0.7581223 0.06112259 0.6817886 0.07075774 0.6777977 0.3170178 0.9417572 0.2360832 0.894979 0.3182108 0.9388774 0.7988546 0.201146 0.8398986 0.2728871 0.7890602 0.2109399 0.9101193 0.6698768 0.8514152 0.7348077 0.8904712 0.6617383 0.9208418 0.3256819 0.9353796 0.4133971 0.9101193 0.330123 0.05323648 0.5888664 0.03539204 0.4999995 0.04448461 0.4999995 0.9388762 0.6817888 0.886308 0.7581223 0.9292415 0.6777976 0.03103345 0.4067162 0.06112289 0.3182106 0.03409045 0.4073244 0.115526 0.05280196 0.02592575 0.03065973 0.02592575 0.05280196 0.9659085 0.5926749 0.9292415 0.6777976 0.9556803 0.5906403 0.8138917 0.8138921 0.7530713 0.8787474 0.7466226 0.869098 0.08988058 0.3301225 0.1485853 0.2651916 0.1095287 0.3382611 0.1212522 0.7530708 0.08988058 0.6698769 0.1309021 0.7466232 0.9292415 0.6777976 0.8787475 0.7530706 0.9208416 0.6743181 0.8949794 0.7639165 0.8285279 0.8285279 0.886308 0.7581223 0.897571 0.7656483 0.8359021 0.8359021 0.8949794 0.7639165 0.115526 0.07490736 0.02592575 0.09704947 0.115526 0.09704953 0.6617385 0.8904715 0.5797514 0.9009375 0.6564381 0.8776749 0.8138917 0.8138921 0.7348079 0.8514152 0.7988534 0.798854 0.5 0.0560894 0.5888668 0.05323648 0.586603 0.06461906 0.3256821 0.07915771 0.4093596 0.04431849 0.4111335 0.0532363 0.06112259 0.6817886 0.04431915 0.5906403 0.07075774 0.6777977 0.1640976 0.1640974 0.2343512 0.1024283 0.2360837 0.1050203 0.115526 0.1413539 0.02592575 0.1192122 0.02592575 0.1413539 0.8776747 0.6564377 0.8514152 0.7348077 0.839898 0.7271129 0.8690983 0.2533769 0.8904718 0.3382613 0.8514152 0.2651919 0.2469291 0.1212522 0.322202 0.07075732 0.3256821 0.07915771 0.07075798 0.3222016 0.1212524 0.2469285 0.0791586 0.3256813 0.05824238 0.3170175 0.1050212 0.236083 0.06112289 0.3182106 0.115526 0.1413173 0.02592575 0.1634593 0.115526 0.1634593 0.7639171 0.1050203 0.8285282 0.1714723 0.7581228 0.1136919 0.3435612 0.8776747 0.2651919 0.8514149 0.2728872 0.8398983 0.4133978 0.06461882 0.5 0.07735639 0.4175466 0.08547729 0.0791586 0.6743181 0.06461971 0.5866023 0.08988058 0.6698769 0.3222016 0.9292421 0.2469288 0.8787471 0.3256817 0.9208416 0.8863086 0.2418775 0.9388771 0.3182112 0.9292417 0.3222022 0.03103226 0.5932829 0.02496278 0.4999995 0.03408998 0.5926748 0.115526 0.1192281 0.02592575 0.09708631 0.02592575 0.1192281 0.4202483 0.9009375 0.3382612 0.8904712 0.3435612 0.8776747 0.6698774 0.0898801 0.7348083 0.1485846 0.661739 0.109528 0.2469288 0.8787471 0.1861081 0.8138917 0.2533769 0.8690977 0.5888661 0.9467632 0.4999993 0.9646084 0.4999993 0.9555156 0.5906408 0.9556811 0.4999993 0.975037 0.4999993 0.9646084 0.02184551 0.4999995 0.03409045 0.4073244 0.02496278 0.4999995 0.115526 0.03062301 0.02592575 0.05276483 0.115526 0.05276483 0.02592575 0.1191915 0.01158308 0.1413334 0.02592575 0.1413334 0.115526 0.05276483 0.1289275 0.03062301 0.115526 0.03062301 0.02592575 0.07494384 0.01158308 0.05280196 0.01158308 0.07494384 0.115526 0.07489073 0.1289275 0.05274885 0.115526 0.05274885 0.02592575 0.1856177 0.01158308 0.1634758 0.01158308 0.1856177 0.115526 0.1192116 0.1289275 0.09706962 0.115526 0.09706962 0.02592575 0.05278557 0.01158308 0.03064316 0.01158308 0.05278557 0.115526 0.1413539 0.1289275 0.1192116 0.115526 0.1192116 0.02592575 0.1192122 0.01158308 0.1413539 0.02592575 0.1413539 0.115526 0.008480727 0.1289275 0.03062301 0.1289275 0.008480727 0.02592575 0.1634593 0.01158308 0.1413173 0.01158308 0.1634593 0.115526 0.03060644 0.1289275 0.05274885 0.1289275 0.03060644 0.02592575 0.1634758 0.01158308 0.1413334 0.01158308 0.1634758 0.115526 0.1634758 0.1289275 0.1856177 0.1289275 0.1634758 0.02592575 0.09704947 0.01158308 0.1191915 0.02592575 0.1191915 0.115526 0.07489073 0.1289275 0.0970326 0.1289275 0.07489073 0.02592575 0.09708631 0.01158308 0.1192281 0.02592575 0.1192281 0.115526 0.09706962 0.1289275 0.0749275 0.115526 0.0749275 0.02592575 0.07489073 0.01158308 0.05274879 0.01158308 0.07489073 0.115526 0.1634962 0.1289275 0.1856381 0.1289275 0.1634962 0.02592575 0.05276483 0.01158308 0.03062301 0.01158308 0.05276483 0.115526 0.1192281 0.1289275 0.1413704 0.1289275 0.1192281 0.01158308 0.03060644 0.02592575 0.05274879 0.02592575 0.03060644 0.115526 0.09708631 0.1289275 0.07494384 0.115526 0.07494384 0.02592575 0.1413704 0.01158308 0.1192281 0.01158308 0.1413704 0.115526 0.09704953 0.1289275 0.1191915 0.1289275 0.09704953 0.02592575 0.07490736 0.01158308 0.09704947 0.02592575 0.09704947 0.115526 0.09708631 0.1289275 0.1192281 0.1289275 0.09708631 0.02592575 0.1634593 0.01158308 0.1856012 0.02592575 0.1856012 0.115526 0.07494384 0.1289275 0.05280196 0.115526 0.05280196 0.02592575 0.1634962 0.01158308 0.1413539 0.01158308 0.1634962 0.115526 0.05280196 0.1289275 0.03065973 0.115526 0.03065973 0.02592575 0.008464694 0.01158308 0.03060644 0.02592575 0.03060644 0.115526 0.1856547 0.1289275 0.1635123 0.115526 0.1635123 0.02592575 0.1856381 0.01158308 0.1634962 0.01158308 0.1856381 0.115526 0.1191752 0.1289275 0.0970326 0.115526 0.0970326 0.02592575 0.0970326 0.01158308 0.1191751 0.02592575 0.1191751 0.115526 0.03064316 0.1289275 0.008501172 0.115526 0.008501172 0.02592575 0.1191751 0.01158308 0.1413173 0.02592575 0.1413173 0.115526 0.0749275 0.1289275 0.05278563 0.115526 0.05278563 0.02592575 0.1856547 0.01158308 0.1635123 0.01158308 0.1856547 0.115526 0.1191915 0.1289275 0.1413335 0.1289275 0.1191915 0.115526 0.07490736 0.1289275 0.05276483 0.115526 0.05276483 0.115526 0.1413173 0.1289275 0.1191752 0.115526 0.1191752 0.02592575 0.07489073 0.01158308 0.0970326 0.02592575 0.0970326 0.02592575 0.03064316 0.01158308 0.008501172 0.01158308 0.03064316 0.115526 0.1413539 0.1289275 0.1634962 0.1289275 0.1413539 0.02592575 0.05280196 0.01158308 0.03065973 0.01158308 0.05280196 0.115526 0.03064316 0.1289275 0.05278563 0.1289275 0.03064316 0.02592575 0.05278557 0.01158308 0.0749275 0.02592575 0.0749275 0.115526 0.008464753 0.1289275 0.03060644 0.1289275 0.008464753 0.02592575 0.03065973 0.01158308 0.008517861 0.01158308 0.03065973 0.115526 0.1634593 0.1289275 0.1856012 0.1289275 0.1634593 0.02592575 0.008480727 0.01158308 0.03062301 0.02592575 0.03062301 0.115526 0.07490736 0.1289275 0.09704953 0.1289275 0.07490736 0.02592575 0.0749275 0.01158308 0.09706956 0.02592575 0.09706956 0.115526 0.008517861 0.1289275 0.03065973 0.1289275 0.008517861 0.02592575 0.1635123 0.01158308 0.1413704 0.01158308 0.1635123 0.115526 0.1413335 0.1289275 0.1634758 0.1289275 0.1413335 0.02592575 0.09708631 0.01158308 0.07494384 0.01158308 0.09708631 0.115526 0.1635123 0.1289275 0.1413704 0.115526 0.1413704 0.7348079 0.8514152 0.6564381 0.8776749 0.7271132 0.8398986 0.7466226 0.869098 0.6617385 0.8904715 0.7348079 0.8514152 0.7348083 0.1485846 0.813892 0.1861081 0.7988546 0.201146 0.2360832 0.894979 0.1618936 0.8381064 0.1640976 0.8359018 0.6817892 0.06112217 0.7656487 0.1024283 0.7639171 0.1050203 0.5824531 0.9145223 0.4999993 0.9087923 0.5797514 0.9009375 0.115526 0.03060644 0.02592575 0.05274879 0.115526 0.05274885 0.115526 0.1635123 0.02592575 0.1413704 0.02592575 0.1635123 0.115526 0.1413173 0.1289275 0.1634593 0.1289275 0.1413173 0.115526 0.09706962 0.02592575 0.1192122 0.115526 0.1192116 0.115526 0.1413704 0.02592575 0.1192281 0.02592575 0.1413704 0.9589496 0.9593776 0.9935867 0.9099997 0.9689793 0.9694096 0.115526 0.1191752 0.02592575 0.1413173 0.115526 0.1413173 0.9589496 0.8606227 0.9935867 0.9099997 0.9794009 0.9099997 0.8397411 0.9099997 0.8501597 0.8505901 0.8601933 0.8606227 0.90957 0.84017 0.9689793 0.8505901 0.9589496 0.8606227 0.8601933 0.8606227 0.9095679 0.8259825 0.90957 0.84017 0.115526 0.0749275 0.02592575 0.05278557 0.02592575 0.0749275 0.115526 0.1856381 0.02592575 0.1634962 0.02592575 0.1856381 0.8397411 0.9099997 0.8501597 0.9694096 0.8255501 0.9099997 0.90957 0.9798303 0.9689793 0.9694096 0.9095679 0.9940177 0.8601924 0.9593776 0.9095679 0.9940177 0.8501597 0.9694096 0.9589496 0.9593776 0.9794009 0.9099997 0.9935867 0.9099997 0.9589496 0.8606227 0.9689793 0.8505901 0.9935867 0.9099997 0.8397411 0.9099997 0.8255501 0.9099997 0.8501597 0.8505901 0.90957 0.84017 0.9095679 0.8259825 0.9689793 0.8505901 0.8601933 0.8606227 0.8501597 0.8505901 0.9095679 0.8259825 0.8397411 0.9099997 0.8601924 0.9593776 0.8501597 0.9694096 0.90957 0.9798303 0.9589496 0.9593776 0.9689793 0.9694096 0.8601924 0.9593776 0.90957 0.9798303 0.9095679 0.9940177 0.115526 0.03060644 0.02592575 0.008464694 0.02592575 0.03060644 0.9072824 0.1075242 0.9341337 0.13345 0.9072824 0.13345 0.8914616 0.003821194 0.8972989 0.02974706 0.8914616 0.02974706 0.8914616 0.0556727 0.8856242 0.02974706 0.8914616 0.02974706 0.8914616 0.13345 0.8856242 0.1075242 0.8914616 0.1075242 0.8856242 0.1853016 0.8914616 0.1593758 0.8914616 0.1853016 0.8914616 0.0556727 0.8972989 0.02974706 0.8972989 0.0556727 0.8914616 0.08159846 0.8856242 0.0556727 0.8914616 0.0556727 0.8914616 0.2112273 0.8972989 0.1853016 0.8972989 0.2112273 0.8914616 0.1593758 0.8972989 0.1853016 0.8914616 0.1853016 0.8972989 0.0556727 0.9072824 0.02974706 0.9072824 0.0556727 0.8972989 0.1853016 0.9072824 0.1593758 0.9072824 0.1853016 0.9072824 0.2112273 0.8972989 0.1853016 0.9072824 0.1853016 0.8972989 0.08159846 0.9072824 0.0556727 0.9072824 0.08159846 0.8972989 0.13345 0.9072824 0.1075242 0.9072824 0.13345 0.9072824 0.02974706 0.8972989 0.003821194 0.9072824 0.003821194 0.8972989 0.1593758 0.9072824 0.13345 0.9072824 0.1593758 0.8972989 0.1075242 0.9072824 0.08159846 0.9072824 0.1075242 0.9341337 0.1593758 0.9940398 0.1853016 0.9341337 0.1853016 0.9341337 0.1853016 0.9940398 0.2112273 0.9341337 0.2112273 0.9341337 0.13345 0.9940398 0.1593758 0.9341337 0.1593758 0.9341337 0.003821194 0.9940398 0.02974706 0.9341337 0.02974706 0.9341337 0.0556727 0.9940398 0.08159846 0.9341337 0.08159846 0.9341337 0.08159846 0.9940398 0.1075242 0.9341337 0.1075242 0.9341337 0.02974706 0.9940398 0.0556727 0.9341337 0.0556727 0.9341337 0.1075242 0.9940398 0.13345 0.9341337 0.13345 0.8914616 0.08159846 0.8972989 0.1075242 0.8914616 0.1075242 0.8914616 0.1075242 0.8856242 0.08159846 0.8914616 0.08159846 0.8914616 0.1075242 0.8972989 0.13345 0.8914616 0.13345 0.8856242 0.02974706 0.8914616 0.003821194 0.8914616 0.02974706 0.8914616 0.13345 0.8972989 0.1593758 0.8914616 0.1593758 0.8914616 0.08159846 0.8972989 0.0556727 0.8972989 0.08159846 0.8914616 0.2112273 0.8856242 0.1853016 0.8914616 0.1853016 0.8856242 0.1593758 0.8914616 0.13345 0.8914616 0.1593758 0.9072824 0.02974706 0.9341337 0.003821194 0.9341337 0.02974706 0.9072824 0.1593758 0.9341337 0.13345 0.9341337 0.1593758 0.9072824 0.02974706 0.9341337 0.0556727 0.9072824 0.0556727 0.9072824 0.0556727 0.9341337 0.08159846 0.9072824 0.08159846 0.9072824 0.08159846 0.9341337 0.1075242 0.9072824 0.1075242 0.9072824 0.2112273 0.9341337 0.1853016 0.9341337 0.2112273 0.9072824 0.1853016 0.9341337 0.1593758 0.9341337 0.1853016 0.9072824 0.1075242 0.9341337 0.13345 0.9072824 0.13345 0.8972989 0.003821194 0.8914616 0.02974706 0.8914616 0.003821194 0.8914616 0.0556727 0.8856242 0.02974706 0.8914616 0.02974706 0.8914616 0.13345 0.8856242 0.1075242 0.8914616 0.1075242 0.8856242 0.1853016 0.8914616 0.1593758 0.8914616 0.1853016 0.8914616 0.0556727 0.8972989 0.02974706 0.8972989 0.0556727 0.8914616 0.08159846 0.8856242 0.0556727 0.8914616 0.0556727 0.8914616 0.2112273 0.8972989 0.1853016 0.8972989 0.2112273 0.8914616 0.1593758 0.8972989 0.1853016 0.8914616 0.1853016 0.8972989 0.0556727 0.9072824 0.02974706 0.9072824 0.0556727 0.8972989 0.1853016 0.9072824 0.1593758 0.9072824 0.1853016 0.9072824 0.2112273 0.8972989 0.1853016 0.9072824 0.1853016 0.8972989 0.08159846 0.9072824 0.0556727 0.9072824 0.08159846 0.8972989 0.13345 0.9072824 0.1075242 0.9072824 0.13345 0.8972989 0.02974706 0.9072824 0.003821194 0.9072824 0.02974706 0.8972989 0.1593758 0.9072824 0.13345 0.9072824 0.1593758 0.8972989 0.1075242 0.9072824 0.08159846 0.9072824 0.1075242 0.9341337 0.1593758 0.9940398 0.1853016 0.9341337 0.1853016 0.9341337 0.1853016 0.9940398 0.2112273 0.9341337 0.2112273 0.9341337 0.13345 0.9940398 0.1593758 0.9341337 0.1593758 0.9341337 0.003821194 0.9940398 0.02974706 0.9341337 0.02974706 0.9341337 0.0556727 0.9940398 0.08159846 0.9341337 0.08159846 0.9341337 0.08159846 0.9940398 0.1075242 0.9341337 0.1075242 0.9341337 0.02974706 0.9940398 0.0556727 0.9341337 0.0556727 0.9341337 0.1075242 0.9940398 0.13345 0.9341337 0.13345 0.8914616 0.08159846 0.8972989 0.1075242 0.8914616 0.1075242 0.8914616 0.1075242 0.8856242 0.08159846 0.8914616 0.08159846 0.8914616 0.1075242 0.8972989 0.13345 0.8914616 0.13345 0.8856242 0.003821194 0.8914616 0.02974706 0.8856242 0.02974706 0.8914616 0.13345 0.8972989 0.1593758 0.8914616 0.1593758 0.8914616 0.08159846 0.8972989 0.0556727 0.8972989 0.08159846 0.8914616 0.2112273 0.8856242 0.1853016 0.8914616 0.1853016 0.8856242 0.1593758 0.8914616 0.13345 0.8914616 0.1593758 0.9072824 0.02974706 0.9341337 0.003821194 0.9341337 0.02974706 0.9072824 0.1593758 0.9341337 0.13345 0.9341337 0.1593758 0.9072824 0.02974706 0.9341337 0.0556727 0.9072824 0.0556727 0.9072824 0.0556727 0.9341337 0.08159846 0.9072824 0.08159846 0.9072824 0.08159846 0.9341337 0.1075242 0.9072824 0.1075242 0.9072824 0.2112273 0.9341337 0.1853016 0.9341337 0.2112273 0.9072824 0.1853016 0.9341337 0.1593758 0.9341337 0.1853016 0.9072824 0.1075242 0.9341337 0.13345 0.9072824 0.13345 0.8972989 0.003821194 0.8914616 0.02974706 0.8914616 0.003821194 0.8914616 0.0556727 0.8856242 0.02974706 0.8914616 0.02974706 0.8914616 0.13345 0.8856242 0.1075242 0.8914616 0.1075242 0.8856242 0.1853016 0.8914616 0.1593758 0.8914616 0.1853016 0.8914616 0.0556727 0.8972989 0.02974706 0.8972989 0.0556727 0.8914616 0.08159846 0.8856242 0.0556727 0.8914616 0.0556727 0.8914616 0.2112273 0.8972989 0.1853016 0.8972989 0.2112273 0.8914616 0.1593758 0.8972989 0.1853016 0.8914616 0.1853016 0.8972989 0.0556727 0.9072824 0.02974706 0.9072824 0.0556727 0.8972989 0.1853016 0.9072824 0.1593758 0.9072824 0.1853016 0.9072824 0.2112273 0.8972989 0.1853016 0.9072824 0.1853016 0.8972989 0.08159846 0.9072824 0.0556727 0.9072824 0.08159846 0.8972989 0.13345 0.9072824 0.1075242 0.9072824 0.13345 0.8972989 0.02974706 0.9072824 0.003821194 0.9072824 0.02974706 0.8972989 0.1593758 0.9072824 0.13345 0.9072824 0.1593758 0.8972989 0.1075242 0.9072824 0.08159846 0.9072824 0.1075242 0.9341337 0.1593758 0.9940398 0.1853016 0.9341337 0.1853016 0.9341337 0.1853016 0.9940398 0.2112273 0.9341337 0.2112273 0.9341337 0.13345 0.9940398 0.1593758 0.9341337 0.1593758 0.9341337 0.003821194 0.9940398 0.02974706 0.9341337 0.02974706 0.9341337 0.0556727 0.9940398 0.08159846 0.9341337 0.08159846 0.9341337 0.08159846 0.9940398 0.1075242 0.9341337 0.1075242 0.9341337 0.02974706 0.9940398 0.0556727 0.9341337 0.0556727 0.9341337 0.1075242 0.9940398 0.13345 0.9341337 0.13345 0.8914616 0.08159846 0.8972989 0.1075242 0.8914616 0.1075242 0.8914616 0.1075242 0.8856242 0.08159846 0.8914616 0.08159846 0.8914616 0.1075242 0.8972989 0.13345 0.8914616 0.13345 0.8856242 0.02974706 0.8914616 0.003821194 0.8914616 0.02974706 0.8914616 0.13345 0.8972989 0.1593758 0.8914616 0.1593758 0.8914616 0.08159846 0.8972989 0.0556727 0.8972989 0.08159846 0.8914616 0.2112273 0.8856242 0.1853016 0.8914616 0.1853016 0.8856242 0.1593758 0.8914616 0.13345 0.8914616 0.1593758 0.9072824 0.02974706 0.9341337 0.003821194 0.9341337 0.02974706 0.9072824 0.1593758 0.9341337 0.13345 0.9341337 0.1593758 0.9072824 0.02974706 0.9341337 0.0556727 0.9072824 0.0556727 0.9072824 0.0556727 0.9341337 0.08159846 0.9072824 0.08159846 0.9072824 0.08159846 0.9341337 0.1075242 0.9072824 0.1075242 0.9072824 0.2112273 0.9341337 0.1853016 0.9341337 0.2112273 0.9072824 0.1853016 0.9341337 0.1593758 0.9341337 0.1853016 0.9072824 0.1075242 0.9341337 0.13345 0.9072824 0.13345 0.8972989 0.003821194 0.8914616 0.02974706 0.8914616 0.003821194 0.8914616 0.0556727 0.8856242 0.02974706 0.8914616 0.02974706 0.8914616 0.13345 0.8856242 0.1075242 0.8914616 0.1075242 0.8856242 0.1853016 0.8914616 0.1593758 0.8914616 0.1853016 0.8914616 0.0556727 0.8972989 0.02974706 0.8972989 0.0556727 0.8914616 0.08159846 0.8856242 0.0556727 0.8914616 0.0556727 0.8914616 0.1853016 0.8972989 0.2112273 0.8914616 0.2112273 0.8914616 0.1593758 0.8972989 0.1853016 0.8914616 0.1853016 0.8972989 0.0556727 0.9072824 0.02974706 0.9072824 0.0556727 0.8972989 0.1853016 0.9072824 0.1593758 0.9072824 0.1853016 0.9072824 0.2112273 0.8972989 0.1853016 0.9072824 0.1853016 0.8972989 0.08159846 0.9072824 0.0556727 0.9072824 0.08159846 0.8972989 0.13345 0.9072824 0.1075242 0.9072824 0.13345 0.9072824 0.02974706 0.8972989 0.003821194 0.9072824 0.003821194 0.8972989 0.1593758 0.9072824 0.13345 0.9072824 0.1593758 0.8972989 0.1075242 0.9072824 0.08159846 0.9072824 0.1075242 0.9341337 0.1593758 0.9940398 0.1853016 0.9341337 0.1853016 0.9341337 0.1853016 0.9940398 0.2112273 0.9341337 0.2112273 0.9341337 0.13345 0.9940398 0.1593758 0.9341337 0.1593758 0.9341337 0.003821194 0.9940398 0.02974706 0.9341337 0.02974706 0.9341337 0.0556727 0.9940398 0.08159846 0.9341337 0.08159846 0.9341337 0.08159846 0.9940398 0.1075242 0.9341337 0.1075242 0.9341337 0.02974706 0.9940398 0.0556727 0.9341337 0.0556727 0.9341337 0.1075242 0.9940398 0.13345 0.9341337 0.13345 0.8914616 0.08159846 0.8972989 0.1075242 0.8914616 0.1075242 0.8914616 0.1075242 0.8856242 0.08159846 0.8914616 0.08159846 0.8914616 0.1075242 0.8972989 0.13345 0.8914616 0.13345 0.8856242 0.02974706 0.8914616 0.003821194 0.8914616 0.02974706 0.8914616 0.13345 0.8972989 0.1593758 0.8914616 0.1593758 0.8914616 0.08159846 0.8972989 0.0556727 0.8972989 0.08159846 0.8856242 0.2112273 0.8914616 0.1853016 0.8914616 0.2112273 0.8856242 0.13345 0.8914616 0.1593758 0.8856242 0.1593758 0.9072824 0.02974706 0.9341337 0.003821194 0.9341337 0.02974706 0.9072824 0.1593758 0.9341337 0.13345 0.9341337 0.1593758 0.9072824 0.02974706 0.9341337 0.0556727 0.9072824 0.0556727 0.9072824 0.0556727 0.9341337 0.08159846 0.9072824 0.08159846 0.9072824 0.08159846 0.9341337 0.1075242 0.9072824 0.1075242 0.9072824 0.2112273 0.9341337 0.1853016 0.9341337 0.2112273 0.9072824 0.1853016 0.9341337 0.1593758 0.9341337 0.1853016 0.9589496 0.9593776 0.90957 0.9798303 0.9095711 0.9100003 0.90957 0.9798303 0.8601924 0.9593776 0.9095711 0.9100003 0.8601924 0.9593776 0.8397411 0.9099997 0.9095711 0.9100003 0.8397411 0.9099997 0.8601933 0.8606227 0.9095711 0.9100003 0.8601933 0.8606227 0.90957 0.84017 0.9095711 0.9100003 0.90957 0.84017 0.9589496 0.8606227 0.9095711 0.9100003 0.9589496 0.8606227 0.9794009 0.9099997 0.9095711 0.9100003 0.9794009 0.9099997 0.9589496 0.9593776 0.9095711 0.9100003 0.3662431 0.6058756 0.3369584 0.5830721 0.3680973 0.5853449 0.3912698 0.6060546 0.3680973 0.5853449 0.3971817 0.592814 0.4149773 0.6170201 0.3971817 0.592814 0.422432 0.6067599 0.4149773 0.6170201 0.4434978 0.6264647 0.4327323 0.636179 0.4327323 0.636179 0.4595892 0.6518176 0.4406363 0.6599254 0.4406363 0.6599254 0.4713732 0.6807301 0.4449492 0.6927905 0.7754901 0.970261 0.7538098 0.9485806 0.7754901 0.9269004 0.7754901 0.970261 0.7464874 0.9775838 0.7601601 0.963911 0.7464874 0.9775838 0.7538098 0.9485806 0.7601601 0.963911 0.77549 0.9075641 0.7908209 0.9332503 0.7754901 0.9269004 0.7908209 0.9332503 0.8165072 0.9485805 0.7971707 0.9485806 0.7908209 0.963911 0.77549 0.9895974 0.7754901 0.970261 0.8165072 0.9485805 0.7908209 0.963911 0.7971707 0.9485806 0.7464874 0.9195773 0.7754901 0.9269004 0.7601601 0.9332503 0.7538098 0.9485806 0.7464874 0.9195773 0.7601601 0.9332503 0.4764148 0.4274173 0.5617415 0.5448592 0.4764149 0.5725835 0.9030479 0.4999998 0.8953036 0.5786308 0.8777948 0.5598375 0.8953036 0.4213693 0.9030479 0.4999998 0.8777947 0.4401633 0.8723682 0.3457605 0.8953036 0.4213693 0.8637844 0.3817987 0.835122 0.2760788 0.8723682 0.3457605 0.840815 0.3263455 0.7849984 0.2150021 0.835122 0.2760788 0.8094535 0.2751683 0.7239217 0.1648779 0.7849984 0.2150021 0.7248289 0.1905462 0.6542398 0.1276321 0.7239217 0.1648779 0.6736526 0.1591854 0.5786309 0.1046963 0.6542398 0.1276321 0.6181995 0.1362158 0.5 0.09695178 0.5786309 0.1046963 0.5598356 0.1222041 0.4213693 0.104696 0.5 0.09695178 0.4401615 0.1222041 0.3457601 0.1276319 0.4213693 0.104696 0.3817979 0.1362161 0.2760789 0.1648779 0.3457601 0.1276319 0.3263445 0.1591854 0.2150018 0.2150018 0.2760789 0.1648779 0.2751666 0.1905473 0.1648775 0.2760784 0.2150018 0.2150018 0.1905449 0.275169 0.1276317 0.3457601 0.1648775 0.2760784 0.1591834 0.3263453 0.104696 0.4213692 0.1276317 0.3457601 0.1362137 0.3817985 0.09695208 0.5 0.104696 0.4213692 0.1222023 0.4401634 0.104696 0.5786309 0.09695208 0.5 0.1222019 0.5598365 0.1276317 0.65424 0.104696 0.5786309 0.136214 0.6182001 0.1648773 0.7239216 0.1276317 0.65424 0.1591834 0.6736541 0.2150018 0.7849982 0.1648773 0.7239216 0.1905447 0.7248314 0.2760786 0.8351225 0.2150018 0.7849982 0.2751075 0.8095363 0.3457593 0.872368 0.2760786 0.8351225 0.3263447 0.8408153 0.421369 0.895304 0.3457593 0.872368 0.3817978 0.8637844 0.4999992 0.9030482 0.421369 0.895304 0.4401615 0.8777967 0.5786306 0.895304 0.4999992 0.9030482 0.5598354 0.8777968 0.6542398 0.8723682 0.5786306 0.895304 0.618199 0.863785 0.7239217 0.8351226 0.6542398 0.8723682 0.6736523 0.8408153 0.7849977 0.7849985 0.7239217 0.8351226 0.7248308 0.8094539 0.8351218 0.723922 0.7849977 0.7849985 0.8094518 0.7248315 0.8723677 0.6542398 0.8351218 0.723922 0.8408135 0.6736541 0.8953036 0.5786308 0.8723677 0.6542398 0.8637834 0.6182004 0.9030479 0.4999998 0.8777948 0.5598375 0.8825057 0.4999996 0.9030479 0.4999998 0.8825057 0.4999996 0.8777947 0.4401633 0.8953036 0.4213693 0.8777947 0.4401633 0.8637844 0.3817987 0.8723682 0.3457605 0.8637844 0.3817987 0.840815 0.3263455 0.835122 0.2760788 0.840815 0.3263455 0.8094535 0.2751683 0.7849984 0.2150021 0.8094535 0.2751683 0.7704706 0.229528 0.7849984 0.2150021 0.7704706 0.229528 0.7248289 0.1905462 0.7239217 0.1648779 0.7248289 0.1905462 0.6736526 0.1591854 0.6542398 0.1276321 0.6736526 0.1591854 0.6181995 0.1362158 0.5786309 0.1046963 0.6181995 0.1362158 0.5598356 0.1222041 0.5 0.09695178 0.5598356 0.1222041 0.4999992 0.117493 0.5 0.09695178 0.4999992 0.117493 0.4401615 0.1222041 0.4213693 0.104696 0.4401615 0.1222041 0.3817979 0.1362161 0.3457601 0.1276319 0.3817979 0.1362161 0.3263445 0.1591854 0.2760789 0.1648779 0.3263445 0.1591854 0.2751666 0.1905473 0.2150018 0.2150018 0.2751666 0.1905473 0.2295263 0.229528 0.2150018 0.2150018 0.2295263 0.229528 0.1905449 0.275169 0.1648775 0.2760784 0.1905449 0.275169 0.1591834 0.3263453 0.1276317 0.3457601 0.1591834 0.3263453 0.1362137 0.3817985 0.104696 0.4213692 0.1362137 0.3817985 0.1222023 0.4401634 0.09695208 0.5 0.1222023 0.4401634 0.1174931 0.5000004 0.09695208 0.5 0.1174931 0.5000004 0.1222019 0.5598365 0.104696 0.5786309 0.1222019 0.5598365 0.136214 0.6182001 0.1276317 0.65424 0.136214 0.6182001 0.1591834 0.6736541 0.1648773 0.7239216 0.1591834 0.6736541 0.1905447 0.7248314 0.2150018 0.7849982 0.1905447 0.7248314 0.2295262 0.7704725 0.2150018 0.7849982 0.2295262 0.7704725 0.2751075 0.8095363 0.2760786 0.8351225 0.2751075 0.8095363 0.3263447 0.8408153 0.3457593 0.872368 0.3263447 0.8408153 0.3817978 0.8637844 0.421369 0.895304 0.3817978 0.8637844 0.4401615 0.8777967 0.4999992 0.9030482 0.4401615 0.8777967 0.4999994 0.8825059 0.4999992 0.9030482 0.4999994 0.8825059 0.5598354 0.8777968 0.5786306 0.895304 0.5598354 0.8777968 0.618199 0.863785 0.6542398 0.8723682 0.618199 0.863785 0.6736523 0.8408153 0.7239217 0.8351226 0.6736523 0.8408153 0.7248308 0.8094539 0.7849977 0.7849985 0.7248308 0.8094539 0.7704707 0.7704726 0.7849977 0.7849985 0.7704707 0.7704726 0.8094518 0.7248315 0.8351218 0.723922 0.8094518 0.7248315 0.8408135 0.6736541 0.8723677 0.6542398 0.8408135 0.6736541 0.8637834 0.6182004 0.8953036 0.5786308 0.8637834 0.6182004 0.8777948 0.5598375 0.4595969 0.6288017 0.471431 0.6573705 0.4595892 0.6518176 0.474869 0.5773413 0.4999991 0.5813221 0.4999989 0.5884 0.474869 0.5773413 0.4999989 0.5884 0.471431 0.6002332 0.422432 0.6067599 0.4521991 0.5657904 0.4595969 0.6288017 0.4521991 0.5657904 0.474869 0.5773413 0.471431 0.6002332 0.4595969 0.6288017 0.4521991 0.5657904 0.471431 0.6002332 0.4595892 0.6518176 0.4434978 0.6264647 0.4595969 0.6288017 0.4434978 0.6264647 0.422432 0.6067599 0.4595969 0.6288017 0.4999986 0.6829842 0.4713732 0.6807301 0.4999989 0.6692039 0.4713732 0.6807301 0.4595892 0.6518176 0.471431 0.6573705 0.471431 0.6573705 0.4999989 0.6692039 0.4713732 0.6807301 0.3680973 0.5853449 0.3591592 0.5758017 0.3899863 0.5782275 0.3680973 0.5853449 0.3369584 0.5830721 0.3591592 0.5758017 0.3369584 0.5830721 0.3259714 0.5565437 0.3390765 0.5522874 0.3591592 0.5758017 0.3369584 0.5830721 0.3390765 0.5522874 0.422432 0.6067599 0.3971817 0.592814 0.3899863 0.5782275 0.3971817 0.592814 0.3680973 0.5853449 0.3899863 0.5782275 0.434208 0.5477994 0.4521991 0.5657904 0.4135 0.5581454 0.4521991 0.5657904 0.422432 0.6067599 0.3899863 0.5782275 0.4159256 0.5273176 0.4226572 0.5251307 0.434208 0.5477994 0.4135 0.5581454 0.4159256 0.5273176 0.434208 0.5477994 0.4521991 0.5657904 0.3899863 0.5782275 0.4135 0.5581454 0.5593591 0.6599267 0.5286223 0.6807314 0.5404062 0.6518188 0.5672631 0.6361801 0.5404062 0.6518188 0.5564975 0.626466 0.5850179 0.6170215 0.5564975 0.626466 0.5775634 0.606761 0.5850179 0.6170215 0.6028137 0.5928153 0.6087257 0.6060559 0.6087257 0.6060559 0.6318982 0.585346 0.6337524 0.6058767 0.6337524 0.6058767 0.6630371 0.5830733 0.6663416 0.6119308 0.6100111 0.5782264 0.6408384 0.5757998 0.6318982 0.585346 0.5657887 0.5477997 0.5773403 0.5251296 0.5840716 0.5273171 0.5657887 0.5477997 0.5840716 0.5273171 0.5864977 0.5581435 0.5775634 0.606761 0.5477977 0.5657906 0.6100111 0.5782264 0.5477977 0.5657906 0.5657887 0.5477997 0.5864977 0.5581435 0.6100111 0.5782264 0.5477977 0.5657906 0.5864977 0.5581435 0.6318982 0.585346 0.6028137 0.5928153 0.6100111 0.5782264 0.6028137 0.5928153 0.5775634 0.606761 0.6100111 0.5782264 0.6740266 0.5565455 0.6630371 0.5830733 0.6609207 0.5522868 0.6630371 0.5830733 0.6318982 0.585346 0.6408384 0.5757998 0.6408384 0.5757998 0.6609207 0.5522868 0.6630371 0.5830733 0.5404062 0.6518188 0.5285682 0.6573705 0.5404012 0.6288017 0.5404062 0.6518188 0.5286223 0.6807314 0.5285682 0.6573705 0.5286223 0.6807314 0.4999986 0.6829842 0.4999989 0.6692039 0.5285682 0.6573705 0.5286223 0.6807314 0.4999989 0.6692039 0.5775634 0.606761 0.5564975 0.626466 0.5404012 0.6288017 0.5564975 0.626466 0.5404062 0.6518188 0.5404012 0.6288017 0.5251277 0.5773417 0.5477977 0.5657906 0.5285682 0.6002331 0.5477977 0.5657906 0.5775634 0.606761 0.5404012 0.6288017 0.4999989 0.5884 0.4999991 0.5813221 0.5251277 0.5773417 0.5285682 0.6002331 0.4999989 0.5884 0.5251277 0.5773417 0.5477977 0.5657906 0.5404012 0.6288017 0.5285682 0.6002331 0.6704409 0.4929651 0.680729 0.5286265 0.6568731 0.5084848 0.650299 0.4781098 0.6568731 0.5084848 0.6377336 0.4853467 0.6375647 0.4553036 0.6377336 0.4853467 0.6255028 0.4592226 0.6375647 0.4553036 0.6200424 0.4308987 0.6344618 0.4293677 0.6344618 0.4293677 0.6219263 0.4009296 0.6420251 0.4055106 0.6420251 0.4055106 0.6293871 0.3706125 0.6578535 0.3763871 0.6083918 0.4195454 0.6156101 0.389477 0.6219263 0.4009296 0.5657886 0.452201 0.5477978 0.4342094 0.5519582 0.4284834 0.5657886 0.452201 0.5519582 0.4284834 0.5820256 0.435702 0.6255028 0.4592226 0.5773395 0.4748709 0.6083918 0.4195454 0.5773395 0.4748709 0.5657886 0.452201 0.5820256 0.435702 0.6083918 0.4195454 0.5773395 0.4748709 0.5820256 0.435702 0.6219263 0.4009296 0.6200424 0.4308987 0.6083918 0.4195454 0.6200424 0.4308987 0.6255028 0.4592226 0.6083918 0.4195454 0.6075537 0.3519633 0.6293871 0.3706125 0.5994536 0.3631117 0.6293871 0.3706125 0.6219263 0.4009296 0.6156101 0.389477 0.6156101 0.389477 0.5994536 0.3631117 0.6293871 0.3706125 0.6568731 0.5084848 0.6584948 0.5214591 0.634981 0.5013769 0.6568731 0.5084848 0.680729 0.5286265 0.6584948 0.5214591 0.680729 0.5286265 0.6740266 0.5565455 0.6609207 0.5522868 0.6584948 0.5214591 0.680729 0.5286265 0.6609207 0.5522868 0.6255028 0.4592226 0.6377336 0.4853467 0.634981 0.5013769 0.6377336 0.4853467 0.6568731 0.5084848 0.634981 0.5013769 0.5813198 0.5000008 0.5773395 0.4748709 0.604154 0.5038026 0.5773395 0.4748709 0.6255028 0.4592226 0.634981 0.5013769 0.5840716 0.5273171 0.5773403 0.5251296 0.5813198 0.5000008 0.604154 0.5038026 0.5840716 0.5273171 0.5813198 0.5000008 0.5773395 0.4748709 0.634981 0.5013769 0.604154 0.5038026 0.5459771 0.335726 0.5830724 0.3369613 0.5565446 0.3534256 0.5256248 0.3502916 0.5565446 0.3534256 0.5286245 0.3644784 0.4999996 0.3553551 0.5286245 0.3644784 0.4999995 0.3680378 0.4999996 0.3553551 0.4713745 0.3644783 0.4743743 0.3502915 0.4743743 0.3502915 0.4434545 0.3534256 0.4540221 0.335726 0.4540221 0.335726 0.4169266 0.3369614 0.4312152 0.3116728 0.4569765 0.3720504 0.4306105 0.3558937 0.4434545 0.3534256 0.474869 0.4226595 0.4521984 0.43421 0.4480382 0.4284838 0.474869 0.4226595 0.4480382 0.4284838 0.4641948 0.4021186 0.4999995 0.3680378 0.4999986 0.4186793 0.4569765 0.3720504 0.4999986 0.4186793 0.474869 0.4226595 0.4641948 0.4021186 0.4569765 0.3720504 0.4999986 0.4186793 0.4641948 0.4021186 0.4434545 0.3534256 0.4713745 0.3644783 0.4569765 0.3720504 0.4713745 0.3644783 0.4999995 0.3680378 0.4569765 0.3720504 0.3924433 0.3519633 0.4169266 0.3369614 0.4005429 0.363112 0.4169266 0.3369614 0.4434545 0.3534256 0.4306105 0.3558937 0.4306105 0.3558937 0.4005429 0.363112 0.4169266 0.3369614 0.5565446 0.3534256 0.569385 0.3558925 0.5430195 0.3720498 0.5565446 0.3534256 0.5830724 0.3369613 0.569385 0.3558925 0.5830724 0.3369613 0.6075537 0.3519633 0.5994536 0.3631117 0.569385 0.3558925 0.5830724 0.3369613 0.5994536 0.3631117 0.4999995 0.3680378 0.5286245 0.3644784 0.5430195 0.3720498 0.5286245 0.3644784 0.5565446 0.3534256 0.5430195 0.3720498 0.5251287 0.4226595 0.4999986 0.4186793 0.5358005 0.4021176 0.4999986 0.4186793 0.4999995 0.3680378 0.5430195 0.3720498 0.5519582 0.4284834 0.5477978 0.4342094 0.5251287 0.4226595 0.5358005 0.4021176 0.5519582 0.4284834 0.5251287 0.4226595 0.4999986 0.4186793 0.5430195 0.3720498 0.5358005 0.4021176 0.3579725 0.4055085 0.3706104 0.3706105 0.3780714 0.4009277 0.3655359 0.4293658 0.3780714 0.4009277 0.3799554 0.4308968 0.3624331 0.4553015 0.3799554 0.4308968 0.3744949 0.4592207 0.3624331 0.4553015 0.3622641 0.4853447 0.3496986 0.4781079 0.3496986 0.4781079 0.3431245 0.5084829 0.3295568 0.4929631 0.3295568 0.4929631 0.3192685 0.5286246 0.2996332 0.5072208 0.3650164 0.5013779 0.3415029 0.521461 0.3431245 0.5084829 0.4186775 0.5000004 0.4226572 0.5251307 0.4159256 0.5273176 0.4186775 0.5000004 0.4159256 0.5273176 0.3958436 0.5038045 0.3744949 0.4592207 0.4226577 0.4748706 0.3650164 0.5013779 0.4226577 0.4748706 0.4186775 0.5000004 0.3958436 0.5038045 0.3650164 0.5013779 0.4226577 0.4748706 0.3958436 0.5038045 0.3431245 0.5084829 0.3622641 0.4853447 0.3650164 0.5013779 0.3622641 0.4853447 0.3744949 0.4592207 0.3650164 0.5013779 0.3259714 0.5565437 0.3192685 0.5286246 0.3390765 0.5522874 0.3192685 0.5286246 0.3431245 0.5084829 0.3415029 0.521461 0.3415029 0.521461 0.3390765 0.5522874 0.3192685 0.5286246 0.3780714 0.4009277 0.3843854 0.3894782 0.3916045 0.419546 0.3780714 0.4009277 0.3706104 0.3706105 0.3843854 0.3894782 0.3706104 0.3706105 0.3924433 0.3519633 0.4005429 0.363112 0.3843854 0.3894782 0.3706104 0.3706105 0.4005429 0.363112 0.3744949 0.4592207 0.3799554 0.4308968 0.3916045 0.419546 0.3799554 0.4308968 0.3780714 0.4009277 0.3916045 0.419546 0.4342086 0.4522005 0.4226577 0.4748706 0.41797 0.4357032 0.4226577 0.4748706 0.3744949 0.4592207 0.3916045 0.419546 0.4480382 0.4284838 0.4521984 0.43421 0.4342086 0.4522005 0.41797 0.4357032 0.4480382 0.4284838 0.4342086 0.4522005 0.4226577 0.4748706 0.3916045 0.419546 0.41797 0.4357032 0.9589496 0.9593776 0.9935867 0.9099997 0.9689793 0.9694096 0.9589496 0.8606227 0.9935867 0.9099997 0.9794009 0.9099997 0.8397411 0.9099997 0.8501597 0.8505901 0.8601933 0.8606227 0.90957 0.84017 0.9689793 0.8505901 0.9589496 0.8606227 0.8601933 0.8606227 0.9095679 0.8259825 0.90957 0.84017 0.8397411 0.9099997 0.8501597 0.9694096 0.8255501 0.9099997 0.90957 0.9798303 0.9689793 0.9694096 0.9095679 0.9940177 0.8601924 0.9593776 0.9095679 0.9940177 0.8501597 0.9694096 0.9589496 0.9593776 0.9794009 0.9099997 0.9935867 0.9099997 0.9589496 0.8606227 0.9689793 0.8505901 0.9935867 0.9099997 0.8397411 0.9099997 0.8255501 0.9099997 0.8501597 0.8505901 0.90957 0.84017 0.9095679 0.8259825 0.9689793 0.8505901 0.8601933 0.8606227 0.8501597 0.8505901 0.9095679 0.8259825 0.8397411 0.9099997 0.8601924 0.9593776 0.8501597 0.9694096 0.90957 0.9798303 0.9589496 0.9593776 0.9689793 0.9694096 0.8601924 0.9593776 0.90957 0.9798303 0.9095679 0.9940177 0.9589496 0.9593776 0.90957 0.9798303 0.9095711 0.9100003 0.90957 0.9798303 0.8601924 0.9593776 0.9095711 0.9100003 0.8601924 0.9593776 0.8397411 0.9099997 0.9095711 0.9100003 0.8397411 0.9099997 0.8601933 0.8606227 0.9095711 0.9100003 0.8601933 0.8606227 0.90957 0.84017 0.9095711 0.9100003 0.90957 0.84017 0.9589496 0.8606227 0.9095711 0.9100003 0.9589496 0.8606227 0.9794009 0.9099997 0.9095711 0.9100003 0.9794009 0.9099997 0.9589496 0.9593776 0.9095711 0.9100003 0.7754901 0.970261 0.7538098 0.9485806 0.7754901 0.9269004 0.7754901 0.970261 0.7464874 0.9775838 0.7601601 0.963911 0.7464874 0.9775838 0.7538098 0.9485806 0.7601601 0.963911 0.77549 0.9075641 0.7908209 0.9332503 0.7754901 0.9269004 0.7908209 0.9332503 0.8165072 0.9485805 0.7971707 0.9485806 0.7908209 0.963911 0.77549 0.9895974 0.7754901 0.970261 0.8165072 0.9485805 0.7908209 0.963911 0.7971707 0.9485806 0.7464874 0.9195773 0.7754901 0.9269004 0.7601601 0.9332503 0.7538098 0.9485806 0.7464874 0.9195773 0.7601601 0.9332503 0.9589496 0.9593776 0.9935867 0.9099997 0.9689793 0.9694096 0.9589496 0.8606227 0.9935867 0.9099997 0.9794009 0.9099997 0.8397411 0.9099997 0.8501597 0.8505901 0.8601933 0.8606227 0.90957 0.84017 0.9689793 0.8505901 0.9589496 0.8606227 0.8601933 0.8606227 0.9095679 0.8259825 0.90957 0.84017 0.8397411 0.9099997 0.8501597 0.9694096 0.8255501 0.9099997 0.90957 0.9798303 0.9689793 0.9694096 0.9095679 0.9940177 0.8601924 0.9593776 0.9095679 0.9940177 0.8501597 0.9694096 0.9589496 0.9593776 0.9794009 0.9099997 0.9935867 0.9099997 0.9589496 0.8606227 0.9689793 0.8505901 0.9935867 0.9099997 0.8397411 0.9099997 0.8255501 0.9099997 0.8501597 0.8505901 0.90957 0.84017 0.9095679 0.8259825 0.9689793 0.8505901 0.8601933 0.8606227 0.8501597 0.8505901 0.9095679 0.8259825 0.8397411 0.9099997 0.8601924 0.9593776 0.8501597 0.9694096 0.90957 0.9798303 0.9589496 0.9593776 0.9689793 0.9694096 0.8601924 0.9593776 0.90957 0.9798303 0.9095679 0.9940177 0.9589496 0.9593776 0.90957 0.9798303 0.9095711 0.9100003 0.90957 0.9798303 0.8601924 0.9593776 0.9095711 0.9100003 0.8601924 0.9593776 0.8397411 0.9099997 0.9095711 0.9100003 0.8397411 0.9099997 0.8601933 0.8606227 0.9095711 0.9100003 0.8601933 0.8606227 0.90957 0.84017 0.9095711 0.9100003 0.90957 0.84017 0.9589496 0.8606227 0.9095711 0.9100003 0.9589496 0.8606227 0.9794009 0.9099997 0.9095711 0.9100003 0.9794009 0.9099997 0.9589496 0.9593776 0.9095711 0.9100003 0.7754901 0.970261 0.7538098 0.9485806 0.7754901 0.9269004 0.7754901 0.970261 0.7464874 0.9775838 0.7601601 0.963911 0.7464874 0.9775838 0.7538098 0.9485806 0.7601601 0.963911 0.77549 0.9075641 0.7908209 0.9332503 0.7754901 0.9269004 0.7908209 0.9332503 0.8165072 0.9485805 0.7971707 0.9485806 0.7908209 0.963911 0.77549 0.9895974 0.7754901 0.970261 0.8165072 0.9485805 0.7908209 0.963911 0.7971707 0.9485806 0.7464874 0.9195773 0.7754901 0.9269004 0.7601601 0.9332503 0.7538098 0.9485806 0.7464874 0.9195773 0.7601601 0.9332503 0.9589496 0.9593776 0.9935867 0.9099997 0.9689793 0.9694096 0.9589496 0.8606227 0.9935867 0.9099997 0.9794009 0.9099997 0.8397411 0.9099997 0.8501597 0.8505901 0.8601933 0.8606227 0.90957 0.84017 0.9689793 0.8505901 0.9589496 0.8606227 0.8601933 0.8606227 0.9095679 0.8259825 0.90957 0.84017 0.8397411 0.9099997 0.8501597 0.9694096 0.8255501 0.9099997 0.90957 0.9798303 0.9689793 0.9694096 0.9095679 0.9940177 0.8601924 0.9593776 0.9095679 0.9940177 0.8501597 0.9694096 0.9589496 0.9593776 0.9794009 0.9099997 0.9935867 0.9099997 0.9589496 0.8606227 0.9689793 0.8505901 0.9935867 0.9099997 0.8397411 0.9099997 0.8255501 0.9099997 0.8501597 0.8505901 0.90957 0.84017 0.9095679 0.8259825 0.9689793 0.8505901 0.8601933 0.8606227 0.8501597 0.8505901 0.9095679 0.8259825 0.8397411 0.9099997 0.8601924 0.9593776 0.8501597 0.9694096 0.90957 0.9798303 0.9589496 0.9593776 0.9689793 0.9694096 0.8601924 0.9593776 0.90957 0.9798303 0.9095679 0.9940177 0.9589496 0.9593776 0.90957 0.9798303 0.9095711 0.9100003 0.90957 0.9798303 0.8601924 0.9593776 0.9095711 0.9100003 0.8601924 0.9593776 0.8397411 0.9099997 0.9095711 0.9100003 0.8397411 0.9099997 0.8601933 0.8606227 0.9095711 0.9100003 0.8601933 0.8606227 0.90957 0.84017 0.9095711 0.9100003 0.90957 0.84017 0.9589496 0.8606227 0.9095711 0.9100003 0.9589496 0.8606227 0.9794009 0.9099997 0.9095711 0.9100003 0.9794009 0.9099997 0.9589496 0.9593776 0.9095711 0.9100003 0.7754901 0.970261 0.7538098 0.9485806 0.7754901 0.9269004 0.7754901 0.970261 0.7464874 0.9775838 0.7601601 0.963911 0.7464874 0.9775838 0.7538098 0.9485806 0.7601601 0.963911 0.77549 0.9075641 0.7908209 0.9332503 0.7754901 0.9269004 0.7908209 0.9332503 0.8165072 0.9485805 0.7971707 0.9485806 0.7908209 0.963911 0.77549 0.9895974 0.7754901 0.970261 0.8165072 0.9485805 0.7908209 0.963911 0.7971707 0.9485806 0.7464874 0.9195773 0.7754901 0.9269004 0.7601601 0.9332503 0.7538098 0.9485806 0.7464874 0.9195773 0.7601601 0.9332503 0.9589496 0.9593776 0.9935867 0.9099997 0.9689793 0.9694096 0.9589496 0.8606227 0.9935867 0.9099997 0.9794009 0.9099997 0.8397411 0.9099997 0.8501597 0.8505901 0.8601933 0.8606227 0.90957 0.84017 0.9689793 0.8505901 0.9589496 0.8606227 0.8601933 0.8606227 0.9095679 0.8259825 0.90957 0.84017 0.8397411 0.9099997 0.8501597 0.9694096 0.8255501 0.9099997 0.90957 0.9798303 0.9689793 0.9694096 0.9095679 0.9940177 0.8601924 0.9593776 0.9095679 0.9940177 0.8501597 0.9694096 0.9589496 0.9593776 0.9794009 0.9099997 0.9935867 0.9099997 0.9589496 0.8606227 0.9689793 0.8505901 0.9935867 0.9099997 0.8397411 0.9099997 0.8255501 0.9099997 0.8501597 0.8505901 0.90957 0.84017 0.9095679 0.8259825 0.9689793 0.8505901 0.8601933 0.8606227 0.8501597 0.8505901 0.9095679 0.8259825 0.8397411 0.9099997 0.8601924 0.9593776 0.8501597 0.9694096 0.90957 0.9798303 0.9589496 0.9593776 0.9689793 0.9694096 0.8601924 0.9593776 0.90957 0.9798303 0.9095679 0.9940177 0.9589496 0.9593776 0.90957 0.9798303 0.9095711 0.9100003 0.90957 0.9798303 0.8601924 0.9593776 0.9095711 0.9100003 0.8601924 0.9593776 0.8397411 0.9099997 0.9095711 0.9100003 0.8397411 0.9099997 0.8601933 0.8606227 0.9095711 0.9100003 0.8601933 0.8606227 0.90957 0.84017 0.9095711 0.9100003 0.90957 0.84017 0.9589496 0.8606227 0.9095711 0.9100003 0.9589496 0.8606227 0.9794009 0.9099997 0.9095711 0.9100003 0.9794009 0.9099997 0.9589496 0.9593776 0.9095711 0.9100003 0.7754901 0.970261 0.7538098 0.9485806 0.7754901 0.9269004 0.7754901 0.970261 0.7464874 0.9775838 0.7601601 0.963911 0.7464874 0.9775838 0.7538098 0.9485806 0.7601601 0.963911 0.77549 0.9075641 0.7908209 0.9332503 0.7754901 0.9269004 0.7908209 0.9332503 0.8165072 0.9485805 0.7971707 0.9485806 0.7908209 0.963911 0.77549 0.9895974 0.7754901 0.970261 0.8165072 0.9485805 0.7908209 0.963911 0.7971707 0.9485806 0.7464874 0.9195773 0.7754901 0.9269004 0.7601601 0.9332503 0.7538098 0.9485806 0.7464874 0.9195773 0.7601601 0.9332503 0.2296283 0.5878481 0.30341 0.6001669 0.2466996 0.6290625 0.5878472 0.7703707 0.534514 0.7179203 0.5681793 0.7098382 0.2157146 0.5000001 0.2820784 0.5345147 0.2192143 0.5444712 0.2466995 0.3709369 0.2901606 0.4318189 0.229628 0.4121506 0.629061 0.7532991 0.5681793 0.7098382 0.6001659 0.6965888 0.2192146 0.4555284 0.2901606 0.4318189 0.2820786 0.4654848 0.7299906 0.3329014 0.6965886 0.3998324 0.6784986 0.3703124 0.7299893 0.6670982 0.6560127 0.6560137 0.6784976 0.629687 0.2700079 0.3329019 0.30341 0.3998323 0.2466995 0.3709369 0.7703703 0.4121508 0.6965886 0.3998324 0.753299 0.3709371 0.7532979 0.6290625 0.6784976 0.629687 0.6965878 0.6001669 0.4555269 0.2192159 0.4999992 0.2793622 0.4654837 0.2820796 0.5444707 0.219216 0.4999992 0.2793622 0.4999992 0.2157145 0.7807829 0.5444721 0.7098371 0.5681801 0.7179192 0.5345153 0.5444706 0.7807844 0.4999994 0.7206367 0.534514 0.7179203 0.7703693 0.5878482 0.6965878 0.6001669 0.7098371 0.5681801 0.701018 0.2989808 0.6784986 0.3703124 0.6560126 0.3439862 0.2466996 0.6290625 0.3214998 0.629687 0.2700078 0.6670981 0.6290613 0.2467011 0.5681795 0.2901619 0.5878475 0.2296297 0.7807828 0.4555283 0.7098377 0.4318189 0.7703703 0.4121508 0.2989795 0.7010194 0.3214998 0.629687 0.3439851 0.6560137 0.5444707 0.219216 0.5681795 0.2901619 0.5345141 0.2820796 0.7807828 0.4555283 0.7206366 0.4999995 0.7179192 0.4654848 0.2989795 0.7010194 0.3702773 0.6785466 0.3328561 0.7300522 0.3329001 0.2700098 0.3439851 0.3439862 0.2989795 0.2989808 0.2989795 0.2989808 0.3215 0.3703128 0.2700079 0.3329019 0.4555269 0.2192159 0.4318184 0.290162 0.4121501 0.2296299 0.7807829 0.5444721 0.7206366 0.4999995 0.7842841 0.4999995 0.3709365 0.7532991 0.3702773 0.6785466 0.399832 0.6965887 0.2192146 0.4555284 0.2793622 0.5 0.2157146 0.5000001 0.4121501 0.2296299 0.3998318 0.3034113 0.3709363 0.2467011 0.7010181 0.7010194 0.6296866 0.678499 0.6560127 0.6560137 0.4121501 0.7703703 0.399832 0.6965887 0.4318184 0.7098379 0.701018 0.2989808 0.6296855 0.3215007 0.6670963 0.270009 0.629061 0.7532991 0.6296866 0.678499 0.6670977 0.729991 0.4121501 0.7703703 0.4654838 0.7179203 0.455527 0.7807843 0.6670963 0.270009 0.600166 0.3034113 0.6290613 0.2467011 0.3709363 0.2467011 0.3703114 0.3215014 0.3329001 0.2700098 0.4999994 0.7842843 0.4654838 0.7179203 0.4999994 0.7206367 0.2296283 0.5878481 0.2820784 0.5345147 0.2901608 0.56818 0.2901608 0.56818 0.3259714 0.5565437 0.3369584 0.5830721 0.2820784 0.5345147 0.3259714 0.5565437 0.2901608 0.56818 0.2820784 0.5345147 0.2996332 0.5072208 0.3192685 0.5286246 0.2820786 0.4654848 0.2996332 0.5072208 0.2793622 0.5 0.6337524 0.6058767 0.6560127 0.6560137 0.6296866 0.678499 0.2901606 0.4318189 0.3624331 0.4553015 0.3496986 0.4781079 0.2901606 0.4318189 0.3655359 0.4293658 0.3624331 0.4553015 0.4999994 0.7206367 0.4654838 0.7179203 0.4713732 0.6807301 0.3703114 0.3215014 0.3998318 0.3034113 0.4169266 0.3369614 0.3439851 0.3439862 0.3706104 0.3706105 0.3421441 0.3763855 0.3703114 0.3215014 0.3924433 0.3519633 0.3706104 0.3706105 0.7179192 0.5345153 0.7098371 0.5681801 0.6740266 0.5565455 0.3998318 0.3034113 0.4312152 0.3116728 0.4169266 0.3369614 0.4654837 0.2820796 0.4312152 0.3116728 0.4318184 0.290162 0.5459771 0.335726 0.5256248 0.3502916 0.4999992 0.2793622 0.4999992 0.2793622 0.4999996 0.3553551 0.4743743 0.3502915 0.4999992 0.2793622 0.5256248 0.3502916 0.4999996 0.3553551 0.5593591 0.6599267 0.5672631 0.6361801 0.6296866 0.678499 0.3336541 0.6119298 0.3662431 0.6058756 0.3439851 0.6560137 0.600166 0.3034113 0.5830724 0.3369613 0.5687836 0.3116728 0.6296855 0.3215007 0.6075537 0.3519633 0.5830724 0.3369613 0.6560126 0.3439862 0.6075537 0.3519633 0.6296855 0.3215007 0.6560126 0.3439862 0.6578535 0.3763871 0.6293871 0.3706125 0.6965886 0.3998324 0.6578535 0.3763871 0.6784986 0.3703124 0.3579725 0.4055085 0.3655359 0.4293658 0.2901606 0.4318189 0.7098377 0.4318189 0.6375647 0.4553036 0.6344618 0.4293677 0.7098377 0.4318189 0.650299 0.4781098 0.6375647 0.4553036 0.4540221 0.335726 0.4654837 0.2820796 0.4999992 0.2793622 0.5687836 0.3116728 0.5459771 0.335726 0.5345141 0.2820796 0.7179192 0.5345153 0.680729 0.5286265 0.7003644 0.5072223 0.680729 0.5286265 0.7179192 0.5345153 0.6740266 0.5565455 0.6965878 0.6001669 0.6663416 0.6119308 0.6630371 0.5830733 0.6560127 0.6560137 0.6663416 0.6119308 0.6784976 0.629687 0.6704409 0.4929651 0.650299 0.4781098 0.7098377 0.4318189 0.6296866 0.678499 0.5850179 0.6170215 0.6087257 0.6060559 0.6296866 0.678499 0.5672631 0.6361801 0.5850179 0.6170215 0.6420251 0.4055106 0.6965886 0.3998324 0.7098377 0.4318189 0.3295568 0.4929631 0.2820786 0.4654848 0.2901606 0.4318189 0.534514 0.7179203 0.5286223 0.6807314 0.5550464 0.6927914 0.4999994 0.7206367 0.4999986 0.6829842 0.5286223 0.6807314 0.4406363 0.6599254 0.399832 0.6965887 0.3702773 0.6785466 0.4654838 0.7179203 0.4449492 0.6927905 0.4713732 0.6807301 0.399832 0.6965887 0.4449492 0.6927905 0.4318184 0.7098379 0.3662431 0.6058756 0.3912698 0.6060546 0.3702773 0.6785466 0.3702773 0.6785466 0.4149773 0.6170201 0.4327323 0.636179 0.3702773 0.6785466 0.3912698 0.6060546 0.4149773 0.6170201 0.3421441 0.3763855 0.3579725 0.4055085 0.30341 0.3998323 0.5550464 0.6927914 0.5593591 0.6599267 0.6001659 0.6965888 0.30341 0.6001669 0.3369584 0.5830721 0.3336541 0.6119298 0.2820784 0.5345147 0.3192685 0.5286246 0.3259714 0.5565437 0.2820784 0.5345147 0.2793622 0.5 0.2996332 0.5072208 0.2820786 0.4654848 0.3295568 0.4929631 0.2996332 0.5072208 0.3496986 0.4781079 0.3295568 0.4929631 0.2901606 0.4318189 0.30341 0.3998323 0.3579725 0.4055085 0.2901606 0.4318189 0.3215 0.3703128 0.3421441 0.3763855 0.30341 0.3998323 0.3215 0.3703128 0.3439851 0.3439862 0.3421441 0.3763855 0.3439851 0.3439862 0.3703114 0.3215014 0.3706104 0.3706105 0.3924433 0.3519633 0.3703114 0.3215014 0.4169266 0.3369614 0.3998318 0.3034113 0.4318184 0.290162 0.4312152 0.3116728 0.4654837 0.2820796 0.4540221 0.335726 0.4312152 0.3116728 0.4743743 0.3502915 0.4540221 0.335726 0.4999992 0.2793622 0.5345141 0.2820796 0.5459771 0.335726 0.4999992 0.2793622 0.5681795 0.2901619 0.5687836 0.3116728 0.5345141 0.2820796 0.5681795 0.2901619 0.600166 0.3034113 0.5687836 0.3116728 0.600166 0.3034113 0.6296855 0.3215007 0.5830724 0.3369613 0.6560126 0.3439862 0.6293871 0.3706125 0.6075537 0.3519633 0.6560126 0.3439862 0.6784986 0.3703124 0.6578535 0.3763871 0.6965886 0.3998324 0.6420251 0.4055106 0.6578535 0.3763871 0.6344618 0.4293677 0.6420251 0.4055106 0.7098377 0.4318189 0.7179192 0.4654848 0.6704409 0.4929651 0.7098377 0.4318189 0.7206366 0.4999995 0.7003644 0.5072223 0.7179192 0.4654848 0.7206366 0.4999995 0.7179192 0.5345153 0.7003644 0.5072223 0.7098371 0.5681801 0.6965878 0.6001669 0.6630371 0.5830733 0.6740266 0.5565455 0.7098371 0.5681801 0.6630371 0.5830733 0.6965878 0.6001669 0.6784976 0.629687 0.6663416 0.6119308 0.6560127 0.6560137 0.6337524 0.6058767 0.6663416 0.6119308 0.6087257 0.6060559 0.6337524 0.6058767 0.6296866 0.678499 0.6001659 0.6965888 0.5593591 0.6599267 0.6296866 0.678499 0.5681793 0.7098382 0.5550464 0.6927914 0.6001659 0.6965888 0.5681793 0.7098382 0.534514 0.7179203 0.5550464 0.6927914 0.534514 0.7179203 0.4999994 0.7206367 0.5286223 0.6807314 0.4999986 0.6829842 0.4999994 0.7206367 0.4713732 0.6807301 0.4654838 0.7179203 0.4318184 0.7098379 0.4449492 0.6927905 0.399832 0.6965887 0.4406363 0.6599254 0.4449492 0.6927905 0.4327323 0.636179 0.4406363 0.6599254 0.3702773 0.6785466 0.3439851 0.6560137 0.3662431 0.6058756 0.3702773 0.6785466 0.3214998 0.629687 0.3336541 0.6119298 0.3439851 0.6560137 0.3214998 0.629687 0.30341 0.6001669 0.3336541 0.6119298 0.30341 0.6001669 0.2901608 0.56818 0.3369584 0.5830721 0.7003644 0.5072223 0.6704409 0.4929651 0.7179192 0.4654848 0.136214 0.6182001 0.1563503 0.5544279 0.1690958 0.6075162 0.4999994 0.8825059 0.4455702 0.8436483 0.4999994 0.8479319 0.3263445 0.1591854 0.2954888 0.2185181 0.2751666 0.1905473 0.7248289 0.1905462 0.6579564 0.1899909 0.6736526 0.1591854 0.7704706 0.229528 0.7045071 0.2185171 0.7248289 0.1905462 0.2751666 0.1905473 0.2539739 0.2539753 0.2295263 0.229528 0.8637834 0.6182004 0.810008 0.6579579 0.8309016 0.6075164 0.5598354 0.8777968 0.4999994 0.8479319 0.554427 0.8436483 0.8777948 0.5598375 0.8309016 0.6075164 0.8436466 0.554429 0.136214 0.6182001 0.1899891 0.6579579 0.1591834 0.6736541 0.5 0.5 0.5 0.5 0.5 0.5 0.5 0.5 0.5 0.5 0.5 0.5 0.5 0.5 0.5 0.5 0.5 0.5 0.5 0.5 0.5 0.5 0.5 0.5 0.5 0.5 0.5 0.5 0.5 0.5 0.5 0.5 0.5 0.5 0.5 0.5 0.5 0.5 0.5 0.5 0.5 0.5 0.5 0.5 0.5 0.5 0.5 0.5 0.5 0.5 0.5 0.5 0.5 0.5 0.5 0.5 0.5 0.5 0.5 0.5 0.5 0.5 0.5 0.5 0.5 0.5 0.5 0.5 0.5 0.5 0.5 0.5 0.5 0.5 0.5 0.5 0.5 0.5 0.5 0.5 0.5 0.5 0.5 0.5 0.5 0.5 0.5 0.5 0.5 0.5 0.5 0.5 0.5 0.5 0.5 0.5 0.5 0.5 0.5 0.5 0.5 0.5 0.5 0.5 0.5 0.5 0.5 0.5 0.5 0.5 0.5 0.5 0.5 0.5 0.5 0.5 0.5 0.5 0.5 0.5 0.5 0.5 0.5 0.5 0.5 0.5 0.5 0.5 0.5 0.5 0.5 0.5 0.5 0.5 0.5 0.5 0.5 0.5 0.5 0.5 0.5 0.5 0.5 0.5 0.5 0.5 0.5 0.5 0.5 0.5 0.5 0.5 0.5 0.5 0.5 0.5 0.5 0.5 0.5 0.5 0.5 0.5 0.5 0.5 0.5 0.5 0.5 0.5 0.5 0.5 0.5 0.5 0.5 0.5 0.5 0.5 0.5 0.5 0.5 0.5 0.5 0.5 0.5 0.5 0.5 0.5 0.5 0.5 0.5 0.5 0.5 0.5 0.5 0.5 0.5 0.5 0.5 0.5 0.5 0.5 0.5 0.5 0.5 0.5 0.5 0.5 0.5 0.5 0.5 0.5 0.5 0.5 0.5 0.5 0.5 0.5 0.5 0.5 0.5 0.5 0.5 0.5 0.5 0.5 0.5 0.5 0.5 0.5 0.5 0.5 0.5 0.5 0.5 0.5 0.5 0.5 0.5 0.5 0.5 0.5 0.5 0.5 0.5 0.5 0.5 0.5 0.5 0.5 0.5 0.5 0.5 0.5 0.5 0.5 0.5 0.5 0.5 0.5 0.5 0.5 0.5 0.5 0.5 0.5 0.5 0.5 0.5 0.5 0.5 0.5 0.5 0.5 0.5 0.5 0.5 0.5 0.5 0.5 0.5 0.5 0.5 0.5 0.5 0.5 0.5 0.5 0.5 0.5 0.5 0.5 0.5 0.5 0.5 0.5 0.5 0.5 0.5 0.5 0.5 0.5 0.5 0.5 0.5 0.5 0.5 0.5 0.5 0.5 0.5 0.5 0.5 0.5 0.5 0.5 0.5 0.5 0.5 0.5 0.5 0.5 0.5 0.5 0.5 0.5 0.5 0.5 0.5 0.5 0.5 0.5 0.5 0.5 0.5 0.5 0.5 0.5 0.5 0.5 0.5 0.5 0.5 0.5 0.5 0.5 0.5 0.5 0.5 0.5 0.5 0.5 0.5 0.5 0.5 0.5 0.5 0.5 0.5 0.5 0.5 0.5 0.5 0.5 0.5 0.5 0.5 0.5 0.5 0.5 0.5 0.5 0.5 0.5 0.5 0.5 0.5 0.5 0.5 0.5 0.5 0.5 0.5 0.5 0.5 0.5 0.5 0.5 0.5 0.5 0.5 0.5 0.5 0.5 0.5 0.5 0.5 0.5 0.5 0.5 0.5 0.5 0.5 0.5 0.5 0.5 0.5 0.5 0.5 0.5 0.5 0.5 0.5 0.5 0.5 0.5 0.5 0.5 0.5 0.5 0.5 0.5 0.1445836 0.9380955 0.156568 0.9207482 0.1500298 0.9408706 0.1332715 0.8666738 0.1204768 0.8499156 0.1375937 0.8623516 0.04195785 0.8623517 0.06184971 0.8553618 0.04628002 0.8666738 0.02298361 0.9207484 0.03496789 0.9380955 0.02952164 0.9408706 0.09939837 0.9709246 0.07919692 0.9769618 0.08015316 0.9709246 0.1087841 0.9686713 0.09939837 0.9709246 0.08977621 0.9101703 0.09939837 0.9709246 0.08015316 0.9709246 0.08977621 0.9101703 0.08015316 0.9709246 0.07076746 0.9686713 0.08977621 0.9101703 0.07076746 0.9686713 0.06184977 0.9649775 0.08977621 0.9101703 0.06184977 0.9649775 0.05361956 0.9599341 0.08977621 0.9101703 0.05361956 0.9599341 0.04628002 0.9536653 0.08977621 0.9101703 0.04628002 0.9536653 0.04001128 0.9463256 0.08977621 0.9101703 0.04001128 0.9463256 0.03496789 0.9380955 0.08977621 0.9101703 0.03496789 0.9380955 0.02902078 0.9197923 0.08977621 0.9101703 0.02902078 0.9197923 0.02826321 0.9101695 0.08977621 0.9101703 0.02826321 0.9101695 0.02902084 0.9005469 0.08977621 0.9101703 0.02902084 0.9005469 0.03127384 0.8911611 0.08977621 0.9101703 0.03127384 0.8911611 0.03496766 0.8822435 0.08977621 0.9101703 0.03496766 0.8822435 0.04001104 0.8740135 0.08977621 0.9101703 0.04001104 0.8740135 0.04628002 0.8666738 0.08977621 0.9101703 0.04628002 0.8666738 0.06184971 0.8553618 0.08977621 0.9101703 0.06184971 0.8553618 0.0707674 0.8516679 0.08977621 0.9101703 0.0707674 0.8516679 0.0801531 0.8494146 0.08977621 0.9101703 0.0801531 0.8494146 0.08977562 0.848657 0.08977621 0.9101703 0.08977562 0.848657 0.09939837 0.8494146 0.08977621 0.9101703 0.09939837 0.8494146 0.1087841 0.851668 0.08977621 0.9101703 0.1087841 0.851668 0.1177018 0.8553618 0.08977621 0.9101703 0.1177018 0.8553618 0.1332715 0.8666738 0.08977621 0.9101703 0.1332715 0.8666738 0.1395402 0.8740136 0.08977621 0.9101703 0.1395402 0.8740136 0.1445836 0.8822435 0.08977621 0.9101703 0.1445836 0.8822435 0.1482775 0.8911611 0.08977621 0.9101703 0.1482775 0.8911611 0.1505307 0.9005469 0.08977621 0.9101703 0.1505307 0.9005469 0.151288 0.9101696 0.08977621 0.9101703 0.151288 0.9101696 0.1505307 0.9197921 0.08977621 0.9101703 0.1505307 0.9197921 0.1445836 0.9380955 0.08977621 0.9101703 0.1445836 0.9380955 0.1395403 0.9463256 0.08977621 0.9101703 0.1395403 0.9463256 0.1332715 0.9536653 0.08977621 0.9101703 0.1332715 0.9536653 0.1259414 0.9599474 0.08977621 0.9101703 0.1259414 0.9599474 0.1177017 0.9649775 0.08977621 0.9101703 0.1177017 0.9649775 0.1087841 0.9686713 0.08977621 0.9101703 0.1388872 0.9592812 0.1444854 0.9499184 0.1475248 0.9487563 0.1388872 0.9592812 0.1295352 0.9648938 0.1375937 0.9579876 0.1283623 0.9679186 0.1204767 0.9704236 0.1295352 0.9648938 0.1163547 0.9743369 0.110673 0.9744846 0.1204767 0.9704236 0.5 0.5 0.5 0.5 0.5 0.5 0.1475248 0.9487563 0.1500298 0.9408706 0.156568 0.9207482 0.08977562 0.8425445 0.0897758 0.8407154 0.1033256 0.84205 0.06319683 0.9743368 0.05907475 0.9704236 0.06887859 0.9744847 0.05118912 0.9679186 0.05002671 0.9648792 0.05907475 0.9704236 0.04066425 0.959281 0.04195785 0.9579876 0.05002671 0.9648792 0.03202664 0.9487562 0.03506618 0.9499184 0.04195785 0.9579876 0.03202664 0.9487562 0.02952164 0.9408706 0.03506618 0.9499184 0.02560842 0.9367485 0.02298361 0.9207484 0.02952164 0.9408706 0.06887853 0.8458546 0.05907475 0.8499156 0.05118918 0.8524206 0.02032154 0.9101696 0.02298361 0.8995908 0.02215075 0.9101695 0.02165609 0.8966197 0.02546054 0.8892723 0.02298361 0.8995908 0.07919692 0.9769618 0.1003546 0.9769617 0.1033255 0.9782893 0.0320267 0.871583 0.03506594 0.8704206 0.0295214 0.8794685 0.04066437 0.8610581 0.04195785 0.8623517 0.03506594 0.8704206 0.05118918 0.8524206 0.05907475 0.8499156 0.04195785 0.8623517 0.1204768 0.8499156 0.1283624 0.8524206 0.1388873 0.8610582 0.07622605 0.84205 0.07919692 0.8433775 0.06887853 0.8458546 0.0897758 0.8407154 0.07919692 0.8433775 0.07622605 0.84205 0.02165609 0.9237193 0.02032154 0.9101696 0.02215075 0.9101695 0.1033256 0.84205 0.110673 0.8458546 0.1003546 0.8433775 0.1163547 0.8460024 0.1204768 0.8499156 0.110673 0.8458546 0.1388873 0.8610582 0.1444853 0.8704207 0.1375937 0.8623516 0.1475248 0.8715831 0.1500298 0.8794685 0.1444853 0.8704207 0.0295214 0.8794685 0.02546054 0.8892723 0.02165609 0.8966197 0.1578954 0.8966199 0.1565679 0.8995909 0.1540908 0.8892722 0.15923 0.9101697 0.1574005 0.9101696 0.1565679 0.8995909 0.1578954 0.9237195 0.156568 0.9207482 0.1574005 0.9101696 0.153943 0.9367485 0.1475248 0.9487563 0.156568 0.9207482 0.06887859 0.9744847 0.07919692 0.9769618 0.08977574 0.9796238 0.1388872 0.9592812 0.1375937 0.9579876 0.1444854 0.9499184 0.1388872 0.9592812 0.1283623 0.9679186 0.1295352 0.9648938 0.1283623 0.9679186 0.1163547 0.9743369 0.1204767 0.9704236 0.1163547 0.9743369 0.1033255 0.9782893 0.110673 0.9744846 0.08977574 0.9796238 0.07919692 0.9769618 0.1033255 0.9782893 0.07622587 0.9782893 0.06887859 0.9744847 0.08977574 0.9796238 0.07622587 0.9782893 0.06319683 0.9743368 0.06887859 0.9744847 0.06319683 0.9743368 0.05118912 0.9679186 0.05907475 0.9704236 0.05118912 0.9679186 0.04066425 0.959281 0.05002671 0.9648792 0.04066425 0.959281 0.03202664 0.9487562 0.04195785 0.9579876 0.03202664 0.9487562 0.02560842 0.9367485 0.02952164 0.9408706 0.02560842 0.9367485 0.02165609 0.9237193 0.02298361 0.9207484 0.02298361 0.9207484 0.02165609 0.9237193 0.02215075 0.9101695 0.02032154 0.9101696 0.02165609 0.8966197 0.02298361 0.8995908 0.02560853 0.8835908 0.0295214 0.8794685 0.02165609 0.8966197 0.02560853 0.8835908 0.0320267 0.871583 0.0295214 0.8794685 0.0320267 0.871583 0.04066437 0.8610581 0.03506594 0.8704206 0.04066437 0.8610581 0.05118918 0.8524206 0.04195785 0.8623517 0.06319683 0.8460023 0.06887853 0.8458546 0.05118918 0.8524206 0.06319683 0.8460023 0.07622605 0.84205 0.06887853 0.8458546 0.0897758 0.8407154 0.08977562 0.8425445 0.07919692 0.8433775 0.1003546 0.8433775 0.08977562 0.8425445 0.1033256 0.84205 0.1033256 0.84205 0.1163547 0.8460024 0.110673 0.8458546 0.1163547 0.8460024 0.1283624 0.8524206 0.1204768 0.8499156 0.1375937 0.8623516 0.1204768 0.8499156 0.1388873 0.8610582 0.1388873 0.8610582 0.1475248 0.8715831 0.1444853 0.8704207 0.1475248 0.8715831 0.1539431 0.8835908 0.1500298 0.8794685 0.1540908 0.8892722 0.1500298 0.8794685 0.1578954 0.8966199 0.1578954 0.8966199 0.15923 0.9101697 0.1565679 0.8995909 0.15923 0.9101697 0.1578954 0.9237195 0.1574005 0.9101696 0.1578954 0.9237195 0.153943 0.9367485 0.156568 0.9207482 0.1475248 0.9487563 0.1444854 0.9499184 0.1500298 0.9408706 0.1500298 0.8794685 0.1539431 0.8835908 0.1578954 0.8966199 0.1690958 0.6075162 0.2192143 0.5444712 0.2296283 0.5878481 0.4999994 0.8479319 0.455527 0.7807843 0.4999994 0.7842843 0.3420408 0.1899909 0.3329001 0.2700098 0.2954888 0.2185181 0.7045071 0.2185171 0.6290613 0.2467011 0.6579564 0.1899909 0.3924818 0.8309027 0.455527 0.7807843 0.4455702 0.8436483 0.6579561 0.8100096 0.6670977 0.729991 0.7045087 0.7814829 0.7460234 0.2539754 0.6670963 0.270009 0.7045071 0.2185171 0.3924818 0.8309027 0.3709365 0.7532991 0.4121501 0.7703703 0.7460234 0.7460251 0.6670977 0.729991 0.7010181 0.7010194 0.3924818 0.1690977 0.3709363 0.2467011 0.3420408 0.1899909 0.1563506 0.4455718 0.2157146 0.5000001 0.1520671 0.5000002 0.342041 0.8100096 0.3328561 0.7300522 0.3709365 0.7532991 0.8436466 0.554429 0.7842841 0.4999995 0.8479316 0.4999995 0.4455701 0.1563524 0.4121501 0.2296299 0.3924818 0.1690977 0.2539739 0.2539753 0.2700079 0.3329019 0.2185159 0.295491 0.2954888 0.2185181 0.2989795 0.2989808 0.2539739 0.2539753 0.2539738 0.746025 0.3328561 0.7300522 0.295435 0.7815579 0.8436465 0.4455718 0.7842841 0.4999995 0.7807828 0.4555283 0.5544272 0.1563524 0.5878475 0.2296297 0.5444707 0.219216 0.2539738 0.746025 0.2700078 0.6670981 0.2989795 0.7010194 0.8436465 0.4455718 0.7703703 0.4121508 0.8309027 0.3924826 0.6579564 0.1899909 0.5878475 0.2296297 0.6075156 0.1690976 0.1899891 0.6579579 0.2700078 0.6670981 0.2185157 0.7045092 0.7460234 0.2539754 0.7299906 0.3329014 0.701018 0.2989808 0.8309016 0.6075164 0.7532979 0.6290625 0.7703693 0.5878482 0.554427 0.8436483 0.4999994 0.7842843 0.5444706 0.7807844 0.8436466 0.554429 0.7703693 0.5878482 0.7807829 0.5444721 0.5544272 0.1563524 0.4999992 0.2157145 0.4999992 0.152067 0.4455701 0.1563524 0.4999992 0.2157145 0.4555269 0.2192159 0.810008 0.6579579 0.7299893 0.6670982 0.7532979 0.6290625 0.8309027 0.3924826 0.753299 0.3709371 0.8100094 0.3420417 0.2185159 0.295491 0.2466995 0.3709369 0.1899891 0.3420416 0.781481 0.7045093 0.7010181 0.7010194 0.7299893 0.6670982 0.7814826 0.2954903 0.753299 0.3709371 0.7299906 0.3329014 0.1563506 0.4455718 0.229628 0.4121506 0.2192146 0.4555284 0.6579561 0.8100096 0.5878472 0.7703707 0.629061 0.7532991 0.1899891 0.3420416 0.229628 0.4121506 0.1690955 0.3924824 0.1520671 0.5000002 0.2192143 0.5444712 0.1563503 0.5544279 0.6075152 0.8309031 0.5444706 0.7807844 0.5878472 0.7703707 0.1690958 0.6075162 0.2466996 0.6290625 0.1899891 0.6579579 0.2360832 0.894979 0.1640976 0.8359018 0.1714722 0.8285275 0.4999993 0.9087923 0.4999993 0.9226432 0.4175462 0.9145223 0.1309025 0.2533761 0.1861085 0.1861077 0.2011463 0.2011455 0.7466243 0.1309018 0.7530718 0.1212522 0.8220984 0.1779017 0.1714722 0.8285275 0.1136919 0.7581223 0.1212522 0.7530708 0.9750369 0.4999995 0.9659085 0.5926749 0.9556803 0.5906403 0.1714725 0.1714717 0.1640976 0.1640974 0.2360837 0.1050203 0.2109401 0.7890598 0.2011463 0.7988537 0.1485853 0.7348077 0.3301233 0.08987993 0.4133978 0.06461882 0.4175466 0.08547729 0.3301233 0.08987993 0.3256821 0.07915771 0.4111335 0.0532363 0.4093593 0.9556809 0.3222016 0.9292421 0.3256817 0.9208416 0.1714722 0.8285275 0.1640976 0.8359018 0.1050208 0.7639163 0.5932839 0.03103232 0.6829823 0.05824214 0.6817892 0.06112217 0.115526 0.09704953 0.02592575 0.09704947 0.02592575 0.1191915 0.4093593 0.9556809 0.4073246 0.9659096 0.3182108 0.9388774 0.5888661 0.9467632 0.4999993 0.9555156 0.4999993 0.9439101 0.8690978 0.7466229 0.8138917 0.8138921 0.7988534 0.798854 0.7466226 0.869098 0.7530713 0.8787474 0.6743184 0.9208416 0.8787481 0.2469289 0.8863086 0.2418775 0.9292417 0.3222022 0.5926755 0.03408998 0.6817892 0.06112217 0.6777977 0.07075756 0.4999993 0.9781551 0.4067162 0.9689671 0.4073246 0.9659096 0.115526 0.09708631 0.115526 0.07494384 0.02592575 0.07494384 0.914522 0.5824534 0.8904712 0.6617383 0.8776747 0.6564377 0.5824531 0.9145223 0.5866026 0.9353805 0.4999993 0.9439101 0.813892 0.1861081 0.8220984 0.1779017 0.8787481 0.2469289 0.9208418 0.3256819 0.9292417 0.3222022 0.9556803 0.4093592 0.8359028 0.1640979 0.8381071 0.1618933 0.8975715 0.2343512 0.115526 0.05276483 0.02592575 0.05276483 0.02592575 0.07490736 0.1095287 0.3382611 0.1485853 0.2651916 0.1601014 0.2728867 0.3382612 0.8904712 0.3301229 0.9101192 0.2533769 0.8690977 0.6743184 0.9208416 0.5888661 0.9467632 0.5866026 0.9353805 0.1714725 0.1714717 0.2418777 0.1136919 0.2469291 0.1212522 0.9750369 0.4999995 0.9781544 0.4999995 0.9689666 0.5932831 0.115526 0.0970326 0.02592575 0.0970326 0.02592575 0.1191751 0.0854777 0.417546 0.1095287 0.3382611 0.1223247 0.3435615 0.1861081 0.8138917 0.1309021 0.7466232 0.1485853 0.7348077 0.2533771 0.1309018 0.2469291 0.1212522 0.3256821 0.07915771 0.0791586 0.6743181 0.07075774 0.6777977 0.04431915 0.5906403 0.9388771 0.3182112 0.9417567 0.3170182 0.9689666 0.4067164 0.115526 0.1413335 0.02592575 0.1413334 0.02592575 0.1634758 0.04431915 0.409359 0.03409045 0.4073244 0.06112289 0.3182106 0.9226424 0.4999995 0.914522 0.5824534 0.9009377 0.579751 0.9353796 0.5866021 0.9101193 0.6698768 0.8904712 0.6617383 0.6743184 0.9208416 0.6777977 0.9292424 0.5906408 0.9556811 0.886308 0.7581223 0.8285279 0.8285279 0.8220984 0.8220984 0.4999993 0.975037 0.4073246 0.9659096 0.4093593 0.9556809 0.4067162 0.9689671 0.3170178 0.9417572 0.3182108 0.9388774 0.8776753 0.3435617 0.8904718 0.3382613 0.914522 0.4175462 0.2651919 0.8514149 0.2533769 0.8690977 0.1861081 0.8138917 0.3256817 0.9208416 0.2469288 0.8787471 0.2533769 0.8690977 0.5 0.03539139 0.5906412 0.04431849 0.5888668 0.05323648 0.5932835 0.9689674 0.4999993 0.9781551 0.4999993 0.975037 0.115526 0.05278563 0.115526 0.03064316 0.02592575 0.03064316 0.07735729 0.4999995 0.0854777 0.417546 0.09906226 0.4202482 0.9439094 0.4999995 0.9353796 0.5866021 0.914522 0.5824534 0.9555147 0.4999995 0.9467623 0.5888664 0.9353796 0.5866021 0.4111335 0.0532363 0.4093596 0.04431849 0.5 0.03539139 0.5 0.02184486 0.5932839 0.03103232 0.5926755 0.03408998 0.115526 0.05274885 0.02592575 0.05274879 0.02592575 0.07489073 0.7348083 0.1485846 0.7988546 0.201146 0.7890602 0.2109399 0.2533771 0.1309018 0.3301233 0.08987993 0.3382615 0.109528 0.05323702 0.4111329 0.0791586 0.3256813 0.08988058 0.3301225 0.1136919 0.7581223 0.07075774 0.6777977 0.0791586 0.6743181 0.1050208 0.7639163 0.102429 0.7656485 0.05824238 0.6829817 0.115526 0.07489073 0.02592575 0.07489073 0.02592575 0.0970326 0.09906226 0.5797511 0.0854777 0.5824534 0.07735729 0.4999995 0.1861085 0.1861077 0.2533771 0.1309018 0.2651921 0.1485846 0.4133978 0.06461882 0.4111335 0.0532363 0.5 0.04448384 0.04431915 0.409359 0.07075798 0.3222016 0.0791586 0.3256813 0.6777977 0.9292424 0.6817892 0.9388774 0.5926755 0.9659097 0.8359021 0.8359021 0.7639165 0.8949791 0.7581228 0.8863078 0.1485853 0.2651916 0.2011463 0.2011455 0.2109401 0.2109397 0.06461971 0.4133971 0.08988058 0.3301225 0.1095287 0.3382611 0.8690983 0.2533769 0.8787481 0.2469289 0.9208418 0.3256819 0.9555147 0.4999995 0.9646075 0.4999995 0.9556803 0.5906403 0.4073252 0.03408998 0.5 0.02496224 0.5 0.03539139 0.05824238 0.6829817 0.03103226 0.5932829 0.03408998 0.5926748 0.1136921 0.2418768 0.1050212 0.236083 0.1640976 0.1640974 0.661739 0.109528 0.7348083 0.1485846 0.7271132 0.1601012 0.06461971 0.5866023 0.05608963 0.4999995 0.07735729 0.4999995 0.08988058 0.3301225 0.0791586 0.3256813 0.1212524 0.2469285 0.8285282 0.1714723 0.8863086 0.2418775 0.8787481 0.2469289 0.2360837 0.1050203 0.3182116 0.06112194 0.322202 0.07075732 0.2360837 0.1050203 0.2343512 0.1024283 0.3170182 0.05824184 0.8359028 0.1640979 0.8949796 0.2360835 0.8863086 0.2418775 0.839898 0.7271129 0.8514152 0.7348077 0.7988534 0.798854 0.1095287 0.6617383 0.08988058 0.6698769 0.06461971 0.5866023 0.9467623 0.4111331 0.9555147 0.4999995 0.9439094 0.4999995 0.5888668 0.05323648 0.5906412 0.04431849 0.6777977 0.07075756 0.02592575 0.09706956 0.01158308 0.09706956 0.01158308 0.1192116 0.1024293 0.2343508 0.1618936 0.1618931 0.1640976 0.1640974 0.115526 0.09706962 0.115526 0.0749275 0.02592575 0.0749275 0.06112289 0.3182106 0.1050212 0.236083 0.1136921 0.2418768 0.1601012 0.7271127 0.1485853 0.7348077 0.1095287 0.6617383 0.1485853 0.7348077 0.1309021 0.7466232 0.08988058 0.6698769 0.1861085 0.1861077 0.1779019 0.1779013 0.2469291 0.1212522 0.2469288 0.8787471 0.2418775 0.8863076 0.1714722 0.8285275 0.1640976 0.8359018 0.1618936 0.8381064 0.102429 0.7656485 0.115526 0.07494384 0.115526 0.05280196 0.02592575 0.05280196 0.2109401 0.2109397 0.2011463 0.2011455 0.2651921 0.1485846 0.8904718 0.3382613 0.9101193 0.330123 0.9353796 0.4133971 0.4999993 0.9555156 0.4111331 0.9467629 0.4133974 0.9353803 0.4999993 0.9555156 0.4999993 0.9646084 0.4093593 0.9556809 0.7639171 0.1050203 0.7656487 0.1024283 0.8381071 0.1618933 0.115526 0.1634758 0.02592575 0.1634758 0.02592575 0.1856177 0.2728876 0.1601012 0.2651921 0.1485846 0.3382615 0.109528 0.4999993 0.9226432 0.4999993 0.9439101 0.4133974 0.9353803 0.4133974 0.9353803 0.4111331 0.9467629 0.3256817 0.9208416 0.9556803 0.5906403 0.9292415 0.6777976 0.9208416 0.6743181 0.4073252 0.03408998 0.4067166 0.03103256 0.5 0.02184486 0.115526 0.008480727 0.02592575 0.008480727 0.02592575 0.03062301 0.965909 0.4073247 0.9750369 0.4999995 0.9646075 0.4999995 0.1223247 0.6564378 0.1095287 0.6617383 0.0854777 0.5824534 0.5824542 0.08547729 0.586603 0.06461906 0.6698774 0.0898801 0.586603 0.06461906 0.5888668 0.05323648 0.6743187 0.07915794 0.1212524 0.2469285 0.1136921 0.2418768 0.1714725 0.1714717 0.02592575 0.05276483 0.01158308 0.05276483 0.01158308 0.07490736 0.8949796 0.2360835 0.8975715 0.2343512 0.9417567 0.3170182 0.115526 0.03065973 0.115526 0.008517861 0.02592575 0.008517861 0.03539204 0.4999995 0.02496278 0.4999995 0.03409045 0.4073244 0.2651919 0.8514149 0.2011463 0.7988537 0.2109401 0.7890598 0.9208416 0.6743181 0.8787475 0.7530706 0.8690978 0.7466229 0.9467623 0.4111331 0.9556803 0.4093592 0.9646075 0.4999995 0.8381062 0.8381066 0.7656487 0.8975713 0.7639165 0.8949791 0.115526 0.1634593 0.02592575 0.1634593 0.02592575 0.1856012 0.5 0.03539139 0.5 0.02496224 0.5926755 0.03408998 0.5 0.07735639 0.5824542 0.08547729 0.5797517 0.09906202 0.6617385 0.8904715 0.6698771 0.9101193 0.5866026 0.9353805 0.1309025 0.2533761 0.1212524 0.2469285 0.1779019 0.1779013 0.3182116 0.06112194 0.4073252 0.03408998 0.4093596 0.04431849 0.9659085 0.5926749 0.9689666 0.5932831 0.9417563 0.6829816 0.115526 0.1634962 0.115526 0.1413539 0.02592575 0.1413539 0.4175466 0.08547729 0.5 0.07735639 0.5 0.09120708 0.6698774 0.0898801 0.6743187 0.07915794 0.7530718 0.1212522 0.8285279 0.8285279 0.7581228 0.8863078 0.7530713 0.8787474 0.3182116 0.06112194 0.3170182 0.05824184 0.4067166 0.03103256 0.8398986 0.2728871 0.8514152 0.2651919 0.8904718 0.3382613 0.4175462 0.9145223 0.4133974 0.9353803 0.3301229 0.9101192 0.1779019 0.822098 0.1212522 0.7530708 0.1309021 0.7466232 0.6743187 0.07915794 0.6777977 0.07075756 0.7581228 0.1136919 0.3222016 0.9292421 0.3182108 0.9388774 0.2360832 0.894979 0.965909 0.4073247 0.9689666 0.4067164 0.9781544 0.4999995 0.115526 0.1413335 0.115526 0.1191915 0.02592575 0.1191915 0.9009377 0.4202482 0.914522 0.4175462 0.9226424 0.4999995 0.5 0.07735639 0.5 0.0560894 0.586603 0.06461906 0.8690978 0.7466229 0.8787475 0.7530706 0.8220984 0.8220984 0.7581228 0.8863078 0.7639165 0.8949791 0.6817892 0.9388774 0.9388771 0.3182112 0.965909 0.4073247 0.9556803 0.4093592 0.7656487 0.8975713 0.6829819 0.9417575 0.6817892 0.9388774 0.5824542 0.08547729 0.661739 0.109528 0.6564381 0.1223247 0.813892 0.1861081 0.8690983 0.2533769 0.8514152 0.2651919 0.04448461 0.4999995 0.05323702 0.4111329 0.06461971 0.4133971 0.03539204 0.4999995 0.04431915 0.409359 0.05323702 0.4111329 0.897571 0.7656483 0.8949794 0.7639165 0.9388762 0.6817888 0.115526 0.008501172 0.02592575 0.008501172 0.02592575 0.03064316 0.03408998 0.5926748 0.02496278 0.4999995 0.03539204 0.4999995 0.7988534 0.798854 0.7348079 0.8514152 0.7271132 0.8398986 0.914522 0.4175462 0.9353796 0.4133971 0.9439094 0.4999995 0.05323648 0.5888664 0.04448461 0.4999995 0.05608963 0.4999995 0.7581228 0.8863078 0.6777977 0.9292424 0.6743184 0.9208416 0.6829819 0.9417575 0.5932835 0.9689674 0.5926755 0.9659097 0.115526 0.1856547 0.115526 0.1635123 0.02592575 0.1635123 0.6817892 0.06112217 0.7639171 0.1050203 0.7581228 0.1136919 0.3382615 0.109528 0.4175466 0.08547729 0.4202486 0.09906184 0.07735729 0.4999995 0.05608963 0.4999995 0.06461971 0.4133971 0.9467623 0.5888664 0.9208416 0.6743181 0.9101193 0.6698768 0.7530718 0.1212522 0.7581228 0.1136919 0.8285282 0.1714723 0.1136919 0.7581223 0.1050208 0.7639163 0.06112259 0.6817886 0.3170178 0.9417572 0.2343508 0.8975711 0.2360832 0.894979 0.7988546 0.201146 0.8514152 0.2651919 0.8398986 0.2728871 0.9101193 0.6698768 0.8690978 0.7466229 0.8514152 0.7348077 0.9208418 0.3256819 0.9467623 0.4111331 0.9353796 0.4133971 0.05323648 0.5888664 0.04431915 0.5906403 0.03539204 0.4999995 0.9388762 0.6817888 0.8949794 0.7639165 0.886308 0.7581223 0.03103345 0.4067162 0.05824238 0.3170175 0.06112289 0.3182106 0.115526 0.05280196 0.115526 0.03065973 0.02592575 0.03065973 0.9659085 0.5926749 0.9388762 0.6817888 0.9292415 0.6777976 0.8138917 0.8138921 0.8220984 0.8220984 0.7530713 0.8787474 0.08988058 0.3301225 0.1309025 0.2533761 0.1485853 0.2651916 0.1212522 0.7530708 0.0791586 0.6743181 0.08988058 0.6698769 0.9292415 0.6777976 0.886308 0.7581223 0.8787475 0.7530706 0.8949794 0.7639165 0.8359021 0.8359021 0.8285279 0.8285279 0.897571 0.7656483 0.8381062 0.8381066 0.8359021 0.8359021 0.115526 0.07490736 0.02592575 0.07490736 0.02592575 0.09704947 0.6617385 0.8904715 0.5824531 0.9145223 0.5797514 0.9009375 0.8138917 0.8138921 0.7466226 0.869098 0.7348079 0.8514152 0.5 0.0560894 0.5 0.04448384 0.5888668 0.05323648 0.3256821 0.07915771 0.322202 0.07075732 0.4093596 0.04431849 0.06112259 0.6817886 0.03408998 0.5926748 0.04431915 0.5906403 0.1640976 0.1640974 0.1618936 0.1618931 0.2343512 0.1024283 0.115526 0.1413539 0.115526 0.1192116 0.02592575 0.1192122 0.8776747 0.6564377 0.8904712 0.6617383 0.8514152 0.7348077 0.8690983 0.2533769 0.9101193 0.330123 0.8904718 0.3382613 0.2469291 0.1212522 0.2418777 0.1136919 0.322202 0.07075732 0.07075798 0.3222016 0.1136921 0.2418768 0.1212524 0.2469285 0.05824238 0.3170175 0.1024293 0.2343508 0.1050212 0.236083 0.115526 0.1413173 0.02592575 0.1413173 0.02592575 0.1634593 0.7639171 0.1050203 0.8359028 0.1640979 0.8285282 0.1714723 0.3435612 0.8776747 0.3382612 0.8904712 0.2651919 0.8514149 0.4133978 0.06461882 0.5 0.0560894 0.5 0.07735639 0.0791586 0.6743181 0.05323648 0.5888664 0.06461971 0.5866023 0.3222016 0.9292421 0.2418775 0.8863076 0.2469288 0.8787471 0.8863086 0.2418775 0.8949796 0.2360835 0.9388771 0.3182112 0.03103226 0.5932829 0.02184551 0.4999995 0.02496278 0.4999995 0.115526 0.1192281 0.115526 0.09708631 0.02592575 0.09708631 0.4202483 0.9009375 0.4175462 0.9145223 0.3382612 0.8904712 0.6698774 0.0898801 0.7466243 0.1309018 0.7348083 0.1485846 0.2469288 0.8787471 0.1779019 0.822098 0.1861081 0.8138917 0.5888661 0.9467632 0.5906408 0.9556811 0.4999993 0.9646084 0.5906408 0.9556811 0.5926755 0.9659097 0.4999993 0.975037 0.02184551 0.4999995 0.03103345 0.4067162 0.03409045 0.4073244 0.115526 0.03062301 0.02592575 0.03062301 0.02592575 0.05276483 0.02592575 0.1191915 0.01158308 0.1191915 0.01158308 0.1413334 0.115526 0.05276483 0.1289275 0.05276483 0.1289275 0.03062301 0.02592575 0.07494384 0.02592575 0.05280196 0.01158308 0.05280196 0.115526 0.07489073 0.1289275 0.07489073 0.1289275 0.05274885 0.02592575 0.1856177 0.02592575 0.1634758 0.01158308 0.1634758 0.115526 0.1192116 0.1289275 0.1192116 0.1289275 0.09706962 0.02592575 0.05278557 0.02592575 0.03064316 0.01158308 0.03064316 0.115526 0.1413539 0.1289275 0.1413539 0.1289275 0.1192116 0.02592575 0.1192122 0.01158308 0.1192116 0.01158308 0.1413539 0.115526 0.008480727 0.115526 0.03062301 0.1289275 0.03062301 0.02592575 0.1634593 0.02592575 0.1413173 0.01158308 0.1413173 0.115526 0.03060644 0.115526 0.05274885 0.1289275 0.05274885 0.02592575 0.1634758 0.02592575 0.1413334 0.01158308 0.1413334 0.115526 0.1634758 0.115526 0.1856177 0.1289275 0.1856177 0.02592575 0.09704947 0.01158308 0.09704947 0.01158308 0.1191915 0.115526 0.07489073 0.115526 0.0970326 0.1289275 0.0970326 0.02592575 0.09708631 0.01158308 0.09708631 0.01158308 0.1192281 0.115526 0.09706962 0.1289275 0.09706962 0.1289275 0.0749275 0.02592575 0.07489073 0.02592575 0.05274879 0.01158308 0.05274879 0.115526 0.1634962 0.115526 0.1856381 0.1289275 0.1856381 0.02592575 0.05276483 0.02592575 0.03062301 0.01158308 0.03062301 0.115526 0.1192281 0.115526 0.1413704 0.1289275 0.1413704 0.01158308 0.03060644 0.01158308 0.05274879 0.02592575 0.05274879 0.115526 0.09708631 0.1289275 0.09708631 0.1289275 0.07494384 0.02592575 0.1413704 0.02592575 0.1192281 0.01158308 0.1192281 0.115526 0.09704953 0.115526 0.1191915 0.1289275 0.1191915 0.02592575 0.07490736 0.01158308 0.07490736 0.01158308 0.09704947 0.115526 0.09708631 0.115526 0.1192281 0.1289275 0.1192281 0.02592575 0.1634593 0.01158308 0.1634593 0.01158308 0.1856012 0.115526 0.07494384 0.1289275 0.07494384 0.1289275 0.05280196 0.02592575 0.1634962 0.02592575 0.1413539 0.01158308 0.1413539 0.115526 0.05280196 0.1289275 0.05280196 0.1289275 0.03065973 0.02592575 0.008464694 0.01158308 0.008464694 0.01158308 0.03060644 0.115526 0.1856547 0.1289275 0.1856547 0.1289275 0.1635123 0.02592575 0.1856381 0.02592575 0.1634962 0.01158308 0.1634962 0.115526 0.1191752 0.1289275 0.1191752 0.1289275 0.0970326 0.02592575 0.0970326 0.01158308 0.0970326 0.01158308 0.1191751 0.115526 0.03064316 0.1289275 0.03064316 0.1289275 0.008501172 0.02592575 0.1191751 0.01158308 0.1191751 0.01158308 0.1413173 0.115526 0.0749275 0.1289275 0.0749275 0.1289275 0.05278563 0.02592575 0.1856547 0.02592575 0.1635123 0.01158308 0.1635123 0.115526 0.1191915 0.115526 0.1413335 0.1289275 0.1413335 0.115526 0.07490736 0.1289275 0.07490736 0.1289275 0.05276483 0.115526 0.1413173 0.1289275 0.1413173 0.1289275 0.1191752 0.02592575 0.07489073 0.01158308 0.07489073 0.01158308 0.0970326 0.02592575 0.03064316 0.02592575 0.008501172 0.01158308 0.008501172 0.115526 0.1413539 0.115526 0.1634962 0.1289275 0.1634962 0.02592575 0.05280196 0.02592575 0.03065973 0.01158308 0.03065973 0.115526 0.03064316 0.115526 0.05278563 0.1289275 0.05278563 0.02592575 0.05278557 0.01158308 0.05278557 0.01158308 0.0749275 0.115526 0.008464753 0.115526 0.03060644 0.1289275 0.03060644 0.02592575 0.03065973 0.02592575 0.008517861 0.01158308 0.008517861 0.115526 0.1634593 0.115526 0.1856012 0.1289275 0.1856012 0.02592575 0.008480727 0.01158308 0.008480727 0.01158308 0.03062301 0.115526 0.07490736 0.115526 0.09704953 0.1289275 0.09704953 0.02592575 0.0749275 0.01158308 0.0749275 0.01158308 0.09706956 0.115526 0.008517861 0.115526 0.03065973 0.1289275 0.03065973 0.02592575 0.1635123 0.02592575 0.1413704 0.01158308 0.1413704 0.115526 0.1413335 0.115526 0.1634758 0.1289275 0.1634758 0.02592575 0.09708631 0.02592575 0.07494384 0.01158308 0.07494384 0.115526 0.1635123 0.1289275 0.1635123 0.1289275 0.1413704 0.7348079 0.8514152 0.6617385 0.8904715 0.6564381 0.8776749 0.7466226 0.869098 0.6698771 0.9101193 0.6617385 0.8904715 0.7348083 0.1485846 0.7466243 0.1309018 0.813892 0.1861081 0.2360832 0.894979 0.2343508 0.8975711 0.1618936 0.8381064 0.6817892 0.06112217 0.6829823 0.05824214 0.7656487 0.1024283 0.5824531 0.9145223 0.4999993 0.9226432 0.4999993 0.9087923 0.115526 0.03060644 0.02592575 0.03060644 0.02592575 0.05274879 0.115526 0.1635123 0.115526 0.1413704 0.02592575 0.1413704 0.115526 0.1413173 0.115526 0.1634593 0.1289275 0.1634593 0.115526 0.09706962 0.02592575 0.09706956 0.02592575 0.1192122 0.115526 0.1413704 0.115526 0.1192281 0.02592575 0.1192281 0.115526 0.1191752 0.02592575 0.1191751 0.02592575 0.1413173 0.115526 0.0749275 0.115526 0.05278563 0.02592575 0.05278557 0.115526 0.1856381 0.115526 0.1634962 0.02592575 0.1634962 0.115526 0.03060644 0.115526 0.008464753 0.02592575 0.008464694 0.9072824 0.1075242 0.9341337 0.1075242 0.9341337 0.13345 0.8914616 0.003821194 0.8972989 0.003821194 0.8972989 0.02974706 0.8914616 0.0556727 0.8856242 0.0556727 0.8856242 0.02974706 0.8914616 0.13345 0.8856242 0.13345 0.8856242 0.1075242 0.8856242 0.1853016 0.8856242 0.1593758 0.8914616 0.1593758 0.8914616 0.0556727 0.8914616 0.02974706 0.8972989 0.02974706 0.8914616 0.08159846 0.8856242 0.08159846 0.8856242 0.0556727 0.8914616 0.2112273 0.8914616 0.1853016 0.8972989 0.1853016 0.8914616 0.1593758 0.8972989 0.1593758 0.8972989 0.1853016 0.8972989 0.0556727 0.8972989 0.02974706 0.9072824 0.02974706 0.8972989 0.1853016 0.8972989 0.1593758 0.9072824 0.1593758 0.9072824 0.2112273 0.8972989 0.2112273 0.8972989 0.1853016 0.8972989 0.08159846 0.8972989 0.0556727 0.9072824 0.0556727 0.8972989 0.13345 0.8972989 0.1075242 0.9072824 0.1075242 0.9072824 0.02974706 0.8972989 0.02974706 0.8972989 0.003821194 0.8972989 0.1593758 0.8972989 0.13345 0.9072824 0.13345 0.8972989 0.1075242 0.8972989 0.08159846 0.9072824 0.08159846 0.9341337 0.1593758 0.9940398 0.1593758 0.9940398 0.1853016 0.9341337 0.1853016 0.9940398 0.1853016 0.9940398 0.2112273 0.9341337 0.13345 0.9940398 0.13345 0.9940398 0.1593758 0.9341337 0.003821194 0.9940398 0.003821194 0.9940398 0.02974706 0.9341337 0.0556727 0.9940398 0.0556727 0.9940398 0.08159846 0.9341337 0.08159846 0.9940398 0.08159846 0.9940398 0.1075242 0.9341337 0.02974706 0.9940398 0.02974706 0.9940398 0.0556727 0.9341337 0.1075242 0.9940398 0.1075242 0.9940398 0.13345 0.8914616 0.08159846 0.8972989 0.08159846 0.8972989 0.1075242 0.8914616 0.1075242 0.8856242 0.1075242 0.8856242 0.08159846 0.8914616 0.1075242 0.8972989 0.1075242 0.8972989 0.13345 0.8856242 0.02974706 0.8856242 0.003821194 0.8914616 0.003821194 0.8914616 0.13345 0.8972989 0.13345 0.8972989 0.1593758 0.8914616 0.08159846 0.8914616 0.0556727 0.8972989 0.0556727 0.8914616 0.2112273 0.8856242 0.2112273 0.8856242 0.1853016 0.8856242 0.1593758 0.8856242 0.13345 0.8914616 0.13345 0.9072824 0.02974706 0.9072824 0.003821194 0.9341337 0.003821194 0.9072824 0.1593758 0.9072824 0.13345 0.9341337 0.13345 0.9072824 0.02974706 0.9341337 0.02974706 0.9341337 0.0556727 0.9072824 0.0556727 0.9341337 0.0556727 0.9341337 0.08159846 0.9072824 0.08159846 0.9341337 0.08159846 0.9341337 0.1075242 0.9072824 0.2112273 0.9072824 0.1853016 0.9341337 0.1853016 0.9072824 0.1853016 0.9072824 0.1593758 0.9341337 0.1593758 0.9072824 0.1075242 0.9341337 0.1075242 0.9341337 0.13345 0.8972989 0.003821194 0.8972989 0.02974706 0.8914616 0.02974706 0.8914616 0.0556727 0.8856242 0.0556727 0.8856242 0.02974706 0.8914616 0.13345 0.8856242 0.13345 0.8856242 0.1075242 0.8856242 0.1853016 0.8856242 0.1593758 0.8914616 0.1593758 0.8914616 0.0556727 0.8914616 0.02974706 0.8972989 0.02974706 0.8914616 0.08159846 0.8856242 0.08159846 0.8856242 0.0556727 0.8914616 0.2112273 0.8914616 0.1853016 0.8972989 0.1853016 0.8914616 0.1593758 0.8972989 0.1593758 0.8972989 0.1853016 0.8972989 0.0556727 0.8972989 0.02974706 0.9072824 0.02974706 0.8972989 0.1853016 0.8972989 0.1593758 0.9072824 0.1593758 0.9072824 0.2112273 0.8972989 0.2112273 0.8972989 0.1853016 0.8972989 0.08159846 0.8972989 0.0556727 0.9072824 0.0556727 0.8972989 0.13345 0.8972989 0.1075242 0.9072824 0.1075242 0.8972989 0.02974706 0.8972989 0.003821194 0.9072824 0.003821194 0.8972989 0.1593758 0.8972989 0.13345 0.9072824 0.13345 0.8972989 0.1075242 0.8972989 0.08159846 0.9072824 0.08159846 0.9341337 0.1593758 0.9940398 0.1593758 0.9940398 0.1853016 0.9341337 0.1853016 0.9940398 0.1853016 0.9940398 0.2112273 0.9341337 0.13345 0.9940398 0.13345 0.9940398 0.1593758 0.9341337 0.003821194 0.9940398 0.003821194 0.9940398 0.02974706 0.9341337 0.0556727 0.9940398 0.0556727 0.9940398 0.08159846 0.9341337 0.08159846 0.9940398 0.08159846 0.9940398 0.1075242 0.9341337 0.02974706 0.9940398 0.02974706 0.9940398 0.0556727 0.9341337 0.1075242 0.9940398 0.1075242 0.9940398 0.13345 0.8914616 0.08159846 0.8972989 0.08159846 0.8972989 0.1075242 0.8914616 0.1075242 0.8856242 0.1075242 0.8856242 0.08159846 0.8914616 0.1075242 0.8972989 0.1075242 0.8972989 0.13345 0.8856242 0.003821194 0.8914616 0.003821194 0.8914616 0.02974706 0.8914616 0.13345 0.8972989 0.13345 0.8972989 0.1593758 0.8914616 0.08159846 0.8914616 0.0556727 0.8972989 0.0556727 0.8914616 0.2112273 0.8856242 0.2112273 0.8856242 0.1853016 0.8856242 0.1593758 0.8856242 0.13345 0.8914616 0.13345 0.9072824 0.02974706 0.9072824 0.003821194 0.9341337 0.003821194 0.9072824 0.1593758 0.9072824 0.13345 0.9341337 0.13345 0.9072824 0.02974706 0.9341337 0.02974706 0.9341337 0.0556727 0.9072824 0.0556727 0.9341337 0.0556727 0.9341337 0.08159846 0.9072824 0.08159846 0.9341337 0.08159846 0.9341337 0.1075242 0.9072824 0.2112273 0.9072824 0.1853016 0.9341337 0.1853016 0.9072824 0.1853016 0.9072824 0.1593758 0.9341337 0.1593758 0.9072824 0.1075242 0.9341337 0.1075242 0.9341337 0.13345 0.8972989 0.003821194 0.8972989 0.02974706 0.8914616 0.02974706 0.8914616 0.0556727 0.8856242 0.0556727 0.8856242 0.02974706 0.8914616 0.13345 0.8856242 0.13345 0.8856242 0.1075242 0.8856242 0.1853016 0.8856242 0.1593758 0.8914616 0.1593758 0.8914616 0.0556727 0.8914616 0.02974706 0.8972989 0.02974706 0.8914616 0.08159846 0.8856242 0.08159846 0.8856242 0.0556727 0.8914616 0.2112273 0.8914616 0.1853016 0.8972989 0.1853016 0.8914616 0.1593758 0.8972989 0.1593758 0.8972989 0.1853016 0.8972989 0.0556727 0.8972989 0.02974706 0.9072824 0.02974706 0.8972989 0.1853016 0.8972989 0.1593758 0.9072824 0.1593758 0.9072824 0.2112273 0.8972989 0.2112273 0.8972989 0.1853016 0.8972989 0.08159846 0.8972989 0.0556727 0.9072824 0.0556727 0.8972989 0.13345 0.8972989 0.1075242 0.9072824 0.1075242 0.8972989 0.02974706 0.8972989 0.003821194 0.9072824 0.003821194 0.8972989 0.1593758 0.8972989 0.13345 0.9072824 0.13345 0.8972989 0.1075242 0.8972989 0.08159846 0.9072824 0.08159846 0.9341337 0.1593758 0.9940398 0.1593758 0.9940398 0.1853016 0.9341337 0.1853016 0.9940398 0.1853016 0.9940398 0.2112273 0.9341337 0.13345 0.9940398 0.13345 0.9940398 0.1593758 0.9341337 0.003821194 0.9940398 0.003821194 0.9940398 0.02974706 0.9341337 0.0556727 0.9940398 0.0556727 0.9940398 0.08159846 0.9341337 0.08159846 0.9940398 0.08159846 0.9940398 0.1075242 0.9341337 0.02974706 0.9940398 0.02974706 0.9940398 0.0556727 0.9341337 0.1075242 0.9940398 0.1075242 0.9940398 0.13345 0.8914616 0.08159846 0.8972989 0.08159846 0.8972989 0.1075242 0.8914616 0.1075242 0.8856242 0.1075242 0.8856242 0.08159846 0.8914616 0.1075242 0.8972989 0.1075242 0.8972989 0.13345 0.8856242 0.02974706 0.8856242 0.003821194 0.8914616 0.003821194 0.8914616 0.13345 0.8972989 0.13345 0.8972989 0.1593758 0.8914616 0.08159846 0.8914616 0.0556727 0.8972989 0.0556727 0.8914616 0.2112273 0.8856242 0.2112273 0.8856242 0.1853016 0.8856242 0.1593758 0.8856242 0.13345 0.8914616 0.13345 0.9072824 0.02974706 0.9072824 0.003821194 0.9341337 0.003821194 0.9072824 0.1593758 0.9072824 0.13345 0.9341337 0.13345 0.9072824 0.02974706 0.9341337 0.02974706 0.9341337 0.0556727 0.9072824 0.0556727 0.9341337 0.0556727 0.9341337 0.08159846 0.9072824 0.08159846 0.9341337 0.08159846 0.9341337 0.1075242 0.9072824 0.2112273 0.9072824 0.1853016 0.9341337 0.1853016 0.9072824 0.1853016 0.9072824 0.1593758 0.9341337 0.1593758 0.9072824 0.1075242 0.9341337 0.1075242 0.9341337 0.13345 0.8972989 0.003821194 0.8972989 0.02974706 0.8914616 0.02974706 0.8914616 0.0556727 0.8856242 0.0556727 0.8856242 0.02974706 0.8914616 0.13345 0.8856242 0.13345 0.8856242 0.1075242 0.8856242 0.1853016 0.8856242 0.1593758 0.8914616 0.1593758 0.8914616 0.0556727 0.8914616 0.02974706 0.8972989 0.02974706 0.8914616 0.08159846 0.8856242 0.08159846 0.8856242 0.0556727 0.8914616 0.1853016 0.8972989 0.1853016 0.8972989 0.2112273 0.8914616 0.1593758 0.8972989 0.1593758 0.8972989 0.1853016 0.8972989 0.0556727 0.8972989 0.02974706 0.9072824 0.02974706 0.8972989 0.1853016 0.8972989 0.1593758 0.9072824 0.1593758 0.9072824 0.2112273 0.8972989 0.2112273 0.8972989 0.1853016 0.8972989 0.08159846 0.8972989 0.0556727 0.9072824 0.0556727 0.8972989 0.13345 0.8972989 0.1075242 0.9072824 0.1075242 0.9072824 0.02974706 0.8972989 0.02974706 0.8972989 0.003821194 0.8972989 0.1593758 0.8972989 0.13345 0.9072824 0.13345 0.8972989 0.1075242 0.8972989 0.08159846 0.9072824 0.08159846 0.9341337 0.1593758 0.9940398 0.1593758 0.9940398 0.1853016 0.9341337 0.1853016 0.9940398 0.1853016 0.9940398 0.2112273 0.9341337 0.13345 0.9940398 0.13345 0.9940398 0.1593758 0.9341337 0.003821194 0.9940398 0.003821194 0.9940398 0.02974706 0.9341337 0.0556727 0.9940398 0.0556727 0.9940398 0.08159846 0.9341337 0.08159846 0.9940398 0.08159846 0.9940398 0.1075242 0.9341337 0.02974706 0.9940398 0.02974706 0.9940398 0.0556727 0.9341337 0.1075242 0.9940398 0.1075242 0.9940398 0.13345 0.8914616 0.08159846 0.8972989 0.08159846 0.8972989 0.1075242 0.8914616 0.1075242 0.8856242 0.1075242 0.8856242 0.08159846 0.8914616 0.1075242 0.8972989 0.1075242 0.8972989 0.13345 0.8856242 0.02974706 0.8856242 0.003821194 0.8914616 0.003821194 0.8914616 0.13345 0.8972989 0.13345 0.8972989 0.1593758 0.8914616 0.08159846 0.8914616 0.0556727 0.8972989 0.0556727 0.8856242 0.2112273 0.8856242 0.1853016 0.8914616 0.1853016 0.8856242 0.13345 0.8914616 0.13345 0.8914616 0.1593758 0.9072824 0.02974706 0.9072824 0.003821194 0.9341337 0.003821194 0.9072824 0.1593758 0.9072824 0.13345 0.9341337 0.13345 0.9072824 0.02974706 0.9341337 0.02974706 0.9341337 0.0556727 0.9072824 0.0556727 0.9341337 0.0556727 0.9341337 0.08159846 0.9072824 0.08159846 0.9341337 0.08159846 0.9341337 0.1075242 0.9072824 0.2112273 0.9072824 0.1853016 0.9341337 0.1853016 0.9072824 0.1853016 0.9072824 0.1593758 0.9341337 0.1593758 0.3662431 0.6058756 0.3336541 0.6119298 0.3369584 0.5830721 0.3912698 0.6060546 0.3662431 0.6058756 0.3680973 0.5853449 0.4149773 0.6170201 0.3912698 0.6060546 0.3971817 0.592814 0.4149773 0.6170201 0.422432 0.6067599 0.4434978 0.6264647 0.4327323 0.636179 0.4434978 0.6264647 0.4595892 0.6518176 0.4406363 0.6599254 0.4595892 0.6518176 0.4713732 0.6807301 0.7971707 0.9485806 0.7908209 0.963911 0.7754901 0.970261 0.7754901 0.970261 0.7601601 0.963911 0.7538098 0.9485806 0.7538098 0.9485806 0.7601601 0.9332503 0.7754901 0.9269004 0.7754901 0.9269004 0.7908209 0.9332503 0.7971707 0.9485806 0.7971707 0.9485806 0.7754901 0.970261 0.7754901 0.9269004 0.7754901 0.970261 0.77549 0.9895974 0.7464874 0.9775838 0.7464874 0.9775838 0.7344734 0.9485805 0.7538098 0.9485806 0.77549 0.9075641 0.8044941 0.9195773 0.7908209 0.9332503 0.7908209 0.9332503 0.8044941 0.9195773 0.8165072 0.9485805 0.7908209 0.963911 0.8044941 0.9775838 0.77549 0.9895974 0.8165072 0.9485805 0.8044941 0.9775838 0.7908209 0.963911 0.7464874 0.9195773 0.77549 0.9075641 0.7754901 0.9269004 0.7538098 0.9485806 0.7344734 0.9485805 0.7464874 0.9195773 0.4764149 0.5725835 0.4551396 0.5617433 0.4236801 0.4999993 0.4551396 0.5617433 0.4382553 0.544859 0.4236801 0.4999993 0.4382553 0.544859 0.427415 0.5235847 0.4236801 0.4999993 0.4236801 0.4999993 0.4274144 0.4764169 0.4382548 0.4551416 0.4382548 0.4551416 0.4551404 0.4382562 0.4764148 0.4274173 0.4764148 0.4274173 0.4999988 0.4236819 0.5617414 0.4551416 0.4999988 0.4236819 0.523582 0.4274165 0.5617414 0.4551416 0.523582 0.4274165 0.5448574 0.4382568 0.5617414 0.4551416 0.5617414 0.4551416 0.5725818 0.4764168 0.5617415 0.5448592 0.5725818 0.4764168 0.5763177 0.4999999 0.5617415 0.5448592 0.5763177 0.4999999 0.5725823 0.5235838 0.5617415 0.5448592 0.5617415 0.5448592 0.5448583 0.5617436 0.523583 0.572584 0.523583 0.572584 0.4999991 0.5763193 0.4764149 0.5725835 0.4236801 0.4999993 0.4382548 0.4551416 0.4764148 0.4274173 0.5617415 0.5448592 0.523583 0.572584 0.4764149 0.5725835 0.4764149 0.5725835 0.4236801 0.4999993 0.4764148 0.4274173 0.4764148 0.4274173 0.5617414 0.4551416 0.5617415 0.5448592 0.5593591 0.6599267 0.5550464 0.6927914 0.5286223 0.6807314 0.5672631 0.6361801 0.5593591 0.6599267 0.5404062 0.6518188 0.5850179 0.6170215 0.5672631 0.6361801 0.5564975 0.626466 0.5850179 0.6170215 0.5775634 0.606761 0.6028137 0.5928153 0.6087257 0.6060559 0.6028137 0.5928153 0.6318982 0.585346 0.6337524 0.6058767 0.6318982 0.585346 0.6630371 0.5830733 0.6704409 0.4929651 0.7003644 0.5072223 0.680729 0.5286265 0.650299 0.4781098 0.6704409 0.4929651 0.6568731 0.5084848 0.6375647 0.4553036 0.650299 0.4781098 0.6377336 0.4853467 0.6375647 0.4553036 0.6255028 0.4592226 0.6200424 0.4308987 0.6344618 0.4293677 0.6200424 0.4308987 0.6219263 0.4009296 0.6420251 0.4055106 0.6219263 0.4009296 0.6293871 0.3706125 0.5459771 0.335726 0.5687836 0.3116728 0.5830724 0.3369613 0.5256248 0.3502916 0.5459771 0.335726 0.5565446 0.3534256 0.4999996 0.3553551 0.5256248 0.3502916 0.5286245 0.3644784 0.4999996 0.3553551 0.4999995 0.3680378 0.4713745 0.3644783 0.4743743 0.3502915 0.4713745 0.3644783 0.4434545 0.3534256 0.4540221 0.335726 0.4434545 0.3534256 0.4169266 0.3369614 0.3579725 0.4055085 0.3421441 0.3763855 0.3706104 0.3706105 0.3655359 0.4293658 0.3579725 0.4055085 0.3780714 0.4009277 0.3624331 0.4553015 0.3655359 0.4293658 0.3799554 0.4308968 0.3624331 0.4553015 0.3744949 0.4592207 0.3622641 0.4853447 0.3496986 0.4781079 0.3622641 0.4853447 0.3431245 0.5084829 0.3295568 0.4929631 0.3431245 0.5084829 0.3192685 0.5286246 0.7971707 0.9485806 0.7908209 0.963911 0.7754901 0.970261 0.7754901 0.970261 0.7601601 0.963911 0.7538098 0.9485806 0.7538098 0.9485806 0.7601601 0.9332503 0.7754901 0.9269004 0.7754901 0.9269004 0.7908209 0.9332503 0.7971707 0.9485806 0.7971707 0.9485806 0.7754901 0.970261 0.7754901 0.9269004 0.7754901 0.970261 0.77549 0.9895974 0.7464874 0.9775838 0.7464874 0.9775838 0.7344734 0.9485805 0.7538098 0.9485806 0.77549 0.9075641 0.8044941 0.9195773 0.7908209 0.9332503 0.7908209 0.9332503 0.8044941 0.9195773 0.8165072 0.9485805 0.7908209 0.963911 0.8044941 0.9775838 0.77549 0.9895974 0.8165072 0.9485805 0.8044941 0.9775838 0.7908209 0.963911 0.7464874 0.9195773 0.77549 0.9075641 0.7754901 0.9269004 0.7538098 0.9485806 0.7344734 0.9485805 0.7464874 0.9195773 0.7971707 0.9485806 0.7908209 0.963911 0.7754901 0.970261 0.7754901 0.970261 0.7601601 0.963911 0.7538098 0.9485806 0.7538098 0.9485806 0.7601601 0.9332503 0.7754901 0.9269004 0.7754901 0.9269004 0.7908209 0.9332503 0.7971707 0.9485806 0.7971707 0.9485806 0.7754901 0.970261 0.7754901 0.9269004 0.7754901 0.970261 0.77549 0.9895974 0.7464874 0.9775838 0.7464874 0.9775838 0.7344734 0.9485805 0.7538098 0.9485806 0.77549 0.9075641 0.8044941 0.9195773 0.7908209 0.9332503 0.7908209 0.9332503 0.8044941 0.9195773 0.8165072 0.9485805 0.7908209 0.963911 0.8044941 0.9775838 0.77549 0.9895974 0.8165072 0.9485805 0.8044941 0.9775838 0.7908209 0.963911 0.7464874 0.9195773 0.77549 0.9075641 0.7754901 0.9269004 0.7538098 0.9485806 0.7344734 0.9485805 0.7464874 0.9195773 0.7971707 0.9485806 0.7908209 0.963911 0.7754901 0.970261 0.7754901 0.970261 0.7601601 0.963911 0.7538098 0.9485806 0.7538098 0.9485806 0.7601601 0.9332503 0.7754901 0.9269004 0.7754901 0.9269004 0.7908209 0.9332503 0.7971707 0.9485806 0.7971707 0.9485806 0.7754901 0.970261 0.7754901 0.9269004 0.7754901 0.970261 0.77549 0.9895974 0.7464874 0.9775838 0.7464874 0.9775838 0.7344734 0.9485805 0.7538098 0.9485806 0.77549 0.9075641 0.8044941 0.9195773 0.7908209 0.9332503 0.7908209 0.9332503 0.8044941 0.9195773 0.8165072 0.9485805 0.7908209 0.963911 0.8044941 0.9775838 0.77549 0.9895974 0.8165072 0.9485805 0.8044941 0.9775838 0.7908209 0.963911 0.7464874 0.9195773 0.77549 0.9075641 0.7754901 0.9269004 0.7538098 0.9485806 0.7344734 0.9485805 0.7464874 0.9195773 0.7971707 0.9485806 0.7908209 0.963911 0.7754901 0.970261 0.7754901 0.970261 0.7601601 0.963911 0.7538098 0.9485806 0.7538098 0.9485806 0.7601601 0.9332503 0.7754901 0.9269004 0.7754901 0.9269004 0.7908209 0.9332503 0.7971707 0.9485806 0.7971707 0.9485806 0.7754901 0.970261 0.7754901 0.9269004 0.7754901 0.970261 0.77549 0.9895974 0.7464874 0.9775838 0.7464874 0.9775838 0.7344734 0.9485805 0.7538098 0.9485806 0.77549 0.9075641 0.8044941 0.9195773 0.7908209 0.9332503 0.7908209 0.9332503 0.8044941 0.9195773 0.8165072 0.9485805 0.7908209 0.963911 0.8044941 0.9775838 0.77549 0.9895974 0.8165072 0.9485805 0.8044941 0.9775838 0.7908209 0.963911 0.7464874 0.9195773 0.77549 0.9075641 0.7754901 0.9269004 0.7538098 0.9485806 0.7344734 0.9485805 0.7464874 0.9195773 0.2296283 0.5878481 0.2901608 0.56818 0.30341 0.6001669 0.5878472 0.7703707 0.5444706 0.7807844 0.534514 0.7179203 0.2157146 0.5000001 0.2793622 0.5 0.2820784 0.5345147 0.2466995 0.3709369 0.30341 0.3998323 0.2901606 0.4318189 0.629061 0.7532991 0.5878472 0.7703707 0.5681793 0.7098382 0.2192146 0.4555284 0.229628 0.4121506 0.2901606 0.4318189 0.7299906 0.3329014 0.753299 0.3709371 0.6965886 0.3998324 0.7299893 0.6670982 0.7010181 0.7010194 0.6560127 0.6560137 0.2700079 0.3329019 0.3215 0.3703128 0.30341 0.3998323 0.7703703 0.4121508 0.7098377 0.4318189 0.6965886 0.3998324 0.7532979 0.6290625 0.7299893 0.6670982 0.6784976 0.629687 0.4555269 0.2192159 0.4999992 0.2157145 0.4999992 0.2793622 0.5444707 0.219216 0.5345141 0.2820796 0.4999992 0.2793622 0.7807829 0.5444721 0.7703693 0.5878482 0.7098371 0.5681801 0.5444706 0.7807844 0.4999994 0.7842843 0.4999994 0.7206367 0.7703693 0.5878482 0.7532979 0.6290625 0.6965878 0.6001669 0.701018 0.2989808 0.7299906 0.3329014 0.6784986 0.3703124 0.2466996 0.6290625 0.30341 0.6001669 0.3214998 0.629687 0.6290613 0.2467011 0.600166 0.3034113 0.5681795 0.2901619 0.7807828 0.4555283 0.7179192 0.4654848 0.7098377 0.4318189 0.2989795 0.7010194 0.2700078 0.6670981 0.3214998 0.629687 0.5444707 0.219216 0.5878475 0.2296297 0.5681795 0.2901619 0.7807828 0.4555283 0.7842841 0.4999995 0.7206366 0.4999995 0.2989795 0.7010194 0.3439851 0.6560137 0.3702773 0.6785466 0.3329001 0.2700098 0.3703114 0.3215014 0.3439851 0.3439862 0.2989795 0.2989808 0.3439851 0.3439862 0.3215 0.3703128 0.4555269 0.2192159 0.4654837 0.2820796 0.4318184 0.290162 0.7807829 0.5444721 0.7179192 0.5345153 0.7206366 0.4999995 0.3709365 0.7532991 0.3328561 0.7300522 0.3702773 0.6785466 0.2192146 0.4555284 0.2820786 0.4654848 0.2793622 0.5 0.4121501 0.2296299 0.4318184 0.290162 0.3998318 0.3034113 0.7010181 0.7010194 0.6670977 0.729991 0.6296866 0.678499 0.4121501 0.7703703 0.3709365 0.7532991 0.399832 0.6965887 0.701018 0.2989808 0.6560126 0.3439862 0.6296855 0.3215007 0.629061 0.7532991 0.6001659 0.6965888 0.6296866 0.678499 0.4121501 0.7703703 0.4318184 0.7098379 0.4654838 0.7179203 0.6670963 0.270009 0.6296855 0.3215007 0.600166 0.3034113 0.3709363 0.2467011 0.3998318 0.3034113 0.3703114 0.3215014 0.4999994 0.7842843 0.455527 0.7807843 0.4654838 0.7179203 0.2296283 0.5878481 0.2192143 0.5444712 0.2820784 0.5345147 0.136214 0.6182001 0.1222019 0.5598365 0.1563503 0.5544279 0.4999994 0.8825059 0.4401615 0.8777967 0.4455702 0.8436483 0.3263445 0.1591854 0.3420408 0.1899909 0.2954888 0.2185181 0.7248289 0.1905462 0.7045071 0.2185171 0.6579564 0.1899909 0.7704706 0.229528 0.7460234 0.2539754 0.7045071 0.2185171 0.2751666 0.1905473 0.2954888 0.2185181 0.2539739 0.2539753 0.8637834 0.6182004 0.8408135 0.6736541 0.810008 0.6579579 0.5598354 0.8777968 0.4999994 0.8825059 0.4999994 0.8479319 0.8777948 0.5598375 0.8637834 0.6182004 0.8309016 0.6075164 0.136214 0.6182001 0.1690958 0.6075162 0.1899891 0.6579579 0.5 0.5 0.5 0.5 0.5 0.5 0.5 0.5 0.5 0.5 0.5 0.5 0.5 0.5 0.5 0.5 0.5 0.5 0.5 0.5 0.5 0.5 0.5 0.5 0.5 0.5 0.5 0.5 0.5 0.5 0.5 0.5 0.5 0.5 0.5 0.5 0.5 0.5 0.5 0.5 0.5 0.5 0.5 0.5 0.5 0.5 0.5 0.5 0.5 0.5 0.5 0.5 0.5 0.5 0.5 0.5 0.5 0.5 0.5 0.5 0.5 0.5 0.5 0.5 0.5 0.5 0.5 0.5 0.5 0.5 0.5 0.5 0.5 0.5 0.5 0.5 0.5 0.5 0.5 0.5 0.5 0.5 0.5 0.5 0.5 0.5 0.5 0.5 0.5 0.5 0.5 0.5 0.5 0.5 0.5 0.5 0.5 0.5 0.5 0.5 0.5 0.5 0.5 0.5 0.5 0.5 0.5 0.5 0.5 0.5 0.5 0.5 0.5 0.5 0.5 0.5 0.5 0.5 0.5 0.5 0.5 0.5 0.5 0.5 0.5 0.5 0.5 0.5 0.5 0.5 0.5 0.5 0.5 0.5 0.5 0.5 0.5 0.5 0.5 0.5 0.5 0.5 0.5 0.5 0.5 0.5 0.5 0.5 0.5 0.5 0.5 0.5 0.5 0.5 0.5 0.5 0.5 0.5 0.5 0.5 0.5 0.5 0.5 0.5 0.5 0.5 0.5 0.5 0.5 0.5 0.5 0.5 0.5 0.5 0.5 0.5 0.5 0.5 0.5 0.5 0.5 0.5 0.5 0.5 0.5 0.5 0.5 0.5 0.5 0.5 0.5 0.5 0.5 0.5 0.5 0.5 0.5 0.5 0.5 0.5 0.5 0.5 0.5 0.5 0.5 0.5 0.5 0.5 0.5 0.5 0.5 0.5 0.5 0.5 0.5 0.5 0.5 0.5 0.5 0.5 0.5 0.5 0.5 0.5 0.5 0.5 0.5 0.5 0.5 0.5 0.5 0.5 0.5 0.5 0.5 0.5 0.5 0.5 0.5 0.5 0.5 0.5 0.5 0.5 0.5 0.5 0.5 0.5 0.5 0.5 0.5 0.5 0.5 0.5 0.5 0.5 0.5 0.5 0.5 0.5 0.5 0.5 0.5 0.5 0.5 0.5 0.5 0.5 0.5 0.5 0.5 0.5 0.5 0.5 0.5 0.5 0.5 0.5 0.5 0.5 0.5 0.5 0.5 0.5 0.5 0.5 0.5 0.5 0.5 0.5 0.5 0.5 0.5 0.5 0.5 0.5 0.5 0.5 0.5 0.5 0.5 0.5 0.5 0.5 0.5 0.5 0.5 0.5 0.5 0.5 0.5 0.5 0.5 0.5 0.5 0.5 0.5 0.5 0.5 0.5 0.5 0.5 0.5 0.5 0.5 0.5 0.5 0.5 0.5 0.5 0.5 0.5 0.5 0.5 0.5 0.5 0.5 0.5 0.5 0.5 0.5 0.5 0.5 0.5 0.5 0.5 0.5 0.5 0.5 0.5 0.5 0.5 0.5 0.5 0.5 0.5 0.5 0.5 0.5 0.5 0.5 0.5 0.5 0.5 0.5 0.5 0.5 0.5 0.5 0.5 0.5 0.5 0.5 0.5 0.5 0.5 0.5 0.5 0.5 0.5 0.5 0.5 0.5 0.5 0.5 0.5 0.5 0.5 0.5 0.5 0.5 0.5 0.5 0.5 0.5 0.5 0.5 0.5 0.5 0.5 0.5 0.5 0.5 0.5 0.5 0.5 0.5 0.5 0.5 0.5 0.5 0.5 0.5 0.5 0.5 0.5 0.5 0.5 0.5 0.5 0.1445836 0.9380955 0.1505307 0.9197921 0.156568 0.9207482 0.1332715 0.8666738 0.1177018 0.8553618 0.1204768 0.8499156 0.04195785 0.8623517 0.05907475 0.8499156 0.06184971 0.8553618 0.02298361 0.9207484 0.02902078 0.9197923 0.03496789 0.9380955 0.09939837 0.9709246 0.1003546 0.9769617 0.07919692 0.9769618 0.1690958 0.6075162 0.1563503 0.5544279 0.2192143 0.5444712 0.4999994 0.8479319 0.4455702 0.8436483 0.455527 0.7807843 0.3420408 0.1899909 0.3709363 0.2467011 0.3329001 0.2700098 0.7045071 0.2185171 0.6670963 0.270009 0.6290613 0.2467011 0.3924818 0.8309027 0.4121501 0.7703703 0.455527 0.7807843 0.6579561 0.8100096 0.629061 0.7532991 0.6670977 0.729991 0.7460234 0.2539754 0.701018 0.2989808 0.6670963 0.270009 0.3924818 0.8309027 0.342041 0.8100096 0.3709365 0.7532991 0.7460234 0.7460251 0.7045087 0.7814829 0.6670977 0.729991 0.3924818 0.1690977 0.4121501 0.2296299 0.3709363 0.2467011 0.1563506 0.4455718 0.2192146 0.4555284 0.2157146 0.5000001 0.342041 0.8100096 0.295435 0.7815579 0.3328561 0.7300522 0.8436466 0.554429 0.7807829 0.5444721 0.7842841 0.4999995 0.4455701 0.1563524 0.4555269 0.2192159 0.4121501 0.2296299 0.2539739 0.2539753 0.2989795 0.2989808 0.2700079 0.3329019 0.2954888 0.2185181 0.3329001 0.2700098 0.2989795 0.2989808 0.2539738 0.746025 0.2989795 0.7010194 0.3328561 0.7300522 0.8436465 0.4455718 0.8479316 0.4999995 0.7842841 0.4999995 0.5544272 0.1563524 0.6075156 0.1690976 0.5878475 0.2296297 0.2539738 0.746025 0.2185157 0.7045092 0.2700078 0.6670981 0.8436465 0.4455718 0.7807828 0.4555283 0.7703703 0.4121508 0.6579564 0.1899909 0.6290613 0.2467011 0.5878475 0.2296297 0.1899891 0.6579579 0.2466996 0.6290625 0.2700078 0.6670981 0.7460234 0.2539754 0.7814826 0.2954903 0.7299906 0.3329014 0.8309016 0.6075164 0.810008 0.6579579 0.7532979 0.6290625 0.554427 0.8436483 0.4999994 0.8479319 0.4999994 0.7842843 0.8436466 0.554429 0.8309016 0.6075164 0.7703693 0.5878482 0.5544272 0.1563524 0.5444707 0.219216 0.4999992 0.2157145 0.4455701 0.1563524 0.4999992 0.152067 0.4999992 0.2157145 0.810008 0.6579579 0.781481 0.7045093 0.7299893 0.6670982 0.8309027 0.3924826 0.7703703 0.4121508 0.753299 0.3709371 0.2185159 0.295491 0.2700079 0.3329019 0.2466995 0.3709369 0.781481 0.7045093 0.7460234 0.7460251 0.7010181 0.7010194 0.7814826 0.2954903 0.8100094 0.3420417 0.753299 0.3709371 0.1563506 0.4455718 0.1690955 0.3924824 0.229628 0.4121506 0.6579561 0.8100096 0.6075152 0.8309031 0.5878472 0.7703707 0.1899891 0.3420416 0.2466995 0.3709369 0.229628 0.4121506 0.1520671 0.5000002 0.2157146 0.5000001 0.2192143 0.5444712 0.6075152 0.8309031 0.554427 0.8436483 0.5444706 0.7807844 0.1690958 0.6075162 0.2296283 0.5878481 0.2466996 0.6290625</float_array>
          <technique_common>
            <accessor source="#daewon_dcx_01a_15x7-mesh-map-0-array" count="5724" stride="2">
              <param name="S" type="float"/>
              <param name="T" type="float"/>
            </accessor>
          </technique_common>
        </source>
        <source id="daewon_dcx_01a_15x7-mesh-colors-geom-steelwheel_01a_15x8-map0" name="geom-steelwheel_01a_15x8-map0">
          <float_array id="daewon_dcx_01a_15x7-mesh-colors-geom-steelwheel_01a_15x8-map0-array" count="22896">1 1 1 1 1 1 1 1 1 1 1 1 1 1 1 1 1 1 1 1 1 1 1 1 1 1 1 1 1 1 1 1 1 1 1 1 1 1 1 1 1 1 1 1 1 1 1 1 1 1 1 1 1 1 1 1 1 1 1 1 1 1 1 1 1 1 1 1 1 1 1 1 1 1 1 1 1 1 1 1 1 1 1 1 1 1 1 1 1 1 1 1 1 1 1 1 1 1 1 1 1 1 1 1 1 1 1 1 1 1 1 1 1 1 1 1 1 1 1 1 1 1 1 1 1 1 1 1 1 1 1 1 1 1 1 1 1 1 1 1 1 1 1 1 1 1 1 1 1 1 1 1 1 1 1 1 1 1 1 1 1 1 1 1 1 1 1 1 1 1 1 1 1 1 1 1 1 1 1 1 1 1 1 1 1 1 1 1 1 1 1 1 1 1 1 1 1 1 1 1 1 1 1 1 1 1 1 1 1 1 1 1 1 1 1 1 1 1 1 1 1 1 1 1 1 1 1 1 1 1 1 1 1 1 1 1 1 1 1 1 1 1 1 1 1 1 1 1 1 1 1 1 1 1 1 1 1 1 1 1 1 1 1 1 1 1 1 1 1 1 1 1 1 1 1 1 1 1 1 1 1 1 1 1 1 1 1 1 1 1 1 1 1 1 1 1 1 1 1 1 1 1 1 1 1 1 1 1 1 1 1 1 1 1 1 1 1 1 1 1 1 1 1 1 1 1 1 1 1 1 1 1 1 1 1 1 1 1 1 1 1 1 1 1 1 1 1 1 1 1 1 1 1 1 1 1 1 1 1 1 1 1 1 1 1 1 1 1 1 1 1 1 1 1 1 1 1 1 1 1 1 1 1 1 1 1 1 1 1 1 1 1 1 1 1 1 1 1 1 1 1 1 1 1 1 1 1 1 1 1 1 1 1 1 1 1 1 1 1 1 1 1 1 1 1 1 1 1 1 1 1 1 1 1 1 1 1 1 1 1 1 1 1 1 1 1 1 1 1 1 1 1 1 1 1 1 1 1 1 1 1 1 1 1 1 1 1 1 1 1 1 1 1 1 1 1 1 1 1 1 1 1 1 1 1 1 1 1 1 1 1 1 1 1 1 1 1 1 1 1 1 1 1 1 1 1 1 1 1 1 1 1 1 1 1 1 1 1 1 1 1 1 1 1 1 1 1 1 1 1 1 1 1 1 1 1 1 1 1 1 1 1 1 1 1 1 1 1 1 1 1 1 1 1 1 1 1 1 1 1 1 1 1 1 1 1 1 1 1 1 1 1 1 1 1 1 1 1 1 1 1 1 1 1 1 1 1 1 1 1 1 1 1 1 1 1 1 1 1 1 1 1 1 1 1 1 1 1 1 1 1 1 1 1 1 1 1 1 1 1 1 1 1 1 1 1 1 1 1 1 1 1 1 1 1 1 1 1 1 1 1 1 1 1 1 1 1 1 1 1 1 1 1 1 1 1 1 1 1 1 1 1 1 1 1 1 1 1 1 1 1 1 1 1 1 1 1 1 1 1 1 1 1 1 1 1 1 1 1 1 1 1 1 1 1 1 1 1 1 1 1 1 1 1 1 1 1 1 1 1 1 1 1 1 1 1 1 1 1 1 1 1 1 1 1 1 1 1 1 1 1 1 1 1 1 1 1 1 1 1 1 1 1 1 1 1 1 1 1 1 1 1 1 1 1 1 1 1 1 1 1 1 1 1 1 1 1 1 1 1 1 1 1 1 1 1 1 1 1 1 1 1 1 1 1 1 1 1 1 1 1 1 1 1 1 1 1 1 1 1 1 1 1 1 1 1 1 1 1 1 1 1 1 1 1 1 1 1 1 1 1 1 1 1 1 1 1 1 1 1 1 1 1 1 1 1 1 1 1 1 1 1 1 1 1 1 1 1 1 1 1 1 1 1 1 1 1 1 1 1 1 1 1 1 1 1 1 1 1 1 1 1 1 1 1 1 1 1 1 1 1 1 1 1 1 1 1 1 1 1 1 1 1 1 1 1 1 1 1 1 1 1 1 1 1 1 1 1 1 1 1 1 1 1 1 1 1 1 1 1 1 1 1 1 1 1 1 1 1 1 1 1 1 1 1 1 1 1 1 1 1 1 1 1 1 1 1 1 1 1 1 1 1 1 1 1 1 1 1 1 1 1 1 1 1 1 1 1 1 1 1 1 1 1 1 1 1 1 1 1 1 1 1 1 1 1 1 1 1 1 1 1 1 1 1 1 1 1 1 1 1 1 1 1 1 1 1 1 1 1 1 1 1 1 1 1 1 1 1 1 1 1 1 1 1 1 1 1 1 1 1 1 1 1 1 1 1 1 1 1 1 1 1 1 1 1 1 1 1 1 1 1 1 1 1 1 1 1 1 1 1 1 1 1 1 1 1 1 1 1 1 1 1 1 1 1 1 1 1 1 1 1 1 1 1 1 1 1 1 1 1 1 1 1 1 1 1 1 1 1 1 1 1 1 1 1 1 1 1 1 1 1 1 1 1 1 1 1 1 1 1 1 1 1 1 1 1 1 1 1 1 1 1 1 1 1 1 1 1 1 1 1 1 1 1 1 1 1 1 1 1 1 1 1 1 1 1 1 1 1 1 1 1 1 1 1 1 1 1 1 1 1 1 1 1 1 1 1 1 1 1 1 1 1 1 1 1 1 1 1 1 1 1 1 1 1 1 1 1 1 1 1 1 1 1 1 1 1 1 1 1 1 1 1 1 1 1 1 1 1 1 1 1 1 1 1 1 1 1 1 1 1 1 1 1 1 1 1 1 1 1 1 1 1 1 1 1 1 1 1 1 1 1 1 1 1 1 1 1 1 1 1 1 1 1 1 1 1 1 1 1 1 1 1 1 1 1 1 1 1 1 1 1 1 1 1 1 1 1 1 1 1 1 1 1 1 1 1 1 1 1 1 1 1 1 1 1 1 1 1 1 1 1 1 1 1 1 1 1 1 1 1 1 1 1 1 1 1 1 1 1 1 1 1 1 1 1 1 1 1 1 1 1 1 1 1 1 1 1 1 1 1 1 1 1 1 1 1 1 1 1 1 1 1 1 1 1 1 1 1 1 1 1 1 1 1 1 1 1 1 1 1 1 1 1 1 1 1 1 1 1 1 1 1 1 1 1 1 1 1 1 1 1 1 1 1 1 1 1 1 1 1 1 1 1 1 1 1 1 1 1 1 1 1 1 1 1 1 1 1 1 1 1 1 1 1 1 1 1 1 1 1 1 1 1 1 1 1 1 1 1 1 1 1 1 1 1 1 1 1 1 1 1 1 1 1 1 1 1 1 1 1 1 1 1 1 1 1 1 1 1 1 1 1 1 1 1 1 1 1 1 1 1 1 1 1 1 1 1 1 1 1 1 1 1 1 1 1 1 1 1 1 1 1 1 1 1 1 1 1 1 1 1 1 1 1 1 1 1 1 1 1 1 1 1 1 1 1 1 1 1 1 1 1 1 1 1 1 1 1 1 1 1 1 1 1 1 1 1 1 1 1 1 1 1 1 1 1 1 1 1 1 1 1 1 1 1 1 1 1 1 1 1 1 1 1 1 1 1 1 1 1 1 1 1 1 1 1 1 1 1 1 1 1 1 1 1 1 1 1 1 1 1 1 1 1 1 1 1 1 1 1 1 1 1 1 1 1 1 1 1 1 1 1 1 1 1 1 1 1 1 1 1 1 1 1 1 1 1 1 1 1 1 1 1 1 1 1 1 1 1 1 1 1 1 1 1 1 1 1 1 1 1 1 1 1 1 1 1 1 1 1 1 1 1 1 1 1 1 1 1 1 1 1 1 1 1 1 1 1 1 1 1 1 1 1 1 1 1 1 1 1 1 1 1 1 1 1 1 1 1 1 1 1 1 1 1 1 1 1 1 1 1 1 1 1 1 1 1 1 1 1 1 1 1 1 1 1 1 1 1 1 1 1 1 1 1 1 1 1 1 1 1 1 1 1 1 1 1 1 1 1 1 1 1 1 1 1 1 1 1 1 1 1 1 1 1 1 1 1 1 1 1 1 1 1 1 1 1 1 1 1 1 1 1 1 1 1 1 1 1 1 1 1 1 1 1 1 1 1 1 1 1 1 1 1 1 1 1 1 1 1 1 1 1 1 1 1 1 1 1 1 1 1 1 1 1 1 1 1 1 1 1 1 1 1 1 1 1 1 1 1 1 1 1 1 1 1 1 1 1 1 1 1 1 1 1 1 1 1 1 1 1 1 1 1 1 1 1 1 1 1 1 1 1 1 1 1 1 1 1 1 1 1 1 1 1 1 1 1 1 1 1 1 1 1 1 1 1 1 1 1 1 1 1 1 1 1 1 1 1 1 1 1 1 1 1 1 1 1 1 1 1 1 1 1 1 1 1 1 1 1 1 1 1 1 1 1 1 1 1 1 1 1 1 1 1 1 1 1 1 1 1 1 1 1 1 1 1 1 1 1 1 1 1 1 1 1 1 1 1 1 1 1 1 1 1 1 1 1 1 1 1 1 1 1 1 1 1 1 1 1 1 1 1 1 1 1 1 1 1 1 1 1 1 1 1 1 1 1 1 1 1 1 1 1 1 1 1 1 1 1 1 1 1 1 1 1 1 1 1 1 1 1 1 1 1 1 1 1 1 1 1 1 1 1 1 1 1 1 1 1 1 1 1 1 1 1 1 1 1 1 1 1 1 1 1 1 1 1 1 1 1 1 1 1 1 1 1 1 1 1 1 1 1 1 1 1 1 1 1 1 1 1 1 1 1 1 1 1 1 1 1 1 1 1 1 1 1 1 1 1 1 1 1 1 1 1 1 1 1 1 1 1 1 1 1 1 1 1 1 1 1 1 1 1 1 1 1 1 1 1 1 1 1 1 1 1 1 1 1 1 1 1 1 1 1 1 1 1 1 1 1 1 1 1 1 1 1 1 1 1 1 1 1 1 1 1 1 1 1 1 1 1 1 1 1 1 1 1 1 1 1 1 1 1 1 1 1 1 1 1 1 1 1 1 1 1 1 1 1 1 1 1 1 1 1 1 1 1 1 1 1 1 1 1 1 1 1 1 1 1 1 1 1 1 1 1 1 1 1 1 1 1 1 1 1 1 1 1 1 1 1 1 1 1 1 1 1 1 1 1 1 1 1 1 1 1 1 1 1 1 1 1 1 1 1 1 1 1 1 1 1 1 1 1 1 1 1 1 1 1 1 1 1 1 1 1 1 1 1 1 1 1 1 1 1 1 1 1 1 1 1 1 1 1 1 1 1 1 1 1 1 1 1 1 1 1 1 1 1 1 1 1 1 1 1 1 1 1 1 1 1 1 1 1 1 1 1 1 1 1 1 1 1 1 1 1 1 1 1 1 1 1 1 1 1 1 1 1 1 1 1 1 1 1 1 1 1 1 1 1 1 1 1 1 1 1 1 1 1 1 1 1 1 1 1 1 1 1 1 1 1 1 1 1 1 1 1 1 1 1 1 1 1 1 1 1 1 1 1 1 1 1 1 1 1 1 1 1 1 1 1 1 1 1 1 1 1 1 1 1 1 1 1 1 1 1 1 1 1 1 1 1 1 1 1 1 1 1 1 1 1 1 1 1 1 1 1 1 1 1 1 1 1 1 1 1 1 1 1 1 1 1 1 1 1 1 1 1 1 1 1 1 1 1 1 1 1 1 1 1 1 1 1 1 1 1 1 1 1 1 1 1 1 1 1 1 1 1 1 1 1 1 1 1 1 1 1 1 1 1 1 1 1 1 1 1 1 1 1 1 1 1 1 1 1 1 1 1 1 1 1 1 1 1 1 1 1 1 1 1 1 1 1 1 1 1 1 1 1 1 1 1 1 1 1 1 1 1 1 1 1 1 1 1 1 1 1 1 1 1 1 1 1 1 1 1 1 1 1 1 1 1 1 1 1 1 1 1 1 1 1 1 1 1 1 1 1 1 1 1 1 1 1 1 1 1 1 1 1 1 1 1 1 1 1 1 1 1 1 1 1 1 1 1 1 1 1 1 1 1 1 1 1 1 1 1 1 1 1 1 1 1 1 1 1 1 1 1 1 1 1 1 1 1 1 1 1 1 1 1 1 1 1 1 1 1 1 1 1 1 1 1 1 1 1 1 1 1 1 1 1 1 1 1 1 1 1 1 1 1 1 1 1 1 1 1 1 1 1 1 1 1 1 1 1 1 1 1 1 1 1 1 1 1 1 1 1 1 1 1 1 1 1 1 1 1 1 1 1 1 1 1 1 1 1 1 1 1 1 1 1 1 1 1 1 1 1 1 1 1 1 1 1 1 1 1 1 1 1 1 1 1 1 1 1 1 1 1 1 1 1 1 1 1 1 1 1 1 1 1 1 1 1 1 1 1 1 1 1 1 1 1 1 1 1 1 1 1 1 1 1 1 1 1 1 1 1 1 1 1 1 1 1 1 1 1 1 1 1 1 1 1 1 1 1 1 1 1 1 1 1 1 1 1 1 1 1 1 1 1 1 1 1 1 1 1 1 1 1 1 1 1 1 1 1 1 1 1 1 1 1 1 1 1 1 1 1 1 1 1 1 1 1 1 1 1 1 1 1 1 1 1 1 1 1 1 1 1 1 1 1 1 1 1 1 1 1 1 1 1 1 1 1 1 1 1 1 1 1 1 1 1 1 1 1 1 1 1 1 1 1 1 1 1 1 1 1 1 1 1 1 1 1 1 1 1 1 1 1 1 1 1 1 1 1 1 1 1 1 1 1 1 1 1 1 1 1 1 1 1 1 1 1 1 1 1 1 1 1 1 1 1 1 1 1 1 1 1 1 1 1 1 1 1 1 1 1 1 1 1 1 1 1 1 1 1 1 1 1 1 1 1 1 1 1 1 1 1 1 1 1 1 1 1 1 1 1 1 1 1 1 1 1 1 1 1 1 1 1 1 1 1 1 1 1 1 1 1 1 1 1 1 1 1 1 1 1 1 1 1 1 1 1 1 1 1 1 1 1 1 1 1 1 1 1 1 1 1 1 1 1 1 1 1 1 1 1 1 1 1 1 1 1 1 1 1 1 1 1 1 1 1 1 1 1 1 1 1 1 1 1 1 1 1 1 1 1 1 1 1 1 1 1 1 1 1 1 1 1 1 1 1 1 1 1 1 1 1 1 1 1 1 1 1 1 1 1 1 1 1 1 1 1 1 1 1 1 1 1 1 1 1 1 1 1 1 1 1 1 1 1 1 1 1 1 1 1 1 1 1 1 1 1 1 1 1 1 1 1 1 1 1 1 1 1 1 1 1 1 1 1 1 1 1 1 1 1 1 1 1 1 1 1 1 1 1 1 1 1 1 1 1 1 1 1 1 1 1 1 1 1 1 1 1 1 1 1 1 1 1 1 1 1 1 1 1 1 1 1 1 1 1 1 1 1 1 1 1 1 1 1 1 1 1 1 1 1 1 1 1 1 1 1 1 1 1 1 1 1 1 1 1 1 1 1 1 1 1 1 1 1 1 1 1 1 1 1 1 1 1 1 1 1 1 1 1 1 1 1 1 1 1 1 1 1 1 1 1 1 1 1 1 1 1 1 1 1 1 1 1 1 1 1 1 1 1 1 1 1 1 1 1 1 1 1 1 1 1 1 1 1 1 1 1 1 1 1 1 1 1 1 1 1 1 1 1 1 1 1 1 1 1 1 1 1 1 1 1 1 1 1 1 1 1 1 1 1 1 1 1 1 1 1 1 1 1 1 1 1 1 1 1 1 1 1 1 1 1 1 1 1 1 1 1 1 1 1 1 1 1 1 1 1 1 1 1 1 1 1 1 1 1 1 1 1 1 1 1 1 1 1 1 1 1 1 1 1 1 1 1 1 1 1 1 1 1 1 1 1 1 1 1 1 1 1 1 1 1 1 1 1 1 1 1 1 1 1 1 1 1 1 1 1 1 1 1 1 1 1 1 1 1 1 1 1 1 1 1 1 1 1 1 1 1 1 1 1 1 1 1 1 1 1 1 1 1 1 1 1 1 1 1 1 1 1 1 1 1 1 1 1 1 1 1 1 1 1 1 1 1 1 1 1 1 1 1 1 1 1 1 1 1 1 1 1 1 1 1 1 1 1 1 1 1 1 1 1 1 1 1 1 1 1 1 1 1 1 1 1 1 1 1 1 1 1 1 1 1 1 1 1 1 1 1 1 1 1 1 1 1 1 1 1 1 1 1 1 1 1 1 1 1 1 1 1 1 1 1 1 1 1 1 1 1 1 1 1 1 1 1 1 1 1 1 1 1 1 1 1 1 1 1 1 1 1 1 1 1 1 1 1 1 1 1 1 1 1 1 1 1 1 1 1 1 1 1 1 1 1 1 1 1 1 1 1 1 1 1 1 1 1 1 1 1 1 1 1 1 1 1 1 1 1 1 1 1 1 1 1 1 1 1 1 1 1 1 1 1 1 1 1 1 1 1 1 1 1 1 1 1 1 1 1 1 1 1 1 1 1 1 1 1 1 1 1 1 1 1 1 1 1 1 1 1 1 1 1 1 1 1 1 1 1 1 1 1 1 1 1 1 1 1 1 1 1 1 1 1 1 1 1 1 1 1 1 1 1 1 1 1 1 1 1 1 1 1 1 1 1 1 1 1 1 1 1 1 1 1 1 1 1 1 1 1 1 1 1 1 1 1 1 1 1 1 1 1 1 1 1 1 1 1 1 1 1 1 1 1 1 1 1 1 1 1 1 1 1 1 1 1 1 1 1 1 1 1 1 1 1 1 1 1 1 1 1 1 1 1 1 1 1 1 1 1 1 1 1 1 1 1 1 1 1 1 1 1 1 1 1 1 1 1 1 1 1 1 1 1 1 1 1 1 1 1 1 1 1 1 1 1 1 1 1 1 1 1 1 1 1 1 1 1 1 1 1 1 1 1 1 1 1 1 1 1 1 1 1 1 1 1 1 1 1 1 1 1 1 1 1 1 1 1 1 1 1 1 1 1 1 1 1 1 1 1 1 1 1 1 1 1 1 1 1 1 1 1 1 1 1 1 1 1 1 1 1 1 1 1 1 1 1 1 1 1 1 1 1 1 1 1 1 1 1 1 1 1 1 1 1 1 1 1 1 1 1 1 1 1 1 1 1 1 1 1 1 1 1 1 1 1 1 1 1 1 1 1 1 1 1 1 1 1 1 1 1 1 1 1 1 1 1 1 1 1 1 1 1 1 1 1 1 1 1 1 1 1 1 1 1 1 1 1 1 1 1 1 1 1 1 1 1 1 1 1 1 1 1 1 1 1 1 1 1 1 1 1 1 1 1 1 1 1 1 1 1 1 1 1 1 1 1 1 1 1 1 1 1 1 1 1 1 1 1 1 1 1 1 1 1 1 1 1 1 1 1 1 1 1 1 1 1 1 1 1 1 1 1 1 1 1 1 1 1 1 1 1 1 1 1 1 1 1 1 1 1 1 1 1 1 1 1 1 1 1 1 1 1 1 1 1 1 1 1 1 1 1 1 1 1 1 1 1 1 1 1 1 1 1 1 1 1 1 1 1 1 1 1 1 1 1 1 1 1 1 1 1 1 1 1 1 1 1 1 1 1 1 1 1 1 1 1 1 1 1 1 1 1 1 1 1 1 1 1 1 1 1 1 1 1 1 1 1 1 1 1 1 1 1 1 1 1 1 1 1 1 1 1 1 1 1 1 1 1 1 1 1 1 1 1 1 1 1 1 1 1 1 1 1 1 1 1 1 1 1 1 1 1 1 1 1 1 1 1 1 1 1 1 1 1 1 1 1 1 1 1 1 1 1 1 1 1 1 1 1 1 1 1 1 1 1 1 1 1 1 1 1 1 1 1 1 1 1 1 1 1 1 1 1 1 1 1 1 1 1 1 1 1 1 1 1 1 1 1 1 1 1 1 1 1 1 1 1 1 1 1 1 1 1 1 1 1 1 1 1 1 1 1 1 1 1 1 1 1 1 1 1 1 1 1 1 1 1 1 1 1 1 1 1 1 1 1 1 1 1 1 1 1 1 1 1 1 1 1 1 1 1 1 1 1 1 1 1 1 1 1 1 1 1 1 1 1 1 1 1 1 1 1 1 1 1 1 1 1 1 1 1 1 1 1 1 1 1 1 1 1 1 1 1 1 1 1 1 1 1 1 1 1 1 1 1 1 1 1 1 1 1 1 1 1 1 1 1 1 1 1 1 1 1 1 1 1 1 1 1 1 1 1 1 1 1 1 1 1 1 1 1 1 1 1 1 1 1 1 1 1 1 1 1 1 1 1 1 1 1 1 1 1 1 1 1 1 1 1 1 1 1 1 1 1 1 1 1 1 1 1 1 1 1 1 1 1 1 1 1 1 1 1 1 1 1 1 1 1 1 1 1 1 1 1 1 1 1 1 1 1 1 1 1 1 1 1 1 1 1 1 1 1 1 1 1 1 1 1 1 1 1 1 1 1 1 1 1 1 1 1 1 1 1 1 1 1 1 1 1 1 1 1 1 1 1 1 1 1 1 1 1 1 1 1 1 1 1 1 1 1 1 1 1 1 1 1 1 1 1 1 1 1 1 1 1 1 1 1 1 1 1 1 1 1 1 1 1 1 1 1 1 1 1 1 1 1 1 1 1 1 1 1 1 1 1 1 1 1 1 1 1 1 1 1 1 1 1 1 1 1 1 1 1 1 1 1 1 1 1 1 1 1 1 1 1 1 1 1 1 1 1 1 1 1 1 1 1 1 1 1 1 1 1 1 1 1 1 1 1 1 1 1 1 1 1 1 1 1 1 1 1 1 1 1 1 1 1 1 1 1 1 1 1 1 1 1 1 1 1 1 1 1 1 1 1 1 1 1 1 1 1 1 1 1 1 1 1 1 1 1 1 1 1 1 1 1 1 1 1 1 1 1 1 1 1 1 1 1 1 1 1 1 1 1 1 1 1 1 1 1 1 1 1 1 1 1 1 1 1 1 1 1 1 1 1 1 1 1 1 1 1 1 1 1 1 1 1 1 1 1 1 1 1 1 1 1 1 1 1 1 1 1 1 1 1 1 1 1 1 1 1 1 1 1 1 1 1 1 1 1 1 1 1 1 1 1 1 1 1 1 1 1 1 1 1 1 1 1 1 1 1 1 1 1 1 1 1 1 1 1 1 1 1 1 1 1 1 1 1 1 1 1 1 1 1 1 1 1 1 1 1 1 1 1 1 1 1 1 1 1 1 1 1 1 1 1 1 1 1 1 1 1 1 1 1 1 1 1 1 1 1 1 1 1 1 1 1 1 1 1 1 1 1 1 1 1 1 1 1 1 1 1 1 1 1 1 1 1 1 1 1 1 1 1 1 1 1 1 1 1 1 1 1 1 1 1 1 1 1 1 1 1 1 1 1 1 1 1 1 1 1 1 1 1 1 1 1 1 1 1 1 1 1 1 1 1 1 1 1 1 1 1 1 1 1 1 1 1 1 1 1 1 1 1 1 1 1 1 1 1 1 1 1 1 1 1 1 1 1 1 1 1 1 1 1 1 1 1 1 1 1 1 1 1 1 1 1 1 1 1 1 1 1 1 1 1 1 1 1 1 1 1 1 1 1 1 1 1 1 1 1 1 1 1 1 1 1 1 1 1 1 1 1 1 1 1 1 1 1 1 1 1 1 1 1 1 1 1 1 1 1 1 1 1 1 1 1 1 1 1 1 1 1 1 1 1 1 1 1 1 1 1 1 1 1 1 1 1 1 1 1 1 1 1 1 1 1 1 1 1 1 1 1 1 1 1 1 1 1 1 1 1 1 1 1 1 1 1 1 1 1 1 1 1 1 1 1 1 1 1 1 1 1 1 1 1 1 1 1 1 1 1 1 1 1 1 1 1 1 1 1 1 1 1 1 1 1 1 1 1 1 1 1 1 1 1 1 1 1 1 1 1 1 1 1 1 1 1 1 1 1 1 1 1 1 1 1 1 1 1 1 1 1 1 1 1 1 1 1 1 1 1 1 1 1 1 1 1 1 1 1 1 1 1 1 1 1 1 1 1 1 1 1 1 1 1 1 1 1 1 1 1 1 1 1 1 1 1 1 1 1 1 1 1 1 1 1 1 1 1 1 1 1 1 1 1 1 1 1 1 1 1 1 1 1 1 1 1 1 1 1 1 1 1 1 1 1 1 1 1 1 1 1 1 1 1 1 1 1 1 1 1 1 1 1 1 1 1 1 1 1 1 1 1 1 1 1 1 1 1 1 1 1 1 1 1 1 1 1 1 1 1 1 1 1 1 1 1 1 1 1 1 1 1 1 1 1 1 1 1 1 1 1 1 1 1 1 1 1 1 1 1 1 1 1 1 1 1 1 1 1 1 1 1 1 1 1 1 1 1 1 1 1 1 1 1 1 1 1 1 1 1 1 1 1 1 1 1 1 1 1 1 1 1 1 1 1 1 1 1 1 1 1 1 1 1 1 1 1 1 1 1 1 1 1 1 1 1 1 1 1 1 1 1 1 1 1 1 1 1 1 1 1 1 1 1 1 1 1 1 1 1 1 1 1 1 1 1 1 1 1 1 1 1 1 1 1 1 1 1 1 1 1 1 1 1 1 1 1 1 1 1 1 1 1 1 1 1 1 1 1 1 1 1 1 1 1 1 1 1 1 1 1 1 1 1 1 1 1 1 1 1 1 1 1 1 1 1 1 1 1 1 1 1 1 1 1 1 1 1 1 1 1 1 1 1 1 1 1 1 1 1 1 1 1 1 1 1 1 1 1 1 1 1 1 1 1 1 1 1 1 1 1 1 1 1 1 1 1 1 1 1 1 1 1 1 1 1 1 1 1 1 1 1 1 1 1 1 1 1 1 1 1 1 1 1 1 1 1 1 1 1 1 1 1 1 1 1 1 1 1 1 1 1 1 1 1 1 1 1 1 1 1 1 1 1 1 1 1 1 1 1 1 1 1 1 1 1 1 1 1 1 1 1 1 1 1 1 1 1 1 1 1 1 1 1 1 1 1 1 1 1 1 1 1 1 1 1 1 1 1 1 1 1 1 1 1 1 1 1 1 1 1 1 1 1 1 1 1 1 1 1 1 1 1 1 1 1 1 1 1 1 1 1 1 1 1 1 1 1 1 1 1 1 1 1 1 1 1 1 1 1 1 1 1 1 1 1 1 1 1 1 1 1 1 1 1 1 1 1 1 1 1 1 1 1 1 1 1 1 1 1 1 1 1 1 1 1 1 1 1 1 1 1 1 1 1 1 1 1 1 1 1 1 1 1 1 1 1 1 1 1 1 1 1 1 1 1 1 1 1 1 1 1 1 1 1 1 1 1 1 1 1 1 1 1 1 1 1 1 1 1 1 1 1 1 1 1 1 1 1 1 1 1 1 1 1 1 1 1 1 1 1 1 1 1 1 1 1 1 1 1 1 1 1 1 1 1 1 1 1 1 1 1 1 1 1 1 1 1 1 1 1 1 1 1 1 1 1 1 1 1 1 1 1 1 1 1 1 1 1 1 1 1 1 1 1 1 1 1 1 1 1 1 1 1 1 1 1 1 1 1 1 1 1 1 1 1 1 1 1 1 1 1 1 1 1 1 1 1 1 1 1 1 1 1 1 1 1 1 1 1 1 1 1 1 1 1 1 1 1 1 1 1 1 1 1 1 1 1 1 1 1 1 1 1 1 1 1 1 1 1 1 1 1 1 1 1 1 1 1 1 1 1 1 1 1 1 1 1 1 1 1 1 1 1 1 1 1 1 1 1 1 1 1 1 1 1 1 1 1 1 1 1 1 1 1 1 1 1 1 1 1 1 1 1 1 1 1 1 1 1 1 1 1 1 1 1 1 1 1 1 1 1 1 1 1 1 1 1 1 1 1 1 1 1 1 1 1 1 1 1 1 1 1 1 1 1 1 1 1 1 1 1 1 1 1 1 1 1 1 1 1 1 1 1 1 1 1 1 1 1 1 1 1 1 1 1 1 1 1 1 1 1 1 1 1 1 1 1 1 1 1 1 1 1 1 1 1 1 1 1 1 1 1 1 1 1 1 1 1 1 1 1 1 1 1 1 1 1 1 1 1 1 1 1 1 1 1 1 1 1 1 1 1 1 1 1 1 1 1 1 1 1 1 1 1 1 1 1 1 1 1 1 1 1 1 1 1 1 1 1 1 1 1 1 1 1 1 1 1 1 1 1 1 1 1 1 1 1 1 1 1 1 1 1 1 1 1 1 1 1 1 1 1 1 1 1 1 1 1 1 1 1 1 1 1 1 1 1 1 1 1 1 1 1 1 1 1 1 1 1 1 1 1 1 1 1 1 1 1 1 1 1 1 1 1 1 1 1 1 1 1 1 1 1 1 1 1 1 1 1 1 1 1 1 1 1 1 1 1 1 1 1 1 1 1 1 1 1 1 1 1 1 1 1 1 1 1 1 1 1 1 1 1 1 1 1 1 1 1 1 1 1 1 1 1 1 1 1 1 1 1 1 1 1 1 1 1 1 1 1 1 1 1 1 1 1 1 1 1 1 1 1 1 1 1 1 1 1 1 1 1 1 1 1 1 1 1 1 1 1 1 1 1 1 1 1 1 1 1 1 1 1 1 1 1 1 1 1 1 1 1 1 1 1 1 1 1 1 1 1 1 1 1 1 1 1 1 1 1 1 1 1 1 1 1 1 1 1 1 1 1 1 1 1 1 1 1 1 1 1 1 1 1 1 1 1 1 1 1 1 1 1 1 1 1 1 1 1 1 1 1 1 1 1 1 1 1 1 1 1 1 1 1 1 1 1 1 1 1 1 1 1 1 1 1 1 1 1 1 1 1 1 1 1 1 1 1 1 1 1 1 1 1 1 1 1 1 1 1 1 1 1 1 1 1 1 1 1 1 1 1 1 1 1 1 1 1 1 1 1 1 1 1 1 1 1 1 1 1 1 1 1 1 1 1 1 1 1 1 1 1 1 1 1 1 1 1 1 1 1 1 1 1 1 1 1 1 1 1 1 1 1 1 1 1 1 1 1 1 1 1 1 1 1 1 1 1 1 1 1 1 1 1 1 1 1 1 1 1 1 1 1 1 1 1 1 1 1 1 1 1 1 1 1 1 1 1 1 1 1 1 1 1 1 1 1 1 1 1 1 1 1 1 1 1 1 1 1 1 1 1 1 1 1 1 1 1 1 1 1 1 1 1 1 1 1 1 1 1 1 1 1 1 1 1 1 1 1 1 1 1 1 1 1 1 1 1 1 1 1 1 1 1 1 1 1 1 1 1 1 1 1 1 1 1 1 1 1 1 1 1 1 1 1 1 1 1 1 1 1 1 1 1 1 1 1 1 1 1 1 1 1 1 1 1 1 1 1 1 1 1 1 1 1 1 1 1 1 1 1 1 1 1 1 1 1 1 1 1 1 1 1 1 1 1 1 1 1 1 1 1 1 1 1 1 1 1 1 1 1 1 1 1 1 1 1 1 1 1 1 1 1 1 1 1 1 1 1 1 1 1 1 1 1 1 1 1 1 1 1 1 1 1 1 1 1 1 1 1 1 1 1 1 1 1 1 1 1 1 1 1 1 1 1 1 1 1 1 1 1 1 1 1 1 1 1 1 1 1 1 1 1 1 1 1 1 1 1 1 1 1 1 1 1 1 1 1 1 1 1 1 1 1 1 1 1 1 1 1 1 1 1 1 1 1 1 1 1 1 1 1 1 1 1 1 1 1 1 1 1 1 1 1 1 1 1 1 1 1 1 1 1 1 1 1 1 1 1 1 1 1 1 1 1 1 1 1 1 1 1 1 1 1 1 1 1 1 1 1 1 1 1 1 1 1 1 1 1 1 1 1 1 1 1 1 1 1 1 1 1 1 1 1 1 1 1 1 1 1 1 1 1 1 1 1 1 1 1 1 1 1 1 1 1 1 1 1 1 1 1 1 1 1 1 1 1 1 1 1 1 1 1 1 1 1 1 1 1 1 1 1 1 1 1 1 1 1 1 1 1 1 1 1 1 1 1 1 1 1 1 1 1 1 1 1 1 1 1 1 1 1 1 1 1 1 1 1 1 1 1 1 1 1 1 1 1 1 1 1 1 1 1 1 1 1 1 1 1 1 1 1 1 1 1 1 1 1 1 1 1 1 1 1 1 1 1 1 1 1 1 1 1 1 1 1 1 1 1 1 1 1 1 1 1 1 1 1 1 1 1 1 1 1 1 1 1 1 1 1 1 1 1 1 1 1 1 1 1 1 1 1 1 1 1 1 1 1 1 1 1 1 1 1 1 1 1 1 1 1 1 1 1 1 1 1 1 1 1 1 1 1 1 1 1 1 1 1 1 1 1 1 1 1 1 1 1 1 1 1 1 1 1 1 1 1 1 1 1 1 1 1 1 1 1 1 1 1 1 1 1 1 1 1 1 1 1 1 1 1 1 1 1 1 1 1 1 1 1 1 1 1 1 1 1 1 1 1 1 1 1 1 1 1 1 1 1 1 1 1 1 1 1 1 1 1 1 1 1 1 1 1 1 1 1 1 1 1 1 1 1 1 1 1 1 1 1 1 1 1 1 1 1 1 1 1 1 1 1 1 1 1 1 1 1 1 1 1 1 1 1 1 1 1 1 1 1 1 1 1 1 1 1 1 1 1 1 1 1 1 1 1 1 1 1 1 1 1 1 1 1 1 1 1 1 1 1 1 1 1 1 1 1 1 1 1 1 1 1 1 1 1 1 1 1 1 1 1 1 1 1 1 1 1 1 1 1 1 1 1 1 1 1 1 1 1 1 1 1 1 1 1 1 1 1 1 1 1 1 1 1 1 1 1 1 1 1 1 1 1 1 1 1 1 1 1 1 1 1 1 1 1 1 1 1 1 1 1 1 1 1 1 1 1 1 1 1 1 1 1 1 1 1 1 1 1 1 1 1 1 1 1 1 1 1 1 1 1 1 1 1 1 1 1 1 1 1 1 1 1 1 1 1 1 1 1 1 1 1 1 1 1 1 1 1 1 1 1 1 1 1 1 1 1 1 1 1 1 1 1 1 1 1 1 1 1 1 1 1 1 1 1 1 1 1 1 1 1 1 1 1 1 1 1 1 1 1 1 1 1 1 1 1 1 1 1 1 1 1 1 1 1 1 1 1 1 1 1 1 1 1 1 1 1 1 1 1 1 1 1 1 1 1 1 1 1 1 1 1 1 1 1 1 1 1 1 1 1 1 1 1 1 1 1 1 1 1 1 1 1 1 1 1 1 1 1 1 1 1 1 1 1 1 1 1 1 1 1 1 1 1 1 1 1 1 1 1 1 1 1 1 1 1 1 1 1 1 1 1 1 1 1 1 1 1 1 1 1 1 1 1 1 1 1 1 1 1 1 1 1 1 1 1 1 1 1 1 1 1 1 1 1 1 1 1 1 1 1 1 1 1 1 1 1 1 1 1 1 1 1 1 1 1 1 1 1 1 1 1 1 1 1 1 1 1 1 1 1 1 1 1 1 1 1 1 1 1 1 1 1 1 1 1 1 1 1 1 1 1 1 1 1 1 1 1 1 1 1 1 1 1 1 1 1 1 1 1 1 1 1 1 1 1 1 1 1 1 1 1 1 1 1 1 1 1 1 1 1 1 1 1 1 1 1 1 1 1 1 1 1 1 1 1 1 1 1 1 1 1 1 1 1 1 1 1 1 1 1 1 1 1 1 1 1 1 1 1 1 1 1 1 1 1 1 1 1 1 1 1 1 1 1 1 1 1 1 1 1 1 1 1 1 1 1 1 1 1 1 1 1 1 1 1 1 1 1 1 1 1 1 1 1 1 1 1 1 1 1 1 1 1 1 1 1 1 1 1 1 1 1 1 1 1 1 1 1 1 1 1 1 1 1 1 1 1 1 1 1 1 1 1 1 1 1 1 1 1 1 1 1 1 1 1 1 1 1 1 1 1 1 1 1 1 1 1 1 1 1 1 1 1 1 1 1 1 1 1 1 1 1 1 1 1 1 1 1 1 1 1 1 1 1 1 1 1 1 1 1 1 1 1 1 1 1 1 1 1 1 1 1 1 1 1 1 1 1 1 1 1 1 1 1 1 1 1 1 1 1 1 1 1 1 1 1 1 1 1 1 1 1 1 1 1 1 1 1 1 1 1 1 1 1 1 1 1 1 1 1 1 1 1 1 1 1 1 1 1 1 1 1 1 1 1 1 1 1 1 1 1 1 1 1 1 1 1 1 1 1 1 1 1 1 1 1 1 1 1 1 1 1 1 1 1 1 1 1 1 1 1 1 1 1 1 1 1 1 1 1 1 1 1 1 1 1 1 1 1 1 1 1 1 1 1 1 1 1 1 1 1 1 1 1 1 1 1 1 1 1 1 1 1 1 1 1 1 1 1 1 1 1 1 1 1 1 1 1 1 1 1 1 1 1 1 1 1 1 1 1 1 1 1 1 1 1 1 1 1 1 1 1 1 1 1 1 1 1 1 1 1 1 1 1 1 1 1 1 1 1 1 1 1 1 1 1 1 1 1 1 1 1 1 1 1 1 1 1 1 1 1 1 1 1 1 1 1 1 1 1 1 1 1 1 1 1 1 1 1 1 1 1 1 1 1 1 1 1 1 1 1 1 1 1 1 1 1 1 1 1 1 1 1 1 1 1 1 1 1 1 1 1 1 1 1 1 1 1 1 1 1 1 1 1 1 1 1 1 1 1 1 1 1 1 1 1 1 1 1 1 1 1 1 1 1 1 1 1 1 1 1 1 1 1 1 1 1 1 1 1 1 1 1 1 1 1 1 1 1 1 1 1 1 1 1 1 1 1 1 1 1 1 1 1 1 1 1 1 1 1 1 1 1 1 1 1 1 1 1 1 1 1 1 1 1 1 1 1 1 1 1 1 1 1 1 1 1 1 1 1 1 1 1 1 1 1 1 1 1 1 1 1 1 1 1 1 1 1 1 1 1 1 1 1 1 1 1 1 1 1 1 1 1 1 1 1 1 1 1 1 1 1 1 1 1 1 1 1 1 1 1 1 1 1 1 1 1 1 1 1 1 1 1 1 1 1 1 1 1 1 1 1 1 1 1 1 1 1 1 1 1 1 1 1 1 1 1 1 1 1 1 1 1 1 1 1 1 1 1 1 1 1 1 1 1 1 1 1 1 1 1 1 1 1 1 1 1 1 1 1 1 1 1 1 1 1 1 1 1 1 1 1 1 1 1 1 1 1 1 1 1 1 1 1 1 1 1 1 1 1 1 1 1 1 1 1 1 1 1 1 1 1 1 1 1 1 1 1 1 1 1 1 1 1 1 1 1 1 1 1 1 1 1 1 1 1 1 1 1 1 1 1 1 1 1 1 1 1 1 1 1 1 1 1 1 1 1 1 1 1 1 1 1 1 1 1 1 1 1 1 1 1 1 1 1 1 1 1 1 1 1 1 1 1 1 1 1 1 1 1 1 1 1 1 1 1 1 1 1 1 1 1 1 1 1 1 1 1 1 1 1 1 1 1 1 1 1 1 1 1 1 1 1 1 1 1 1 1 1 1 1 1 1 1 1 1 1 1 1 1 1 1 1 1 1 1 1 1 1 1 1 1 1 1 1 1 1 1 1 1 1 1 1 1 1 1 1 1 1 1 1 1 1 1 1 1 1 1 1 1 1 1 1 1 1 1 1 1 1 1 1 1 1 1 1 1 1 1 1 1 1 1 1 1 1 1 1 1 1 1 1 1 1 1 1 1 1 1 1 1 1 1 1 1 1 1 1 1 1 1 1 1 1 1 1 1 1 1 1 1 1 1 1 1 1 1 1 1 1 1 1 1 1 1 1 1 1 1 1 1 1 1 1 1 1 1 1 1 1 1 1 1 1 1 1 1 1 1 1 1 1 1 1 1 1 1 1 1 1 1 1 1 1 1 1 1 1 1 1 1 1 1 1 1 1 1 1 1 1 1 1 1 1 1 1 1 1 1 1 1 1 1 1 1 1 1 1 1 1 1 1 1 1 1 1 1 1 1 1 1 1 1 1 1 1 1 1 1 1 1 1 1 1 1 1 1 1 1 1 1 1 1 1 1 1 1 1 1 1 1 1 1 1 1 1 1 1 1 1 1 1 1 1 1 1 1 1 1 1 1 1 1 1 1 1 1 1 1 1 1 1 1 1 1 1 1 1 1 1 1 1 1 1 1 1 1 1 1 1 1 1 1 1 1 1 1 1 1 1 1 1 1 1 1 1 1 1 1 1 1 1 1 1 1 1 1 1 1 1 1 1 1 1 1 1 1 1 1 1 1 1 1 1 1 1 1 1 1 1 1 1 1 1 1 1 1 1 1 1 1 1 1 1 1 1 1 1 1 1 1 1 1 1 1 1 1 1 1 1 1 1 1 1 1 1 1 1 1 1 1 1 1 1 1 1 1 1 1 1 1 1 1 1 1 1 1 1 1 1 1 1 1 1 1 1 1 1 1 1 1 1 1 1 1 1 1 1 1 1 1 1 1 1 1 1 1 1 1 1 1 1 1 1 1 1 1 1 1 1 1 1 1 1 1 1 1 1 1 1 1 1 1 1 1 1 1 1 1 1 1 1 1 1 1 1 1 1 1 1 1 1 1 1 1 1 1 1 1 1 1 1 1 1 1 1 1 1 1 1 1 1 1 1 1 1 1 1 1 1 1 1 1 1 1 1 1 1 1 1 1 1 1 1 1 1 1 1 1 1 1 1 1 1 1 1 1 1 1 1 1 1 1 1 1 1 1 1 1 1 1 1 1 1 1 1 1 1 1 1 1 1 1 1 1 1 1 1 1 1 1 1 1 1 1 1 1 1 1 1 1 1 1 1 1 1 1 1 1 1 1 1 1 1 1 1 1 1 1 1 1 1 1 1 1 1 1 1 1 1 1 1 1 1 1 1 1 1 1 1 1 1 1 1 1 1 1 1 1 1 1 1 1 1 1 1 1 1 1 1 1 1 1 1 1 1 1 1 1 1 1 1 1 1 1 1 1 1 1 1 1 1 1 1 1 1 1 1 1 1 1 1 1 1 1 1 1 1 1 1 1 1 1 1 1 1 1 1 1 1 1 1 1 1 1 1 1 1 1 1 1 1 1 1 1 1 1 1 1 1 1 1 1 1 1 1 1 1 1 1 1 1 1 1 1 1 1 1 1 1 1 1 1 1 1 1 1 1 1 1 1 1 1 1 1 1 1 1 1 1 1 1 1 1 1 1 1 1 1 1 1 1 1 1 1 1 1 1 1 1 1 1 1 1 1 1 1 1 1 1 1 1 1 1 1 1 1 1 1 1 1 1 1 1 1 1 1 1 1 1 1 1 1 1 1 1 1 1 1 1 1 1 1 1 1 1 1 1 1 1 1 1 1 1 1 1 1 1 1 1 1 1 1 1 1 1 1 1 1 1 1 1 1 1 1 1 1 1 1 1 1 1 1 1 1 1 1 1 1 1 1 1 1 1 1 1 1 1 1 1 1 1 1 1 1 1 1 1 1 1 1 1 1 1 1 1 1 1 1 1 1 1 1 1 1 1 1 1 1 1 1 1 1 1 1 1 1 1 1 1 1 1 1 1 1 1 1 1 1 1 1 1 1 1 1 1 1 1 1 1 1 1 1 1 1 1 1 1 1 1 1 1 1 1 1 1 1 1 1 1 1 1 1 1 1 1 1 1 1 1 1 1 1 1 1 1 1 1 1 1 1 1 1 1 1 1 1 1 1 1 1 1 1 1 1 1 1 1 1 1 1 1 1 1 1 1 1 1 1 1 1 1 1 1 1 1 1 1 1 1 1 1 1 1 1 1 1 1 1 1 1 1 1 1 1 1 1 1 1 1 1 1 1 1 1 1 1 1 1 1 1 1 1 1 1 1 1 1 1 1 1 1 1 1 1 1 1 1 1 1 1 1 1 1 1 1 1 1 1 1 1 1 1 1 1 1 1 1 1 1 1 1 1 1 1 1 1 1 1 1 1 1 1 1 1 1 1 1 1 1 1 1 1 1 1 1 1 1 1 1 1 1 1 1 1 1 1 1 1 1 1 1 1 1 1 1 1 1 1 1 1 1 1 1 1 1 1 1 1 1 1 1 1 1 1 1 1 1 1 1 1 1 1 1 1 1 1 1 1 1 1 1 1 1 1 1 1 1 1 1 1 1 1 1 1 1 1 1 1 1 1 1 1 1 1 1 1 1 1 1 1 1 1 1 1 1 1 1 1 1 1 1 1 1 1 1 1 1 1 1 1 1 1 1 1 1 1 1 1 1 1 1 1 1 1 1 1 1 1 1 1 1 1 1 1 1 1 1 1 1 1 1 1 1 1 1 1 1 1 1 1 1 1 1 1 1 1 1 1 1 1 1 1 1 1 1 1 1 1 1 1 1 1 1 1 1 1 1 1 1 1 1 1 1 1 1 1 1 1 1 1 1 1 1 1 1 1 1 1 1 1 1 1 1 1 1 1 1 1 1 1 1 1 1 1 1 1 1 1 1 1 1 1 1 1 1 1 1 1 1 1 1 1 1 1 1 1 1 1 1 1 1 1 1 1 1 1 1 1 1 1 1 1 1 1 1 1 1 1 1 1 1 1 1 1 1 1 1 1 1 1 1 1 1 1 1 1 1 1 1 1 1 1 1 1 1 1 1 1 1 1 1 1 1 1 1 1 1 1 1 1 1 1 1 1 1 1 1 1 1 1 1 1 1 1 1 1 1 1 1 1 1 1 1 1 1 1 1 1 1 1 1 1 1 1 1 1 1 1 1 1 1 1 1 1 1 1 1 1 1 1 1 1 1 1 1 1 1 1 1 1 1 1 1 1 1 1 1 1 1 1 1 1 1 1 1 1 1 1 1 1 1 1 1 1 1 1 1 1 1 1 1 1 1 1 1 1 1 1 1 1 1 1 1 1 1 1 1 1 1 1 1 1 1 1 1 1 1 1 1 1 1 1 1 1 1 1 1 1 1 1 1 1 1 1 1 1 1 1 1 1 1 1 1 1 1 1 1 1 1 1 1 1 1 1 1 1 1 1 1 1 1 1 1 1 1 1 1 1 1 1 1 1 1 1 1 1 1 1 1 1 1 1 1 1 1 1 1 1 1 1 1 1 1 1 1 1 1 1 1 1 1 1 1 1 1 1 1 1 1 1 1 1 1 1 1 1 1 1 1 1 1 1 1 1 1 1 1 1 1 1 1 1 1 1 1 1 1 1 1 1 1 1 1 1 1 1 1 1 1 1 1 1 1 1 1 1 1 1 1 1 1 1 1 1 1 1 1 1 1 1 1 1 1 1 1 1 1 1 1 1 1 1 1 1 1 1 1 1 1 1 1 1 1 1 1 1 1 1 1 1 1 1 1 1 1 1 1 1 1 1 1 1 1 1 1 1 1 1 1 1 1 1 1 1 1 1 1 1 1 1 1 1 1 1 1 1 1 1 1 1 1 1 1 1 1 1 1 1 1 1 1 1 1 1 1 1 1 1 1 1 1 1 1 1 1 1 1 1 1 1 1 1 1 1 1 1 1 1 1 1 1 1 1 1 1 1 1 1 1 1 1 1 1 1 1 1 1 1 1 1 1 1 1 1 1 1 1 1 1 1 1 1 1 1 1 1 1 1 1 1 1 1 1 1 1 1 1 1 1 1 1 1 1 1 1 1 1 1 1 1 1 1 1 1 1 1 1 1 1 1 1 1 1 1 1 1 1 1 1 1 1 1 1 1 1 1 1 1 1 1 1 1 1 1 1 1 1 1 1 1 1 1 1 1 1 1 1 1 1 1 1 1 1 1 1 1 1 1 1 1 1 1 1 1 1 1 1 1 1 1 1 1 1 1 1 1 1 1 1 1 1 1 1 1 1 1 1 1 1 1 1 1 1 1 1 1 1 1 1 1 1 1 1 1 1 1 1 1 1 1 1 1 1 1 1 1 1 1 1 1 1 1 1 1 1 1 1 1 1 1 1 1 1 1 1 1 1 1 1 1 1 1 1 1 1 1 1 1 1 1 1 1 1 1 1 1 1 1 1 1 1 1 1 1 1 1 1 1 1 1 1 1 1 1 1 1 1 1 1 1 1 1 1 1 1 1 1 1 1 1 1 1 1 1 1 1 1 1 1 1 1 1 1 1 1 1 1 1 1 1 1 1 1 1 1 1 1 1 1 1 1 1 1 1 1 1 1 1 1 1 1 1 1 1 1 1 1 1 1 1 1 1 1 1 1 1 1 1 1 1 1 1 1 1 1 1 1 1 1 1 1 1 1 1 1 1 1 1 1 1 1 1 1 1 1 1 1 1 1 1 1 1 1 1 1 1 1 1 1 1 1 1 1 1 1 1 1 1 1 1 1 1 1 1 1 1 1 1 1 1 1 1 1 1 1 1 1 1 1 1 1 1 1 1 1 1 1 1 1 1 1 1 1 1 1 1 1 1 1 1 1 1 1 1 1 1 1 1 1 1 1 1 1 1 1 1 1 1 1 1 1 1 1 1 1 1 1 1 1 1 1 1 1 1 1 1 1 1 1 1 1 1 1 1 1 1 1 1 1 1 1 1 1 1 1 1 1 1 1 1 1 1 1 1 1 1 1 1 1 1 1 1 1 1 1 1 1 1 1 1 1 1 1 1 1 1 1 1 1 1 1 1 1 1 1 1 1 1 1 1 1 1 1 1 1 1 1 1 1 1 1 1 1 1 1 1 1 1 1 1 1 1 1 1 1 1 1 1 1 1 1 1 1 1 1 1 1 1 1 1 1 1 1 1 1 1 1 1 1 1 1 1 1 1 1 1 1 1 1 1 1 1 1 1 1 1 1 1 1 1 1 1 1 1 1 1 1 1 1 1 1 1 1 1 1 1 1 1 1 1 1 1 1 1 1 1 1 1 1 1 1 1 1 1 1 1 1 1 1 1 1 1 1 1 1 1 1 1 1 1 1 1 1 1 1 1 1 1 1 1 1 1 1 1 1 1 1 1 1 1 1 1 1 1 1 1 1 1 1 1 1 1 1 1 1 1 1 1 1 1 1 1 1 1 1 1 1 1 1 1 1 1 1 1 1 1 1 1 1 1 1 1 1 1 1 1 1 1 1 1 1 1 1 1 1 1 1 1 1 1 1 1 1 1 1 1 1 1 1 1 1 1 1 1 1 1 1 1 1 1 1 1 1 1 1 1 1 1 1 1 1 1 1 1 1 1 1 1 1 1 1 1 1 1 1 1 1 1 1 1 1 1 1 1 1 1 1 1 1 1 1 1 1 1 1 1 1 1 1 1 1 1 1 1 1 1 1 1 1 1 1 1 1 1 1 1 1 1 1 1 1 1 1 1 1 1 1 1 1 1 1 1 1 1 1 1 1 1 1 1 1 1 1 1 1 1 1 1 1 1 1 1 1 1 1 1 1 1 1 1 1 1 1 1 1 1 1 1 1 1 1 1 1 1 1 1 1 1 1 1 1 1 1 1 1 1 1 1 1 1 1 1 1 1 1 1 1 1 1 1 1 1 1 1 1 1 1 1 1 1 1 1 1 1 1 1 1 1 1 1 1 1 1 1 1 1 1 1 1 1 1 1 1 1 1 1 1 1 1 1 1 1 1 1 1 1 1 1 1 1 1 1 1 1 1 1 1 1 1 1 1 1 1 1 1 1 1 1 1 1 1 1 1 1 1 1 1 1 1 1 1 1 1 1 1 1 1 1 1 1 1 1 1 1 1 1 1 1 1 1 1 1 1 1 1 1 1 1 1 1 1 1 1 1 1 1 1 1 1 1 1 1 1 1 1 1 1 1 1 1 1 1 1 1 1 1 1 1 1 1 1 1 1 1 1 1 1 1 1 1 1 1 1 1 1 1 1 1 1 1 1 1 1 1 1 1 1 1 1 1 1 1 1 1 1 1 1 1 1 1 1 1 1 1 1 1 1 1 1 1 1 1 1 1 1 1 1 1 1 1 1 1 1 1 1 1 1 1 1 1 1 1 1 1 1 1 1 1 1 1 1 1 1 1 1 1 1 1 1 1 1 1 1 1 1 1 1 1 1 1 1 1 1 1 1 1 1 1 1 1 1 1 1 1 1 1 1 1 1 1 1 1 1 1 1 1 1 1 1 1 1 1 1 1 1 1 1 1 1 1 1 1 1 1 1 1 1 1 1 1 1 1 1 1 1 1 1 1 1 1 1 1 1 1 1 1 1 1 1 1 1 1 1 1 1 1 1 1 1 1 1 1 1 1 1 1 1 1 1 1 1 1 1 1 1 1 1 1 1 1 1 1 1 1 1 1 1 1 1 1 1 1 1 1 1 1 1 1 1 1 1 1 1 1 1 1 1 1 1 1 1 1 1 1 1 1 1 1 1 1 1 1 1 1 1 1 1 1 1 1 1 1 1 1 1 1 1 1 1 1 1 1 1 1 1 1 1 1 1 1 1 1 1 1 1 1 1 1 1 1 1 1 1 1 1 1 1 1 1 1 1 1 1 1 1 1 1 1 1 1 1 1 1 1 1 1 1 1 1 1 1 1 1 1 1 1 1 1 1 1 1 1 1 1 1 1 1 1 1 1 1 1 1 1 1 1 1 1 1 1 1 1 1 1 1 1 1 1 1 1 1 1 1 1 1 1 1 1 1 1 1 1 1 1 1 1 1 1 1 1 1 1 1 1 1 1 1 1 1 1 1 1 1 1 1 1 1 1 1 1 1 1 1 1 1 1 1 1 1 1 1 1 1 1 1 1 1 1 1 1 1 1 1 1 1 1 1 1 1 1 1 1 1 1 1 1 1 1 1 1 1 1 1 1 1 1 1 1 1 1 1 1 1 1 1 1 1 1 1 1 1 1 1 1 1 1 1 1 1 1 1 1 1 1 1 1 1 1 1 1 1 1 1 1 1 1 1 1 1 1 1 1 1 1 1 1 1 1 1 1 1 1 1 1 1 1 1 1 1 1 1 1 1 1 1 1 1 1 1 1 1 1 1 1 1 1 1 1 1 1 1 1 1 1 1 1 1 1 1 1 1 1 1 1 1 1 1 1 1 1 1 1 1 1 1 1 1 1 1 1 1 1 1 1 1 1 1 1 1 1 1 1 1 1 1 1 1 1 1 1 1 1 1 1 1 1 1 1 1 1 1 1 1 1 1 1 1 1 1 1 1 1 1 1 1 1 1 1 1 1 1 1 1 1 1 1 1 1 1 1 1 1 1 1 1 1 1 1 1 1 1 1 1 1 1 1 1 1 1 1 1 1 1 1 1 1 1 1 1 1 1 1 1 1 1 1 1 1 1 1 1 1 1 1 1 1 1 1 1 1 1 1 1 1 1 1 1 1 1 1 1 1 1 1 1 1 1 1 1 1 1 1 1 1 1 1 1 1 1 1 1 1 1 1 1 1 1 1 1 1 1 1 1 1 1 1 1 1 1 1 1 1 1 1 1 1 1 1 1 1 1 1 1 1 1 1 1 1 1 1 1 1 1 1 1 1 1 1 1 1 1 1 1 1 1 1 1 1 1 1 1 1 1 1 1 1 1 1 1 1 1 1 1 1 1 1 1 1 1 1 1 1 1 1 1 1 1 1 1 1 1 1 1 1 1 1 1 1 1 1 1 1 1 1 1 1 1 1 1 1 1 1 1 1 1 1 1 1 1 1 1 1 1 1 1 1 1 1 1 1 1 1 1 1 1 1 1 1 1 1 1 1 1 1 1 1 1 1 1 1 1 1 1 1 1 1 1 1 1 1 1 1 1 1 1 1 1 1 1 1 1 1 1 1 1 1 1 1 1 1 1 1 1 1 1 1 1 1 1 1 1 1 1 1 1 1 1 1 1 1 1 1 1 1 1 1 1 1 1 1 1 1 1 1 1 1 1 1 1 1 1 1 1 1 1 1 1 1 1 1 1 1 1 1 1 1 1 1 1 1 1 1 1 1 1 1 1 1 1 1 1 1 1 1 1 1 1 1 1 1 1 1 1 1 1 1 1 1 1 1 1 1 1 1 1 1 1 1 1 1 1 1 1 1 1 1 1 1 1 1 1 1 1 1 1 1 1 1 1 1 1 1 1 1 1 1 1 1 1 1 1 1 1 1 1 1 1 1 1 1 1 1 1 1 1 1 1 1 1 1 1 1 1 1 1 1 1 1 1 1 1 1 1 1 1 1 1 1 1 1 1 1 1 1 1 1 1 1 1 1 1 1 1 1 1 1 1 1 1 1 1 1 1 1 1 1 1 1 1 1 1 1 1 1 1 1 1 1 1 1 1 1 1 1 1 1 1 1 1 1 1 1 1 1 1 1 1 1 1 1 1 1 1 1 1 1 1 1 1 1 1 1 1 1 1 1 1 1 1 1 1 1 1 1 1 1 1 1 1 1 1 1 1 1 1 1 1 1 1 1 1 1 1 1 1 1 1 1 1 1 1 1 1 1 1 1 1 1 1 1 1 1 1 1 1 1 1 1 1 1 1 1 1 1 1 1 1 1 1 1 1 1 1 1 1 1 1 1 1 1 1 1 1 1 1 1 1 1 1 1 1 1 1 1 1 1 1 1 1 1 1 1 1 1 1 1 1 1 1 1 1 1 1 1 1 1 1 1 1 1 1 1 1 1 1 1 1 1 1 1 1 1 1 1 1 1 1 1 1 1 1 1 1 1 1 1 1 1 1 1 1 1 1 1 1 1 1 1 1 1 1 1 1 1 1 1 1 1 1 1 1 1 1 1 1 1 1 1 1 1 1 1 1 1 1 1 1 1 1 1 1 1 1 1 1 1 1 1 1 1 1 1 1 1 1 1 1 1 1 1 1 1 1 1 1 1 1 1 1 1 1 1 1 1 1 1 1 1 1 1 1 1 1 1 1 1 1 1 1 1 1 1 1 1 1 1 1 1 1 1 1 1 1 1 1 1 1 1 1 1 1 1 1 1 1 1 1 1 1 1 1 1 1 1 1 1 1 1 1 1 1 1 1 1 1 1 1 1 1 1 1 1 1 1 1 1 1 1 1 1 1 1 1 1 1 1 1 1 1 1 1 1 1 1 1 1 1 1 1 1 1 1 1 1 1 1 1 1 1 1 1 1 1 1 1 1 1 1 1 1 1 1 1 1 1 1 1 1 1 1 1 1 1 1 1 1 1 1 1 1 1 1 1 1 1 1 1 1 1 1 1 1 1 1 1 1 1 1 1 1 1 1 1 1 1 1 1 1 1 1 1 1 1 1 1 1 1 1 1 1 1 1 1 1 1 1 1 1 1 1 1 1 1 1 1 1 1 1 1 1 1 1 1 1 1 1 1 1 1 1 1 1 1 1 1 1 1 1 1 1 1 1 1 1 1 1 1 1 1 1 1 1 1 1 1 1 1 1 1 1 1 1 1 1 1 1 1 1 1 1 1 1 1 1 1 1 1 1 1 1 1 1 1 1 1 1 1 1 1 1 1 1 1 1 1 1 1 1 1 1 1 1 1 1 1 1 1 1 1 1 1 1 1 1 1 1 1 1 1 1 1 1 1 1 1 1 1 1 1 1 1 1 1 1 1 1 1 1 1 1 1 1 1 1 1 1 1 1 1 1 1 1 1 1 1 1 1 1 1 1 1 1 1 1 1 1 1 1 1 1 1 1 1 1 1 1 1 1 1 1 1 1 1 1 1 1 1 1 1 1 1 1 1 1 1 1 1 1 1 1 1 1 1 1 1 1 1 1 1 1 1 1 1 1 1 1 1 1 1 1 1 1 1 1 1 1 1 1 1 1 1 1 1 1 1 1 1 1 1 1 1 1 1 1 1 1 1 1 1 1 1 1 1 1 1 1 1 1 1 1 1 1 1 1 1 1 1 1 1 1 1 1 1 1 1 1 1 1 1 1 1 1 1 1 1 1 1 1 1 1 1 1 1 1 1 1 1 1 1 1 1 1 1 1 1 1 1 1 1 1 1 1 1 1 1 1 1 1 1 1 1 1 1 1 1 1 1 1 1 1 1 1 1 1 1 1 1 1 1 1 1 1 1 1 1 1 1 1 1 1 1 1 1 1 1 1 1 1 1 1 1 1 1 1 1 1 1 1 1 1 1 1 1 1 1 1 1 1 1 1 1 1 1 1 1 1 1 1 1 1 1 1 1 1 1 1 1 1 1 1 1 1 1 1 1 1 1 1 1 1 1 1 1 1 1 1 1 1 1 1 1 1 1 1 1 1 1 1 1 1 1 1 1 1 1 1 1 1 1 1 1 1 1 1 1 1 1 1 1 1 1 1 1 1 1 1 1 1 1 1 1 1 1 1 1 1 1 1 1 1 1 1 1 1 1 1 1 1 1 1 1 1 1 1 1 1 1 1 1 1 1 1 1 1 1 1 1 1 1 1 1 1 1 1 1 1 1 1 1 1 1 1 1 1 1 1 1 1 1 1 1 1 1 1 1 1 1 1 1 1 1 1 1 1 1 1 1 1 1 1 1 1 1 1 1 1 1 1 1 1 1 1 1 1 1 1 1 1 1 1 1 1 1 1 1 1 1 1 1 1 1 1 1 1 1 1 1 1 1 1 1 1 1 1 1 1 1 1 1 1 1 1 1 1 1 1 1 1 1 1 1 1 1 1 1 1 1 1 1 1 1 1 1 1 1 1 1 1 1 1 1 1 1 1 1 1 1 1 1 1 1 1 1 1 1 1 1 1 1 1 1 1 1 1 1 1 1 1 1 1 1 1 1 1 1 1 1 1 1 1 1 1 1 1 1 1 1 1 1 1 1 1 1 1 1 1 1 1 1 1 1 1 1 1 1 1 1 1 1 1 1 1 1 1 1 1 1 1 1 1 1 1 1 1 1 1 1 1 1 1 1 1 1 1 1 1 1 1 1 1 1 1 1 1 1 1 1 1 1 1 1 1 1 1 1 1 1 1 1 1 1 1 1 1 1 1 1 1 1 1 1 1 1 1 1 1 1 1 1 1 1 1 1 1 1 1 1 1 1 1 1 1 1 1 1 1 1 1 1 1 1 1 1 1 1 1 1 1 1 1 1 1 1 1 1 1 1 1 1 1 1 1 1 1 1 1 1 1 1 1 1 1 1 1 1 1 1 1 1 1 1 1 1 1 1 1 1 1 1 1 1 1 1 1 1 1 1 1 1 1 1 1 1 1 1 1 1 1 1 1 1 1 1 1 1 1 1 1 1 1 1 1 1 1 1 1 1 1 1 1 1 1 1 1 1 1 1 1 1 1 1 1 1 1 1 1 1 1 1 1 1 1 1 1 1 1 1 1 1 1 1 1 1 1 1 1 1 1 1 1 1 1 1 1 1 1 1 1 1 1 1 1 1 1 1 1 1 1 1 1 1 1 1 1 1 1 1 1 1 1 1 1 1 1 1 1 1 1 1 1 1 1 1 1 1 1 1 1 1 1 1 1 1 1 1 1 1 1 1 1 1 1 1 1 1 1 1 1 1 1 1 1 1 1 1 1 1 1 1 1 1 1 1 1 1 1 1 1 1 1 1 1 1 1 1 1 1 1 1 1 1 1 1 1 1 1 1 1 1 1 1 1 1 1 1 1 1 1 1 1 1 1 1 1 1 1 1 1 1 1 1 1 1 1 1 1 1 1 1 1 1 1 1 1 1 1 1 1 1 1 1 1 1 1 1 1 1 1 1 1 1 1 1 1 1 1 1 1 1 1 1 1 1 1 1 1 1 1 1 1 1 1 1 1 1 1 1 1 1 1 1 1 1 1 1 1 1 1 1 1 1 1 1 1 1 1 1 1 1 1 1 1 1 1 1 1 1 1 1 1 1 1 1 1 1 1 1 1 1 1 1 1 1 1 1 1 1 1 1 1 1 1 1 1 1 1 1 1 1 1 1 1 1 1 1 1 1 1 1 1 1 1 1 1 1 1 1 1 1 1 1 1 1 1 1 1 1 1 1 1 1 1 1 1 1 1 1 1 1 1 1 1 1 1 1 1 1 1 1 1 1 1 1 1 1 1 1 1 1 1 1 1 1 1 1 1 1 1 1 1 1 1 1 1 1 1 1 1 1 1 1 1 1 1 1 1 1 1 1 1 1 1 1 1 1 1 1 1 1 1 1 1 1 1 1 1 1 1 1 1 1 1 1 1 1 1 1 1 1 1 1 1 1 1 1 1 1 1 1 1 1 1 1 1 1 1 1 1 1 1 1 1 1 1 1 1 1 1 1 1 1 1 1 1 1 1 1 1 1 1 1 1 1 1 1 1 1 1 1 1 1 1 1 1 1 1 1 1 1 1 1 1 1 1 1 1 1 1 1 1 1 1 1 1 1 1 1 1 1 1 1 1 1 1 1 1 1 1 1 1 1 1 1 1 1 1 1 1 1 1 1 1 1 1 1 1 1 1 1 1 1 1 1 1 1 1 1 1 1 1 1 1 1 1 1 1 1 1 1 1 1 1 1 1 1 1 1 1 1 1 1 1 1 1 1 1 1 1 1 1 1 1 1 1 1 1 1 1 1 1 1 1 1 1 1 1 1 1 1 1 1 1 1 1 1 1 1 1 1 1 1 1 1 1 1 1 1 1 1 1 1 1 1 1 1 1 1 1 1 1 1 1 1 1 1 1 1 1 1 1 1 1 1 1 1 1 1 1 1 1 1 1 1 1 1 1 1 1 1 1 1 1 1 1 1 1 1 1 1 1 1 1 1 1 1 1 1 1 1 1 1 1 1 1 1 1 1 1 1 1 1 1 1 1 1 1 1 1 1 1 1 1 1 1 1 1 1 1 1 1 1 1 1 1 1 1 1 1 1 1 1 1 1 1 1 1 1 1 1 1 1 1 1 1 1 1 1 1 1 1 1 1 1 1 1 1 1 1 1 1 1 1 1 1 1 1 1 1 1 1 1 1 1 1 1 1 1 1 1 1 1 1 1 1 1 1 1 1 1 1 1 1 1 1 1 1 1 1 1 1 1 1 1 1 1 1 1 1 1 1 1 1 1 1 1 1 1 1 1 1 1 1 1 1 1 1 1 1 1 1 1 1 1 1 1 1 1 1 1 1 1 1 1 1 1 1 1 1 1 1 1 1 1 1 1 1 1 1 1 1 1 1 1 1 1 1 1 1 1 1 1 1 1 1 1 1 1 1 1 1 1 1 1 1 1 1 1 1 1 1 1 1 1 1 1 1 1 1 1 1 1 1 1 1 1 1 1 1 1 1 1 1 1 1 1 1 1 1 1 1 1 1 1 1 1 1 1 1 1 1 1 1 1 1 1 1 1 1 1 1 1 1 1 1 1 1 1 1 1 1 1 1 1 1 1 1 1 1 1 1 1 1 1 1 1 1 1 1 1 1 1 1 1 1 1 1 1 1 1 1 1 1 1 1 1 1 1 1 1 1 1 1 1 1 1 1 1 1 1 1 1 1 1 1 1 1 1 1 1 1 1 1 1 1 1 1 1 1 1 1 1 1 1 1 1 1 1 1 1 1 1 1 1 1 1 1 1 1 1 1 1 1 1 1 1 1 1 1 1 1 1 1 1 1 1 1 1 1 1 1 1 1 1 1 1 1 1 1 1 1 1 1 1 1 1 1 1 1 1 1 1 1 1 1 1 1 1 1 1 1 1 1 1 1 1 1 1 1 1 1 1 1 1 1 1 1 1 1 1 1 1 1 1 1 1 1 1 1 1 1 1 1 1 1 1 1 1 1 1 1 1 1 1 1 1 1 1 1 1 1 1 1 1 1 1 1 1 1 1 1 1 1 1 1 1 1 1 1 1 1 1 1 1 1 1 1 1 1 1 1 1 1 1 1 1 1 1 1 1 1 1 1 1 1 1 1 1 1 1 1 1 1 1 1 1 1 1 1 1 1 1 1 1 1 1 1 1 1 1 1 1 1 1 1 1 1 1 1 1 1 1 1 1 1 1 1 1 1 1 1 1 1 1 1 1 1 1 1 1 1 1 1 1 1 1 1 1 1 1 1 1 1 1 1 1 1 1 1 1 1 1 1 1 1 1 1 1 1 1 1 1 1 1 1 1 1 1 1 1 1 1 1 1 1 1 1 1 1 1 1 1 1 1 1 1 1 1 1 1 1 1 1 1 1 1 1 1 1 1 1 1 1 1 1 1 1 1 1 1 1 1 1 1 1 1 1 1 1 1 1 1 1 1 1 1 1 1 1 1 1 1 1 1 1 1 1 1 1 1 1 1 1 1 1 1 1 1 1 1 1 1 1 1 1 1 1 1 1 1 1 1 1 1 1 1 1 1 1 1 1 1 1 1 1 1 1 1 1 1 1 1 1 1 1 1 1 1 1 1 1 1 1 1 1 1 1 1 1 1 1 1 1 1 1 1 1 1 1 1 1 1 1 1 1 1 1 1 1 1 1 1 1 1 1 1 1 1 1 1 1 1 1 1 1 1 1 1 1 1 1 1 1 1 1 1 1 1 1 1 1 1 1 1 1 1 1 1 1 1 1 1 1 1 1 1 1 1 1 1 1 1 1 1 1 1 1 1 1 1 1 1 1 1 1 1 1 1 1 1 1 1 1 1 1 1 1 1 1 1 1 1 1 1 1 1 1 1 1 1 1 1 1 1 1 1 1 1 1 1 1 1 1 1 1 1 1 1 1 1 1 1 1 1 1 1 1 1 1 1 1 1 1 1 1 1 1 1 1 1 1 1 1 1 1 1 1 1 1 1 1 1 1 1 1 1 1 1 1 1 1 1 1 1 1 1 1 1 1 1 1 1 1 1 1 1 1 1 1 1 1 1 1 1 1 1 1 1 1 1 1 1 1 1 1 1 1 1 1 1 1 1 1 1 1 1 1 1 1 1 1 1 1 1 1 1 1 1 1 1 1 1 1 1 1 1 1 1 1 1 1 1 1 1 1 1 1 1 1 1 1 1 1 1 1 1 1 1 1 1 1 1 1 1 1 1 1 1 1 1 1 1 1 1 1 1 1 1 1 1 1 1 1 1 1 1 1 1 1 1 1 1 1 1 1 1 1 1 1 1 1 1 1 1 1 1 1 1 1 1 1 1 1 1 1 1 1 1 1 1 1 1 1 1 1 1 1 1 1 1 1 1 1 1 1 1 1 1 1 1 1 1 1 1 1 1 1 1 1 1 1 1 1 1 1 1 1 1 1 1 1 1 1 1 1 1 1 1 1 1 1 1 1 1 1 1 1 1 1 1 1 1 1 1 1 1 1 1 1 1 1 1 1 1 1 1 1 1 1 1 1 1 1 1 1 1 1 1 1 1 1 1 1 1 1 1 1 1 1 1 1 1 1 1 1 1 1 1 1 1 1 1 1 1 1 1 1 1 1 1 1 1 1 1 1 1 1 1 1 1 1 1 1 1 1 1 1 1 1 1 1 1 1 1 1 1 1 1 1 1 1 1 1 1 1 1 1 1 1 1 1 1 1 1 1 1 1 1 1 1 1 1 1 1 1 1 1 1 1 1 1 1 1 1 1 1 1 1 1 1 1 1 1 1 1 1 1 1 1 1 1 1 1 1 1 1 1 1 1 1 1 1 1 1 1 1 1 1 1 1 1 1 1 1 1 1 1 1 1 1 1 1 1 1 1 1 1 1 1 1 1 1 1 1 1 1 1 1 1 1 1 1 1 1 1 1 1 1 1 1 1 1 1 1 1 1 1 1 1 1 1 1 1 1 1 1 1 1 1 1 1 1 1 1 1 1 1 1 1 1 1 1 1 1 1 1 1 1 1 1 1 1 1 1 1 1 1 1 1 1 1 1 1 1 1 1 1 1 1 1 1 1 1 1 1 1 1 1 1 1 1 1 1 1 1 1 1 1 1 1 1 1 1 1 1 1 1 1 1 1 1 1 1 1 1 1 1 1 1 1 1 1 1 1 1 1 1 1 1 1 1 1 1 1 1 1 1 1 1 1 1 1 1 1 1 1 1 1 1 1 1 1 1 1 1 1 1 1 1 1 1 1 1 1 1 1 1 1 1 1 1 1 1 1 1 1 1 1 1 1 1 1 1 1 1 1 1 1 1 1 1 1 1 1 1 1 1 1 1 1 1 1 1 1 1 1 1 1 1 1 1 1 1 1 1 1 1 1 1 1 1 1 1 1 1 1 1 1 1 1 1 1 1 1 1 1 1 1 1 1 1 1 1 1 1 1 1 1 1 1 1 1 1 1 1 1 1 1 1 1 1 1 1 1 1 1 1 1 1 1 1 1 1 1 1 1 1 1 1 1 1 1 1 1 1 1 1 1 1 1 1 1 1 1 1 1 1 1 1 1 1 1 1 1 1 1 1 1 1 1 1 1 1 1 1 1 1 1 1 1 1 1 1 1 1 1 1 1 1 1 1 1 1 1 1 1 1 1 1 1 1 1 1 1 1 1 1 1 1 1 1 1 1 1 1 1 1 1 1 1 1 1 1 1 1 1 1 1 1 1 1 1 1 1 1 1 1 1 1 1 1 1 1 1 1 1 1 1 1 1 1 1 1 1 1 1 1 1 1 1 1 1 1 1 1 1 1 1 1 1 1 1 1 1 1 1 1 1 1 1 1 1 1 1 1 1 1 1 1 1 1 1 1 1 1 1 1 1 1 1 1 1 1 1 1 1 1 1 1 1 1 1 1 1 1 1 1 1 1 1 1 1 1 1 1 1 1 1 1 1 1 1 1 1 1 1 1 1 1 1 1 1 1 1 1 1 1 1 1 1 1 1 1 1 1 1 1 1 1 1 1 1 1 1 1 1 1 1 1 1 1 1 1 1 1 1 1 1 1 1 1 1 1 1 1 1 1 1 1 1 1 1 1 1 1 1 1 1 1 1 1 1 1 1 1 1 1 1 1 1 1 1 1 1 1 1 1 1 1 1 1 1 1 1 1 1 1 1 1 1 1 1 1 1 1 1 1 1 1 1 1 1 1 1 1 1 1 1 1 1 1 1 1 1 1 1 1 1 1 1 1 1 1 1 1 1 1 1 1 1 1 1 1 1 1 1 1 1 1 1 1 1 1 1 1 1 1 1 1 1 1 1 1 1 1 1 1 1 1 1 1 1 1 1 1 1 1 1 1 1 1 1 1 1 1 1 1 1 1 1 1 1 1 1 1 1 1 1 1 1 1 1 1 1 1 1 1 1 1 1 1 1 1 1 1 1 1 1 1 1 1 1 1 1 1 1 1 1 1 1 1 1 1 1 1 1 1 1 1 1 1 1 1 1 1 1 1 1 1 1 1 1 1 1 1 1 1 1 1 1 1 1 1 1 1 1 1 1 1 1 1 1 1 1 1 1 1 1 1 1 1 1 1 1 1 1 1 1 1 1 1 1 1 1 1 1 1 1 1 1 1 1 1 1 1 1 1 1 1 1 1 1 1 1 1 1 1 1 1 1 1 1 1 1 1 1 1 1 1 1 1 1 1 1 1 1 1 1 1 1 1 1 1 1 1 1 1 1 1 1 1 1 1 1 1 1 1 1 1 1 1 1 1 1 1 1 1 1 1 1 1 1 1 1 1 1 1 1 1 1 1 1 1 1 1 1 1 1 1 1 1 1 1 1 1 1 1 1 1 1 1 1 1 1 1 1 1 1 1 1 1 1 1 1 1 1 1 1 1 1 1 1 1 1 1 1 1 1 1 1 1 1 1 1 1 1 1 1 1 1 1 1 1 1 1 1 1 1 1 1 1 1 1 1 1 1 1 1 1 1 1 1 1 1 1 1 1 1 1 1 1 1 1 1 1 1 1 1 1 1 1 1 1 1 1 1 1 1 1 1 1 1 1 1 1 1 1 1 1 1 1 1 1 1 1 1 1 1 1 1 1 1 1 1 1 1 1 1 1 1 1 1 1 1 1 1 1 1 1 1 1 1 1 1 1 1 1 1 1 1 1 1 1 1 1 1 1 1 1 1 1 1 1 1 1 1 1 1 1 1 1 1 1 1 1 1 1 1 1 1 1 1 1 1 1 1 1 1 1 1 1 1 1 1 1 1 1 1 1 1 1 1 1 1 1 1 1 1 1 1 1 1 1 1 1 1 1 1 1 1 1 1 1 1 1 1 1 1 1 1 1 1 1 1 1 1 1 1 1 1 1 1 1 1 1 1 1 1 1 1 1 1 1 1 1 1 1 1 1 1 1 1 1 1 1 1 1 1 1 1 1 1 1 1 1 1 1 1 1 1 1 1 1 1 1 1 1 1 1 1 1 1 1 1 1 1 1 1 1 1 1 1 1 1 1 1 1 1 1 1 1 1 1 1 1 1 1 1 1 1 1 1 1 1 1 1 1 1 1 1 1 1 1 1 1 1 1 1 1 1 1 1 1 1 1 1 1 1 1 1 1 1 1 1 1 1 1 1 1 1 1 1 1 1 1 1 1 1 1 1 1 1 1 1 1 1 1 1 1 1 1 1 1 1 1 1 1 1 1 1 1 1 1 1 1 1 1 1 1 1 1 1 1 1 1 1 1 1 1 1 1 1 1 1 1 1 1 1 1 1 1 1 1 1 1 1 1 1 1 1 1 1 1 1 1 1 1 1 1 1 1 1 1 1 1 1 1 1 1 1 1 1 1 1 1 1 1 1 1 1 1 1 1 1 1 1 1 1 1 1 1 1 1 1 1 1 1 1 1 1 1 1 1 1 1 1 1 1 1 1 1 1 1 1 1 1 1 1 1 1 1 1 1 1 1 1 1 1 1 1 1 1 1 1 1 1 1 1 1 1 1 1 1 1 1 1 1 1 1 1 1 1 1 1 1 1 1 1 1 1 1 1 1 1 1 1 1 1 1 1 1 1 1 1 1 1 1 1 1 1 1 1 1 1 1 1 1 1 1 1 1 1 1 1 1 1 1 1 1 1 1 1 1 1 1 1 1 1 1 1 1 1 1 1 1 1 1 1 1 1 1 1 1 1 1 1 1 1 1 1 1 1 1 1 1 1 1 1 1 1 1 1 1 1 1 1 1 1 1 1 1 1 1 1 1 1 1 1 1 1 1 1 1 1 1 1 1 1 1 1 1 1 1 1 1 1 1 1 1 1 1 1 1 1 1 1 1 1 1 1 1 1 1 1 1 1 1 1 1 1 1 1 1 1 1 1 1 1 1 1 1 1 1 1 1 1 1 1 1 1 1 1 1 1 1 1 1 1 1 1 1 1 1 1 1 1 1 1 1 1 1 1 1 1 1 1 1 1 1 1 1 1 1 1 1 1 1 1 1 1 1 1 1 1 1 1 1 1 1 1 1 1 1 1 1 1 1 1 1 1 1 1 1 1 1 1 1 1 1 1 1 1 1 1 1 1 1 1 1 1 1 1 1 1 1 1 1 1 1 1 1 1 1 1 1 1 1 1 1 1 1 1 1 1 1 1 1 1 1 1 1 1 1 1 1 1 1 1 1 1 1 1 1 1 1 1 1 1 1 1 1 1 1 1 1 1 1 1 1 1 1 1 1 1 1 1 1 1 1 1 1 1 1 1 1 1 1 1 1 1 1 1 1 1 1 1 1 1 1 1 1 1 1 1 1 1 1 1 1 1 1 1 1 1 1 1 1 1 1 1 1 1 1 1 1 1 1 1 1 1 1 1 1 1 1 1 1 1 1 1 1 1 1 1 1 1 1 1 1 1 1 1 1 1 1 1 1 1 1 1 1 1 1 1 1 1 1 1 1 1 1 1 1 1 1 1 1 1 1 1 1 1 1 1 1 1 1 1 1 1 1 1 1 1 1 1 1 1 1 1 1 1 1 1 1 1 1 1 1 1 1 1 1 1 1 1 1 1 1 1 1 1 1 1 1 1 1 1 1 1 1 1 1 1 1 1 1 1 1 1 1 1 1 1 1 1 1 1 1 1 1 1 1 1 1 1 1 1 1 1 1 1 1 1 1 1 1 1 1 1 1 1 1 1 1 1 1 1 1 1 1 1 1 1 1 1 1 1 1 1 1 1 1 1 1 1 1 1 1 1 1 1 1 1 1 1 1 1 1 1 1 1 1 1 1 1 1 1 1 1 1 1 1 1 1 1 1 1 1 1 1 1 1 1 1 1 1 1 1 1 1 1 1 1 1 1 1 1 1 1 1 1 1 1 1 1 1 1 1 1 1 1 1 1 1 1 1 1 1 1 1 1 1 1 1 1 1 1 1 1 1 1 1 1 1 1 1 1 1 1 1 1 1 1 1 1 1 1 1 1 1 1 1 1 1 1 1 1 1 1 1 1 1 1 1 1 1 1 1 1 1 1 1 1 1 1 1 1 1 1 1 1 1 1 1 1 1 1 1 1 1 1 1 1 1 1 1 1 1 1 1 1 1 1 1 1 1 1 1 1 1 1 1 1 1 1 1 1 1 1 1 1 1 1 1 1 1 1 1 1 1 1 1 1 1 1 1 1 1 1 1 1 1 1 1 1 1 1 1 1 1 1 1 1 1 1 1 1 1 1 1 1 1 1 1 1 1 1 1 1 1 1 1 1 1 1 1 1 1 1 1 1 1 1 1 1 1 1 1 1 1 1 1 1 1 1 1 1 1 1 1 1 1 1 1 1 1 1 1 1 1 1 1 1 1 1 1 1 1 1 1 1 1 1 1 1 1 1 1 1 1 1 1 1 1 1 1 1 1 1 1 1 1 1 1 1 1 1 1 1 1 1 1 1 1 1 1 1 1 1 1 1 1 1 1 1 1 1 1 1 1 1 1 1 1 1 1 1 1 1 1 1 1 1 1 1 1 1 1 1 1 1 1 1 1 1 1 1 1 1 1 1 1 1 1 1 1 1 1 1 1 1 1 1 1 1 1 1 1 1 1 1 1 1 1 1 1 1 1 1 1 1 1 1 1 1 1 1 1 1 1 1 1 1 1 1 1 1 1 1 1 1 1 1 1 1 1 1 1 1 1 1 1 1 1 1 1 1 1 1 1 1 1 1 1 1 1 1 1 1 1 1 1 1 1 1 1 1 1 1 1 1 1 1 1 1 1 1 1 1 1 1 1 1 1 1 1 1 1 1 1 1 1 1 1 1 1 1 1 1 1 1 1 1 1 1 1 1 1 1 1 1 1 1 1 1 1 1 1 1 1 1 1 1 1 1 1 1 1 1 1 1 1 1 1 1 1 1 1 1 1 1 1 1 1 1 1 1 1 1 1 1 1 1 1 1 1 1 1 1 1 1 1 1 1 1 1 1 1 1 1 1 1 1 1 1 1 1 1 1 1 1 1 1 1 1 1 1 1 1 1 1 1 1 1 1 1 1 1 1 1 1 1 1 1 1 1 1 1 1 1 1 1 1 1 1 1 1 1 1 1 1 1 1 1 1 1 1 1 1 1 1 1 1 1 1 1 1 1 1 1 1 1 1 1 1 1 1 1 1 1 1 1 1 1 1 1 1 1 1 1 1 1 1 1 1 1 1 1 1 1 1 1 1 1 1 1 1 1 1 1 1 1 1 1 1 1 1 1 1 1 1 1 1 1 1 1 1 1 1 1 1 1 1 1 1 1 1 1 1 1 1 1 1 1 1 1 1 1 1 1 1 1 1 1 1 1 1 1 1 1 1 1 1 1 1 1 1 1 1 1 1 1 1 1 1 1 1 1 1 1 1 1 1 1 1 1 1 1 1 1 1 1 1 1 1 1 1 1 1 1 1 1 1 1 1 1 1 1 1 1 1 1 1 1 1 1 1 1 1 1 1 1 1 1 1 1 1 1 1 1 1 1 1 1 1 1 1 1 1 1 1 1 1 1 1 1 1 1 1 1 1 1 1 1 1 1 1 1 1 1 1 1 1 1 1 1 1 1 1 1 1 1 1 1 1 1 1 1 1 1 1 1 1 1 1 1 1 1 1 1 1 1 1 1 1 1 1 1 1 1 1 1 1 1 1 1 1 1 1 1 1 1 1 1 1 1 1 1 1 1 1 1 1 1 1 1 1 1 1 1 1 1 1 1 1 1 1 1 1 1 1 1 1 1 1 1 1 1 1 1 1 1 1 1 1 1 1 1 1 1 1 1 1 1 1 1 1 1 1 1 1 1 1 1 1 1 1 1 1 1 1 1 1 1 1 1 1 1 1 1 1 1 1 1 1 1 1 1 1 1 1 1 1 1 1 1 1 1 1 1 1 1 1 1 1 1 1 1 1 1 1 1 1 1 1 1 1 1 1 1 1 1 1 1 1 1 1 1 1 1 1 1 1 1 1 1 1 1 1 1 1 1 1 1 1 1 1 1 1 1 1 1 1 1 1 1 1 1 1 1 1 1 1 1 1 1 1 1 1 1 1 1 1 1 1 1 1 1 1 1 1 1 1 1 1 1 1 1 1 1 1 1 1 1 1 1 1 1 1 1 1 1 1 1 1 1 1 1 1 1 1 1 1 1 1 1 1 1 1 1 1 1 1 1 1 1 1 1 1 1 1 1 1 1 1 1 1 1 1 1 1 1 1 1 1 1 1 1 1 1 1 1 1 1 1 1 1 1 1 1 1 1 1 1 1 1 1 1 1 1 1 1 1 1 1 1 1 1 1 1 1 1 1 1 1 1 1 1 1 1 1 1 1 1 1 1 1 1 1 1 1 1 1 1 1 1 1 1 1 1 1 1 1 1 1 1 1 1 1 1 1 1 1 1 1 1 1 1 1 1 1 1 1 1 1 1 1 1 1 1 1 1 1 1 1 1 1 1 1 1 1 1 1 1 1 1 1 1 1 1 1 1 1 1 1 1 1 1 1 1 1 1 1 1 1 1 1 1 1 1 1 1 1 1 1 1 1 1 1 1 1 1 1 1 1 1 1 1 1 1 1 1 1 1 1 1 1 1 1 1 1 1 1 1 1 1 1 1 1 1 1 1 1 1 1 1 1 1 1 1 1 1 1 1 1 1 1 1 1 1 1 1 1 1 1 1 1 1 1 1 1 1 1 1 1 1 1 1 1 1 1 1 1 1 1 1 1 1 1 1 1 1 1 1 1 1 1 1 1 1 1 1 1 1 1 1 1 1 1 1 1 1 1 1 1 1 1 1 1 1 1 1 1 1 1 1 1 1 1 1 1 1 1 1 1 1 1 1 1 1 1 1 1 1 1 1 1 1 1 1 1 1 1 1 1 1 1 1 1 1 1 1 1 1 1 1 1 1 1 1 1 1 1 1 1 1 1 1 1 1 1 1 1 1 1 1 1 1 1 1 1 1 1 1 1 1 1 1 1 1 1 1 1 1 1 1 1 1 1 1 1 1 1 1 1 1 1 1 1 1 1 1 1 1 1 1 1 1 1 1 1 1 1 1 1 1 1 1 1 1 1 1 1 1 1 1 1 1 1 1 1 1 1 1 1 1 1 1 1 1 1 1 1 1 1 1 1 1 1 1 1 1 1 1 1 1 1 1 1 1 1 1 1 1 1 1 1 1 1 1 1 1 1 1 1 1 1 1 1 1 1 1 1 1 1 1 1 1 1 1 1 1 1 1 1 1 1 1 1 1 1 1 1 1 1 1 1 1 1 1 1 1 1 1 1 1 1 1 1 1 1 1 1 1 1 1 1 1 1 1 1 1 1 1 1 1 1 1 1 1 1 1 1 1 1 1 1 1 1 1 1 1 1 1 1 1 1 1 1 1 1 1 1 1 1 1 1 1 1 1 1 1 1 1 1 1 1 1 1 1 1 1 1 1 1 1 1 1 1 1 1 1 1 1 1 1 1 1 1 1 1 1 1 1 1 1 1 1 1 1 1 1 1 1 1 1 1 1 1 1 1 1 1 1 1 1 1 1 1 1 1 1 1 1 1 1 1 1 1 1 1 1 1 1 1 1 1 1 1 1 1 1 1 1 1 1 1 1 1 1 1 1 1 1 1 1 1 1 1 1 1 1 1 1 1 1 1 1 1 1 1 1 1 1 1 1 1 1 1 1 1 1 1 1 1 1 1 1 1 1 1 1 1 1 1 1 1 1 1 1 1 1 1 1 1 1 1 1 1 1 1 1 1 1 1 1 1 1 1 1 1 1 1 1 1 1 1 1 1 1 1 1 1 1 1 1 1 1 1 1 1 1 1 1 1 1 1 1 1 1 1 1 1 1 1 1 1 1 1 1 1 1 1 1 1 1 1 1 1 1 1 1 1 1 1 1 1 1 1 1 1 1 1 1 1 1 1 1 1 1 1 1 1 1 1 1 1 1 1 1 1 1 1 1 1 1 1 1 1 1 1 1 1 1 1 1 1 1 1 1 1 1 1 1 1 1 1 1 1 1 1 1 1 1 1 1 1 1 1 1 1 1 1 1 1 1 1 1 1 1 1 1 1 1 1 1 1 1 1 1 1 1 1 1 1 1 1 1 1 1 1 1 1 1 1 1 1 1 1 1 1 1 1 1 1 1 1 1 1 1 1 1 1 1 1 1 1 1 1 1 1 1 1 1 1 1 1 1 1 1 1 1 1 1 1 1 1 1 1 1 1 1 1 1 1 1 1 1 1 1 1 1 1 1 1 1 1 1 1 1 1 1 1 1 1 1 1 1 1 1 1 1 1 1 1 1 1 1 1 1 1 1 1 1 1 1 1 1 1 1 1 1 1 1 1 1 1 1 1 1 1 1 1 1 1 1 1 1 1 1 1 1 1 1 1 1 1 1 1 1 1 1 1 1 1 1 1 1 1 1 1 1 1 1 1 1 1 1 1 1 1 1 1 1 1 1 1 1 1 1 1 1 1 1 1 1 1 1 1 1 1 1 1 1 1 1 1 1 1 1 1 1 1 1 1 1 1 1 1 1 1 1 1 1 1 1 1 1 1 1 1 1 1 1 1 1 1 1 1 1 1 1 1 1 1 1 1 1 1 1 1 1 1 1 1 1 1 1 1 1 1 1 1 1 1 1 1 1 1 1 1 1 1 1 1 1 1 1 1 1 1 1 1 1 1 1 1 1 1 1 1 1 1 1 1 1 1 1 1 1 1 1 1 1 1 1 1 1 1 1 1 1 1 1 1 1 1 1 1 1 1 1 1 1 1 1 1 1 1 1 1 1 1 1 1 1 1 1 1 1 1 1 1 1 1 1 1 1 1 1 1 1 1 1 1 1 1 1 1 1 1 1 1 1 1 1 1 1 1 1 1 1 1 1 1 1 1 1 1 1 1 1 1 1 1 1 1 1 1 1 1 1 1 1 1 1 1 1 1 1 1 1 1 1 1 1 1 1 1 1 1 1 1 1 1 1 1 1 1 1 1 1 1 1 1 1 1 1 1 1 1 1 1 1 1 1 1 1 1 1 1 1 1 1 1 1 1 1 1 1 1 1 1 1 1 1 1 1 1 1 1 1 1 1 1 1 1 1 1 1 1 1 1 1 1 1 1 1 1 1 1 1 1 1 1 1 1 1 1 1 1 1 1 1 1 1 1 1 1 1 1 1 1 1 1 1 1 1 1 1 1 1 1 1 1 1 1 1 1 1 1 1 1 1 1 1 1 1 1 1 1 1 1 1 1 1 1 1 1 1 1 1 1 1 1 1 1 1 1 1 1 1 1 1 1 1 1 1 1 1 1 1 1 1 1 1 1 1 1 1 1 1 1 1 1 1 1 1 1 1 1 1 1 1 1 1 1 1 1 1 1 1 1 1 1 1 1 1 1 1 1 1 1 1 1 1 1 1 1 1 1 1 1 1 1 1 1 1 1 1 1 1 1 1 1 1 1 1 1 1 1 1 1 1 1 1 1 1 1 1 1 1 1 1 1 1 1 1 1 1 1 1 1 1 1 1 1 1 1 1 1 1 1 1 1 1 1 1 1 1 1 1 1 1 1 1 1 1 1 1 1 1 1 1 1 1 1 1 1 1 1 1 1 1 1 1 1 1 1 1 1 1 1 1 1 1 1 1 1 1 1 1 1 1 1 1 1 1 1 1 1 1 1 1 1 1 1 1 1 1 1 1 1 1 1 1 1 1 1 1 1 1 1 1 1 1 1 1 1 1 1 1 1 1 1 1 1 1 1 1 1 1 1 1 1 1 1 1 1 1 1 1 1 1 1 1 1 1 1 1 1 1 1 1 1 1 1 1 1 1 1 1 1 1 1 1 1 1 1 1 1 1 1 1 1 1 1 1 1 1 1 1 1 1 1 1 1 1 1 1 1 1 1 1 1 1 1 1 1 1 1 1 1 1 1 1 1 1 1 1 1 1 1 1 1 1 1 1 1 1 1 1 1 1 1 1 1 1 1 1 1 1 1 1 1 1 1 1 1 1 1 1 1 1 1 1 1 1 1 1 1 1 1 1 1 1 1 1 1 1 1 1 1 1 1 1 1 1 1 1 1 1 1 1 1 1 1 1 1 1 1 1 1 1 1 1 1 1 1 1 1 1 1 1 1 1 1 1 1 1 1 1 1 1 1 1 1 1 1 1 1 1 1 1 1 1 1 1 1 1 1 1 1 1 1 1 1 1 1 1 1 1 1 1 1 1 1 1 1 1 1 1 1 1 1 1 1 1 1 1 1 1 1 1 1 1 1 1 1 1 1 1 1 1 1 1 1 1 1 1 1 1 1 1 1 1 1 1 1 1 1 1 1 1 1 1 1 1 1 1 1 1 1 1 1 1 1 1 1 1 1 1 1 1 1 1 1 1 1 1 1 1 1 1 1 1 1 1 1 1 1 1 1 1 1 1 1 1 1 1 1 1 1 1 1 1 1 1 1 1 1 1 1 1 1 1 1 1 1 1 1 1 1 1 1 1 1 1 1 1 1 1 1 1 1 1 1 1 1 1 1 1 1 1 1 1 1 1 1 1 1 1 1 1 1 1 1 1 1 1 1 1 1 1 1 1 1 1 1 1 1 1 1 1 1 1 1 1 1 1 1 1 1 1 1 1 1 1 1 1 1 1 1 1 1 1 1 1 1 1 1 1 1 1 1 1 1 1 1 1 1 1 1 1 1 1 1 1 1 1 1 1 1 1 1 1 1 1 1 1 1 1 1 1 1 1 1 1 1 1 1 1 1 1 1 1 1 1 1 1 1 1 1 1 1 1 1 1 1 1 1 1 1 1 1 1 1 1 1 1 1 1 1 1 1 1 1 1 1 1 1 1 1 1 1 1 1 1 1 1 1 1 1 1 1 1 1 1 1 1 1 1 1 1 1 1 1 1 1 1 1 1 1 1 1 1 1 1 1 1 1 1 1 1 1 1 1 1 1 1 1 1 1 1 1 1 1 1 1 1 1 1 1 1 1 1 1 1 1 1 1 1 1 1 1 1 1 1 1 1 1 1 1 1 1 1 1 1 1 1 1 1 1 1 1 1 1 1 1 1 1 1 1 1 1 1 1 1 1 1 1 1 1 1 1 1 1 1 1 1 1 1 1 1 1 1 1 1 1 1 1 1 1 1 1 1 1 1 1 1 1 1 1 1 1 1 1 1 1 1 1 1 1 1 1 1 1 1 1 1 1 1 1 1 1 1 1 1 1 1 1 1 1 1 1 1 1 1 1 1 1 1 1 1 1 1 1 1 1 1 1 1 1 1 1 1 1 1 1 1 1 1 1 1 1 1 1 1 1 1 1 1 1 1 1 1 1 1 1 1 1 1 1 1 1 1 1 1 1 1 1 1 1 1 1 1 1 1 1 1 1 1 1 1 1 1 1 1 1 1 1 1 1 1 1 1 1 1 1 1 1 1 1 1 1 1 1 1 1 1 1 1 1 1 1 1 1 1 1 1 1 1 1 1 1 1 1 1 1 1 1 1 1 1 1 1 1 1 1 1 1 1 1 1 1 1 1 1 1 1 1 1 1 1 1 1 1 1 1 1 1 1 1 1 1 1 1 1 1 1 1 1 1 1 1 1 1 1 1 1 1 1 1 1 1 1 1 1 1 1 1 1 1 1 1 1 1 1 1 1 1 1 1 1 1 1 1 1 1 1 1 1 1 1 1 1 1 1 1 1 1 1 1 1 1 1 1 1 1 1 1 1 1 1 1 1 1 1 1 1 1 1 1 1 1 1 1 1 1 1 1 1 1 1 1 1 1 1 1 1 1 1 1 1 1 1 1 1 1 1 1 1 1 1 1 1 1 1 1 1 1 1 1 1 1 1 1 1 1 1 1 1 1 1 1 1 1 1 1 1 1 1 1 1 1 1 1 1 1 1 1 1 1 1 1 1 1 1 1 1 1 1 1 1 1 1 1 1 1 1 1 1 1 1 1 1 1 1 1 1 1 1 1 1 1 1 1 1 1 1 1 1 1 1 1 1 1 1 1 1 1 1 1 1 1 1 1 1 1 1 1 1 1 1 1 1 1 1 1 1 1 1 1 1 1 1 1 1 1 1 1 1 1 1 1 1 1 1 1 1 1 1 1 1 1 1 1 1 1 1 1 1 1 1 1 1 1 1 1 1 1 1 1 1 1 1 1 1 1 1 1 1 1 1 1 1 1 1 1 1 1 1 1 1 1 1 1 1 1 1 1 1 1 1 1 1 1 1 1 1 1 1 1 1 1 1 1 1 1 1 1 1 1 1 1 1 1 1 1 1 1 1 1 1 1 1 1 1 1 1 1 1 1 1 1 1 1 1 1 1 1 1 1 1 1 1 1 1 1 1 1 1 1 1 1 1 1 1 1 1 1 1 1 1 1 1 1 1 1 1 1 1 1 1 1 1 1 1 1 1 1 1 1 1 1 1 1 1 1 1 1 1 1 1 1 1 1 1 1 1 1 1 1 1 1 1 1 1 1 1 1 1 1 1 1 1 1 1 1 1 1 1 1 1 1 1 1 1 1 1 1 1 1 1 1 1 1 1 1 1 1 1 1 1 1 1 1 1 1 1 1 1 1 1 1 1 1 1 1 1 1 1 1 1 1 1 1 1 1 1 1 1 1 1 1 1 1 1 1 1 1 1 1 1 1 1 1 1 1 1 1 1 1 1 1 1 1 1 1 1 1 1 1 1 1 1 1 1 1 1 1 1 1 1 1 1 1 1 1 1 1 1 1 1 1 1 1 1 1 1 1 1 1 1 1 1 1 1 1 1 1 1 1 1 1 1 1 1 1 1 1 1 1 1 1 1 1 1 1 1 1 1 1 1 1 1 1 1 1 1 1 1 1 1 1 1 1 1 1 1 1 1 1 1 1 1 1 1 1 1 1 1 1 1 1 1 1 1 1 1 1 1 1 1 1 1 1 1 1 1 1 1 1 1 1 1 1 1 1 1 1 1 1 1 1 1 1 1 1 1 1 1 1 1 1 1 1 1 1 1 1 1 1 1 1 1 1 1 1 1 1 1 1 1 1 1 1 1 1 1 1 1 1 1 1 1 1 1 1 1 1 1 1 1 1 1 1 1 1 1 1 1 1 1 1 1 1 1 1 1 1 1 1 1 1 1 1 1 1 1 1 1 1 1 1 1 1 1 1 1 1 1 1 1 1 1 1 1 1 1 1 1 1 1 1 1 1 1 1 1 1 1 1 1 1 1 1 1 1 1 1 1 1 1 1 1 1 1 1 1 1 1 1 1 1 1 1 1 1 1 1 1 1 1 1 1 1 1 1 1 1 1 1 1 1 1 1 1 1 1 1 1 1 1 1 1 1 1 1 1 1 1 1 1 1 1 1 1 1 1 1 1 1 1 1 1 1 1 1 1 1 1 1 1 1 1 1 1 1 1 1 1 1 1 1 1 1 1 1 1 1 1 1 1 1 1 1 1 1 1 1 1 1 1 1 1 1 1 1 1 1 1 1 1 1 1 1 1 1 1 1 1 1 1 1 1 1 1 1 1 1 1 1 1 1 1 1 1 1 1 1 1 1 1 1 1 1 1 1 1 1 1 1 1 1 1 1 1 1 1 1 1 1 1 1 1 1 1 1 1 1 1 1 1 1 1 1 1 1 1 1 1 1 1 1 1 1 1 1 1 1 1 1 1 1 1 1 1 1 1 1 1 1 1 1 1 1 1 1 1 1 1 1 1 1 1 1 1 1 1 1 1 1 1 1 1 1 1 1 1 1 1 1 1 1 1 1 1 1 1 1 1 1 1 1 1 1 1 1 1 1 1 1 1 1 1 1 1 1 1 1 1 1 1 1 1 1 1 1 1 1 1 1 1 1 1 1 1 1 1 1 1 1 1 1 1 1 1 1 1 1 1 1 1 1 1 1 1 1 1 1 1 1 1 1 1 1 1 1 1 1 1 1 1 1 1 1 1 1 1 1 1 1 1 1 1 1 1 1 1 1 1 1 1 1 1 1 1 1 1 1 1 1 1 1 1 1 1 1 1 1 1 1 1 1 1 1 1 1 1 1 1 1 1 1 1 1 1 1 1 1 1 1 1 1 1 1 1 1 1 1 1 1 1 1 1 1 1 1 1 1 1 1 1 1 1 1 1 1 1 1 1 1 1 1 1 1 1 1 1 1 1 1 1 1 1 1 1 1 1 1 1 1 1 1 1 1 1 1 1 1 1 1 1 1 1 1 1 1 1 1 1 1 1 1 1 1 1 1 1 1 1 1 1 1 1 1 1 1 1 1 1 1 1 1 1 1 1 1 1 1 1 1 1 1 1 1 1 1 1 1 1 1 1 1 1 1 1 1 1 1 1 1 1 1 1 1 1 1 1 1 1 1 1 1 1 1 1 1 1 1 1 1 1 1 1 1 1 1 1 1 1 1 1 1 1 1 1 1 1 1 1 1 1 1 1 1 1 1 1 1 1 1 1 1 1 1 1 1 1 1 1 1 1 1 1 1 1 1 1 1 1 1 1 1 1 1 1 1 1 1 1 1 1 1 1 1 1 1 1 1 1 1 1 1 1 1 1 1 1 1 1 1 1 1 1 1 1 1 1 1 1 1 1 1 1 1 1 1 1 1 1 1 1 1 1 1 1 1 1 1 1 1 1 1 1 1 1 1 1 1 1 1 1 1 1 1 1 1 1 1 1 1 1 1 1 1 1 1 1 1 1 1 1 1 1 1 1 1 1 1 1 1 1 1 1 1 1 1 1 1 1 1 1 1 1 1 1 1 1 1 1 1 1 1 1 1 1 1 1 1 1 1 1 1 1 1 1 1 1 1 1 1 1 1 1 1 1 1 1 1 1 1 1 1 1 1 1 1 1 1 1 1 1 1 1 1 1 1 1 1 1 1 1 1 1 1 1 1 1 1 1 1 1 1 1 1 1 1 1 1 1 1 1 1 1 1 1 1 1 1 1 1 1 1 1 1 1 1 1 1 1 1 1 1 1 1 1 1 1 1 1 1 1 1 1 1 1 1 1 1 1 1 1 1 1 1 1 1 1 1 1 1 1 1 1 1 1 1 1 1 1 1 1 1 1 1 1 1 1 1 1 1 1 1 1 1 1 1 1 1 1 1 1 1 1 1 1 1 1 1 1 1 1 1 1 1 1 1 1 1 1 1 1 1 1 1 1 1 1 1 1 1 1 1 1 1 1 1 1 1 1 1 1 1 1 1 1 1 1 1 1 1 1 1 1 1 1 1 1 1 1 1 1 1 1 1 1 1 1 1 1 1 1 1 1 1 1 1 1 1 1 1 1 1 1 1 1 1 1 1 1 1 1 1 1 1 1 1 1 1 1 1 1 1 1 1 1 1 1 1 1 1 1 1 1 1 1 1 1 1 1 1 1 1 1 1 1 1 1 1 1 1 1 1 1 1 1 1 1 1 1 1 1 1 1 1 1 1 1 1 1 1 1 1 1 1 1 1 1 1 1 1 1 1 1 1 1 1 1 1 1 1 1 1 1 1 1 1 1 1 1 1 1 1 1 1 1 1 1</float_array>
          <technique_common>
            <accessor source="#daewon_dcx_01a_15x7-mesh-colors-geom-steelwheel_01a_15x8-map0-array" count="5724" stride="4">
              <param name="R" type="float"/>
              <param name="G" type="float"/>
              <param name="B" type="float"/>
              <param name="A" type="float"/>
            </accessor>
          </technique_common>
        </source>
        <vertices id="daewon_dcx_01a_15x7-mesh-vertices">
          <input semantic="POSITION" source="#daewon_dcx_01a_15x7-mesh-positions"/>
        </vertices>
        <triangles material="artproswear_5st_01a-material" count="1908">
          <input semantic="VERTEX" source="#daewon_dcx_01a_15x7-mesh-vertices" offset="0"/>
          <input semantic="NORMAL" source="#daewon_dcx_01a_15x7-mesh-normals" offset="1"/>
          <input semantic="TEXCOORD" source="#daewon_dcx_01a_15x7-mesh-map-0" offset="2" set="0"/>
          <input semantic="COLOR" source="#daewon_dcx_01a_15x7-mesh-colors-geom-steelwheel_01a_15x8-map0" offset="3" set="0"/>
          <p>28 0 0 0 35 1 1 1 27 2 2 2 332 3 3 3 8 4 4 4 7 5 5 5 89 6 6 6 96 7 7 7 88 8 8 8 153 9 9 9 162 10 10 10 161 11 11 11 35 1 12 12 42 12 13 13 34 13 14 14 196 14 15 15 203 15 16 16 195 16 17 17 99 17 18 18 108 18 19 19 107 19 20 20 31 20 21 21 40 21 22 22 39 22 23 23 113 23 24 24 120 24 25 25 112 25 26 26 113 23 27 27 122 26 28 28 121 27 29 29 11 28 30 30 18 29 31 31 10 30 32 32 35 1 33 33 44 31 34 34 43 32 35 35 141 33 36 36 148 34 37 37 140 35 38 38 1112 36 39 39 1138 37 40 40 1113 37 41 41 11 28 42 42 20 38 43 43 19 39 44 44 247 40 45 45 1 41 46 46 246 42 47 47 217 43 48 48 224 44 49 49 216 45 50 50 232 46 51 51 240 47 52 52 239 48 53 53 170 49 54 54 179 50 55 55 178 51 56 56 140 35 57 57 147 52 58 58 139 53 59 59 5 54 60 60 12 55 61 61 4 56 62 62 1134 57 63 63 1116 58 64 64 1117 57 65 65 200 59 66 66 207 60 67 67 199 61 68 68 245 62 69 69 1 41 70 70 0 63 71 71 161 11 72 72 170 49 73 73 169 64 74 74 178 51 75 75 187 65 76 76 186 66 77 77 164 67 78 78 173 68 79 79 172 69 80 80 1095 70 81 81 1129 71 82 82 1096 71 83 83 80 72 84 84 87 73 85 85 79 74 86 86 16 75 87 87 25 76 88 88 24 77 89 89 240 47 90 90 246 42 91 91 239 48 92 92 99 17 93 93 106 78 94 94 98 79 95 95 196 14 96 96 205 80 97 97 204 81 98 98 1124 82 99 99 1144 83 100 100 1125 83 101 101 72 84 102 102 79 74 103 103 71 85 104 104 33 86 105 105 40 21 106 106 32 87 107 107 105 88 108 108 114 89 109 109 113 23 110 110 50 90 111 111 59 91 112 112 58 92 113 113 180 93 114 114 189 94 115 115 188 95 116 116 1101 96 117 117 1154 97 118 118 1102 97 119 119 75 98 120 120 84 99 121 121 83 100 122 122 192 101 123 123 199 61 124 124 191 102 125 125 201 103 126 126 208 104 127 127 200 59 128 128 240 47 129 129 248 105 130 130 247 40 131 131 219 106 132 132 226 107 133 133 218 108 134 134 4 56 135 135 11 28 136 136 3 109 137 137 13 110 138 138 20 38 139 139 12 55 140 140 175 111 141 141 184 112 142 142 183 113 143 143 24 77 144 144 33 86 145 145 32 87 146 146 18 29 147 147 25 76 148 148 17 114 149 149 131 115 150 150 138 116 151 151 130 117 152 152 250 118 153 153 4 56 154 154 249 119 155 155 1135 120 156 156 1107 121 157 157 1108 120 158 158 64 122 159 159 71 85 160 160 63 123 161 161 193 124 162 162 200 59 163 163 192 101 164 164 194 125 165 165 201 103 166 166 193 124 167 167 122 26 168 168 131 115 169 169 130 117 170 170 133 126 171 171 140 35 172 172 132 127 173 173 271 128 174 174 1139 129 175 175 1122 129 176 176 152 130 177 177 159 131 178 178 151 132 179 179 105 88 180 180 112 25 181 181 104 133 182 182 74 134 183 183 81 135 184 184 73 136 185 185 43 32 186 186 50 90 187 187 42 12 188 188 44 31 189 189 53 137 190 190 52 138 191 191 1122 129 192 192 1140 82 193 193 1124 82 194 194 55 139 195 195 64 122 196 196 63 123 197 197 97 140 198 198 104 133 199 199 96 7 200 200 121 27 201 201 130 117 202 202 129 141 203 203 75 98 204 204 82 142 205 205 74 134 206 206 241 143 207 207 249 119 208 208 248 105 209 209 228 144 210 210 234 145 211 211 227 146 212 212 88 8 213 213 95 147 214 214 87 73 215 215 73 136 216 216 80 72 217 217 72 84 218 218 169 64 219 219 178 51 220 220 177 148 221 221 194 125 222 222 203 15 223 223 202 149 224 224 124 150 225 225 131 115 226 226 123 151 227 227 53 137 228 228 60 152 229 229 52 138 230 230 91 153 231 231 100 154 232 232 99 17 233 233 144 155 234 234 151 132 235 235 143 156 236 236 57 157 237 237 64 122 238 238 56 158 239 239 81 135 240 240 90 159 241 241 89 6 242 242 163 160 243 243 170 49 244 244 162 10 245 245 108 18 246 246 115 161 247 247 107 19 248 248 108 18 249 249 117 162 250 250 116 163 251 251 164 67 252 252 171 164 253 253 163 160 254 254 215 165 255 255 224 44 256 256 223 166 257 257 48 167 258 258 57 157 259 259 56 158 260 260 186 66 261 261 193 124 262 262 185 168 263 263 138 116 264 264 147 52 265 265 146 169 266 266 306 170 267 267 230 171 268 268 1118 171 269 269 93 172 270 270 100 154 271 271 92 173 272 272 1149 174 273 273 1097 175 274 274 1098 174 275 275 84 99 276 276 91 153 277 277 83 100 278 278 39 22 279 279 48 167 280 280 47 176 281 281 40 21 282 282 49 177 283 283 48 167 284 284 97 140 285 285 106 78 286 286 105 88 287 287 26 178 288 288 35 1 289 289 34 13 290 290 36 179 291 291 45 180 292 292 44 31 293 293 1133 58 294 294 1115 181 295 295 1116 58 296 296 95 147 297 297 104 133 298 298 103 182 299 299 176 183 300 300 185 168 301 301 184 112 302 302 2 184 303 303 9 185 304 304 1 41 305 305 2 184 306 306 11 28 307 307 10 30 308 308 156 186 309 309 165 187 310 310 164 67 311 311 1102 97 312 312 298 188 313 313 1142 188 314 314 103 182 315 315 112 25 316 316 111 189 317 317 0 63 318 318 9 185 319 319 8 4 320 320 9 185 321 321 18 29 322 322 17 114 323 323 203 15 324 324 210 190 325 325 202 149 326 326 124 150 327 327 133 126 328 328 132 127 329 329 1100 191 330 330 1148 192 331 331 1111 192 332 332 188 95 333 333 195 16 334 334 187 65 335 335 47 176 336 336 56 158 337 337 55 139 338 338 136 193 339 339 145 194 340 340 144 155 341 341 137 195 342 342 146 169 343 343 145 194 344 344 90 159 345 345 99 17 346 346 98 79 347 347 286 196 348 348 150 197 349 349 288 197 350 350 172 69 351 351 181 198 352 352 180 93 353 353 1145 199 354 354 1123 200 355 355 1114 199 356 356 67 201 357 357 76 202 358 358 75 98 359 359 24 77 360 360 31 20 361 361 23 203 362 362 210 190 363 363 217 43 364 364 209 204 365 365 186 66 366 366 195 16 367 367 194 125 368 368 229 205 369 369 235 206 370 370 228 144 371 371 1099 207 372 372 1147 191 373 373 1100 191 374 374 131 115 375 375 140 35 376 376 139 53 377 377 128 208 378 378 135 209 379 379 127 210 380 380 238 211 381 381 246 42 382 382 245 62 383 383 89 6 384 384 98 79 385 385 97 140 386 386 116 163 387 387 123 151 388 388 115 161 389 389 204 81 390 390 213 212 391 391 212 213 392 392 1156 214 393 393 1119 215 394 394 1120 214 395 395 120 24 396 396 127 210 397 397 119 216 398 398 145 194 399 399 154 217 400 400 153 9 401 401 227 146 402 402 233 218 403 403 226 107 404 404 116 163 405 405 125 219 406 406 124 150 407 407 167 220 408 408 176 183 409 409 175 111 410 410 8 4 411 411 17 114 412 412 16 75 413 413 34 13 414 414 41 221 415 415 33 86 416 416 146 169 417 417 155 222 418 418 154 217 419 419 19 39 420 420 28 0 421 421 27 2 422 422 188 95 423 423 197 223 424 424 196 14 425 425 1101 96 426 426 1138 37 427 427 1152 96 428 428 183 113 429 429 192 101 430 430 191 102 431 431 128 208 432 432 137 195 433 433 136 193 434 434 217 43 435 435 226 107 436 436 225 224 437 437 234 145 438 438 242 225 439 439 241 143 440 440 180 93 441 441 187 65 442 442 179 50 443 443 236 226 444 444 242 225 445 445 235 206 446 446 136 193 447 447 143 156 448 448 135 209 449 449 161 11 450 450 168 227 451 451 160 228 452 452 66 229 453 453 73 136 454 454 65 230 455 455 67 201 456 456 74 134 457 457 66 229 458 458 221 231 459 459 212 213 460 460 213 212 461 461 1142 188 462 462 1107 121 463 463 301 121 464 464 60 152 465 465 67 201 466 466 59 91 467 467 224 44 468 468 536 232 469 469 223 166 470 470 184 112 471 471 193 124 472 472 192 101 473 473 58 92 474 474 65 230 475 475 57 157 476 476 234 145 477 477 240 47 478 478 233 218 479 479 243 233 480 480 249 119 481 481 242 225 482 482 1128 234 483 483 1109 235 484 484 1110 234 485 485 148 34 486 486 155 222 487 487 147 52 488 488 112 25 489 489 119 216 490 490 111 189 491 491 64 122 492 492 73 136 493 493 72 84 494 494 202 149 495 495 209 204 496 496 201 103 497 497 154 217 498 498 163 160 499 499 162 10 500 500 43 32 501 501 52 138 502 502 51 236 503 503 21 237 504 504 28 0 505 505 20 38 506 506 160 228 507 507 167 220 508 508 159 131 509 509 209 204 510 510 216 45 511 511 208 104 512 512 178 51 513 513 185 168 514 514 177 148 515 515 58 92 516 516 67 201 517 517 66 229 518 518 212 213 519 519 219 106 520 520 211 238 521 521 77 239 522 522 84 99 523 523 76 202 524 524 1146 181 525 525 1114 199 526 526 1115 181 527 527 204 81 528 528 211 238 529 529 203 15 530 530 225 224 531 531 233 218 532 532 232 46 533 533 81 135 534 534 88 8 535 535 80 72 536 536 42 12 537 537 49 177 538 538 41 221 539 539 211 238 540 540 218 108 541 541 210 190 542 542 220 240 543 543 227 146 544 544 219 106 545 545 221 231 546 546 228 144 547 547 220 240 548 548 1096 71 549 549 1130 36 550 550 1112 36 551 551 238 211 552 552 535 241 553 553 534 242 554 554 225 224 555 555 231 243 556 556 224 44 557 557 129 141 558 558 138 116 559 559 137 195 560 560 114 89 561 561 123 151 562 562 122 26 563 563 52 138 564 564 59 91 565 565 51 236 566 566 100 154 567 567 109 244 568 568 108 18 569 569 1132 215 570 570 308 245 571 571 1119 215 572 572 207 60 573 573 216 45 574 574 215 165 575 575 169 64 576 576 176 183 577 577 168 227 578 578 106 78 579 579 115 161 580 580 114 89 581 581 83 100 582 582 90 159 583 583 82 142 584 584 85 246 585 585 92 173 586 586 84 99 587 587 1126 247 588 588 1151 207 589 589 1099 207 590 590 156 186 591 591 163 160 592 592 155 222 593 593 15 248 594 594 24 77 595 595 23 203 596 596 121 27 597 597 128 208 598 598 120 24 599 599 50 90 600 600 57 157 601 601 49 177 602 602 19 39 603 603 26 178 604 604 18 29 605 605 171 164 606 606 180 93 607 607 179 50 608 608 61 249 609 609 68 250 610 610 60 152 611 611 1155 251 612 612 1117 57 613 613 260 251 614 614 7 5 615 615 16 75 616 616 15 248 617 617 145 194 618 618 152 130 619 619 144 155 620 620 26 178 621 621 33 86 622 622 25 76 623 623 247 40 624 624 3 109 625 625 2 184 626 626 248 105 627 627 4 56 628 628 3 109 629 629 69 252 630 630 76 202 631 631 68 250 632 632 1111 192 633 633 1141 70 634 634 1095 70 635 635 292 253 636 636 174 254 637 637 294 254 638 638 287 255 639 639 133 126 640 640 285 256 641 641 256 257 642 642 14 258 643 643 22 257 644 644 273 259 645 645 77 239 646 646 1106 260 647 647 1158 261 648 648 182 262 649 649 190 261 650 650 309 263 651 651 221 231 652 652 307 264 653 653 302 265 654 654 198 266 655 655 206 265 656 656 311 267 657 657 229 205 658 658 309 263 659 659 1118 171 660 660 237 268 661 661 310 269 662 662 283 270 663 663 133 126 664 664 125 219 665 665 280 271 666 666 110 272 667 667 118 271 668 668 1105 273 669 669 77 239 670 670 69 252 671 671 296 262 672 672 174 254 673 673 182 262 674 674 297 274 675 675 189 94 676 676 181 198 677 677 290 275 678 678 166 253 679 679 292 253 680 680 273 259 681 681 93 172 682 682 85 246 683 683 258 276 684 684 38 277 685 685 1103 277 686 686 307 264 687 687 213 212 688 688 305 278 689 689 272 279 690 690 78 280 691 691 86 279 692 692 313 281 693 693 250 118 694 694 243 233 695 695 286 196 696 696 134 282 697 697 142 196 698 698 261 283 699 699 45 180 700 700 37 284 701 701 70 285 702 702 270 280 703 703 268 285 704 704 259 286 705 705 21 237 706 706 257 287 707 707 262 288 708 708 38 277 709 709 46 288 710 710 291 289 711 711 165 187 712 712 157 290 713 713 288 197 714 714 158 275 715 715 290 275 716 716 259 286 717 717 37 284 718 718 29 291 719 719 280 271 720 720 126 292 721 721 282 292 722 722 257 287 723 723 13 110 724 724 255 293 725 725 312 294 726 726 237 268 727 727 244 294 728 728 255 293 729 729 5 54 730 730 252 295 731 731 266 296 732 732 70 285 733 733 268 285 734 734 267 297 735 735 53 137 736 736 265 298 737 737 314 299 738 738 244 294 739 739 251 299 740 740 277 300 741 741 93 172 742 742 275 301 743 743 274 302 744 744 102 303 745 745 276 303 746 746 1143 304 747 747 189 94 748 748 299 305 749 749 276 303 750 750 110 272 751 751 1150 272 752 752 305 278 753 753 205 80 754 754 303 306 755 755 266 296 756 756 54 307 757 757 62 296 758 758 293 308 759 759 173 68 760 760 165 187 761 761 289 309 762 762 141 33 763 763 287 255 764 764 279 310 765 765 101 311 766 766 277 300 767 767 272 279 768 768 94 302 769 769 274 302 770 770 300 266 771 771 190 261 772 772 198 266 773 773 311 267 774 774 243 233 775 775 236 226 776 776 254 258 777 777 6 312 778 778 14 258 779 779 1143 304 780 780 205 80 781 781 197 223 782 782 302 265 783 783 214 313 784 784 304 313 785 785 267 297 786 786 69 252 787 787 61 249 788 788 253 312 789 789 251 299 790 790 6 312 791 791 281 314 792 792 125 219 793 793 117 162 794 794 282 292 795 795 134 282 796 796 284 282 797 797 289 309 798 798 157 290 799 799 149 315 800 800 304 313 801 801 222 170 802 802 306 170 803 803 315 316 804 804 5 54 805 805 250 118 806 806 264 307 807 807 46 288 808 808 54 307 809 809 295 317 810 810 181 198 811 811 173 68 812 812 258 276 813 813 22 257 814 814 30 276 815 815 265 298 816 816 45 180 817 817 263 318 818 818 231 243 819 819 534 242 820 820 536 232 821 821 232 46 822 822 238 211 823 823 231 243 824 824 152 130 825 825 161 11 826 826 160 228 827 827 28 0 828 828 37 284 829 829 36 179 830 830 148 34 831 831 157 290 832 832 156 186 833 833 245 62 834 834 332 3 835 835 535 241 836 836 269 319 837 837 1137 128 838 838 271 128 839 839 1127 235 840 840 1104 320 841 841 1109 235 842 842 279 310 843 843 117 162 844 844 109 244 845 845 1149 174 846 846 308 245 847 847 1131 245 848 848 1153 320 849 849 260 251 850 850 1104 320 851 851 318 321 852 852 316 322 853 853 317 321 854 854 1125 83 855 855 278 247 856 856 1126 247 857 857 331 323 858 858 316 322 859 859 319 322 860 860 325 324 861 861 326 325 862 862 327 325 863 863 329 326 864 864 330 323 865 865 331 323 866 866 327 325 867 867 328 326 868 868 329 326 869 869 1136 175 870 870 1108 120 871 871 1097 175 872 872 1157 200 873 873 1120 214 874 874 1123 200 875 875 325 324 876 876 322 327 877 877 324 324 878 878 321 328 879 879 317 321 880 880 320 328 881 881 323 329 882 882 320 328 883 883 322 327 884 884 318 321 885 885 319 322 886 886 316 322 887 887 331 323 888 888 330 323 889 889 316 322 890 890 325 324 891 891 324 324 892 892 326 325 893 893 329 326 894 894 328 326 895 895 330 323 896 896 327 325 897 897 326 325 898 898 328 326 899 899 325 324 900 900 323 329 901 901 322 327 902 902 321 328 903 903 318 321 904 904 317 321 905 905 323 329 906 906 321 328 907 907 320 328 908 908 269 319 909 909 1110 234 910 910 1121 319 911 911 375 330 912 912 358 331 913 913 376 332 914 914 371 333 915 915 345 334 916 916 363 335 917 917 364 336 918 918 334 337 919 919 363 335 920 920 367 338 921 921 339 339 922 922 366 340 923 923 343 341 924 924 368 342 925 925 369 343 926 926 364 336 927 927 345 334 928 928 346 344 929 929 365 345 930 930 336 346 931 931 364 336 932 932 370 347 933 933 351 348 934 934 352 349 935 935 368 342 936 936 351 348 937 937 369 343 938 938 346 344 939 939 372 350 940 940 373 351 941 941 351 348 942 942 377 352 943 943 378 353 944 944 379 354 945 945 351 348 946 946 378 353 947 947 347 355 948 948 373 351 949 949 374 356 950 950 349 357 951 951 375 330 952 952 376 332 953 953 372 350 954 954 353 358 955 955 521 359 956 956 350 360 957 957 376 332 958 958 377 352 959 959 348 361 960 960 374 356 961 961 375 330 962 962 359 362 963 963 1184 363 964 964 360 364 965 965 360 364 966 966 1185 365 967 967 361 366 968 968 358 331 969 969 1183 367 970 970 359 362 971 971 362 368 972 972 1159 369 973 973 354 370 974 974 355 371 975 975 1163 372 976 976 356 373 977 977 356 373 978 978 1165 374 979 979 357 375 980 980 354 370 981 981 1160 376 982 982 355 371 983 983 357 375 984 984 1166 377 985 985 358 331 986 986 365 345 987 987 348 361 988 988 366 340 989 989 366 340 990 990 338 378 991 991 365 345 992 992 366 340 993 993 349 357 994 994 367 338 995 995 334 337 996 996 371 333 997 997 363 335 998 998 367 338 999 999 350 360 1000 1000 368 342 1001 1001 365 345 1002 1002 346 344 1003 1003 347 355 1004 1004 370 347 1005 1005 343 341 1006 1006 369 343 1007 1007 342 379 1008 1008 367 338 1009 1009 368 342 1010 1010 372 350 1011 1011 362 368 1012 1012 354 370 1013 1013 377 352 1014 1014 358 331 1015 1015 359 362 1016 1016 372 350 1017 1017 355 371 1018 1018 373 351 1019 1019 373 351 1020 1020 356 373 1021 1021 374 356 1022 1022 374 356 1023 1023 357 375 1024 1024 375 330 1025 1025 379 354 1026 1026 360 364 1027 1027 361 366 1028 1028 378 353 1029 1029 359 362 1030 1030 360 364 1031 1031 423 380 1032 1032 408 381 1033 1033 424 382 1034 1034 352 349 1035 1035 412 383 1036 1036 370 347 1037 1037 413 384 1038 1038 384 385 1039 1039 412 383 1040 1040 416 386 1041 1041 387 387 1042 1042 415 388 1043 1043 392 389 1044 1044 417 390 1045 1045 418 391 1046 1046 413 384 1047 1047 396 392 1048 1048 397 393 1049 1049 414 394 1050 1050 385 395 1051 1051 413 384 1052 1052 419 396 1053 1053 402 397 1054 1054 403 398 1055 1055 417 390 1056 1056 402 397 1057 1057 418 391 1058 1058 397 393 1059 1059 420 399 1060 1060 421 400 1061 1061 402 397 1062 1062 425 401 1063 1063 426 402 1064 1064 427 403 1065 1065 402 397 1066 1066 426 402 1067 1067 398 404 1068 1068 421 400 1069 1069 422 405 1070 1070 400 406 1071 1071 423 380 1072 1072 424 382 1073 1073 396 392 1074 1074 379 354 1075 1075 420 399 1076 1076 401 407 1077 1077 424 382 1078 1078 425 401 1079 1079 399 408 1080 1080 422 405 1081 1081 423 380 1082 1082 409 409 1083 1083 1187 410 1084 1084 410 411 1085 1085 410 411 1086 1086 1188 412 1087 1087 411 413 1088 1088 408 381 1089 1089 1167 414 1090 1090 409 409 1091 1091 361 366 1092 1092 1186 415 1093 1093 404 416 1094 1094 405 417 1095 1095 1169 418 1096 1096 406 419 1097 1097 406 419 1098 1098 1170 420 1099 1099 407 421 1100 1100 404 416 1101 1101 1171 422 1102 1102 405 417 1103 1103 407 421 1104 1104 1168 423 1105 1105 408 381 1106 1106 414 394 1107 1107 399 408 1108 1108 415 388 1109 1109 415 388 1110 1110 386 424 1111 1111 414 394 1112 1112 415 388 1113 1113 400 406 1114 1114 416 386 1115 1115 395 425 1116 1116 412 383 1117 1117 384 385 1118 1118 416 386 1119 1119 401 407 1120 1120 417 390 1121 1121 414 394 1122 1122 397 393 1123 1123 398 404 1124 1124 419 396 1125 1125 392 389 1126 1126 418 391 1127 1127 391 426 1128 1128 416 386 1129 1129 417 390 1130 1130 420 399 1131 1131 361 366 1132 1132 404 416 1133 1133 425 401 1134 1134 408 381 1135 1135 409 409 1136 1136 420 399 1137 1137 405 417 1138 1138 421 400 1139 1139 421 400 1140 1140 406 419 1141 1141 422 405 1142 1142 422 405 1143 1143 407 421 1144 1144 423 380 1145 1145 427 403 1146 1146 410 411 1147 1147 411 413 1148 1148 426 402 1149 1149 409 409 1150 1150 410 411 1151 1151 469 427 1152 1152 454 428 1153 1153 470 429 1154 1154 403 398 1155 1155 458 430 1156 1156 419 396 1157 1157 459 431 1158 1158 433 432 1159 1159 458 430 1160 1160 462 433 1161 1161 438 434 1162 1162 461 435 1163 1163 441 436 1164 1164 463 437 1165 1165 464 438 1166 1166 459 431 1167 1167 443 439 1168 1168 444 440 1169 1169 460 441 1170 1170 435 442 1171 1171 459 431 1172 1172 465 443 1173 1173 449 444 1174 1174 499 445 1175 1175 463 437 1176 1176 449 444 1177 1177 464 438 1178 1178 444 440 1179 1179 466 446 1180 1180 467 447 1181 1181 449 444 1182 1182 471 448 1183 1183 472 449 1184 1184 473 450 1185 1185 449 444 1186 1186 472 449 1187 1187 445 451 1188 1188 467 447 1189 1189 468 452 1190 1190 447 453 1191 1191 469 427 1192 1192 470 429 1193 1193 443 439 1194 1194 427 403 1195 1195 466 446 1196 1196 448 454 1197 1197 470 429 1198 1198 471 448 1199 1199 446 455 1200 1200 468 452 1201 1201 469 427 1202 1202 455 456 1203 1203 1177 457 1204 1204 456 458 1205 1205 456 458 1206 1206 1190 459 1207 1207 457 460 1208 1208 454 428 1209 1209 1175 461 1210 1210 455 456 1211 1211 411 413 1212 1212 1189 462 1213 1213 450 463 1214 1214 451 464 1215 1215 1172 465 1216 1216 452 466 1217 1217 452 466 1218 1218 1176 467 1219 1219 453 468 1220 1220 450 463 1221 1221 1173 469 1222 1222 451 464 1223 1223 453 468 1224 1224 1174 470 1225 1225 454 428 1226 1226 460 441 1227 1227 446 455 1228 1228 461 435 1229 1229 461 435 1230 1230 437 471 1231 1231 460 441 1232 1232 461 435 1233 1233 447 453 1234 1234 462 433 1235 1235 433 432 1236 1236 419 396 1237 1237 458 430 1238 1238 462 433 1239 1239 448 454 1240 1240 463 437 1241 1241 460 441 1242 1242 444 440 1243 1243 445 451 1244 1244 465 443 1245 1245 441 436 1246 1246 464 438 1247 1247 440 472 1248 1248 462 433 1249 1249 463 437 1250 1250 466 446 1251 1251 411 413 1252 1252 450 463 1253 1253 471 448 1254 1254 454 428 1255 1255 455 456 1256 1256 466 446 1257 1257 451 464 1258 1258 467 447 1259 1259 467 447 1260 1260 452 466 1261 1261 468 452 1262 1262 468 452 1263 1263 453 468 1264 1264 469 427 1265 1265 473 450 1266 1266 456 458 1267 1267 457 460 1268 1268 472 449 1269 1269 455 456 1270 1270 456 458 1271 1271 517 473 1272 1272 504 474 1273 1273 518 475 1274 1274 499 445 1275 1275 507 476 1276 1276 465 443 1277 1277 508 477 1278 1278 479 478 1279 1279 507 476 1280 1280 511 479 1281 1281 485 480 1282 1282 510 481 1283 1283 489 482 1284 1284 512 483 1285 1285 513 484 1286 1286 508 477 1287 1287 492 485 1288 1288 493 486 1289 1289 509 487 1290 1290 481 488 1291 1291 508 477 1292 1292 513 484 1293 1293 353 358 1294 1294 371 333 1295 1295 512 483 1296 1296 498 489 1297 1297 513 484 1298 1298 493 486 1299 1299 514 490 1300 1300 515 491 1301 1301 498 489 1302 1302 519 492 1303 1303 520 493 1304 1304 521 359 1305 1305 498 489 1306 1306 520 493 1307 1307 494 494 1308 1308 515 491 1309 1309 516 495 1310 1310 496 496 1311 1311 517 473 1312 1312 518 475 1313 1313 514 490 1314 1314 499 445 1315 1315 473 450 1316 1316 497 497 1317 1317 518 475 1318 1318 519 492 1319 1319 495 498 1320 1320 516 495 1321 1321 517 473 1322 1322 505 499 1323 1323 1192 500 1324 1324 506 501 1325 1325 506 501 1326 1326 1164 502 1327 1327 362 368 1328 1328 504 474 1329 1329 1182 503 1330 1330 505 499 1331 1331 457 460 1332 1332 1191 504 1333 1333 500 505 1334 1334 501 506 1335 1335 1179 507 1336 1336 502 508 1337 1337 502 508 1338 1338 1178 509 1339 1339 503 510 1340 1340 500 505 1341 1341 1180 511 1342 1342 501 506 1343 1343 503 510 1344 1344 1181 512 1345 1345 504 474 1346 1346 509 487 1347 1347 495 498 1348 1348 510 481 1349 1349 510 481 1350 1350 483 513 1351 1351 509 487 1352 1352 510 481 1353 1353 496 496 1354 1354 511 479 1355 1355 479 478 1356 1356 465 443 1357 1357 507 476 1358 1358 511 479 1359 1359 497 497 1360 1360 512 483 1361 1361 509 487 1362 1362 493 486 1363 1363 494 494 1364 1364 490 514 1365 1365 513 484 1366 1366 371 333 1367 1367 486 515 1368 1368 512 483 1369 1369 487 516 1370 1370 514 490 1371 1371 457 460 1372 1372 500 505 1373 1373 519 492 1374 1374 504 474 1375 1375 505 499 1376 1376 514 490 1377 1377 501 506 1378 1378 515 491 1379 1379 515 491 1380 1380 502 508 1381 1381 516 495 1382 1382 516 495 1383 1383 503 510 1384 1384 517 473 1385 1385 521 359 1386 1386 506 501 1387 1387 362 368 1388 1388 520 493 1389 1389 505 499 1390 1390 506 501 1391 1391 525 517 1392 1392 527 518 1393 1393 533 519 1394 1394 527 518 1395 1395 528 520 1396 1396 533 519 1397 1397 528 520 1398 1398 529 521 1399 1399 533 519 1400 1400 529 521 1401 1401 530 522 1402 1402 533 519 1403 1403 530 522 1404 1404 531 523 1405 1405 533 519 1406 1406 531 523 1407 1407 532 524 1408 1408 533 519 1409 1409 532 524 1410 1410 526 525 1411 1411 533 519 1412 1412 526 525 1413 1413 525 517 1414 1414 533 519 1415 1415 552 519 1416 1416 548 519 1417 1417 549 519 1418 1418 553 519 1419 1419 549 519 1420 1420 629 519 1421 1421 554 519 1422 1422 629 519 1423 1423 550 519 1424 1424 554 519 1425 1425 630 519 1426 1426 556 519 1427 1427 556 519 1428 1428 631 519 1429 1429 555 519 1430 1430 555 519 1431 1431 551 519 1432 1432 540 519 1433 1433 1209 519 1434 1434 1207 519 1435 1435 1212 519 1436 1436 600 526 1437 1437 1214 527 1438 1438 601 527 1439 1439 1214 527 1440 1440 602 528 1441 1441 601 527 1442 1442 1217 529 1443 1443 605 530 1444 1444 604 529 1445 1445 605 530 1446 1446 1234 531 1447 1447 598 531 1448 1448 599 532 1449 1449 1215 526 1450 1450 600 526 1451 1451 1234 531 1452 1452 599 532 1453 1453 598 531 1454 1454 1216 533 1455 1455 604 529 1456 1456 603 533 1457 1457 602 528 1458 1458 1216 533 1459 1459 603 533 1460 1460 624 534 1461 1461 616 534 1462 1462 613 534 1463 1463 574 535 1464 1464 573 536 1465 1465 1274 537 1466 1466 575 538 1467 1467 574 535 1468 1468 1272 539 1469 1469 576 540 1470 1470 575 538 1471 1471 1204 541 1472 1472 577 542 1473 1473 576 540 1474 1474 1202 543 1475 1475 578 544 1476 1476 577 542 1477 1477 1203 545 1478 1478 579 546 1479 1479 578 544 1480 1480 677 547 1481 1481 580 548 1482 1482 579 546 1483 1483 1245 549 1484 1484 581 550 1485 1485 580 548 1486 1486 1246 551 1487 1487 582 552 1488 1488 581 550 1489 1489 1247 553 1490 1490 583 554 1491 1491 582 552 1492 1492 1248 555 1493 1493 584 556 1494 1494 583 554 1495 1495 1249 557 1496 1496 585 558 1497 1497 584 556 1498 1498 1250 559 1499 1499 586 560 1500 1500 585 558 1501 1501 711 561 1502 1502 587 562 1503 1503 586 560 1504 1504 1260 563 1505 1505 588 564 1506 1506 587 562 1507 1507 1200 565 1508 1508 589 566 1509 1509 588 564 1510 1510 1201 567 1511 1511 590 568 1512 1512 589 566 1513 1513 1261 569 1514 1514 591 570 1515 1515 590 568 1516 1516 1269 571 1517 1517 592 572 1518 1518 591 570 1519 1519 538 573 1520 1520 593 574 1521 1521 592 572 1522 1522 1193 575 1523 1523 594 576 1524 1524 593 574 1525 1525 1194 577 1526 1526 595 578 1527 1527 594 576 1528 1528 1196 579 1529 1529 596 580 1530 1530 595 578 1531 1531 1197 581 1532 1532 597 582 1533 1533 596 580 1534 1534 1198 583 1535 1535 569 584 1536 1536 597 582 1537 1537 1199 585 1538 1538 567 586 1539 1539 569 584 1540 1540 1223 587 1541 1541 568 588 1542 1542 567 586 1543 1543 1224 589 1544 1544 566 590 1545 1545 568 588 1546 1546 1225 591 1547 1547 570 592 1548 1548 566 590 1549 1549 1275 593 1550 1550 571 594 1551 1551 570 592 1552 1552 1227 595 1553 1553 572 596 1554 1554 571 594 1555 1555 1228 597 1556 1556 573 536 1557 1557 572 596 1558 1558 646 598 1559 1559 574 535 1560 1560 1274 537 1561 1561 1273 599 1562 1562 574 535 1563 1563 1273 599 1564 1564 1272 539 1565 1565 575 538 1566 1566 1272 539 1567 1567 1204 541 1568 1568 576 540 1569 1569 1204 541 1570 1570 1202 543 1571 1571 577 542 1572 1572 1202 543 1573 1573 1203 545 1574 1574 578 544 1575 1575 1203 545 1576 1576 1271 600 1577 1577 578 544 1578 1578 1271 600 1579 1579 677 547 1580 1580 579 546 1581 1581 677 547 1582 1582 1245 549 1583 1583 580 548 1584 1584 1245 549 1585 1585 1246 551 1586 1586 581 550 1587 1587 1246 551 1588 1588 1247 553 1589 1589 582 552 1590 1590 1247 553 1591 1591 1270 601 1592 1592 582 552 1593 1593 1270 601 1594 1594 1248 555 1595 1595 583 554 1596 1596 1248 555 1597 1597 1249 557 1598 1598 584 556 1599 1599 1249 557 1600 1600 1250 559 1601 1601 585 558 1602 1602 1250 559 1603 1603 711 561 1604 1604 586 560 1605 1605 711 561 1606 1606 1259 602 1607 1607 586 560 1608 1608 1259 602 1609 1609 1260 563 1610 1610 587 562 1611 1611 1260 563 1612 1612 1200 565 1613 1613 588 564 1614 1614 1200 565 1615 1615 1201 567 1616 1616 589 566 1617 1617 1201 567 1618 1618 1261 569 1619 1619 590 568 1620 1620 1261 569 1621 1621 1262 603 1622 1622 590 568 1623 1623 1262 603 1624 1624 1269 571 1625 1625 591 570 1626 1626 1269 571 1627 1627 538 573 1628 1628 592 572 1629 1629 538 573 1630 1630 1193 575 1631 1631 593 574 1632 1632 1193 575 1633 1633 1194 577 1634 1634 594 576 1635 1635 1194 577 1636 1636 1195 604 1637 1637 594 576 1638 1638 1195 604 1639 1639 1196 579 1640 1640 595 578 1641 1641 1196 579 1642 1642 1197 581 1643 1643 596 580 1644 1644 1197 581 1645 1645 1198 583 1646 1646 597 582 1647 1647 1198 583 1648 1648 1199 585 1649 1649 569 584 1650 1650 1199 585 1651 1651 537 605 1652 1652 569 584 1653 1653 537 605 1654 1654 1223 587 1655 1655 567 586 1656 1656 1223 587 1657 1657 1224 589 1658 1658 568 588 1659 1659 1224 589 1660 1660 1225 591 1661 1661 566 590 1662 1662 1225 591 1663 1663 1275 593 1664 1664 570 592 1665 1665 1275 593 1666 1666 1226 606 1667 1667 570 592 1668 1668 1226 606 1669 1669 1227 595 1670 1670 571 594 1671 1671 1227 595 1672 1672 1228 597 1673 1673 572 596 1674 1674 1228 597 1675 1675 646 598 1676 1676 573 536 1677 1677 646 598 1678 1678 1274 537 1679 1679 637 519 1680 1680 636 519 1681 1681 631 519 1682 1682 634 519 1683 1683 626 519 1684 1684 639 519 1685 1685 634 519 1686 1686 639 519 1687 1687 638 519 1688 1688 550 519 1689 1689 633 519 1690 1690 637 519 1691 1691 633 519 1692 1692 634 519 1693 1693 638 519 1694 1694 637 519 1695 1695 633 519 1696 1696 638 519 1697 1697 631 519 1698 1698 630 519 1699 1699 637 519 1700 1700 630 519 1701 1701 550 519 1702 1702 637 519 1703 1703 627 519 1704 1704 551 519 1705 1705 635 519 1706 1706 551 519 1707 1707 631 519 1708 1708 636 519 1709 1709 636 519 1710 1710 635 519 1711 1711 551 519 1712 1712 549 519 1713 1713 1219 519 1714 1714 1218 519 1715 1715 549 519 1716 1716 548 519 1717 1717 1219 519 1718 1718 548 519 1719 1719 628 519 1720 1720 1220 519 1721 1721 1219 519 1722 1722 548 519 1723 1723 1220 519 1724 1724 550 519 1725 1725 629 519 1726 1726 1218 519 1727 1727 629 519 1728 1728 549 519 1729 1729 1218 519 1730 1730 632 519 1731 1731 633 519 1732 1732 1221 519 1733 1733 633 519 1734 1734 550 519 1735 1735 1218 519 1736 1736 1222 519 1737 1737 640 519 1738 1738 632 519 1739 1739 1221 519 1740 1740 1222 519 1741 1741 632 519 1742 1742 633 519 1743 1743 1218 519 1744 1744 1221 519 1745 1745 659 519 1746 1746 655 519 1747 1747 656 519 1748 1748 660 519 1749 1749 656 519 1750 1750 666 519 1751 1751 661 519 1752 1752 666 519 1753 1753 657 519 1754 1754 661 519 1755 1755 667 519 1756 1756 663 519 1757 1757 663 519 1758 1758 668 519 1759 1759 662 519 1760 1760 662 519 1761 1761 658 519 1762 1762 648 519 1763 1763 1230 519 1764 1764 1229 519 1765 1765 668 519 1766 1766 671 519 1767 1767 664 519 1768 1768 1233 519 1769 1769 671 519 1770 1770 1233 519 1771 1771 1232 519 1772 1772 657 519 1773 1773 670 519 1774 1774 1230 519 1775 1775 670 519 1776 1776 671 519 1777 1777 1232 519 1778 1778 1230 519 1779 1779 670 519 1780 1780 1232 519 1781 1781 668 519 1782 1782 667 519 1783 1783 1230 519 1784 1784 667 519 1785 1785 657 519 1786 1786 1230 519 1787 1787 665 519 1788 1788 658 519 1789 1789 1231 519 1790 1790 658 519 1791 1791 668 519 1792 1792 1229 519 1793 1793 1229 519 1794 1794 1231 519 1795 1795 658 519 1796 1796 656 519 1797 1797 679 519 1798 1798 678 519 1799 1799 656 519 1800 1800 655 519 1801 1801 679 519 1802 1802 655 519 1803 1803 627 519 1804 1804 635 519 1805 1805 679 519 1806 1806 655 519 1807 1807 635 519 1808 1808 657 519 1809 1809 666 519 1810 1810 678 519 1811 1811 666 519 1812 1812 656 519 1813 1813 678 519 1814 1814 669 519 1815 1815 670 519 1816 1816 680 519 1817 1817 670 519 1818 1818 657 519 1819 1819 678 519 1820 1820 639 519 1821 1821 626 519 1822 1822 669 519 1823 1823 680 519 1824 1824 639 519 1825 1825 669 519 1826 1826 670 519 1827 1827 678 519 1828 1828 680 519 1829 1829 690 519 1830 1830 686 519 1831 1831 687 519 1832 1832 691 519 1833 1833 687 519 1834 1834 697 519 1835 1835 692 519 1836 1836 697 519 1837 1837 688 519 1838 1838 692 519 1839 1839 698 519 1840 1840 694 519 1841 1841 694 519 1842 1842 699 519 1843 1843 693 519 1844 1844 693 519 1845 1845 689 519 1846 1846 682 519 1847 1847 1238 519 1848 1848 1237 519 1849 1849 699 519 1850 1850 702 519 1851 1851 695 519 1852 1852 1241 519 1853 1853 702 519 1854 1854 1241 519 1855 1855 1240 519 1856 1856 688 519 1857 1857 701 519 1858 1858 1238 519 1859 1859 701 519 1860 1860 702 519 1861 1861 1240 519 1862 1862 1238 519 1863 1863 701 519 1864 1864 1240 519 1865 1865 699 519 1866 1866 698 519 1867 1867 1238 519 1868 1868 698 519 1869 1869 688 519 1870 1870 1238 519 1871 1871 696 519 1872 1872 689 519 1873 1873 1239 519 1874 1874 689 519 1875 1875 699 519 1876 1876 1237 519 1877 1877 1237 519 1878 1878 1239 519 1879 1879 689 519 1880 1880 687 519 1881 1881 1243 519 1882 1882 1242 519 1883 1883 687 519 1884 1884 686 519 1885 1885 1243 519 1886 1886 686 519 1887 1887 665 519 1888 1888 1231 519 1889 1889 1243 519 1890 1890 686 519 1891 1891 1231 519 1892 1892 688 519 1893 1893 697 519 1894 1894 1242 519 1895 1895 697 519 1896 1896 687 519 1897 1897 1242 519 1898 1898 700 519 1899 1899 701 519 1900 1900 1244 519 1901 1901 701 519 1902 1902 688 519 1903 1903 1242 519 1904 1904 1233 519 1905 1905 664 519 1906 1906 700 519 1907 1907 1244 519 1908 1908 1233 519 1909 1909 700 519 1910 1910 701 519 1911 1911 1242 519 1912 1912 1244 519 1913 1913 724 519 1914 1914 720 519 1915 1915 721 519 1916 1916 725 519 1917 1917 721 519 1918 1918 731 519 1919 1919 726 519 1920 1920 731 519 1921 1921 722 519 1922 1922 726 519 1923 1923 732 519 1924 1924 728 519 1925 1925 728 519 1926 1926 733 519 1927 1927 727 519 1928 1928 727 519 1929 1929 723 519 1930 1930 713 519 1931 1931 1252 519 1932 1932 1251 519 1933 1933 733 519 1934 1934 736 519 1935 1935 729 519 1936 1936 1255 519 1937 1937 736 519 1938 1938 1255 519 1939 1939 1254 519 1940 1940 722 519 1941 1941 735 519 1942 1942 1252 519 1943 1943 735 519 1944 1944 736 519 1945 1945 1254 519 1946 1946 1252 519 1947 1947 735 519 1948 1948 1254 519 1949 1949 733 519 1950 1950 732 519 1951 1951 1252 519 1952 1952 732 519 1953 1953 722 519 1954 1954 1252 519 1955 1955 730 519 1956 1956 723 519 1957 1957 1253 519 1958 1958 723 519 1959 1959 733 519 1960 1960 1251 519 1961 1961 1251 519 1962 1962 1253 519 1963 1963 723 519 1964 1964 721 519 1965 1965 1257 519 1966 1966 1256 519 1967 1967 721 519 1968 1968 720 519 1969 1969 1257 519 1970 1970 720 519 1971 1971 696 519 1972 1972 1239 519 1973 1973 1257 519 1974 1974 720 519 1975 1975 1239 519 1976 1976 722 519 1977 1977 731 519 1978 1978 1256 519 1979 1979 731 519 1980 1980 721 519 1981 1981 1256 519 1982 1982 734 519 1983 1983 735 519 1984 1984 1258 519 1985 1985 735 519 1986 1986 722 519 1987 1987 1256 519 1988 1988 1241 519 1989 1989 695 519 1990 1990 734 519 1991 1991 1258 519 1992 1992 1241 519 1993 1993 734 519 1994 1994 735 519 1995 1995 1256 519 1996 1996 1258 519 1997 1997 755 519 1998 1998 751 519 1999 1999 752 519 2000 2000 756 519 2001 2001 752 519 2002 2002 760 519 2003 2003 757 519 2004 2004 760 519 2005 2005 753 519 2006 2006 757 519 2007 2007 761 519 2008 2008 759 519 2009 2009 759 519 2010 2010 762 519 2011 2011 758 519 2012 2012 758 519 2013 2013 754 519 2014 2014 746 519 2015 2015 1264 519 2016 2016 1263 519 2017 2017 762 519 2018 2018 765 519 2019 2019 640 519 2020 2020 1222 519 2021 2021 765 519 2022 2022 1222 519 2023 2023 1265 519 2024 2024 753 519 2025 2025 764 519 2026 2026 1264 519 2027 2027 764 519 2028 2028 765 519 2029 2029 1265 519 2030 2030 1264 519 2031 2031 764 519 2032 2032 1265 519 2033 2033 762 519 2034 2034 761 519 2035 2035 1264 519 2036 2036 761 519 2037 2037 753 519 2038 2038 1264 519 2039 2039 628 519 2040 2040 754 519 2041 2041 1220 519 2042 2042 754 519 2043 2043 762 519 2044 2044 1263 519 2045 2045 1263 519 2046 2046 1220 519 2047 2047 754 519 2048 2048 752 519 2049 2049 1267 519 2050 2050 1266 519 2051 2051 752 519 2052 2052 751 519 2053 2053 1267 519 2054 2054 751 519 2055 2055 730 519 2056 2056 1253 519 2057 2057 1267 519 2058 2058 751 519 2059 2059 1253 519 2060 2060 753 519 2061 2061 760 519 2062 2062 1266 519 2063 2063 760 519 2064 2064 752 519 2065 2065 1266 519 2066 2066 763 519 2067 2067 764 519 2068 2068 1268 519 2069 2069 764 519 2070 2070 753 519 2071 2071 1266 519 2072 2072 1255 519 2073 2073 729 519 2074 2074 763 519 2075 2075 1268 519 2076 2076 1255 519 2077 2077 763 519 2078 2078 764 519 2079 2079 1266 519 2080 2080 1268 519 2081 2081 774 607 2082 2082 772 608 2083 2083 773 607 2084 2084 787 609 2085 2085 772 608 2086 2086 775 610 2087 2087 781 611 2088 2088 782 612 2089 2089 783 612 2090 2090 785 613 2091 2091 786 609 2092 2092 787 609 2093 2093 783 612 2094 2094 784 613 2095 2095 785 613 2096 2096 781 611 2097 2097 778 614 2098 2098 780 611 2099 2099 777 615 2100 2100 773 607 2101 2101 776 615 2102 2102 779 616 2103 2103 776 615 2104 2104 778 614 2105 2105 774 607 2106 2106 775 610 2107 2107 772 608 2108 2108 787 609 2109 2109 786 609 2110 2110 772 608 2111 2111 781 611 2112 2112 780 611 2113 2113 782 612 2114 2114 785 613 2115 2115 784 613 2116 2116 786 609 2117 2117 783 612 2118 2118 782 612 2119 2119 784 613 2120 2120 781 611 2121 2121 779 616 2122 2122 778 614 2123 2123 777 615 2124 2124 774 607 2125 2125 773 607 2126 2126 779 616 2127 2127 777 615 2128 2128 776 615 2129 2129 788 617 2130 2130 790 618 2131 2131 796 519 2132 2132 790 618 2133 2133 791 619 2134 2134 796 519 2135 2135 791 619 2136 2136 792 620 2137 2137 796 519 2138 2138 792 620 2139 2139 793 621 2140 2140 796 519 2141 2141 793 621 2142 2142 794 622 2143 2143 796 519 2144 2144 794 622 2145 2145 795 623 2146 2146 796 519 2147 2147 795 623 2148 2148 789 624 2149 2149 796 519 2150 2150 789 624 2151 2151 788 617 2152 2152 796 519 2153 2153 1280 519 2154 2154 1278 519 2155 2155 1283 519 2156 2156 799 625 2157 2157 673 626 2158 2158 800 626 2159 2159 673 626 2160 2160 801 627 2161 2161 800 626 2162 2162 676 628 2163 2163 804 629 2164 2164 803 628 2165 2165 804 629 2166 2166 708 630 2167 2167 797 630 2168 2168 798 631 2169 2169 672 625 2170 2170 799 625 2171 2171 708 630 2172 2172 798 631 2173 2173 797 630 2174 2174 675 632 2175 2175 803 628 2176 2176 802 632 2177 2177 801 627 2178 2178 675 632 2179 2179 802 632 2180 2180 807 633 2181 2181 805 634 2182 2182 806 635 2183 2183 820 636 2184 2184 805 634 2185 2185 808 634 2186 2186 814 637 2187 2187 815 638 2188 2188 816 638 2189 2189 818 639 2190 2190 819 640 2191 2191 820 636 2192 2192 816 638 2193 2193 817 641 2194 2194 818 639 2195 2195 814 637 2196 2196 811 642 2197 2197 813 637 2198 2198 810 643 2199 2199 806 635 2200 2200 809 643 2201 2201 812 644 2202 2202 809 643 2203 2203 811 642 2204 2204 807 633 2205 2205 808 634 2206 2206 805 634 2207 2207 820 636 2208 2208 819 640 2209 2209 805 634 2210 2210 814 637 2211 2211 813 637 2212 2212 815 638 2213 2213 818 639 2214 2214 817 641 2215 2215 819 640 2216 2216 816 638 2217 2217 815 638 2218 2218 817 641 2219 2219 814 637 2220 2220 812 644 2221 2221 811 642 2222 2222 810 643 2223 2223 807 633 2224 2224 806 635 2225 2225 812 644 2226 2226 810 643 2227 2227 809 643 2228 2228 821 645 2229 2229 823 646 2230 2230 829 519 2231 2231 823 646 2232 2232 824 647 2233 2233 829 519 2234 2234 824 647 2235 2235 825 648 2236 2236 829 519 2237 2237 825 648 2238 2238 826 649 2239 2239 829 519 2240 2240 826 649 2241 2241 827 650 2242 2242 829 519 2243 2243 827 650 2244 2244 828 651 2245 2245 829 519 2246 2246 828 651 2247 2247 822 652 2248 2248 829 519 2249 2249 822 652 2250 2250 821 645 2251 2251 829 519 2252 2252 1288 519 2253 2253 1286 519 2254 2254 1291 519 2255 2255 832 653 2256 2256 704 654 2257 2257 833 654 2258 2258 704 654 2259 2259 834 655 2260 2260 833 654 2261 2261 707 656 2262 2262 837 657 2263 2263 836 656 2264 2264 837 657 2265 2265 742 658 2266 2266 830 658 2267 2267 831 659 2268 2268 703 660 2269 2269 832 653 2270 2270 742 658 2271 2271 831 659 2272 2272 830 658 2273 2273 706 661 2274 2274 836 656 2275 2275 835 661 2276 2276 834 655 2277 2277 706 661 2278 2278 835 661 2279 2279 840 662 2280 2280 838 663 2281 2281 839 662 2282 2282 853 664 2283 2283 838 663 2284 2284 841 665 2285 2285 847 666 2286 2286 848 667 2287 2287 849 667 2288 2288 851 668 2289 2289 852 664 2290 2290 853 664 2291 2291 849 667 2292 2292 850 668 2293 2293 851 668 2294 2294 847 666 2295 2295 844 669 2296 2296 846 670 2297 2297 843 671 2298 2298 839 662 2299 2299 842 672 2300 2300 845 673 2301 2301 842 672 2302 2302 844 669 2303 2303 840 662 2304 2304 841 665 2305 2305 838 663 2306 2306 853 664 2307 2307 852 664 2308 2308 838 663 2309 2309 847 666 2310 2310 846 670 2311 2311 848 667 2312 2312 851 668 2313 2313 850 668 2314 2314 852 664 2315 2315 849 667 2316 2316 848 667 2317 2317 850 668 2318 2318 847 666 2319 2319 845 673 2320 2320 844 669 2321 2321 843 671 2322 2322 840 662 2323 2323 839 662 2324 2324 845 673 2325 2325 843 671 2326 2326 842 672 2327 2327 854 674 2328 2328 856 675 2329 2329 862 519 2330 2330 856 675 2331 2331 857 676 2332 2332 862 519 2333 2333 857 676 2334 2334 858 677 2335 2335 862 519 2336 2336 858 677 2337 2337 859 678 2338 2338 862 519 2339 2339 859 678 2340 2340 860 679 2341 2341 862 519 2342 2342 860 679 2343 2343 861 680 2344 2344 862 519 2345 2345 861 680 2346 2346 855 681 2347 2347 862 519 2348 2348 855 681 2349 2349 854 674 2350 2350 862 519 2351 2351 1296 519 2352 2352 1294 519 2353 2353 1299 519 2354 2354 865 682 2355 2355 738 683 2356 2356 866 683 2357 2357 738 683 2358 2358 867 684 2359 2359 866 683 2360 2360 741 685 2361 2361 870 686 2362 2362 869 685 2363 2363 870 686 2364 2364 769 687 2365 2365 863 687 2366 2366 864 688 2367 2367 737 682 2368 2368 865 682 2369 2369 769 687 2370 2370 864 688 2371 2371 863 687 2372 2372 740 689 2373 2373 869 685 2374 2374 868 689 2375 2375 867 684 2376 2376 740 689 2377 2377 868 689 2378 2378 873 690 2379 2379 871 691 2380 2380 872 690 2381 2381 886 692 2382 2382 871 691 2383 2383 874 691 2384 2384 880 693 2385 2385 881 694 2386 2386 882 694 2387 2387 884 695 2388 2388 885 692 2389 2389 886 692 2390 2390 882 694 2391 2391 883 695 2392 2392 884 695 2393 2393 880 693 2394 2394 877 696 2395 2395 879 697 2396 2396 876 698 2397 2397 872 690 2398 2398 875 698 2399 2399 878 699 2400 2400 875 698 2401 2401 877 696 2402 2402 873 690 2403 2403 874 691 2404 2404 871 691 2405 2405 886 692 2406 2406 885 692 2407 2407 871 691 2408 2408 880 693 2409 2409 879 697 2410 2410 881 694 2411 2411 884 695 2412 2412 883 695 2413 2413 885 692 2414 2414 882 694 2415 2415 881 694 2416 2416 883 695 2417 2417 880 693 2418 2418 878 699 2419 2419 877 696 2420 2420 876 698 2421 2421 873 690 2422 2422 872 690 2423 2423 878 699 2424 2424 876 698 2425 2425 875 698 2426 2426 887 700 2427 2427 889 701 2428 2428 895 519 2429 2429 889 701 2430 2430 890 702 2431 2431 895 519 2432 2432 890 702 2433 2433 891 703 2434 2434 895 519 2435 2435 891 703 2436 2436 892 704 2437 2437 895 519 2438 2438 892 704 2439 2439 893 705 2440 2440 895 519 2441 2441 893 705 2442 2442 894 706 2443 2443 895 519 2444 2444 894 706 2445 2445 888 707 2446 2446 895 519 2447 2447 888 707 2448 2448 887 700 2449 2449 895 519 2450 2450 1304 519 2451 2451 1302 519 2452 2452 1307 519 2453 2453 898 708 2454 2454 766 709 2455 2455 899 709 2456 2456 766 709 2457 2457 900 710 2458 2458 899 709 2459 2459 644 711 2460 2460 903 712 2461 2461 902 711 2462 2462 903 712 2463 2463 641 713 2464 2464 896 713 2465 2465 897 714 2466 2466 643 708 2467 2467 898 708 2468 2468 641 713 2469 2469 897 714 2470 2470 896 713 2471 2471 768 715 2472 2472 902 711 2473 2473 901 715 2474 2474 900 710 2475 2475 768 715 2476 2476 901 715 2477 2477 1055 716 2478 2478 906 717 2479 2479 1072 718 2480 2480 1073 719 2481 2481 923 720 2482 2482 924 721 2483 2483 1057 722 2484 2484 913 723 2485 2485 1074 724 2486 2486 1058 725 2487 2487 914 726 2488 2488 1075 727 2489 2489 1076 728 2490 2490 924 721 2491 2491 925 729 2492 2492 1077 730 2493 2493 914 726 2494 2494 942 731 2495 2495 1078 732 2496 2496 918 733 2497 2497 917 734 2498 2498 1079 735 2499 2499 926 736 2500 2500 928 737 2501 2501 1061 738 2502 2502 915 739 2503 2503 1058 725 2504 2504 1062 740 2505 2505 918 733 2506 2506 1059 741 2507 2507 1080 742 2508 2508 928 737 2509 2509 927 743 2510 2510 1081 744 2511 2511 916 745 2512 2512 937 746 2513 2513 1064 747 2514 2514 916 745 2515 2515 1063 748 2516 2516 1082 749 2517 2517 922 750 2518 2518 930 751 2519 2519 1056 752 2520 2520 904 753 2521 2521 923 720 2522 2522 1065 754 2523 2523 927 743 2524 2524 922 750 2525 2525 1083 755 2526 2526 917 734 2527 2527 932 756 2528 2528 1072 718 2529 2529 907 757 2530 2530 1084 758 2531 2531 1067 759 2532 2532 935 760 2533 2533 1085 761 2534 2534 1068 762 2535 2535 919 763 2536 2536 1062 740 2537 2537 1086 764 2538 2538 907 757 2539 2539 908 765 2540 2540 1064 747 2541 2541 935 760 2542 2542 936 766 2543 2543 1068 762 2544 2544 920 767 2545 2545 931 768 2546 2546 1086 764 2547 2547 909 769 2548 2548 1087 770 2549 2549 1070 771 2550 2550 940 772 2551 2551 1088 773 2552 2552 1088 773 2553 2553 941 774 2554 2554 1061 738 2555 2555 1081 744 2556 2556 939 775 2557 2557 1089 776 2558 2558 1082 749 2559 2559 920 767 2560 2560 1069 777 2561 2561 1090 778 2562 2562 909 769 2563 2563 910 779 2564 2564 1077 730 2565 2565 943 780 2566 2566 1057 722 2567 2567 1089 776 2568 2568 938 781 2569 2569 1091 782 2570 2570 1060 783 2571 2571 921 784 2572 2572 926 736 2573 2573 1092 785 2574 2574 910 779 2575 2575 912 786 2576 2576 1083 755 2577 2577 929 787 2578 2578 1093 788 2579 2579 1076 728 2580 2580 921 784 2581 2581 1071 789 2582 2582 1092 785 2583 2583 911 790 2584 2584 1094 791 2585 2585 1093 788 2586 2586 934 792 2587 2587 1067 759 2588 2588 1091 782 2589 2589 933 793 2590 2590 1070 771 2591 2591 1066 794 2592 2592 911 790 2593 2593 904 753 2594 2594 1055 716 2595 2595 913 723 2596 2596 905 795 2597 2597 905 795 2598 2598 628 519 2599 2599 548 519 2600 2600 913 723 2601 2601 628 519 2602 2602 905 795 2603 2603 913 723 2604 2604 746 519 2605 2605 754 519 2606 2606 942 731 2607 2607 746 519 2608 2608 943 780 2609 2609 662 519 2610 2610 926 736 2611 2611 921 784 2612 2612 914 726 2613 2613 757 519 2614 2614 759 519 2615 2615 914 726 2616 2616 756 519 2617 2617 757 519 2618 2618 904 753 2619 2619 911 790 2620 2620 551 519 2621 2621 933 793 2622 2622 938 781 2623 2623 723 519 2624 2624 940 772 2625 2625 751 519 2626 2626 745 519 2627 2627 933 793 2628 2628 730 519 2629 2629 751 519 2630 2630 930 751 2631 2631 922 750 2632 2632 665 519 2633 2633 938 781 2634 2634 713 519 2635 2635 723 519 2636 2636 937 746 2637 2637 713 519 2638 2638 939 775 2639 2639 724 519 2640 2640 725 519 2641 2641 916 745 2642 2642 916 745 2643 2643 726 519 2644 2644 728 519 2645 2645 916 745 2646 2646 725 519 2647 2647 726 519 2648 2648 659 519 2649 2649 660 519 2650 2650 921 784 2651 2651 539 519 2652 2652 552 519 2653 2653 908 765 2654 2654 934 792 2655 2655 720 519 2656 2656 712 519 2657 2657 929 787 2658 2658 696 519 2659 2659 720 519 2660 2660 932 756 2661 2661 696 519 2662 2662 929 787 2663 2663 932 756 2664 2664 682 519 2665 2665 689 519 2666 2666 918 733 2667 2667 682 519 2668 2668 917 734 2669 2669 755 519 2670 2670 756 519 2671 2671 914 726 2672 2672 919 763 2673 2673 692 519 2674 2674 694 519 2675 2675 919 763 2676 2676 691 519 2677 2677 692 519 2678 2678 727 519 2679 2679 937 746 2680 2680 916 745 2681 2681 712 519 2682 2682 724 519 2683 2683 936 766 2684 2684 930 751 2685 2685 686 519 2686 2686 681 519 2687 2687 686 519 2688 2688 930 751 2689 2689 665 519 2690 2690 927 743 2691 2691 648 519 2692 2692 658 519 2693 2693 926 736 2694 2694 648 519 2695 2695 928 737 2696 2696 690 519 2697 2697 691 519 2698 2698 919 763 2699 2699 921 784 2700 2700 661 519 2701 2701 663 519 2702 2702 921 784 2703 2703 660 519 2704 2704 661 519 2705 2705 693 519 2706 2706 918 733 2707 2707 919 763 2708 2708 758 519 2709 2709 942 731 2710 2710 914 726 2711 2711 923 720 2712 2712 655 519 2713 2713 647 519 2714 2714 904 753 2715 2715 627 519 2716 2716 655 519 2717 2717 555 519 2718 2718 910 779 2719 2719 909 769 2720 2720 911 790 2721 2721 540 519 2722 2722 551 519 2723 2723 910 779 2724 2724 540 519 2725 2725 912 786 2726 2726 552 519 2727 2727 553 519 2728 2728 909 769 2729 2729 909 769 2730 2730 554 519 2731 2731 556 519 2732 2732 909 769 2733 2733 553 519 2734 2734 554 519 2735 2735 745 519 2736 2736 755 519 2737 2737 915 739 2738 2738 647 519 2739 2739 659 519 2740 2740 925 729 2741 2741 906 717 2742 2742 548 519 2743 2743 539 519 2744 2744 913 723 2745 2745 754 519 2746 2746 628 519 2747 2747 913 723 2748 2748 943 780 2749 2749 746 519 2750 2750 942 731 2751 2751 758 519 2752 2752 746 519 2753 2753 759 519 2754 2754 758 519 2755 2755 914 726 2756 2756 915 739 2757 2757 755 519 2758 2758 914 726 2759 2759 941 774 2760 2760 745 519 2761 2761 915 739 2762 2762 941 774 2763 2763 940 772 2764 2764 745 519 2765 2765 940 772 2766 2766 933 793 2767 2767 751 519 2768 2768 730 519 2769 2769 933 793 2770 2770 723 519 2771 2771 938 781 2772 2772 939 775 2773 2773 713 519 2774 2774 937 746 2775 2775 727 519 2776 2776 713 519 2777 2777 728 519 2778 2778 727 519 2779 2779 916 745 2780 2780 936 766 2781 2781 724 519 2782 2782 916 745 2783 2783 935 760 2784 2784 712 519 2785 2785 936 766 2786 2786 935 760 2787 2787 934 792 2788 2788 712 519 2789 2789 934 792 2790 2790 929 787 2791 2791 720 519 2792 2792 932 756 2793 2793 689 519 2794 2794 696 519 2795 2795 932 756 2796 2796 917 734 2797 2797 682 519 2798 2798 918 733 2799 2799 693 519 2800 2800 682 519 2801 2801 694 519 2802 2802 693 519 2803 2803 919 763 2804 2804 931 768 2805 2805 690 519 2806 2806 919 763 2807 2807 920 767 2808 2808 681 519 2809 2809 931 768 2810 2810 920 767 2811 2811 930 751 2812 2812 681 519 2813 2813 922 750 2814 2814 927 743 2815 2815 658 519 2816 2816 665 519 2817 2817 922 750 2818 2818 658 519 2819 2819 927 743 2820 2820 928 737 2821 2821 648 519 2822 2822 926 736 2823 2823 662 519 2824 2824 648 519 2825 2825 663 519 2826 2826 662 519 2827 2827 921 784 2828 2828 925 729 2829 2829 659 519 2830 2830 921 784 2831 2831 924 721 2832 2832 647 519 2833 2833 925 729 2834 2834 924 721 2835 2835 923 720 2836 2836 647 519 2837 2837 923 720 2838 2838 904 753 2839 2839 655 519 2840 2840 627 519 2841 2841 904 753 2842 2842 551 519 2843 2843 911 790 2844 2844 912 786 2845 2845 540 519 2846 2846 910 779 2847 2847 555 519 2848 2848 540 519 2849 2849 556 519 2850 2850 555 519 2851 2851 909 769 2852 2852 908 765 2853 2853 552 519 2854 2854 909 769 2855 2855 907 757 2856 2856 539 519 2857 2857 908 765 2858 2858 907 757 2859 2859 906 717 2860 2860 539 519 2861 2861 906 717 2862 2862 905 795 2863 2863 548 519 2864 2864 681 519 2865 2865 690 519 2866 2866 931 768 2867 2867 538 573 2868 2868 1309 796 2869 2869 944 797 2870 2870 537 605 2871 2871 1315 798 2872 2872 966 799 2873 2873 1250 559 2874 2874 975 800 2875 2875 711 561 2876 2876 677 547 2877 2877 1317 801 2878 2878 1245 549 2879 2879 1271 600 2880 2880 982 802 2881 2881 677 547 2882 2882 711 561 2883 2883 1313 803 2884 2884 1259 602 2885 2885 646 598 2886 2886 1310 804 2887 2887 964 805 2888 2888 1223 587 2889 2889 966 799 2890 2890 1316 806 2891 2891 1274 537 2892 2892 964 805 2893 2893 1311 807 2894 2894 538 573 2895 2895 1308 808 2896 2896 1193 575 2897 2897 1329 809 2898 2898 1410 810 2899 2899 1399 809 2900 2900 952 811 2901 2901 1390 812 2902 2902 1389 811 2903 2903 717 813 2904 2904 1371 199 2905 2905 1363 813 2906 2906 559 814 2907 2907 1350 815 2908 2908 558 815 2909 2909 1322 245 2910 2910 1408 816 2911 2911 1392 245 2912 2912 716 817 2913 2913 1371 199 2914 2914 560 199 2915 2915 562 818 2916 2916 1352 819 2917 2917 561 819 2918 2918 955 820 2919 2919 1409 821 2920 2920 1339 821 2921 2921 747 822 2922 2922 1367 823 2923 2923 748 823 2924 2924 976 824 2925 2925 1366 822 2926 2926 747 822 2927 2927 978 825 2928 2928 1388 826 2929 2929 1391 825 2930 2930 685 827 2931 2931 1352 819 2932 2932 1372 827 2933 2933 563 828 2934 2934 1351 818 2935 2935 562 818 2936 2936 953 829 2937 2937 1411 830 2938 2938 951 830 2939 2939 749 831 2940 2940 1369 121 2941 2941 750 121 2942 2942 718 832 2943 2943 1383 833 2944 2944 979 833 2945 2945 1322 245 2946 2946 1390 812 2947 2947 1320 812 2948 2948 649 36 2949 2949 1355 834 2950 2950 650 834 2951 2951 684 835 2952 2952 1353 828 2953 2953 563 828 2954 2954 952 811 2955 2955 1412 836 2956 2956 947 836 2957 2957 977 834 2958 2958 1383 833 2959 2959 1393 834 2960 2960 650 834 2961 2961 1356 837 2962 2962 651 837 2963 2963 684 835 2964 2964 1374 319 2965 2965 1373 835 2966 2966 951 830 2967 2967 1410 810 2968 2968 1340 810 2969 2969 953 829 2970 2970 1395 319 2971 2971 1394 829 2972 2972 652 83 2973 2973 1358 838 2974 2974 654 838 2975 2975 683 839 2976 2976 1374 319 2977 2977 564 319 2978 2978 1325 319 2979 2979 1378 840 2980 2980 1395 319 2981 2981 546 247 2982 2982 1384 320 2983 2983 983 320 2984 2984 974 841 2985 2985 1391 825 2986 2986 1396 841 2987 2987 654 838 2988 2988 1359 842 2989 2989 653 842 2990 2990 652 83 2991 2991 1376 843 2992 2992 1357 83 2993 2993 947 836 2994 2994 1386 174 2995 2995 946 174 2996 2996 965 844 2997 2997 1397 121 2998 2998 1380 844 2999 2999 651 837 3000 3000 1376 843 3001 3001 565 843 3002 3002 977 834 3003 3003 1398 845 3004 3004 962 845 3005 3005 945 846 3006 3006 1343 847 3007 3007 541 847 3008 3008 1329 809 3009 3009 1382 824 3010 3010 976 824 3011 3011 969 848 3012 3012 1360 849 3013 3013 714 849 3014 3014 974 841 3015 3015 1400 850 3016 3016 972 850 3017 3017 949 840 3018 3018 1370 851 3019 3019 1378 840 3020 3020 714 849 3021 3021 1361 826 3022 3022 715 826 3023 3023 1331 852 3024 3024 1397 121 3025 3025 1327 121 3026 3026 715 826 3027 3027 1362 817 3028 3028 716 817 3029 3029 1333 853 3030 3030 1402 854 3031 3031 970 854 3032 3032 717 813 3033 3033 1364 836 3034 3034 719 836 3035 3035 968 855 3036 3036 1400 850 3037 3037 1404 855 3038 3038 719 836 3039 3039 1365 832 3040 3040 718 832 3041 3041 1331 852 3042 3042 1405 856 3043 3043 1401 852 3044 3044 970 854 3045 3045 1387 848 3046 3046 969 848 3047 3047 968 855 3048 3048 1377 846 3049 3049 945 846 3050 3050 653 842 3051 3051 1379 857 3052 3052 960 857 3053 3053 542 858 3054 3054 1343 847 3055 3055 1344 858 3056 3056 967 859 3057 3057 1406 820 3058 3058 955 820 3059 3059 543 860 3060 3060 1344 858 3061 3061 1345 860 3062 3062 543 860 3063 3063 1346 861 3064 3064 544 861 3065 3065 946 174 3066 3066 1354 36 3067 3067 649 36 3068 3068 544 861 3069 3069 1347 862 3070 3070 545 862 3071 3071 965 844 3072 3072 1375 839 3073 3073 683 839 3074 3074 545 862 3075 3075 1348 863 3076 3076 547 854 3077 3077 1333 853 3078 3078 1407 192 3079 3079 1403 853 3080 3080 547 854 3081 3081 1385 864 3082 3082 546 247 3083 3083 962 845 3084 3084 1407 192 3085 3085 1337 192 3086 3086 685 827 3087 3087 1381 859 3088 3088 967 859 3089 3089 750 121 3090 3090 1370 851 3091 3091 557 851 3092 3092 960 857 3093 3093 1408 816 3094 3094 957 816 3095 3095 749 831 3096 3096 1350 815 3097 3097 1368 831 3098 3098 1339 821 3099 3099 1405 856 3100 3100 1335 856 3101 3101 983 320 3102 3102 1388 826 3103 3103 981 826 3104 3104 748 823 3105 3105 1349 814 3106 3106 559 814 3107 3107 1019 865 3108 3108 991 865 3109 3109 984 865 3110 3110 1047 865 3111 3111 1013 865 3112 3112 1015 865 3113 3113 1008 865 3114 3114 1041 865 3115 3115 1039 865 3116 3116 1006 865 3117 3117 1034 865 3118 3118 1004 865 3119 3119 1053 865 3120 3120 1000 865 3121 3121 1020 865 3122 3122 1052 865 3123 3123 1053 865 3124 3124 1054 865 3125 3125 1053 865 3126 3126 1020 865 3127 3127 1054 865 3128 3128 1020 865 3129 3129 1021 865 3130 3130 1054 865 3131 3131 1021 865 3132 3132 1026 865 3133 3133 1054 865 3134 3134 1026 865 3135 3135 1051 865 3136 3136 1054 865 3137 3137 1051 866 3138 3138 1030 866 3139 3139 1054 866 3140 3140 1030 865 3141 3141 1031 865 3142 3142 1054 865 3143 3143 1031 865 3144 3144 1034 865 3145 3145 1054 865 3146 3146 1034 867 3147 3147 1038 867 3148 3148 1054 867 3149 3149 1038 868 3150 3150 1045 868 3151 3151 1054 868 3152 3152 1045 869 3153 3153 1043 869 3154 3154 1054 869 3155 3155 1043 870 3156 3156 1033 870 3157 3157 1054 870 3158 3158 1033 865 3159 3159 1028 865 3160 3160 1054 865 3161 3161 1028 865 3162 3162 1029 865 3163 3163 1054 865 3164 3164 1029 865 3165 3165 1039 865 3166 3166 1054 865 3167 3167 1039 865 3168 3168 1041 865 3169 3169 1054 865 3170 3170 1041 865 3171 3171 1042 865 3172 3172 1054 865 3173 3173 1042 871 3174 3174 1037 871 3175 3175 1054 871 3176 3176 1037 865 3177 3177 1035 865 3178 3178 1054 865 3179 3179 1035 865 3180 3180 1036 865 3181 3181 1054 865 3182 3182 1036 872 3183 3183 1048 872 3184 3184 1054 872 3185 3185 1048 865 3186 3186 1050 865 3187 3187 1054 865 3188 3188 1050 865 3189 3189 1047 865 3190 3190 1054 865 3191 3191 1047 873 3192 3192 1032 873 3193 3193 1054 873 3194 3194 1032 865 3195 3195 1024 865 3196 3196 1054 865 3197 3197 1024 865 3198 3198 1025 865 3199 3199 1054 865 3200 3200 1025 874 3201 3201 1027 874 3202 3202 1054 874 3203 3203 1027 875 3204 3204 1022 875 3205 3205 1054 875 3206 3206 1022 865 3207 3207 1023 865 3208 3208 1054 865 3209 3209 1023 865 3210 3210 1019 865 3211 3211 1054 865 3212 3212 1019 876 3213 3213 1040 876 3214 3214 1054 876 3215 3215 1040 865 3216 3216 1044 865 3217 3217 1054 865 3218 3218 1044 865 3219 3219 1046 865 3220 3220 1054 865 3221 3221 1046 865 3222 3222 1049 865 3223 3223 1054 865 3224 3224 1049 865 3225 3225 1052 865 3226 3226 1054 865 3227 3227 381 865 3228 3228 985 865 3229 3229 341 865 3230 3230 381 865 3231 3231 987 865 3232 3232 986 865 3233 3233 380 865 3234 3234 988 865 3235 3235 987 865 3236 3236 337 865 3237 3237 990 865 3238 3238 988 865 3239 3239 1161 865 3240 3240 1385 864 3241 3241 1348 863 3242 3242 341 865 3243 3243 984 865 3244 3244 991 865 3245 3245 994 865 3246 3246 474 865 3247 3247 393 865 3248 3248 488 865 3249 3249 1002 865 3250 3250 1001 865 3251 3251 524 865 3252 3252 999 865 3253 3253 1002 865 3254 3254 523 865 3255 3255 1003 865 3256 3256 999 865 3257 3257 484 865 3258 3258 1005 865 3259 3259 1003 865 3260 3260 484 865 3261 3261 1004 865 3262 3262 1005 865 3263 3263 482 865 3264 3264 1006 865 3265 3265 1004 865 3266 3266 1010 865 3267 3267 1009 865 3268 3268 475 865 3269 3269 522 865 3270 3270 1007 865 3271 3271 998 865 3272 3272 491 865 3273 3273 997 865 3274 3274 1007 865 3275 3275 1000 865 3276 3276 989 865 3277 3277 1162 865 3278 3278 477 865 3279 3279 995 865 3280 3280 996 865 3281 3281 476 865 3282 3282 1008 865 3283 3283 995 865 3284 3284 475 865 3285 3285 1009 865 3286 3286 1008 865 3287 3287 1013 865 3288 3288 390 865 3289 3289 388 865 3290 3290 434 865 3291 3291 1011 865 3292 3292 1010 865 3293 3293 474 865 3294 3294 1011 865 3295 3295 434 865 3296 3296 480 865 3297 3297 522 865 3298 3298 998 865 3299 3299 393 865 3300 3300 1014 865 3301 3301 1012 865 3302 3302 431 865 3303 3303 1013 865 3304 3304 1014 865 3305 3305 388 865 3306 3306 1016 865 3307 3307 1015 865 3308 3308 430 865 3309 3309 993 865 3310 3310 1016 865 3311 3311 996 865 3312 3312 997 865 3313 3313 491 865 3314 3314 428 865 3315 3315 1017 865 3316 3316 992 865 3317 3317 383 865 3318 3318 1018 865 3319 3319 1017 865 3320 3320 432 865 3321 3321 991 865 3322 3322 1018 865 3323 3323 382 865 3324 3324 341 865 3325 3325 991 865 3326 3326 1001 865 3327 3327 1000 865 3328 3328 333 865 3329 3329 381 865 3330 3330 986 865 3331 3331 985 865 3332 3332 381 865 3333 3333 380 865 3334 3334 987 865 3335 3335 380 865 3336 3336 337 865 3337 3337 988 865 3338 3338 337 865 3339 3339 335 865 3340 3340 990 865 3341 3341 333 865 3342 3342 1000 865 3343 3343 1162 865 3344 3344 344 865 3345 3345 1001 865 3346 3346 333 865 3347 3347 344 865 3348 3348 488 865 3349 3349 1001 865 3350 3350 488 865 3351 3351 524 865 3352 3352 1002 865 3353 3353 524 865 3354 3354 523 865 3355 3355 999 865 3356 3356 523 865 3357 3357 484 865 3358 3358 1003 865 3359 3359 484 865 3360 3360 482 865 3361 3361 1004 865 3362 3362 482 865 3363 3363 480 865 3364 3364 1006 865 3365 3365 1006 865 3366 3366 480 865 3367 3367 998 865 3368 3368 522 865 3369 3369 491 865 3370 3370 1007 865 3371 3371 478 865 3372 3372 996 865 3373 3373 491 865 3374 3374 478 865 3375 3375 477 865 3376 3376 996 865 3377 3377 477 865 3378 3378 476 865 3379 3379 995 865 3380 3380 476 865 3381 3381 475 865 3382 3382 1008 865 3383 3383 436 865 3384 3384 1010 865 3385 3385 475 865 3386 3386 436 865 3387 3387 434 865 3388 3388 1010 865 3389 3389 474 865 3390 3390 994 865 3391 3391 1011 865 3392 3392 1012 865 3393 3393 994 865 3394 3394 393 865 3395 3395 393 865 3396 3396 431 865 3397 3397 1014 865 3398 3398 431 865 3399 3399 390 865 3400 3400 1013 865 3401 3401 1015 865 3402 3402 1013 865 3403 3403 388 865 3404 3404 388 865 3405 3405 430 865 3406 3406 1016 865 3407 3407 430 865 3408 3408 429 865 3409 3409 993 865 3410 3410 992 865 3411 3411 993 865 3412 3412 428 865 3413 3413 428 865 3414 3414 383 865 3415 3415 1017 865 3416 3416 383 865 3417 3417 432 865 3418 3418 1018 865 3419 3419 432 865 3420 3420 382 865 3421 3421 991 865 3422 3422 341 865 3423 3423 985 865 3424 3424 984 865 3425 3425 993 865 3426 3426 429 865 3427 3427 428 865 3428 3428 944 797 3429 3429 1074 724 3430 3430 1055 716 3431 3431 966 799 3432 3432 1094 791 3433 3433 1066 794 3434 3434 1314 877 3435 3435 1070 771 3436 3436 975 800 3437 3437 982 802 3438 3438 1067 759 3439 3439 1317 801 3440 3440 1318 878 3441 3441 1094 791 3442 3442 1315 798 3443 3443 1319 879 3444 3444 1071 789 3445 3445 980 880 3446 3446 1312 881 3447 3447 1093 788 3448 3448 982 802 3449 3449 1318 878 3450 3450 1090 778 3451 3451 1092 785 3452 3452 956 882 3453 3453 1071 789 3454 3454 1060 783 3455 3455 1323 883 3456 3456 1091 782 3457 3457 1314 877 3458 3458 1324 884 3459 3459 1057 722 3460 3460 948 885 3461 3461 1321 886 3462 3462 1087 770 3463 3463 1090 778 3464 3464 1311 807 3465 3465 1069 777 3466 3466 973 887 3467 3467 1328 888 3468 3468 1089 776 3469 3469 1323 883 3470 3470 1313 803 3471 3471 1061 738 3472 3472 958 889 3473 3473 975 800 3474 3474 1088 773 3475 3475 1313 803 3476 3476 1330 890 3477 3477 1087 770 3478 3478 1326 891 3479 3479 971 892 3480 3480 1069 777 3481 3481 1068 762 3482 3482 963 893 3483 3483 1085 761 3484 3484 1064 747 3485 3485 1330 890 3486 3486 1084 758 3487 3487 1086 764 3488 3488 971 892 3489 3489 1062 740 3490 3490 959 894 3491 3491 1317 801 3492 3492 1085 761 3493 3493 1332 895 3494 3494 1308 808 3495 3495 1084 758 3496 3496 1334 896 3497 3497 1312 881 3498 3498 1078 732 3499 3499 1083 755 3500 3500 964 805 3501 3501 1080 742 3502 3502 1065 754 3503 3503 1316 806 3504 3504 1066 794 3505 3505 1056 752 3506 3506 1311 807 3507 3507 1065 754 3508 3508 1082 749 3509 3509 963 893 3510 3510 1063 748 3511 3511 961 897 3512 3512 1328 888 3513 3513 1063 748 3514 3514 1081 744 3515 3515 1310 804 3516 3516 1079 735 3517 3517 1080 742 3518 3518 959 894 3519 3519 1059 741 3520 3520 954 898 3521 3521 958 889 3522 3522 1058 725 3523 3523 950 899 3524 3524 1338 900 3525 3525 1060 783 3526 3526 1079 735 3527 3527 1336 901 3528 3528 1059 741 3529 3529 1078 732 3530 3530 1324 884 3531 3531 1075 727 3532 3532 1077 730 3533 3533 1319 879 3534 3534 1073 719 3535 3535 1076 728 3536 3536 950 899 3537 3537 1075 727 3538 3538 1341 902 3539 3539 948 885 3540 3540 1074 724 3541 3541 1309 796 3542 3542 1342 903 3543 3543 1056 752 3544 3544 1073 719 3545 3545 944 797 3546 3546 1072 718 3547 3547 1308 808 3548 3548 28 0 3549 3549 36 179 3550 3550 35 1 3551 3551 332 3 3552 3552 0 63 3553 3553 8 4 3554 3554 89 6 3555 3555 97 140 3556 3556 96 7 3557 3557 153 9 3558 3558 154 217 3559 3559 162 10 3560 3560 35 1 3561 3561 43 32 3562 3562 42 12 3563 3563 196 14 3564 3564 204 81 3565 3565 203 15 3566 3566 99 17 3567 3567 100 154 3568 3568 108 18 3569 3569 31 20 3570 3570 32 87 3571 3571 40 21 3572 3572 113 23 3573 3573 121 27 3574 3574 120 24 3575 3575 113 23 3576 3576 114 89 3577 3577 122 26 3578 3578 11 28 3579 3579 19 39 3580 3580 18 29 3581 3581 35 1 3582 3582 36 179 3583 3583 44 31 3584 3584 141 33 3585 3585 149 315 3586 3586 148 34 3587 3587 1112 36 3588 3588 1130 36 3589 3589 1138 37 3590 3590 11 28 3591 3591 12 55 3592 3592 20 38 3593 3593 247 40 3594 3594 2 184 3595 3595 1 41 3596 3596 217 43 3597 3597 225 224 3598 3598 224 44 3599 3599 232 46 3600 3600 233 218 3601 3601 240 47 3602 3602 170 49 3603 3603 171 164 3604 3604 179 50 3605 3605 140 35 3606 3606 148 34 3607 3607 147 52 3608 3608 5 54 3609 3609 13 110 3610 3610 12 55 3611 3611 1134 57 3612 3612 1133 58 3613 3613 1116 58 3614 3614 200 59 3615 3615 208 104 3616 3616 207 60 3617 3617 245 62 3618 3618 246 42 3619 3619 1 41 3620 3620 161 11 3621 3621 162 10 3622 3622 170 49 3623 3623 178 51 3624 3624 179 50 3625 3625 187 65 3626 3626 164 67 3627 3627 165 187 3628 3628 173 68 3629 3629 1095 70 3630 3630 1141 70 3631 3631 1129 71 3632 3632 80 72 3633 3633 88 8 3634 3634 87 73 3635 3635 16 75 3636 3636 17 114 3637 3637 25 76 3638 3638 240 47 3639 3639 247 40 3640 3640 246 42 3641 3641 99 17 3642 3642 107 19 3643 3643 106 78 3644 3644 196 14 3645 3645 197 223 3646 3646 205 80 3647 3647 1124 82 3648 3648 1140 82 3649 3649 1144 83 3650 3650 72 84 3651 3651 80 72 3652 3652 79 74 3653 3653 33 86 3654 3654 41 221 3655 3655 40 21 3656 3656 105 88 3657 3657 106 78 3658 3658 114 89 3659 3659 50 90 3660 3660 51 236 3661 3661 59 91 3662 3662 180 93 3663 3663 181 198 3664 3664 189 94 3665 3665 1101 96 3666 3666 1152 96 3667 3667 1154 97 3668 3668 75 98 3669 3669 76 202 3670 3670 84 99 3671 3671 192 101 3672 3672 200 59 3673 3673 199 61 3674 3674 201 103 3675 3675 209 204 3676 3676 208 104 3677 3677 240 47 3678 3678 241 143 3679 3679 248 105 3680 3680 219 106 3681 3681 227 146 3682 3682 226 107 3683 3683 4 56 3684 3684 12 55 3685 3685 11 28 3686 3686 13 110 3687 3687 21 237 3688 3688 20 38 3689 3689 175 111 3690 3690 176 183 3691 3691 184 112 3692 3692 24 77 3693 3693 25 76 3694 3694 33 86 3695 3695 18 29 3696 3696 26 178 3697 3697 25 76 3698 3698 131 115 3699 3699 139 53 3700 3700 138 116 3701 3701 250 118 3702 3702 5 54 3703 3703 4 56 3704 3704 1135 120 3705 3705 301 121 3706 3706 1107 121 3707 3707 64 122 3708 3708 72 84 3709 3709 71 85 3710 3710 193 124 3711 3711 201 103 3712 3712 200 59 3713 3713 194 125 3714 3714 202 149 3715 3715 201 103 3716 3716 122 26 3717 3717 123 151 3718 3718 131 115 3719 3719 133 126 3720 3720 141 33 3721 3721 140 35 3722 3722 271 128 3723 3723 1137 128 3724 3724 1139 129 3725 3725 152 130 3726 3726 160 228 3727 3727 159 131 3728 3728 105 88 3729 3729 113 23 3730 3730 112 25 3731 3731 74 134 3732 3732 82 142 3733 3733 81 135 3734 3734 43 32 3735 3735 51 236 3736 3736 50 90 3737 3737 44 31 3738 3738 45 180 3739 3739 53 137 3740 3740 1122 129 3741 3741 1139 129 3742 3742 1140 82 3743 3743 55 139 3744 3744 56 158 3745 3745 64 122 3746 3746 97 140 3747 3747 105 88 3748 3748 104 133 3749 3749 121 27 3750 3750 122 26 3751 3751 130 117 3752 3752 75 98 3753 3753 83 100 3754 3754 82 142 3755 3755 241 143 3756 3756 242 225 3757 3757 249 119 3758 3758 228 144 3759 3759 235 206 3760 3760 234 145 3761 3761 88 8 3762 3762 96 7 3763 3763 95 147 3764 3764 73 136 3765 3765 81 135 3766 3766 80 72 3767 3767 169 64 3768 3768 170 49 3769 3769 178 51 3770 3770 194 125 3771 3771 195 16 3772 3772 203 15 3773 3773 124 150 3774 3774 132 127 3775 3775 131 115 3776 3776 53 137 3777 3777 61 249 3778 3778 60 152 3779 3779 91 153 3780 3780 92 173 3781 3781 100 154 3782 3782 144 155 3783 3783 152 130 3784 3784 151 132 3785 3785 57 157 3786 3786 65 230 3787 3787 64 122 3788 3788 81 135 3789 3789 82 142 3790 3790 90 159 3791 3791 163 160 3792 3792 171 164 3793 3793 170 49 3794 3794 108 18 3795 3795 116 163 3796 3796 115 161 3797 3797 108 18 3798 3798 109 244 3799 3799 117 162 3800 3800 164 67 3801 3801 172 69 3802 3802 171 164 3803 3803 215 165 3804 3804 216 45 3805 3805 224 44 3806 3806 48 167 3807 3807 49 177 3808 3808 57 157 3809 3809 186 66 3810 3810 194 125 3811 3811 193 124 3812 3812 138 116 3813 3813 139 53 3814 3814 147 52 3815 3815 306 170 3816 3816 222 170 3817 3817 230 171 3818 3818 93 172 3819 3819 101 311 3820 3820 100 154 3821 3821 1149 174 3822 3822 1136 175 3823 3823 1097 175 3824 3824 84 99 3825 3825 92 173 3826 3826 91 153 3827 3827 39 22 3828 3828 40 21 3829 3829 48 167 3830 3830 40 21 3831 3831 41 221 3832 3832 49 177 3833 3833 97 140 3834 3834 98 79 3835 3835 106 78 3836 3836 26 178 3837 3837 27 2 3838 3838 35 1 3839 3839 36 179 3840 3840 37 284 3841 3841 45 180 3842 3842 1133 58 3843 3843 1146 181 3844 3844 1115 181 3845 3845 95 147 3846 3846 96 7 3847 3847 104 133 3848 3848 176 183 3849 3849 177 148 3850 3850 185 168 3851 3851 2 184 3852 3852 10 30 3853 3853 9 185 3854 3854 2 184 3855 3855 3 109 3856 3856 11 28 3857 3857 156 186 3858 3858 157 290 3859 3859 165 187 3860 3860 1102 97 3861 3861 1154 97 3862 3862 298 188 3863 3863 103 182 3864 3864 104 133 3865 3865 112 25 3866 3866 0 63 3867 3867 1 41 3868 3868 9 185 3869 3869 9 185 3870 3870 10 30 3871 3871 18 29 3872 3872 203 15 3873 3873 211 238 3874 3874 210 190 3875 3875 124 150 3876 3876 125 219 3877 3877 133 126 3878 3878 1100 191 3879 3879 1147 191 3880 3880 1148 192 3881 3881 188 95 3882 3882 196 14 3883 3883 195 16 3884 3884 47 176 3885 3885 48 167 3886 3886 56 158 3887 3887 136 193 3888 3888 137 195 3889 3889 145 194 3890 3890 137 195 3891 3891 138 116 3892 3892 146 169 3893 3893 90 159 3894 3894 91 153 3895 3895 99 17 3896 3896 286 196 3897 3897 142 196 3898 3898 150 197 3899 3899 172 69 3900 3900 173 68 3901 3901 181 198 3902 3902 1145 199 3903 3903 1157 200 3904 3904 1123 200 3905 3905 67 201 3906 3906 68 250 3907 3907 76 202 3908 3908 24 77 3909 3909 32 87 3910 3910 31 20 3911 3911 210 190 3912 3912 218 108 3913 3913 217 43 3914 3914 186 66 3915 3915 187 65 3916 3916 195 16 3917 3917 229 205 3918 3918 236 226 3919 3919 235 206 3920 3920 1099 207 3921 3921 1151 207 3922 3922 1147 191 3923 3923 131 115 3924 3924 132 127 3925 3925 140 35 3926 3926 128 208 3927 3927 136 193 3928 3928 135 209 3929 3929 238 211 3930 3930 239 48 3931 3931 246 42 3932 3932 89 6 3933 3933 90 159 3934 3934 98 79 3935 3935 116 163 3936 3936 124 150 3937 3937 123 151 3938 3938 204 81 3939 3939 205 80 3940 3940 213 212 3941 3941 1156 214 3942 3942 1132 215 3943 3943 1119 215 3944 3944 120 24 3945 3945 128 208 3946 3946 127 210 3947 3947 145 194 3948 3948 146 169 3949 3949 154 217 3950 3950 227 146 3951 3951 234 145 3952 3952 233 218 3953 3953 116 163 3954 3954 117 162 3955 3955 125 219 3956 3956 167 220 3957 3957 168 227 3958 3958 176 183 3959 3959 8 4 3960 3960 9 185 3961 3961 17 114 3962 3962 34 13 3963 3963 42 12 3964 3964 41 221 3965 3965 146 169 3966 3966 147 52 3967 3967 155 222 3968 3968 19 39 3969 3969 20 38 3970 3970 28 0 3971 3971 188 95 3972 3972 189 94 3973 3973 197 223 3974 3974 1101 96 3975 3975 1113 37 3976 3976 1138 37 3977 3977 183 113 3978 3978 184 112 3979 3979 192 101 3980 3980 128 208 3981 3981 129 141 3982 3982 137 195 3983 3983 217 43 3984 3984 218 108 3985 3985 226 107 3986 3986 234 145 3987 3987 235 206 3988 3988 242 225 3989 3989 180 93 3990 3990 188 95 3991 3991 187 65 3992 3992 236 226 3993 3993 243 233 3994 3994 242 225 3995 3995 136 193 3996 3996 144 155 3997 3997 143 156 3998 3998 161 11 3999 3999 169 64 4000 4000 168 227 4001 4001 66 229 4002 4002 74 134 4003 4003 73 136 4004 4004 67 201 4005 4005 75 98 4006 4006 74 134 4007 4007 221 231 4008 4008 220 240 4009 4009 212 213 4010 4010 1142 188 4011 4011 298 188 4012 4012 1107 121 4013 4013 60 152 4014 4014 68 250 4015 4015 67 201 4016 4016 224 44 4017 4017 231 243 4018 4018 536 232 4019 4019 184 112 4020 4020 185 168 4021 4021 193 124 4022 4022 58 92 4023 4023 66 229 4024 4024 65 230 4025 4025 234 145 4026 4026 241 143 4027 4027 240 47 4028 4028 243 233 4029 4029 250 118 4030 4030 249 119 4031 4031 1128 234 4032 4032 1127 235 4033 4033 1109 235 4034 4034 148 34 4035 4035 156 186 4036 4036 155 222 4037 4037 112 25 4038 4038 120 24 4039 4039 119 216 4040 4040 64 122 4041 4041 65 230 4042 4042 73 136 4043 4043 202 149 4044 4044 210 190 4045 4045 209 204 4046 4046 154 217 4047 4047 155 222 4048 4048 163 160 4049 4049 43 32 4050 4050 44 31 4051 4051 52 138 4052 4052 21 237 4053 4053 29 291 4054 4054 28 0 4055 4055 160 228 4056 4056 168 227 4057 4057 167 220 4058 4058 209 204 4059 4059 217 43 4060 4060 216 45 4061 4061 178 51 4062 4062 186 66 4063 4063 185 168 4064 4064 58 92 4065 4065 59 91 4066 4066 67 201 4067 4067 212 213 4068 4068 220 240 4069 4069 219 106 4070 4070 77 239 4071 4071 85 246 4072 4072 84 99 4073 4073 1146 181 4074 4074 1145 199 4075 4075 1114 199 4076 4076 204 81 4077 4077 212 213 4078 4078 211 238 4079 4079 225 224 4080 4080 226 107 4081 4081 233 218 4082 4082 81 135 4083 4083 89 6 4084 4084 88 8 4085 4085 42 12 4086 4086 50 90 4087 4087 49 177 4088 4088 211 238 4089 4089 219 106 4090 4090 218 108 4091 4091 220 240 4092 4092 228 144 4093 4093 227 146 4094 4094 221 231 4095 4095 229 205 4096 4096 228 144 4097 4097 1096 71 4098 4098 1129 71 4099 4099 1130 36 4100 4100 238 211 4101 4101 245 62 4102 4102 535 241 4103 4103 225 224 4104 4104 232 46 4105 4105 231 243 4106 4106 129 141 4107 4107 130 117 4108 4108 138 116 4109 4109 114 89 4110 4110 115 161 4111 4111 123 151 4112 4112 52 138 4113 4113 60 152 4114 4114 59 91 4115 4115 100 154 4116 4116 101 311 4117 4117 109 244 4118 4118 1132 215 4119 4119 1131 245 4120 4120 308 245 4121 4121 207 60 4122 4122 208 104 4123 4123 216 45 4124 4124 169 64 4125 4125 177 148 4126 4126 176 183 4127 4127 106 78 4128 4128 107 19 4129 4129 115 161 4130 4130 83 100 4131 4131 91 153 4132 4132 90 159 4133 4133 85 246 4134 4134 93 172 4135 4135 92 173 4136 4136 1126 247 4137 4137 278 247 4138 4138 1151 207 4139 4139 156 186 4140 4140 164 67 4141 4141 163 160 4142 4142 15 248 4143 4143 16 75 4144 4144 24 77 4145 4145 121 27 4146 4146 129 141 4147 4147 128 208 4148 4148 50 90 4149 4149 58 92 4150 4150 57 157 4151 4151 19 39 4152 4152 27 2 4153 4153 26 178 4154 4154 171 164 4155 4155 172 69 4156 4156 180 93 4157 4157 61 249 4158 4158 69 252 4159 4159 68 250 4160 4160 1155 251 4161 4161 1134 57 4162 4162 1117 57 4163 4163 7 5 4164 4164 8 4 4165 4165 16 75 4166 4166 145 194 4167 4167 153 9 4168 4168 152 130 4169 4169 26 178 4170 4170 34 13 4171 4171 33 86 4172 4172 247 40 4173 4173 248 105 4174 4174 3 109 4175 4175 248 105 4176 4176 249 119 4177 4177 4 56 4178 4178 69 252 4179 4179 77 239 4180 4180 76 202 4181 4181 1111 192 4182 4182 1148 192 4183 4183 1141 70 4184 4184 292 253 4185 4185 166 253 4186 4186 174 254 4187 4187 287 255 4188 4188 141 33 4189 4189 133 126 4190 4190 256 257 4191 4191 254 258 4192 4192 14 258 4193 4193 273 259 4194 4194 85 246 4195 4195 77 239 4196 4196 1158 261 4197 4197 296 262 4198 4198 182 262 4199 4199 309 263 4200 4200 229 205 4201 4201 221 231 4202 4202 302 265 4203 4203 300 266 4204 4204 198 266 4205 4205 311 267 4206 4206 236 226 4207 4207 229 205 4208 4208 1118 171 4209 4209 230 171 4210 4210 237 268 4211 4211 283 270 4212 4212 285 256 4213 4213 133 126 4214 4214 280 271 4215 4215 1150 272 4216 4216 110 272 4217 4217 1105 273 4218 4218 1106 260 4219 4219 77 239 4220 4220 296 262 4221 4221 294 254 4222 4222 174 254 4223 4223 297 274 4224 4224 299 305 4225 4225 189 94 4226 4226 290 275 4227 4227 158 275 4228 4228 166 253 4229 4229 273 259 4230 4230 275 301 4231 4231 93 172 4232 4232 258 276 4233 4233 30 276 4234 4234 38 277 4235 4235 307 264 4236 4236 221 231 4237 4237 213 212 4238 4238 272 279 4239 4239 270 280 4240 4240 78 280 4241 4241 313 281 4242 4242 315 316 4243 4243 250 118 4244 4244 286 196 4245 4245 284 282 4246 4246 134 282 4247 4247 261 283 4248 4248 263 318 4249 4249 45 180 4250 4250 70 285 4251 4251 78 280 4252 4252 270 280 4253 4253 259 286 4254 4254 29 291 4255 4255 21 237 4256 4256 262 288 4257 4257 1103 277 4258 4258 38 277 4259 4259 291 289 4260 4260 293 308 4261 4261 165 187 4262 4262 288 197 4263 4263 150 197 4264 4264 158 275 4265 4265 259 286 4266 4266 261 283 4267 4267 37 284 4268 4268 280 271 4269 4269 118 271 4270 4270 126 292 4271 4271 257 287 4272 4272 21 237 4273 4273 13 110 4274 4274 312 294 4275 4275 310 269 4276 4276 237 268 4277 4277 255 293 4278 4278 13 110 4279 4279 5 54 4280 4280 266 296 4281 4281 62 296 4282 4282 70 285 4283 4283 267 297 4284 4284 61 249 4285 4285 53 137 4286 4286 314 299 4287 4287 312 294 4288 4288 244 294 4289 4289 277 300 4290 4290 101 311 4291 4291 93 172 4292 4292 274 302 4293 4293 94 302 4294 4294 102 303 4295 4295 1143 304 4296 4296 197 223 4297 4297 189 94 4298 4298 276 303 4299 4299 102 303 4300 4300 110 272 4301 4301 305 278 4302 4302 213 212 4303 4303 205 80 4304 4304 266 296 4305 4305 264 307 4306 4306 54 307 4307 4307 293 308 4308 4308 295 317 4309 4309 173 68 4310 4310 289 309 4311 4311 149 315 4312 4312 141 33 4313 4313 279 310 4314 4314 109 244 4315 4315 101 311 4316 4316 272 279 4317 4317 86 279 4318 4318 94 302 4319 4319 300 266 4320 4320 1158 261 4321 4321 190 261 4322 4322 311 267 4323 4323 313 281 4324 4324 243 233 4325 4325 254 258 4326 4326 253 312 4327 4327 6 312 4328 4328 1143 304 4329 4329 303 306 4330 4330 205 80 4331 4331 302 265 4332 4332 206 265 4333 4333 214 313 4334 4334 267 297 4335 4335 1105 273 4336 4336 69 252 4337 4337 253 312 4338 4338 314 299 4339 4339 251 299 4340 4340 281 314 4341 4341 283 270 4342 4342 125 219 4343 4343 282 292 4344 4344 126 292 4345 4345 134 282 4346 4346 289 309 4347 4347 291 289 4348 4348 157 290 4349 4349 304 313 4350 4350 214 313 4351 4351 222 170 4352 4352 315 316 4353 4353 252 295 4354 4354 5 54 4355 4355 264 307 4356 4356 262 288 4357 4357 46 288 4358 4358 295 317 4359 4359 297 274 4360 4360 181 198 4361 4361 258 276 4362 4362 256 257 4363 4363 22 257 4364 4364 265 298 4365 4365 53 137 4366 4366 45 180 4367 4367 231 243 4368 4368 238 211 4369 4369 534 242 4370 4370 232 46 4371 4371 239 48 4372 4372 238 211 4373 4373 152 130 4374 4374 153 9 4375 4375 161 11 4376 4376 28 0 4377 4377 29 291 4378 4378 37 284 4379 4379 148 34 4380 4380 149 315 4381 4381 157 290 4382 4382 245 62 4383 4383 0 63 4384 4384 332 3 4385 4385 269 319 4386 4386 1121 319 4387 4387 1137 128 4388 4388 1127 235 4389 4389 1153 320 4390 4390 1104 320 4391 4391 279 310 4392 4392 281 314 4393 4393 117 162 4394 4394 1149 174 4395 4395 1098 174 4396 4396 308 245 4397 4397 1153 320 4398 4398 1155 251 4399 4399 260 251 4400 4400 1125 83 4401 4401 1144 83 4402 4402 278 247 4403 4403 1136 175 4404 4404 1135 120 4405 4405 1108 120 4406 4406 1157 200 4407 4407 1156 214 4408 4408 1120 214 4409 4409 269 319 4410 4410 1128 234 4411 4411 1110 234 4412 4412 375 330 4413 4413 357 375 4414 4414 358 331 4415 4415 371 333 4416 4416 353 358 4417 4417 345 334 4418 4418 364 336 4419 4419 336 346 4420 4420 334 337 4421 4421 367 338 4422 4422 340 904 4423 4423 339 339 4424 4424 343 341 4425 4425 342 379 4426 4426 368 342 4427 4427 364 336 4428 4428 363 335 4429 4429 345 334 4430 4430 365 345 4431 4431 338 378 4432 4432 336 346 4433 4433 370 347 4434 4434 369 343 4435 4435 351 348 4436 4436 368 342 4437 4437 350 360 4438 4438 351 348 4439 4439 346 344 4440 4440 345 334 4441 4441 372 350 4442 4442 351 348 4443 4443 350 360 4444 4444 377 352 4445 4445 379 354 4446 4446 352 349 4447 4447 351 348 4448 4448 347 355 4449 4449 346 344 4450 4450 373 351 4451 4451 349 357 4452 4452 348 361 4453 4453 375 330 4454 4454 372 350 4455 4455 345 334 4456 4456 353 358 4457 4457 350 360 4458 4458 349 357 4459 4459 376 332 4460 4460 348 361 4461 4461 347 355 4462 4462 374 356 4463 4463 359 362 4464 4464 1183 367 4465 4465 1184 363 4466 4466 360 364 4467 4467 1184 363 4468 4468 1185 365 4469 4469 358 331 4470 4470 1166 377 4471 4471 1183 367 4472 4472 362 368 4473 4473 1164 502 4474 4474 1159 369 4475 4475 355 371 4476 4476 1160 376 4477 4477 1163 372 4478 4478 356 373 4479 4479 1163 372 4480 4480 1165 374 4481 4481 354 370 4482 4482 1159 369 4483 4483 1160 376 4484 4484 357 375 4485 4485 1165 374 4486 4486 1166 377 4487 4487 365 345 4488 4488 347 355 4489 4489 348 361 4490 4490 366 340 4491 4491 339 339 4492 4492 338 378 4493 4493 366 340 4494 4494 348 361 4495 4495 349 357 4496 4496 334 337 4497 4497 490 514 4498 4498 371 333 4499 4499 367 338 4500 4500 349 357 4501 4501 350 360 4502 4502 365 345 4503 4503 364 336 4504 4504 346 344 4505 4505 370 347 4506 4506 395 425 4507 4507 343 341 4508 4508 342 379 4509 4509 340 904 4510 4510 367 338 4511 4511 372 350 4512 4512 521 359 4513 4513 362 368 4514 4514 377 352 4515 4515 376 332 4516 4516 358 331 4517 4517 372 350 4518 4518 354 370 4519 4519 355 371 4520 4520 373 351 4521 4521 355 371 4522 4522 356 373 4523 4523 374 356 4524 4524 356 373 4525 4525 357 375 4526 4526 379 354 4527 4527 378 353 4528 4528 360 364 4529 4529 378 353 4530 4530 377 352 4531 4531 359 362 4532 4532 423 380 4533 4533 407 421 4534 4534 408 381 4535 4535 352 349 4536 4536 396 392 4537 4537 412 383 4538 4538 413 384 4539 4539 385 395 4540 4540 384 385 4541 4541 416 386 4542 4542 389 905 4543 4543 387 387 4544 4544 392 389 4545 4545 391 426 4546 4546 417 390 4547 4547 413 384 4548 4548 412 383 4549 4549 396 392 4550 4550 414 394 4551 4551 386 424 4552 4552 385 395 4553 4553 419 396 4554 4554 418 391 4555 4555 402 397 4556 4556 417 390 4557 4557 401 407 4558 4558 402 397 4559 4559 397 393 4560 4560 396 392 4561 4561 420 399 4562 4562 402 397 4563 4563 401 407 4564 4564 425 401 4565 4565 427 403 4566 4566 403 398 4567 4567 402 397 4568 4568 398 404 4569 4569 397 393 4570 4570 421 400 4571 4571 400 406 4572 4572 399 408 4573 4573 423 380 4574 4574 396 392 4575 4575 352 349 4576 4576 379 354 4577 4577 401 407 4578 4578 400 406 4579 4579 424 382 4580 4580 399 408 4581 4581 398 404 4582 4582 422 405 4583 4583 409 409 4584 4584 1167 414 4585 4585 1187 410 4586 4586 410 411 4587 4587 1187 410 4588 4588 1188 412 4589 4589 408 381 4590 4590 1168 423 4591 4591 1167 414 4592 4592 361 366 4593 4593 1185 365 4594 4594 1186 415 4595 4595 405 417 4596 4596 1171 422 4597 4597 1169 418 4598 4598 406 419 4599 4599 1169 418 4600 4600 1170 420 4601 4601 404 416 4602 4602 1186 415 4603 4603 1171 422 4604 4604 407 421 4605 4605 1170 420 4606 4606 1168 423 4607 4607 414 394 4608 4608 398 404 4609 4609 399 408 4610 4610 415 388 4611 4611 387 387 4612 4612 386 424 4613 4613 415 388 4614 4614 399 408 4615 4615 400 406 4616 4616 395 425 4617 4617 370 347 4618 4618 412 383 4619 4619 416 386 4620 4620 400 406 4621 4621 401 407 4622 4622 414 394 4623 4623 413 384 4624 4624 397 393 4625 4625 419 396 4626 4626 394 906 4627 4627 392 389 4628 4628 391 426 4629 4629 389 905 4630 4630 416 386 4631 4631 420 399 4632 4632 379 354 4633 4633 361 366 4634 4634 425 401 4635 4635 424 382 4636 4636 408 381 4637 4637 420 399 4638 4638 404 416 4639 4639 405 417 4640 4640 421 400 4641 4641 405 417 4642 4642 406 419 4643 4643 422 405 4644 4644 406 419 4645 4645 407 421 4646 4646 427 403 4647 4647 426 402 4648 4648 410 411 4649 4649 426 402 4650 4650 425 401 4651 4651 409 409 4652 4652 469 427 4653 4653 453 468 4654 4654 454 428 4655 4655 403 398 4656 4656 443 439 4657 4657 458 430 4658 4658 459 431 4659 4659 435 442 4660 4660 433 432 4661 4661 462 433 4662 4662 439 907 4663 4663 438 434 4664 4664 441 436 4665 4665 440 472 4666 4666 463 437 4667 4667 459 431 4668 4668 458 430 4669 4669 443 439 4670 4670 460 441 4671 4671 437 471 4672 4672 435 442 4673 4673 465 443 4674 4674 464 438 4675 4675 449 444 4676 4676 463 437 4677 4677 448 454 4678 4678 449 444 4679 4679 444 440 4680 4680 443 439 4681 4681 466 446 4682 4682 449 444 4683 4683 448 454 4684 4684 471 448 4685 4685 473 450 4686 4686 499 445 4687 4687 449 444 4688 4688 445 451 4689 4689 444 440 4690 4690 467 447 4691 4691 447 453 4692 4692 446 455 4693 4693 469 427 4694 4694 443 439 4695 4695 403 398 4696 4696 427 403 4697 4697 448 454 4698 4698 447 453 4699 4699 470 429 4700 4700 446 455 4701 4701 445 451 4702 4702 468 452 4703 4703 455 456 4704 4704 1175 461 4705 4705 1177 457 4706 4706 456 458 4707 4707 1177 457 4708 4708 1190 459 4709 4709 454 428 4710 4710 1174 470 4711 4711 1175 461 4712 4712 411 413 4713 4713 1188 412 4714 4714 1189 462 4715 4715 451 464 4716 4716 1173 469 4717 4717 1172 465 4718 4718 452 466 4719 4719 1172 465 4720 4720 1176 467 4721 4721 450 463 4722 4722 1189 462 4723 4723 1173 469 4724 4724 453 468 4725 4725 1176 467 4726 4726 1174 470 4727 4727 460 441 4728 4728 445 451 4729 4729 446 455 4730 4730 461 435 4731 4731 438 434 4732 4732 437 471 4733 4733 461 435 4734 4734 446 455 4735 4735 447 453 4736 4736 433 432 4737 4737 394 906 4738 4738 419 396 4739 4739 462 433 4740 4740 447 453 4741 4741 448 454 4742 4742 460 441 4743 4743 459 431 4744 4744 444 440 4745 4745 465 443 4746 4746 442 908 4747 4747 441 436 4748 4748 440 472 4749 4749 439 907 4750 4750 462 433 4751 4751 466 446 4752 4752 427 403 4753 4753 411 413 4754 4754 471 448 4755 4755 470 429 4756 4756 454 428 4757 4757 466 446 4758 4758 450 463 4759 4759 451 464 4760 4760 467 447 4761 4761 451 464 4762 4762 452 466 4763 4763 468 452 4764 4764 452 466 4765 4765 453 468 4766 4766 473 450 4767 4767 472 449 4768 4768 456 458 4769 4769 472 449 4770 4770 471 448 4771 4771 455 456 4772 4772 517 473 4773 4773 503 510 4774 4774 504 474 4775 4775 499 445 4776 4776 492 485 4777 4777 507 476 4778 4778 508 477 4779 4779 481 488 4780 4780 479 478 4781 4781 511 479 4782 4782 486 515 4783 4783 485 480 4784 4784 489 482 4785 4785 487 516 4786 4786 512 483 4787 4787 508 477 4788 4788 507 476 4789 4789 492 485 4790 4790 509 487 4791 4791 483 513 4792 4792 481 488 4793 4793 513 484 4794 4794 498 489 4795 4795 353 358 4796 4796 512 483 4797 4797 497 497 4798 4798 498 489 4799 4799 493 486 4800 4800 492 485 4801 4801 514 490 4802 4802 498 489 4803 4803 497 497 4804 4804 519 492 4805 4805 521 359 4806 4806 353 358 4807 4807 498 489 4808 4808 494 494 4809 4809 493 486 4810 4810 515 491 4811 4811 496 496 4812 4812 495 498 4813 4813 517 473 4814 4814 514 490 4815 4815 492 485 4816 4816 499 445 4817 4817 497 497 4818 4818 496 496 4819 4819 518 475 4820 4820 495 498 4821 4821 494 494 4822 4822 516 495 4823 4823 505 499 4824 4824 1182 503 4825 4825 1192 500 4826 4826 506 501 4827 4827 1192 500 4828 4828 1164 502 4829 4829 504 474 4830 4830 1181 512 4831 4831 1182 503 4832 4832 457 460 4833 4833 1190 459 4834 4834 1191 504 4835 4835 501 506 4836 4836 1180 511 4837 4837 1179 507 4838 4838 502 508 4839 4839 1179 507 4840 4840 1178 509 4841 4841 500 505 4842 4842 1191 504 4843 4843 1180 511 4844 4844 503 510 4845 4845 1178 509 4846 4846 1181 512 4847 4847 509 487 4848 4848 494 494 4849 4849 495 498 4850 4850 510 481 4851 4851 485 480 4852 4852 483 513 4853 4853 510 481 4854 4854 495 498 4855 4855 496 496 4856 4856 479 478 4857 4857 442 908 4858 4858 465 443 4859 4859 511 479 4860 4860 496 496 4861 4861 497 497 4862 4862 509 487 4863 4863 508 477 4864 4864 493 486 4865 4865 490 514 4866 4866 489 482 4867 4867 513 484 4868 4868 486 515 4869 4869 511 479 4870 4870 512 483 4871 4871 514 490 4872 4872 473 450 4873 4873 457 460 4874 4874 519 492 4875 4875 518 475 4876 4876 504 474 4877 4877 514 490 4878 4878 500 505 4879 4879 501 506 4880 4880 515 491 4881 4881 501 506 4882 4882 502 508 4883 4883 516 495 4884 4884 502 508 4885 4885 503 510 4886 4886 521 359 4887 4887 520 493 4888 4888 506 501 4889 4889 520 493 4890 4890 519 492 4891 4891 505 499 4892 4892 552 519 4893 4893 539 519 4894 4894 548 519 4895 4895 553 519 4896 4896 552 519 4897 4897 549 519 4898 4898 554 519 4899 4899 553 519 4900 4900 629 519 4901 4901 554 519 4902 4902 550 519 4903 4903 630 519 4904 4904 556 519 4905 4905 630 519 4906 4906 631 519 4907 4907 555 519 4908 4908 631 519 4909 4909 551 519 4910 4910 1206 519 4911 4911 1205 519 4912 4912 1209 519 4913 4913 1209 519 4914 4914 1208 519 4915 4915 1207 519 4916 4916 1207 519 4917 4917 1211 519 4918 4918 1212 519 4919 4919 1212 519 4920 4920 1210 519 4921 4921 1206 519 4922 4922 1206 519 4923 4923 1209 519 4924 4924 1212 519 4925 4925 600 526 4926 4926 1215 526 4927 4927 1214 527 4928 4928 1214 527 4929 4929 1213 528 4930 4930 602 528 4931 4931 1217 529 4932 4932 1236 909 4933 4933 605 530 4934 4934 605 530 4935 4935 1236 909 4936 4936 1234 531 4937 4937 599 532 4938 4938 1235 532 4939 4939 1215 526 4940 4940 1234 531 4941 4941 1235 532 4942 4942 599 532 4943 4943 1216 533 4944 4944 1217 529 4945 4945 604 529 4946 4946 602 528 4947 4947 1213 528 4948 4948 1216 533 4949 4949 613 519 4950 4950 612 519 4951 4951 606 519 4952 4952 612 519 4953 4953 611 519 4954 4954 606 519 4955 4955 611 519 4956 4956 625 519 4957 4957 606 519 4958 4958 606 910 4959 4959 621 910 4960 4960 622 910 4961 4961 622 911 4962 4962 607 911 4963 4963 624 911 4964 4964 624 519 4965 4965 623 519 4966 4966 620 519 4967 4967 623 519 4968 4968 618 519 4969 4969 620 519 4970 4970 618 912 4971 4971 617 912 4972 4972 620 912 4973 4973 620 913 4974 4974 619 913 4975 4975 616 913 4976 4976 619 519 4977 4977 615 519 4978 4978 616 519 4979 4979 615 914 4980 4980 614 914 4981 4981 616 914 4982 4982 616 519 4983 4983 609 519 4984 4984 610 519 4985 4985 610 519 4986 4986 608 519 4987 4987 613 519 4988 4988 606 519 4989 4989 622 519 4990 4990 624 519 4991 4991 616 915 4992 4992 610 915 4993 4993 613 915 4994 4994 613 519 4995 4995 606 519 4996 4996 624 519 4997 4997 624 519 4998 4998 620 519 4999 4999 616 519 5000 5000 659 519 5001 5001 647 519 5002 5002 655 519 5003 5003 660 519 5004 5004 659 519 5005 5005 656 519 5006 5006 661 519 5007 5007 660 519 5008 5008 666 519 5009 5009 661 519 5010 5010 657 519 5011 5011 667 519 5012 5012 663 519 5013 5013 667 519 5014 5014 668 519 5015 5015 662 519 5016 5016 668 519 5017 5017 658 519 5018 5018 690 519 5019 5019 681 519 5020 5020 686 519 5021 5021 691 519 5022 5022 690 519 5023 5023 687 519 5024 5024 692 519 5025 5025 691 519 5026 5026 697 519 5027 5027 692 519 5028 5028 688 519 5029 5029 698 519 5030 5030 694 519 5031 5031 698 519 5032 5032 699 519 5033 5033 693 519 5034 5034 699 519 5035 5035 689 519 5036 5036 724 519 5037 5037 712 519 5038 5038 720 519 5039 5039 725 519 5040 5040 724 519 5041 5041 721 519 5042 5042 726 519 5043 5043 725 519 5044 5044 731 519 5045 5045 726 519 5046 5046 722 519 5047 5047 732 519 5048 5048 728 519 5049 5049 732 519 5050 5050 733 519 5051 5051 727 519 5052 5052 733 519 5053 5053 723 519 5054 5054 755 519 5055 5055 745 519 5056 5056 751 519 5057 5057 756 519 5058 5058 755 519 5059 5059 752 519 5060 5060 757 519 5061 5061 756 519 5062 5062 760 519 5063 5063 757 519 5064 5064 753 519 5065 5065 761 519 5066 5066 759 519 5067 5067 761 519 5068 5068 762 519 5069 5069 758 519 5070 5070 762 519 5071 5071 754 519 5072 5072 1277 519 5073 5073 1276 519 5074 5074 1280 519 5075 5075 1280 519 5076 5076 1279 519 5077 5077 1278 519 5078 5078 1278 519 5079 5079 1282 519 5080 5080 1283 519 5081 5081 1283 519 5082 5082 1281 519 5083 5083 1277 519 5084 5084 1277 519 5085 5085 1280 519 5086 5086 1283 519 5087 5087 799 625 5088 5088 672 625 5089 5089 673 626 5090 5090 673 626 5091 5091 674 627 5092 5092 801 627 5093 5093 676 628 5094 5094 710 916 5095 5095 804 629 5096 5096 804 629 5097 5097 710 916 5098 5098 708 630 5099 5099 798 631 5100 5100 709 631 5101 5101 672 625 5102 5102 708 630 5103 5103 709 631 5104 5104 798 631 5105 5105 675 632 5106 5106 676 628 5107 5107 803 628 5108 5108 801 627 5109 5109 674 627 5110 5110 675 632 5111 5111 1285 519 5112 5112 1284 519 5113 5113 1288 519 5114 5114 1288 519 5115 5115 1287 519 5116 5116 1286 519 5117 5117 1286 519 5118 5118 1290 519 5119 5119 1291 519 5120 5120 1291 519 5121 5121 1289 519 5122 5122 1285 519 5123 5123 1285 519 5124 5124 1288 519 5125 5125 1291 519 5126 5126 832 653 5127 5127 703 660 5128 5128 704 654 5129 5129 704 654 5130 5130 705 655 5131 5131 834 655 5132 5132 707 656 5133 5133 744 917 5134 5134 837 657 5135 5135 837 657 5136 5136 744 917 5137 5137 742 658 5138 5138 831 659 5139 5139 743 659 5140 5140 703 660 5141 5141 742 658 5142 5142 743 659 5143 5143 831 659 5144 5144 706 661 5145 5145 707 656 5146 5146 836 656 5147 5147 834 655 5148 5148 705 655 5149 5149 706 661 5150 5150 1293 519 5151 5151 1292 519 5152 5152 1296 519 5153 5153 1296 519 5154 5154 1295 519 5155 5155 1294 519 5156 5156 1294 519 5157 5157 1298 519 5158 5158 1299 519 5159 5159 1299 519 5160 5160 1297 519 5161 5161 1293 519 5162 5162 1293 519 5163 5163 1296 519 5164 5164 1299 519 5165 5165 865 682 5166 5166 737 682 5167 5167 738 683 5168 5168 738 683 5169 5169 739 684 5170 5170 867 684 5171 5171 741 685 5172 5172 771 918 5173 5173 870 686 5174 5174 870 686 5175 5175 771 918 5176 5176 769 687 5177 5177 864 688 5178 5178 770 688 5179 5179 737 682 5180 5180 769 687 5181 5181 770 688 5182 5182 864 688 5183 5183 740 689 5184 5184 741 685 5185 5185 869 685 5186 5186 867 684 5187 5187 739 684 5188 5188 740 689 5189 5189 1301 519 5190 5190 1300 519 5191 5191 1304 519 5192 5192 1304 519 5193 5193 1303 519 5194 5194 1302 519 5195 5195 1302 519 5196 5196 1306 519 5197 5197 1307 519 5198 5198 1307 519 5199 5199 1305 519 5200 5200 1301 519 5201 5201 1301 519 5202 5202 1304 519 5203 5203 1307 519 5204 5204 898 708 5205 5205 643 708 5206 5206 766 709 5207 5207 766 709 5208 5208 767 710 5209 5209 900 710 5210 5210 644 711 5211 5211 645 919 5212 5212 903 712 5213 5213 903 712 5214 5214 645 919 5215 5215 641 713 5216 5216 897 714 5217 5217 642 714 5218 5218 643 708 5219 5219 641 713 5220 5220 642 714 5221 5221 897 714 5222 5222 768 715 5223 5223 644 711 5224 5224 902 711 5225 5225 900 710 5226 5226 767 710 5227 5227 768 715 5228 5228 1055 716 5229 5229 905 795 5230 5230 906 717 5231 5231 1073 719 5232 5232 1056 752 5233 5233 923 720 5234 5234 1057 722 5235 5235 943 780 5236 5236 913 723 5237 5237 1058 725 5238 5238 915 739 5239 5239 914 726 5240 5240 1076 728 5241 5241 1073 719 5242 5242 924 721 5243 5243 1077 730 5244 5244 1075 727 5245 5245 914 726 5246 5246 1078 732 5247 5247 1059 741 5248 5248 918 733 5249 5249 1079 735 5250 5250 1060 783 5251 5251 926 736 5252 5252 1061 738 5253 5253 941 774 5254 5254 915 739 5255 5255 1062 740 5256 5256 919 763 5257 5257 918 733 5258 5258 1080 742 5259 5259 1079 735 5260 5260 928 737 5261 5261 1081 744 5262 5262 1063 748 5263 5263 916 745 5264 5264 1064 747 5265 5265 936 766 5266 5266 916 745 5267 5267 1082 749 5268 5268 1065 754 5269 5269 922 750 5270 5270 1056 752 5271 5271 1066 794 5272 5272 904 753 5273 5273 1065 754 5274 5274 1080 742 5275 5275 927 743 5276 5276 1083 755 5277 5277 1078 732 5278 5278 917 734 5279 5279 1072 718 5280 5280 906 717 5281 5281 907 757 5282 5282 1067 759 5283 5283 934 792 5284 5284 935 760 5285 5285 1068 762 5286 5286 931 768 5287 5287 919 763 5288 5288 1086 764 5289 5289 1084 758 5290 5290 907 757 5291 5291 1064 747 5292 5292 1085 761 5293 5293 935 760 5294 5294 1068 762 5295 5295 1069 777 5296 5296 920 767 5297 5297 1086 764 5298 5298 908 765 5299 5299 909 769 5300 5300 1070 771 5301 5301 933 793 5302 5302 940 772 5303 5303 1088 773 5304 5304 940 772 5305 5305 941 774 5306 5306 1081 744 5307 5307 937 746 5308 5308 939 775 5309 5309 1082 749 5310 5310 930 751 5311 5311 920 767 5312 5312 1090 778 5313 5313 1087 770 5314 5314 909 769 5315 5315 1077 730 5316 5316 942 731 5317 5317 943 780 5318 5318 1089 776 5319 5319 939 775 5320 5320 938 781 5321 5321 1060 783 5322 5322 1071 789 5323 5323 921 784 5324 5324 1092 785 5325 5325 1090 778 5326 5326 910 779 5327 5327 1083 755 5328 5328 932 756 5329 5329 929 787 5330 5330 1076 728 5331 5331 925 729 5332 5332 921 784 5333 5333 1092 785 5334 5334 912 786 5335 5335 911 790 5336 5336 1093 788 5337 5337 929 787 5338 5338 934 792 5339 5339 1091 782 5340 5340 938 781 5341 5341 933 793 5342 5342 1066 794 5343 5343 1094 791 5344 5344 911 790 5345 5345 1055 716 5346 5346 1074 724 5347 5347 913 723 5348 5348 538 573 5349 5349 1269 571 5350 5350 1309 796 5351 5351 537 605 5352 5352 1199 585 5353 5353 1315 798 5354 5354 1250 559 5355 5355 1314 877 5356 5356 975 800 5357 5357 677 547 5358 5358 982 802 5359 5359 1317 801 5360 5360 1271 600 5361 5361 1312 881 5362 5362 982 802 5363 5363 711 561 5364 5364 975 800 5365 5365 1313 803 5366 5366 646 598 5367 5367 1228 597 5368 5368 1310 804 5369 5369 1223 587 5370 5370 537 605 5371 5371 966 799 5372 5372 1274 537 5373 5373 646 598 5374 5374 964 805 5375 5375 538 573 5376 5376 944 797 5377 5377 1308 808 5378 5378 1329 809 5379 5379 1340 810 5380 5380 1410 810 5381 5381 952 811 5382 5382 1320 812 5383 5383 1390 812 5384 5384 717 813 5385 5385 560 199 5386 5386 1371 199 5387 5387 559 814 5388 5388 1349 814 5389 5389 1350 815 5390 5390 1322 245 5391 5391 957 816 5392 5392 1408 816 5393 5393 716 817 5394 5394 1362 817 5395 5395 1371 199 5396 5396 562 818 5397 5397 1351 818 5398 5398 1352 819 5399 5399 955 820 5400 5400 1406 820 5401 5401 1409 821 5402 5402 747 822 5403 5403 1366 822 5404 5404 1367 823 5405 5405 976 824 5406 5406 1382 824 5407 5407 1366 822 5408 5408 978 825 5409 5409 981 826 5410 5410 1388 826 5411 5411 685 827 5412 5412 561 819 5413 5413 1352 819 5414 5414 563 828 5415 5415 1353 828 5416 5416 1351 818 5417 5417 953 829 5418 5418 1394 829 5419 5419 1411 830 5420 5420 749 831 5421 5421 1368 831 5422 5422 1369 121 5423 5423 718 832 5424 5424 1365 832 5425 5425 1383 833 5426 5426 1322 245 5427 5427 1392 245 5428 5428 1390 812 5429 5429 649 36 5430 5430 1354 36 5431 5431 1355 834 5432 5432 684 835 5433 5433 1373 835 5434 5434 1353 828 5435 5435 952 811 5436 5436 1389 811 5437 5437 1412 836 5438 5438 977 834 5439 5439 979 833 5440 5440 1383 833 5441 5441 650 834 5442 5442 1355 834 5443 5443 1356 837 5444 5444 684 835 5445 5445 564 319 5446 5446 1374 319 5447 5447 951 830 5448 5448 1411 830 5449 5449 1410 810 5450 5450 953 829 5451 5451 1325 319 5452 5452 1395 319 5453 5453 652 83 5454 5454 1357 83 5455 5455 1358 838 5456 5456 683 839 5457 5457 1375 839 5458 5458 1374 319 5459 5459 1325 319 5460 5460 949 840 5461 5461 1378 840 5462 5462 546 247 5463 5463 1385 864 5464 5464 1384 320 5465 5465 974 841 5466 5466 978 825 5467 5467 1391 825 5468 5468 654 838 5469 5469 1358 838 5470 5470 1359 842 5471 5471 652 83 5472 5472 565 843 5473 5473 1376 843 5474 5474 947 836 5475 5475 1412 836 5476 5476 1386 174 5477 5477 965 844 5478 5478 1327 121 5479 5479 1397 121 5480 5480 651 837 5481 5481 1356 837 5482 5482 1376 843 5483 5483 977 834 5484 5484 1393 834 5485 5485 1398 845 5486 5486 945 846 5487 5487 1377 846 5488 5488 1343 847 5489 5489 1329 809 5490 5490 1399 809 5491 5491 1382 824 5492 5492 969 848 5493 5493 1387 848 5494 5494 1360 849 5495 5495 974 841 5496 5496 1396 841 5497 5497 1400 850 5498 5498 949 840 5499 5499 557 851 5500 5500 1370 851 5501 5501 714 849 5502 5502 1360 849 5503 5503 1361 826 5504 5504 1331 852 5505 5505 1401 852 5506 5506 1397 121 5507 5507 715 826 5508 5508 1361 826 5509 5509 1362 817 5510 5510 1333 853 5511 5511 1403 853 5512 5512 1402 854 5513 5513 717 813 5514 5514 1363 813 5515 5515 1364 836 5516 5516 968 855 5517 5517 972 850 5518 5518 1400 850 5519 5519 719 836 5520 5520 1364 836 5521 5521 1365 832 5522 5522 1331 852 5523 5523 1335 856 5524 5524 1405 856 5525 5525 970 854 5526 5526 1402 854 5527 5527 1387 848 5528 5528 968 855 5529 5529 1404 855 5530 5530 1377 846 5531 5531 653 842 5532 5532 1359 842 5533 5533 1379 857 5534 5534 542 858 5535 5535 541 847 5536 5536 1343 847 5537 5537 967 859 5538 5538 1381 859 5539 5539 1406 820 5540 5540 543 860 5541 5541 542 858 5542 5542 1344 858 5543 5543 543 860 5544 5544 1345 860 5545 5545 1346 861 5546 5546 946 174 5547 5547 1386 174 5548 5548 1354 36 5549 5549 544 861 5550 5550 1346 861 5551 5551 1347 862 5552 5552 965 844 5553 5553 1380 844 5554 5554 1375 839 5555 5555 545 862 5556 5556 1347 862 5557 5557 1348 863 5558 5558 1333 853 5559 5559 1337 192 5560 5560 1407 192 5561 5561 547 854 5562 5562 1348 863 5563 5563 1385 864 5564 5564 962 845 5565 5565 1398 845 5566 5566 1407 192 5567 5567 685 827 5568 5568 1372 827 5569 5569 1381 859 5570 5570 750 121 5571 5571 1369 121 5572 5572 1370 851 5573 5573 960 857 5574 5574 1379 857 5575 5575 1408 816 5576 5576 749 831 5577 5577 558 815 5578 5578 1350 815 5579 5579 1339 821 5580 5580 1409 821 5581 5581 1405 856 5582 5582 983 320 5583 5583 1384 320 5584 5584 1388 826 5585 5585 748 823 5586 5586 1367 823 5587 5587 1349 814 5588 5588 1019 865 5589 5589 1023 865 5590 5590 991 865 5591 5591 1047 865 5592 5592 1050 865 5593 5593 1013 865 5594 5594 1008 865 5595 5595 1009 865 5596 5596 1041 865 5597 5597 1006 865 5598 5598 1038 865 5599 5599 1034 865 5600 5600 1053 865 5601 5601 989 865 5602 5602 1000 865 5603 5603 944 797 5604 5604 1309 796 5605 5605 1074 724 5606 5606 966 799 5607 5607 1315 798 5608 5608 1094 791 5609 5609 1314 877 5610 5610 1091 782 5611 5611 1070 771 5612 5612 982 802 5613 5613 1093 788 5614 5614 1067 759 5615 5615 1318 878 5616 5616 1092 785 5617 5617 1094 791 5618 5618 1319 879 5619 5619 1076 728 5620 5620 1071 789 5621 5621 1312 881 5622 5622 1083 755 5623 5623 1093 788 5624 5624 1318 878 5625 5625 1321 886 5626 5626 1090 778 5627 5627 956 882 5628 5628 980 880 5629 5629 1071 789 5630 5630 1323 883 5631 5631 1089 776 5632 5632 1091 782 5633 5633 1324 884 5634 5634 1077 730 5635 5635 1057 722 5636 5636 1321 886 5637 5637 1326 891 5638 5638 1087 770 5639 5639 1311 807 5640 5640 1082 749 5641 5641 1069 777 5642 5642 1328 888 5643 5643 1081 744 5644 5644 1089 776 5645 5645 1313 803 5646 5646 1088 773 5647 5647 1061 738 5648 5648 975 800 5649 5649 1070 771 5650 5650 1088 773 5651 5651 1330 890 5652 5652 1086 764 5653 5653 1087 770 5654 5654 971 892 5655 5655 973 887 5656 5656 1069 777 5657 5657 963 893 5658 5658 1332 895 5659 5659 1085 761 5660 5660 1330 890 5661 5661 1334 896 5662 5662 1084 758 5663 5663 971 892 5664 5664 1068 762 5665 5665 1062 740 5666 5666 1317 801 5667 5667 1067 759 5668 5668 1085 761 5669 5669 1308 808 5670 5670 1072 718 5671 5671 1084 758 5672 5672 1312 881 5673 5673 1336 901 5674 5674 1078 732 5675 5675 964 805 5676 5676 1310 804 5677 5677 1080 742 5678 5678 1316 806 5679 5679 966 799 5680 5680 1066 794 5681 5681 1311 807 5682 5682 964 805 5683 5683 1065 754 5684 5684 963 893 5685 5685 1064 747 5686 5686 1063 748 5687 5687 1328 888 5688 5688 961 897 5689 5689 1063 748 5690 5690 1310 804 5691 5691 1338 900 5692 5692 1079 735 5693 5693 959 894 5694 5694 1062 740 5695 5695 1059 741 5696 5696 958 889 5697 5697 1061 738 5698 5698 1058 725 5699 5699 1338 900 5700 5700 956 882 5701 5701 1060 783 5702 5702 1336 901 5703 5703 954 898 5704 5704 1059 741 5705 5705 1324 884 5706 5706 1341 902 5707 5707 1075 727 5708 5708 1319 879 5709 5709 1342 903 5710 5710 1073 719 5711 5711 950 899 5712 5712 1058 725 5713 5713 1075 727 5714 5714 948 885 5715 5715 1057 722 5716 5716 1074 724 5717 5717 1342 903 5718 5718 1316 806 5719 5719 1056 752 5720 5720 944 797 5721 5721 1055 716 5722 5722 1072 718 5723 5723</p>
        </triangles>
      </mesh>
    </geometry>
  </library_geometries>
  <library_visual_scenes>
    <visual_scene id="Scene" name="Scene">
      <node id="artproswear_5st_01a_17x8" name="artproswear_5st_01a_17x8" type="NODE">
        <matrix sid="transform">0.01 0 0 0 0 0.01 0 0 0 0 0.01 0 0 0 0 1</matrix>
        <instance_geometry url="#daewon_dcx_01a_15x7_001-mesh" name="artproswear_5st_01a_17x8">
          <bind_material>
            <technique_common>
              <instance_material symbol="artproswear_5st_01a-material" target="#artproswear_5st_01a-material">
                <bind_vertex_input semantic="daewon_dcx_01a_15x7-mesh-map-0" input_semantic="TEXCOORD" input_set="0"/>
              </instance_material>
            </technique_common>
          </bind_material>
        </instance_geometry>
      </node>
      <node id="artproswear_5st_01a_15x7" name="artproswear_5st_01a_15x7" type="NODE">
        <matrix sid="transform">0.01 0 0 0 0 0.01 0 0 0 0 0.01 0 0 0 0 1</matrix>
        <instance_geometry url="#daewon_dcx_01a_15x7-mesh" name="artproswear_5st_01a_15x7">
          <bind_material>
            <technique_common>
              <instance_material symbol="artproswear_5st_01a-material" target="#artproswear_5st_01a-material">
                <bind_vertex_input semantic="daewon_dcx_01a_15x7-mesh-map-0" input_semantic="TEXCOORD" input_set="0"/>
              </instance_material>
            </technique_common>
          </bind_material>
        </instance_geometry>
      </node>
    </visual_scene>
  </library_visual_scenes>
  <scene>
    <instance_visual_scene url="#Scene"/>
  </scene>
</COLLADA>