<?xml version="1.0" encoding="utf-8"?>
<COLLADA xmlns="http://www.collada.org/2005/11/COLLADASchema" version="1.4.1" xmlns:xsi="http://www.w3.org/2001/XMLSchema-instance">
  <asset>
    <contributor>
      <author>Blender User</author>
      <authoring_tool>Blender 4.1.1 commit date:2024-04-15, commit time:15:11, hash:e1743a0317bc</authoring_tool>
    </contributor>
    <created>2024-08-27T20:02:28</created>
    <modified>2024-08-27T20:02:28</modified>
    <unit name="meter" meter="1"/>
    <up_axis>Z_UP</up_axis>
  </asset>
  <library_cameras>
    <camera id="Camera-camera" name="Camera">
      <optics>
        <technique_common>
          <perspective>
            <xfov sid="xfov">39.59775</xfov>
            <aspect_ratio>1.777778</aspect_ratio>
            <znear sid="znear">0.1</znear>
            <zfar sid="zfar">100</zfar>
          </perspective>
        </technique_common>
      </optics>
      <extra>
        <technique profile="blender">
          <shiftx sid="shiftx" type="float">0</shiftx>
          <shifty sid="shifty" type="float">0</shifty>
          <dof_distance sid="dof_distance" type="float">10</dof_distance>
        </technique>
      </extra>
    </camera>
  </library_cameras>
  <library_lights>
    <light id="Light-light" name="Light">
      <technique_common>
        <point>
          <color sid="color">1000 1000 1000</color>
          <constant_attenuation>1</constant_attenuation>
          <linear_attenuation>0</linear_attenuation>
          <quadratic_attenuation>0</quadratic_attenuation>
        </point>
      </technique_common>
      <extra>
        <technique profile="blender">
          <type sid="type" type="int">0</type>
          <flag sid="flag" type="int">0</flag>
          <mode sid="mode" type="int">2097153</mode>
          <red sid="red" type="float">1</red>
          <green sid="green" type="float">1</green>
          <blue sid="blue" type="float">1</blue>
          <shadow_r sid="blender_shadow_r" type="float">0</shadow_r>
          <shadow_g sid="blender_shadow_g" type="float">0</shadow_g>
          <shadow_b sid="blender_shadow_b" type="float">0</shadow_b>
          <energy sid="blender_energy" type="float">1000</energy>
          <spotsize sid="spotsize" type="float">75</spotsize>
          <spotblend sid="spotblend" type="float">0.15</spotblend>
          <clipsta sid="clipsta" type="float">0.04999995</clipsta>
          <clipend sid="clipend" type="float">30.002</clipend>
          <bias sid="bias" type="float">1</bias>
          <radius sid="radius" type="float">0.1</radius>
          <area_shape sid="area_shape" type="int">1</area_shape>
          <area_size sid="area_size" type="float">0.1</area_size>
          <area_sizey sid="area_sizey" type="float">0.1</area_sizey>
          <area_sizez sid="area_sizez" type="float">1</area_sizez>
        </technique>
      </extra>
    </light>
  </library_lights>
  <library_effects>
    <effect id="taxiupfits_general_small_01a-effect">
      <profile_COMMON>
        <newparam sid="Untitled-surface">
          <surface type="2D">
            <init_from>Untitled</init_from>
          </surface>
        </newparam>
        <newparam sid="Untitled-sampler">
          <sampler2D>
            <source>Untitled-surface</source>
          </sampler2D>
        </newparam>
        <technique sid="common">
          <lambert>
            <emission>
              <color sid="emission">0 0 0 1</color>
            </emission>
            <diffuse>
              <texture texture="Untitled-sampler" texcoord="UVMap"/>
            </diffuse>
            <index_of_refraction>
              <float sid="ior">1.45</float>
            </index_of_refraction>
          </lambert>
        </technique>
      </profile_COMMON>
    </effect>
  </library_effects>
  <library_images>
    <image id="Untitled" name="Untitled">
      <init_from>Untitled.png</init_from>
    </image>
  </library_images>
  <library_materials>
    <material id="taxiupfits_general_small_01a-material" name="taxiupfits_general_small_01a">
      <instance_effect url="#taxiupfits_general_small_01a-effect"/>
    </material>
  </library_materials>
  <library_geometries>
    <geometry id="Cube_001-mesh" name="Cube.001">
      <mesh>
        <source id="Cube_001-mesh-positions">
          <float_array id="Cube_001-mesh-positions-array" count="756">-0.13 0 0.01999998 0 0.09500002 0.06 0.115 0 0.06 0 -0.04330128 0.125 -0.115 0 0.06 0 -0.1203866 0.06 0.0525 0.09500002 0.06 -0.0525 0.09500002 0.06 0 -0.02499997 0.1433013 -0.0525 -0.115 0.06 0.0525 -0.115 0.06 -0.06 -0.14 0 0 0 0 -0.06 0 0 0.06 0 0 0.02165061 -0.03750002 0.125 0.01249998 -0.02165061 0.1433013 0.03749996 -0.02165061 0.125 0.02165061 -0.01249998 0.1433013 0 0 0.15 0.04330122 0 0.125 0.02499997 0 0.1433013 0.03749996 0.02165061 0.125 0.02165061 0.01249992 0.1433013 0.02165061 0.03749996 0.125 0.01249998 0.02165061 0.1433013 0 0.04330122 0.125 0 0.02499997 0.1433013 -0.02165061 0.03749996 0.125 -0.01249998 0.02165061 0.1433013 -0.03749996 0.02165061 0.125 -0.02165061 0.01249998 0.1433013 -0.04330128 0 0.125 -0.02499997 0 0.1433013 -0.03750002 -0.02165061 0.125 -0.02165061 -0.01249998 0.1433013 -0.02165067 -0.03749996 0.125 -0.01249998 -0.02165061 0.1433013 0.07861042 0.07137131 0.1 0.09137135 0.05970233 0.1 0.1030297 0.07405179 0.09192073 0.09405183 0.08302968 0.09192073 0.08764725 0.0679351 0.1 0.09501165 0.07517057 0.09778493 0.09836012 0.06687706 0.09763365 0.09999197 0.07999199 0.09300917 0.08633112 0.07836008 0.09763365 0.09137135 -0.05970233 0.1 0.07861042 -0.07333576 0.1 0.09405183 -0.08499413 0.09192073 0.1030297 -0.07405179 0.09192073 0.08764725 -0.0679351 0.1 0.09501165 -0.07517057 0.09778493 0.08633112 -0.08032447 0.09763365 0.09999197 -0.07999199 0.09300917 0.09836012 -0.06687706 0.09763365 -0.09137135 0.05970233 0.1 -0.07861042 0.07137131 0.1 -0.09405183 0.08302968 0.09192073 -0.1030297 0.07405179 0.09192073 -0.08764725 0.0679351 0.1 -0.09501165 0.07517051 0.09778493 -0.08633112 0.07836008 0.09763365 -0.09999197 0.07999199 0.09300917 -0.09836012 0.06687706 0.09763365 -0.1030297 -0.07405179 0.09192073 -0.09405183 -0.08499413 0.09192073 -0.07861042 -0.07333576 0.1 -0.09137135 -0.05970233 0.1 -0.09999197 -0.07999199 0.09300917 -0.09501165 -0.07517057 0.09778493 -0.08633112 -0.08032453 0.09763365 -0.08764725 -0.0679351 0.1 -0.09836012 -0.06687706 0.09763365 0.1060287 0.09500002 0.06 0.115 0.08602875 0.06 0.1123724 0.09237241 0.06 -0.115 -0.08602875 0.06 -0.1060287 -0.09696441 0.06 -0.1123724 -0.09237235 0.06 0.115 -0.08602875 0.06 0.1060287 -0.09696441 0.06 0.1123724 -0.09237235 0.06 -0.115 0.08602875 0.06 -0.1060287 0.09500002 0.06 -0.1123724 0.09237241 0.06 0 -0.09675788 0.1 0 -0.1084163 0.09192073 0 -0.1037467 0.09763365 0.1030297 0 0.09192073 0.09137135 0 0.1 0.09836012 0 0.09763365 -0.1030297 0 0.09192073 -0.09137135 0 0.1 -0.09836012 0 0.09763365 0 0.07137131 0.1 0 0.08302968 0.09192073 0 0.07836008 0.09763365 0 0.04776167 0.1083534 0 0.05864852 0.1 0 0.05187749 0.1024466 -0.03038847 0.05049449 0.1 -0.02388083 0.04136282 0.1083534 -0.02625042 0.04484033 0.1024466 -0.04359883 0.03726959 0.1 -0.052953 0.02231776 0.1 -0.04136282 0.02388083 0.1083534 -0.04936647 0.02986091 0.1 -0.04509723 0.02688628 0.1014059 -0.04586428 0.02275264 0.1024466 -0.04152297 0.0295608 0.1024487 -0.05893301 0 0.1 -0.04776173 0 0.1083534 -0.05196082 0 0.1024466 -0.052953 -0.02231776 0.1 -0.04359883 -0.03726959 0.1 -0.04136288 -0.02388083 0.1083534 -0.04936647 -0.02986097 0.1 -0.04509729 -0.02688628 0.1014059 -0.04152303 -0.0295608 0.1024487 -0.04586428 -0.02275264 0.1024466 -0.03038847 -0.05049455 0.1 -0.02388083 -0.04136282 0.1083534 -0.02625048 -0.04484039 0.1024466 0 -0.05864852 0.1 0 -0.04776173 0.1083534 0 -0.05187749 0.1024466 0.03038847 -0.05049455 0.1 0.02388083 -0.04136288 0.1083534 0.02625042 -0.04484039 0.1024466 0.04359883 -0.03726959 0.1 0.05295294 -0.02231776 0.1 0.04136282 -0.02388083 0.1083534 0.04936641 -0.02986097 0.1 0.04509723 -0.02688628 0.1014059 0.04586422 -0.02275264 0.1024466 0.04152297 -0.02956086 0.1024487 0.05893301 0 0.1 0.04776167 0 0.1083534 0.05196082 0 0.1024466 0.05295294 0.02231776 0.1 0.04359883 0.03726959 0.1 0.04136282 0.02388083 0.1083534 0.04936641 0.02986091 0.1 0.04509723 0.02688628 0.1014059 0.04152297 0.0295608 0.1024487 0.04586422 0.02275264 0.1024466 0.03038847 0.05049455 0.1 0.02388083 0.04136282 0.1083534 0.02625042 0.04484033 0.1024466 -0.04651486 -0.1030297 0.09192073 -0.03853625 -0.09137135 0.1 -0.04355049 -0.09836012 0.09763365 0.04651486 0.08302968 0.09192073 0.03853625 0.07137131 0.1 0.04355049 0.07836008 0.09763365 0.04651486 -0.1030297 0.09192073 0.03853625 -0.09137135 0.1 0.04355049 -0.09836012 0.09763365 -0.04651486 0.08302968 0.09192073 -0.03853625 0.07137131 0.1 -0.04355049 0.07836008 0.09763365 -0.1230509 -0.1219644 1.23516e-6 -0.1350357 -0.1150357 2.77876e-6 -0.14 0.1030509 1.23464e-6 -0.1230509 0.12 1.23516e-6 -0.1350357 0.1150357 2.77876e-6 0.14 -0.1030509 1.23464e-6 0.1230509 -0.1219644 1.23516e-6 0.1350357 -0.1150357 2.77876e-6 0.1230509 0.12 1.23516e-6 0.14 0.1030509 1.23464e-6 0.1350357 0.1150357 2.77876e-6 -0.06 -0.1210618 0 0.1210618 0 0 0 0.1010618 0 0.06 -0.1210618 0 0.06 0.1010618 0 -0.1210618 0 0 -0.06 0.1010618 0 0 -0.1239038 0 0.1210618 0.1010618 0 -0.1210618 -0.1010618 0 0.1210618 -0.1010618 0 -0.1210618 0.1010618 0 0.06 0.11 0.01999998 0 0.11 0.01999998 -0.06 -0.13 0.01999998 0 -0.1353866 0.01999998 0.06 -0.13 0.01999998 -0.06 0.11 0.01999998 0.06 0.12 0 0 0.12 0 0 -0.1453866 0 0.06 -0.14 0 -0.06 0.12 0 0.13 0.1010494 0.01999998 0.1273784 0.1073784 0.01999998 0.1210494 0.11 0.01999998 0.1210494 -0.1119644 0.01999998 0.1273784 -0.1073784 0.01999998 0.13 -0.1010494 0.01999998 -0.1210494 0.11 0.01999998 -0.1273784 0.1073784 0.01999998 -0.13 0.1010494 0.01999998 -0.1273784 -0.1073784 0.01999998 -0.1210494 -0.1119644 0.01999998 -0.13 -0.1010494 0.01999998 -0.14 -0.1030509 1.23464e-6 0.13 0 0.01999998 0.14 0 0 -0.14 0 0 0 0.12 0.0154944 0 0.1154944 0.01999998 0 -0.1453866 0.0154944 0 -0.140881 0.01999998 0.1354944 0 0.01999998 0.14 0 0.0154944 -0.06 0.12 0.0154944 -0.06 0.1154944 0.01999998 0.06 -0.14 0.0154944 0.06 -0.1354944 0.01999998 0.06 0.1154944 0.01999998 0.06 0.12 0.0154944 -0.06 -0.1354944 0.01999998 -0.06 -0.14 0.0154944 0.1354944 0.1021423 0.02000063 0.14 0.1030413 0.01549565 0.1230413 0.12 0.01549565 0.1221423 0.1154944 0.02000063 0.1350329 0.1150329 0.0154972 0.1315837 0.1115837 0.02000153 0.1221423 -0.1174588 0.02000063 0.1230413 -0.1219644 0.01549565 0.14 -0.1030413 0.01549565 0.1354944 -0.1021423 0.02000063 0.1350329 -0.1150329 0.0154972 0.1315837 -0.1115837 0.02000153 -0.1221423 0.1154944 0.02000063 -0.1230413 0.12 0.01549565 -0.14 0.1030413 0.01549565 -0.1354944 0.1021423 0.02000063 -0.1350329 0.1150329 0.0154972 -0.1315837 0.1115837 0.02000153 -0.1354944 -0.1021423 0.02000063 -0.14 -0.1030413 0.01549565 -0.1230413 -0.1219644 0.01549565 -0.1221423 -0.1174588 0.02000063 -0.1315837 -0.1115837 0.02000153 -0.1350329 -0.1150329 0.0154972 -0.14 0 0.0154944 -0.1354944 0 0.01999998</float_array>
          <technique_common>
            <accessor source="#Cube_001-mesh-positions-array" count="252" stride="3">
              <param name="X" type="float"/>
              <param name="Y" type="float"/>
              <param name="Z" type="float"/>
            </accessor>
          </technique_common>
        </source>
        <source id="Cube_001-mesh-normals">
          <float_array id="Cube_001-mesh-normals-array" count="825">-0.05481362 -0.1124337 0.9921463 -0.07193142 -0.1206206 0.9900892 -0.1224853 -0.1127856 0.986041 0 0.1625162 0.9867059 -0.1224846 0.1127856 0.9860411 -0.0719316 0.1206213 0.9900891 2.24711e-6 0.3826799 0.923881 0 0 1 0 0.3826833 0.9238796 0.05481338 -0.1124339 0.9921462 0.07193106 -0.1206204 0.9900892 0.03692913 -0.1528437 0.9875602 0.8131527 0.1520666 0.5618348 0.9363293 0 0.3511235 0.8985374 0.1748307 0.4025727 -2.24711e-6 0.3826825 0.9238799 -2.87618e-5 -1.14223e-4 1 0.08131527 0.4091012 0.9088587 0 0.9363292 0.3511235 0 0.9363293 0.3511233 0 0.9363294 0.3511232 0 0.1625139 0.9867063 0.07193142 0.120621 0.9900891 0 0.1625162 0.9867059 0.3826792 0 0.9238813 -1.16358e-4 2.67545e-5 1 0.4091001 -0.08131843 0.908859 -1.16358e-4 -2.67546e-5 1 0.1625161 0 0.986706 0.1584017 0.05458706 0.9858648 0.1405141 0 0.9900787 -0.1584018 0.05458694 0.9858648 -0.1625156 0 0.986706 -0.1405142 0 0.9900787 0.1584017 -0.05458706 0.9858647 -0.8131527 -0.1520665 0.5618349 -0.9363293 0 0.3511235 -0.8985373 -0.174831 0.4025728 -0.9807713 -0.1951608 1.20805e-4 -0.6986832 -0.6119689 0.3705884 -0.9107676 -0.1811186 0.3710773 -0.1888288 -0.9033596 0.3850781 -0.4032244 -0.7995244 0.4451638 -0.4062166 -0.7949479 0.4506061 -0.1584019 -0.05458694 0.9858647 -0.1650208 -0.01977086 0.9860919 -0.1665552 -0.3728108 0.912837 6.69389e-6 3.06622e-6 1 1.00544e-4 1.23028e-4 1 0.1988922 -0.9035115 0.379617 0 -0.9340634 0.3571074 0.1888288 -0.9033597 0.3850781 -0.0369293 -0.1528437 0.9875602 0 -0.1443411 0.989528 -0.1988922 -0.9035114 0.379617 -0.3537071 -0.700051 0.6203386 0 0.9363293 0.3511234 0 0.9363293 0.3511232 -0.8131526 0.1520666 0.5618352 -0.8985375 0.1748307 0.4025726 -0.9363291 0 0.3511235 -0.8886028 0.2051258 0.4102544 0.9107677 0.1811186 0.3710772 1 0 0 0.9807713 0.1951608 1.20613e-4 0.1665552 -0.3728109 0.9128371 -6.69389e-6 3.06622e-6 1 0.07775706 -0.3989226 0.913682 0.9363293 0 0.3511235 0.8886028 0.2051257 0.4102545 0 -0.9351625 0.354219 -0.2062683 -0.8204572 0.5332011 2.87618e-5 -1.14223e-4 1 0.1508521 0.8135207 0.5616297 0.1748318 0.8985371 0.4025729 0.8131528 -0.1520665 0.5618349 0.8985373 -0.174831 0.4025728 -0.1508522 0.8135205 0.5616298 -0.1748318 0.8985372 0.4025728 0.8886029 -0.2051259 0.4102538 -0.2051253 0.8886035 0.4102532 0.4032244 -0.7995246 0.4451637 0.4062166 -0.7949479 0.4506061 0.3537072 -0.7000507 0.6203389 -4.75273e-7 0.901461 0.4328604 -0.4379878 0.7586258 0.482342 3.43728e-6 0.8759835 0.482341 0.2051254 0.8886033 0.4102533 1.5991e-7 0.1443418 0.9895279 0.2062684 -0.8204572 0.5332012 0 0.8668199 0.4986214 0 0.8668198 0.4986217 -0.3826792 0 0.9238813 1.16358e-4 2.67545e-5 1 7.2262e-5 -4.62663e-5 -1 5.82354e-6 -3.00795e-6 -1 4.1445e-5 -3.61339e-5 -1 0 0 -1 -5.82354e-6 -3.00795e-6 -1 -7.51561e-6 0 -1 -4.14449e-5 -3.61338e-5 -1 -5.70114e-5 -7.60229e-5 -1 -8.54786e-6 0 -1 0 0 1 0 -0.4009868 0.9160839 0 -0.1764332 0.9843126 -0.8886029 -0.2051259 0.4102538 -2.18684e-6 0.9238782 0.3826867 0 1 0 0 0.9238777 0.3826881 0.4379914 -0.7586251 0.4823398 0.7861099 -0.4537429 0.4197008 0.7586221 -0.4379917 0.4823443 -3.07106e-6 -0.8759836 0.4823409 0.2654496 -0.4597764 0.8474329 0 -0.5309008 0.8474341 0 0 1 0.8759829 -4.24819e-6 0.4823423 0.459774 -0.2654532 0.8474329 0.8991997 4.84941e-7 0.4375386 0.7586256 0.4379879 0.4823421 0.5309028 -2.161e-6 0.8474327 0.7861094 0.4537432 0.4197012 0.437994 0.7586213 0.4823432 0.4597765 0.2654494 0.8474327 -7.22621e-5 -4.62664e-5 -1 0.2654525 0.4597769 0.8474315 -0.4465324 0.7806624 0.4372358 -0.7586212 0.4379953 0.4823421 0 0.5309008 0.847434 0.4465312 0.7806631 0.4372357 -0.2654492 0.4597766 0.8474328 -0.7861097 0.4537423 0.4197016 -0.8759823 3.46864e-6 0.4823435 -0.4597741 0.2654535 0.8474328 -0.8991999 -5.21131e-7 0.4375383 -0.7586249 -0.4379892 0.4823421 -0.5309048 2.52367e-7 0.8474316 -0.7861095 -0.4537432 0.4197013 -0.4379936 -0.7586222 0.4823422 -0.4597743 -0.265453 0.8474329 -0.446531 -0.780663 0.4372363 -0.2654496 -0.4597764 0.8474327 6.07963e-7 -0.9014613 0.43286 0.09400707 0.1010105 0.9904341 0.06221628 0.5349089 0.842616 0.01576739 0.164637 0.9862283 0.5331849 0.06977093 0.8431168 0.1650211 0.01977097 0.9860919 0.3129004 0.3224776 0.8933654 0.5342168 0.5326499 0.6564271 0.1007405 -0.08501213 0.9912741 0.5331849 -0.06977081 0.8431168 0.1650212 -0.01977092 0.9860919 0.183932 -0.4025362 0.8967351 0.3405637 -0.2747349 0.8991869 0.5905592 -0.4627001 0.661172 -0.09400701 0.1010103 0.9904341 -0.5331847 0.06977099 0.8431169 -0.1650218 0.01977097 0.9860917 -0.06221705 0.5349089 0.842616 -0.01576745 0.1646369 0.9862282 -0.3129003 0.3224772 0.8933656 -0.5342161 0.5326499 0.6564276 -0.3405638 -0.2747347 0.8991869 -0.5331848 -0.06977087 0.8431168 -0.5905592 -0.4627002 0.661172 -0.1007404 -0.08501189 0.9912741 -0.1839323 -0.4025364 0.896735 -0.1310083 0.08140683 0.9880333 -0.4801925 0.383249 0.7890092 -0.5602842 0.24918 0.789931 -0.1310086 -0.08140689 0.9880332 -0.560284 -0.2491798 0.7899312 -0.4801931 -0.3832486 0.789009 0.1310086 -0.08140671 0.9880332 0.4801931 -0.3832484 0.789009 0.1224848 -0.1127856 0.986041 0.560284 -0.2491803 0.7899311 0.1310087 0.08140671 0.9880332 0.5602847 0.2491798 0.7899308 0.4801934 0.3832485 0.7890088 0.1224846 0.1127859 0.9860411 0.6246552 0.6246544 0.4686287 -0.6953933 -0.5470051 0.4660618 0.6953933 -0.5470051 0.4660618 -0.6246553 0.6246544 0.4686286 -0.1356245 -0.5267937 0.8391034 0.5695945 0 0.8219259 0.8668185 0 0.4986239 -0.5695942 0 0.8219261 -0.8668185 0 0.498624 0 0.5695912 0.8219282 -0.6895956 -0.5539217 0.4665068 0 -0.5825783 0.8127746 0.1356245 -0.5267936 0.8391034 0 -0.8687996 0.495164 0 0.5695975 0.8219239 0 0.5695914 0.821928 0 0.8668192 0.4986226 0 0.5751279 0.8180636 -0.2822838 0.4926292 0.8231843 -0.5672444 0 0.8235495 -0.2822836 -0.492629 0.8231844 0 -0.5751281 0.8180633 0.446532 -0.7806622 0.4372366 0.2822837 -0.4926288 0.8231846 0.5672441 0 0.8235498 0.2822837 0.4926292 0.8231843 -1.61143e-4 1.687e-4 1 0.3276825 -0.2696403 0.9054934 -1.00544e-4 1.23028e-4 1 1.16358e-4 -2.67546e-5 1 -0.4091004 0.08131855 0.9088588 -0.08131527 0.4091012 0.9088587 1.50227e-4 -1.50256e-4 1 -1.50227e-4 -1.50256e-4 1 0.3093495 0.3093498 0.8992251 0.4091004 0.08131855 0.9088588 -0.4091001 -0.08131843 0.908859 1.61143e-4 1.687e-4 1 -0.3276825 -0.2696403 0.9054934 1.86949e-6 6.02772e-6 -1 4.09048e-5 3.81309e-5 -1 9.92776e-5 9.93082e-5 -1 8.00552e-5 5.66155e-5 -1 -1.04617e-4 -9.39689e-5 -1 7.5156e-6 0 -1 1.04617e-4 -9.39691e-5 -1 5.70116e-5 -7.60232e-5 -1 -1.86944e-6 6.02757e-6 -1 -4.09048e-5 3.81309e-5 -1 -8.00552e-5 5.66155e-5 -1 8.54785e-6 0 -1 -9.92776e-5 9.93082e-5 -1 -5.70115e-5 7.60231e-5 -1 -0.167241 -0.9133297 0.3712941 1.84065e-6 -1 0 -1.01557e-6 -0.9269449 0.3751977 0.1830512 -0.9831034 1.26465e-5 0.1672402 -0.9133314 0.3712902 -0.07775706 -0.3989226 0.913682 0.1951597 0.9807715 1.21011e-4 0.6571832 0.6571834 0.3690804 0.7071059 0.7071077 2.56287e-4 0.6986833 -0.6119688 0.3705886 0.3907245 -0.9205076 2.25805e-4 0.752028 -0.6591313 2.5669e-4 0.9807713 -0.1951608 1.20805e-4 -0.6571832 0.6571834 0.3690804 -0.1951599 0.9807716 1.21031e-4 -0.7071061 0.7071075 2.56521e-4 -0.9807713 0.1951608 1.20674e-4 -0.9107677 0.1811186 0.3710772 -1 0 0 -0.923879 0 0.382685 5.70115e-5 7.60231e-5 -1 0.9107676 -0.1811186 0.3710774 0.923879 0 0.382685 -0.3595787 -0.8556191 0.372316 -0.1830493 -0.9831038 1.25103e-5 0.1811184 0.910766 0.3710814 -0.1811184 0.910766 0.3710814 0.3595786 -0.855619 0.3723164 -0.3093495 0.3093498 0.8992251 -0.3907245 -0.9205077 2.24588e-4 2.18682e-6 0.9238793 0.3826841 -0.7520278 -0.6591314 2.56116e-4 -0.3093805 0.2056553 0.928434 -0.3093789 -0.2056552 0.9284345 0.3093796 -0.205655 0.9284343 0.3093816 0.2056544 0.9284338 0.6246393 0.6246404 0.4686684 0.6895956 -0.5539217 0.4665068 -0.6246394 0.6246404 0.4686684</float_array>
          <technique_common>
            <accessor source="#Cube_001-mesh-normals-array" count="275" stride="3">
              <param name="X" type="float"/>
              <param name="Y" type="float"/>
              <param name="Z" type="float"/>
            </accessor>
          </technique_common>
        </source>
        <source id="Cube_001-mesh-map-0">
          <float_array id="Cube_001-mesh-map-0-array" count="3000">0.2629527 0.4313417 0.370322 0.4773216 0.3407539 0.5066094 0.3547524 0.7481761 0.3430996 0.6718941 0.3729514 0.7012379 0.07278448 0.05699199 0.01221203 0.06870019 0.01221203 0.05699181 0.613866 0.4302487 0.506453 0.4774098 0.524652 0.4304715 0.6777039 0.7523456 0.7532985 0.5876721 0.7532331 0.7808086 0.9268507 0.05699199 0.8667255 0.06870031 0.8667255 0.05699199 0.3230841 0.8579362 0.4418851 0.9547274 0.3052384 0.9544277 0.4410782 0.7481321 0.5090824 0.701326 0.5271455 0.7478016 0.7436203 0.05699199 0.6486725 0.06870031 0.6486725 0.05699199 0.7436203 0.05699199 0.8385682 0.06870031 0.7436203 0.06870031 0.6434733 0.588842 0.559004 0.6387009 0.5713925 0.589253 0.3217958 0.6388702 0.235931 0.5898057 0.3080118 0.5893947 0.5576086 0.5397776 0.6434733 0.588842 0.5713925 0.589253 0.2017004 0.4263021 0.1261059 0.5909757 0.1261711 0.3978391 0.3509626 0.01133871 0.3652619 0.04357266 0.3509626 0.04357266 0.3011322 0.2257056 0.1998226 0.3245115 0.1632418 0.2295899 0.3204004 0.5399467 0.235931 0.5898057 0.2345193 0.4573342 0.3791198 0.05699199 0.4392451 0.06870031 0.3791198 0.06870031 0.5563204 0.3207116 0.4375193 0.2239203 0.574166 0.2242199 0.3522589 0.4308461 0.4382649 0.4589295 0.370322 0.4773216 0.3197911 0.3216831 0.2295663 0.3989055 0.1998226 0.3245115 0.4418851 0.9547274 0.5596133 0.8569645 0.5782723 0.952942 0.1261059 0.5909757 0.2048228 0.7534195 0.1302341 0.7833155 0.02996098 0.591973 0.1302341 0.7833155 0.03526723 0.8197689 0.8385682 0.04357278 0.7436203 0.01133877 0.8385682 0.01133877 0.4375193 0.2239203 0.3197911 0.3216831 0.3011322 0.2257056 0.6205153 0.05699199 0.56039 0.06870031 0.56039 0.05699199 0.7532331 0.7808086 0.8494433 0.5866749 0.8493485 0.8152753 0.4379198 0.3207323 0.3341339 0.3979653 0.3197911 0.3216831 0.07278448 0.05699199 0.1329097 0.06870019 0.07278448 0.06870031 0.5596133 0.8569645 0.6498379 0.7797421 0.6795817 0.8541362 0.7532985 0.5876721 0.6745815 0.4252282 0.7491703 0.3953322 0.2317017 0.7809481 0.3230841 0.8579362 0.2023546 0.8560718 0.8494433 0.5866749 0.7491703 0.3953322 0.8441371 0.3588788 0.2023546 0.8560718 0.3052384 0.9544277 0.1664578 0.9519697 0.6770496 0.3225758 0.574166 0.2242199 0.7129463 0.2266779 0.6477025 0.3976996 0.5563204 0.3207116 0.6770496 0.3225758 0.8670551 0.3226681 0.813139 0.2971136 0.8670551 0.3115604 0.5782723 0.952942 0.6795817 0.8541362 0.7161626 0.9490576 0.4410782 0.7481321 0.3729514 0.7012379 0.4411395 0.7197182 0.5424314 0.3973679 0.4379198 0.3207323 0.5563204 0.3207116 0.3369731 0.7812798 0.4414846 0.8579154 0.3230841 0.8579362 0.4414846 0.8579154 0.5452705 0.7806823 0.5596133 0.8569645 0.2560147 0.05699199 0.3509626 0.06870031 0.2560147 0.06870031 0.9802355 0.8400066 0.9413247 0.851694 0.9790078 0.851694 0.9042969 0.9140624 0.867269 0.851694 0.867269 0.9140624 0.8178985 0.9140624 0.8295859 0.851694 0.8178985 0.8504664 0.867269 0.8400066 0.9042969 0.851694 0.9042969 0.8400066 0.9413247 0.9140624 0.9790078 0.851694 0.9413247 0.851694 0.9042969 0.9140624 0.9413247 0.851694 0.9042969 0.851694 0.56039 0.05699199 0.4998176 0.06870031 0.4998176 0.05699199 0.524652 0.4304715 0.4382649 0.4589295 0.4383262 0.4305156 0.1261711 0.3978391 0.02996098 0.591973 0.03005576 0.3633724 0.9268507 0.04357278 0.9874231 0.01133882 0.9874231 0.04357278 0.9209713 0.1103423 0.9700604 0.1442579 0.9604407 0.1498117 0.8670551 0.09589552 0.8981837 0.1498117 0.8670551 0.1414709 0.8670551 0.2037279 0.8670551 0.1414709 0.8981837 0.1498117 0.9700604 0.1442579 0.9748876 0.2037279 0.9604407 0.1498117 0.9209713 0.1103423 0.9209713 0.1725994 0.8981837 0.1498117 0.8670551 0.2037279 0.8981837 0.1498117 0.9209713 0.1725994 0.9859954 0.2037279 0.9604407 0.2576441 0.9748876 0.2037279 0.9604407 0.1498117 0.9293121 0.2037279 0.9209713 0.1725994 0.8670551 0.2037279 0.9209713 0.1725994 0.9293121 0.2037279 0.9700604 0.263198 0.9209714 0.2971135 0.9604407 0.2576441 0.9748876 0.2037279 0.9209713 0.2348564 0.9293121 0.2037279 0.8670551 0.2037279 0.9293121 0.2037279 0.9209713 0.2348564 0.8283583 0.8400066 0.867269 0.851694 0.867269 0.8400066 0.9604407 0.2576441 0.8981837 0.2576441 0.9209713 0.2348564 0.8670551 0.2037279 0.9209713 0.2348564 0.8981837 0.2576441 0.807585 0.3067331 0.7736696 0.2576442 0.813139 0.2971136 0.8981837 0.2576441 0.8670551 0.3115604 0.8670551 0.265985 0.8670551 0.2037279 0.8981837 0.2576441 0.8670551 0.265985 0.9265253 0.3067331 0.8670551 0.3115604 0.9209714 0.2971135 0.8670551 0.3115604 0.8359266 0.2576442 0.8670551 0.265985 0.8670551 0.2037279 0.8670551 0.265985 0.8359266 0.2576442 0.7640499 0.2631981 0.7592227 0.203728 0.7736696 0.2576442 0.813139 0.2971136 0.8131389 0.2348565 0.8359266 0.2576442 0.8670551 0.2037279 0.8359266 0.2576442 0.8131389 0.2348565 0.7481149 0.2037279 0.7736695 0.1498118 0.7592227 0.203728 0.7736696 0.2576442 0.8047981 0.2037279 0.8131389 0.2348565 0.8670551 0.2037279 0.8131389 0.2348565 0.8047981 0.2037279 0.7640499 0.1442579 0.8131389 0.1103424 0.7736695 0.1498118 0.8047981 0.2037279 0.7736695 0.1498118 0.8131389 0.1725994 0.8670551 0.2037279 0.8047981 0.2037279 0.8131389 0.1725994 0.807585 0.1007227 0.8670551 0.09589552 0.8131389 0.1103424 0.8131389 0.1725994 0.8131389 0.1103424 0.8359265 0.1498118 0.8670551 0.2037279 0.8131389 0.1725994 0.8359265 0.1498118 0.8670551 0.08478772 0.9209713 0.1103423 0.8670551 0.09589552 0.8359265 0.1498118 0.8670551 0.09589552 0.8670551 0.1414709 0.8670551 0.2037279 0.8359265 0.1498118 0.8670551 0.1414709 0.6369476 0.7400837 0.6331028 0.7636646 0.6164516 0.7473059 0.66137 0.7367326 0.6369476 0.7400837 0.644885 0.7213135 0.6777039 0.7523456 0.6554248 0.7559081 0.66137 0.7367326 0.6498379 0.7797421 0.6528437 0.7580162 0.663623 0.7737513 0.6343348 0.4376383 0.6585369 0.4408828 0.6422433 0.4563691 0.630704 0.4138723 0.6343348 0.4376383 0.613866 0.4302487 0.6477025 0.3976996 0.6506062 0.4196957 0.630704 0.4138723 0.6745815 0.4252282 0.652493 0.4219363 0.6685222 0.4114201 0.2450696 0.7410094 0.2208675 0.7377649 0.237161 0.7222785 0.2487002 0.7647755 0.2450696 0.7410094 0.2655384 0.748399 0.2317017 0.7809481 0.2287982 0.7589519 0.2487002 0.7647755 0.2048228 0.7534195 0.2269113 0.7567113 0.210882 0.7672276 0.2017004 0.4263021 0.2239795 0.4227395 0.2180343 0.4419152 0.2295663 0.3989055 0.2265605 0.4206314 0.2157812 0.4048963 0.2424567 0.438564 0.2463014 0.414983 0.2629527 0.4313417 0.2180343 0.4419152 0.2424567 0.438564 0.2345193 0.4573342 0.3299767 0.6555302 0.348215 0.6542806 0.3430996 0.6718941 0.3382839 0.6390258 0.3299767 0.6555302 0.3217958 0.6388702 0.348215 0.6542806 0.3382839 0.6390258 0.3542223 0.6378649 0.3280722 0.5231164 0.3366743 0.5392616 0.3204004 0.5399467 0.3461185 0.5239446 0.3280722 0.5231164 0.3407539 0.5066094 0.3366743 0.5392616 0.3461185 0.5239446 0.352434 0.5399056 0.5494276 0.5231176 0.5311893 0.5243672 0.5363047 0.5067535 0.5411204 0.5396219 0.5494276 0.5231176 0.5576086 0.5397776 0.5311893 0.5243672 0.5411204 0.5396219 0.5251821 0.5407828 0.5513321 0.6555314 0.54273 0.639386 0.559004 0.6387009 0.5332858 0.654703 0.5513321 0.6555314 0.5386503 0.6720383 0.54273 0.639386 0.5332858 0.654703 0.5269704 0.6387422 0.8493485 0.8152753 0.7505865 0.7960453 0.7532331 0.7808086 0.6946614 0.8511753 0.7161626 0.9490576 0.6795817 0.8541362 0.2295663 0.3989055 0.1847429 0.3274723 0.1998226 0.3245115 0.2075896 0.4122939 0.1261711 0.3978391 0.1288177 0.3826025 0.7129463 0.2266779 0.6922657 0.325423 0.6770496 0.3225758 0.7462075 0.3802266 0.8441371 0.3588788 0.7491703 0.3953322 0.1664578 0.9519697 0.1871386 0.8532247 0.2023546 0.8560718 0.1331968 0.7984211 0.03526723 0.8197689 0.1302341 0.7833155 0.2629527 0.4313417 0.340918 0.4144478 0.3522589 0.4308461 0.2463014 0.414983 0.3341339 0.3979653 0.340918 0.4144478 0.6422433 0.4563691 0.6598809 0.5886016 0.6434733 0.588842 0.6585369 0.4408828 0.6764436 0.588362 0.6598809 0.5886016 0.237161 0.7222785 0.2195233 0.5900461 0.235931 0.5898057 0.2208675 0.7377649 0.2029607 0.5902857 0.2195233 0.5900461 0.6164516 0.7473059 0.5384865 0.7641999 0.5271455 0.7478016 0.6331028 0.7636646 0.5452705 0.7806823 0.5384865 0.7641999 0.7532331 0.7808086 0.6718147 0.7663537 0.6777039 0.7523456 0.663623 0.7737513 0.6795817 0.8541362 0.6498379 0.7797421 0.1632418 0.2295899 0.1847429 0.3274723 0.1481071 0.2324647 0.1288177 0.3826025 0.03005576 0.3633724 0.03257775 0.3481126 0.6477025 0.3976996 0.6922657 0.325423 0.6616217 0.4037386 0.6685222 0.4114201 0.7491703 0.3953322 0.6745815 0.4252282 0.2023546 0.8560718 0.2177827 0.7749091 0.2317017 0.7809481 0.210882 0.7672276 0.1302341 0.7833155 0.2048228 0.7534195 0.524652 0.4304715 0.4382319 0.4139978 0.5358126 0.4139367 0.5358126 0.4139367 0.4381217 0.3974733 0.5424314 0.3973679 0.644885 0.7213135 0.6598809 0.5886016 0.66137 0.7367326 0.66137 0.7367326 0.6764436 0.588362 0.6777039 0.7523456 0.2345193 0.4573342 0.2195233 0.5900461 0.2180343 0.4419152 0.2180343 0.4419152 0.2029607 0.5902857 0.2017004 0.4263021 0.3547524 0.7481761 0.4411725 0.7646498 0.3435917 0.764711 0.3435917 0.764711 0.4412826 0.7811743 0.3369731 0.7812798 0.3910306 0.6746122 0.4411908 0.7039468 0.3827012 0.6877803 0.3827012 0.6877803 0.4411395 0.7197182 0.3729514 0.7012379 0.3910306 0.6746122 0.348215 0.6542806 0.3542223 0.6378649 0.3827012 0.6877803 0.3430996 0.6718941 0.348215 0.6542806 0.3397368 0.5889929 0.3382839 0.6390258 0.3243375 0.5892092 0.3243375 0.5892092 0.3217958 0.6388702 0.3080118 0.5893947 0.3397368 0.5889929 0.3366743 0.5392616 0.352434 0.5399056 0.3243375 0.5892092 0.3204004 0.5399467 0.3366743 0.5392616 0.3883089 0.5038135 0.3461185 0.5239446 0.3800337 0.4907072 0.3800337 0.4907072 0.3407539 0.5066094 0.370322 0.4773216 0.3883089 0.5038135 0.4382135 0.4747008 0.4381487 0.4911743 0.3800337 0.4907072 0.4382649 0.4589295 0.4382135 0.4747008 0.4883737 0.5040355 0.4382135 0.4747008 0.4967031 0.4908674 0.4967031 0.4908674 0.4382649 0.4589295 0.506453 0.4774098 0.4883737 0.5040355 0.5311893 0.5243672 0.5251821 0.5407828 0.4967031 0.4908674 0.5363047 0.5067535 0.5311893 0.5243672 0.5396676 0.5896548 0.5411204 0.5396219 0.555067 0.5894384 0.555067 0.5894384 0.5576086 0.5397776 0.5713925 0.589253 0.5396676 0.5896548 0.54273 0.639386 0.5269704 0.6387422 0.555067 0.5894384 0.559004 0.6387009 0.54273 0.639386 0.4910955 0.6748341 0.5332858 0.654703 0.4993706 0.6879404 0.4993706 0.6879404 0.5386503 0.6720383 0.5090824 0.701326 0.4910955 0.6748341 0.4411908 0.7039468 0.4412556 0.6874733 0.4993706 0.6879404 0.4411395 0.7197182 0.4411908 0.7039468 0.237161 0.7222785 0.3299767 0.6555302 0.2450696 0.7410094 0.3299767 0.6555302 0.2655384 0.748399 0.2450696 0.7410094 0.2655384 0.748399 0.3435917 0.764711 0.2487002 0.7647755 0.2487002 0.7647755 0.3369731 0.7812798 0.2317017 0.7809481 0.6422433 0.4563691 0.5494276 0.5231176 0.6343348 0.4376383 0.5494276 0.5231176 0.613866 0.4302487 0.6343348 0.4376383 0.3522589 0.4308461 0.4382319 0.4139978 0.4383262 0.4305156 0.340918 0.4144478 0.4381217 0.3974733 0.4382319 0.4139978 0.613866 0.4302487 0.5358126 0.4139367 0.630704 0.4138723 0.630704 0.4138723 0.5424314 0.3973679 0.6477025 0.3976996 0.2345193 0.4573342 0.3280722 0.5231164 0.3204004 0.5399467 0.3280722 0.5231164 0.2629527 0.4313417 0.3407539 0.5066094 0.6164516 0.7473059 0.5513321 0.6555314 0.6369476 0.7400837 0.5513321 0.6555314 0.644885 0.7213135 0.6369476 0.7400837 0.5271455 0.7478016 0.4411725 0.7646498 0.4410782 0.7481321 0.5384865 0.7641999 0.4412826 0.7811743 0.4411725 0.7646498 0.6486725 0.05699199 0.6343732 0.06870031 0.6343732 0.05699199 0.6343732 0.05699199 0.6205153 0.06870031 0.6205153 0.05699199 0.2560147 0.05699199 0.1610668 0.06870019 0.1610668 0.05699199 0.1329097 0.05699181 0.1467675 0.06870019 0.1329097 0.06870019 0.8667255 0.05699199 0.8528676 0.06870031 0.8528676 0.05699199 0.8385682 0.05699199 0.8528676 0.06870031 0.8385682 0.06870031 0.3509626 0.05699199 0.3652619 0.06870031 0.3509626 0.06870031 0.3652619 0.05699199 0.3791198 0.06870031 0.3652619 0.06870031 0.5271455 0.7478016 0.5386503 0.6720383 0.6164516 0.7473059 0.9413247 0.9764308 0.9790078 0.9140624 0.9413247 0.9140624 0.9413247 0.9881181 0.9790078 0.9764308 0.9413247 0.9764308 0.9876317 0.9850545 0.9790078 0.9764308 0.9802355 0.9881181 0.9413247 0.9764308 0.9042969 0.9140624 0.9042969 0.9764308 0.8209621 0.8430702 0.8295859 0.851694 0.8283583 0.8400066 0.8295859 0.851694 0.867269 0.9140624 0.867269 0.851694 0.9906952 0.9140624 0.9790078 0.851694 0.9790078 0.9140624 0.9876317 0.8430702 0.9790078 0.851694 0.9906952 0.8504664 0.867269 0.9881181 0.8295859 0.9764308 0.8283583 0.9881181 0.9413247 0.8400066 0.9042969 0.851694 0.9413247 0.851694 0.9042969 0.9881181 0.867269 0.9764308 0.867269 0.9881181 0.9042969 0.9764308 0.867269 0.9140624 0.867269 0.9764308 0.8295859 0.9140624 0.867269 0.9764308 0.867269 0.9140624 0.8178985 0.9140624 0.8295859 0.9764308 0.8295859 0.9140624 0.8209621 0.9850545 0.8295859 0.9764308 0.8178985 0.9776583 0.4392451 0.04357272 0.4998176 0.01133877 0.4998176 0.04357272 0.4998176 0.04357272 0.56039 0.01133877 0.56039 0.04357272 0.4392451 0.05699199 0.4998176 0.06870031 0.4392451 0.06870031 0.9874231 0.05699205 0.9268507 0.06870031 0.9268507 0.05699199 0.8667255 0.01133882 0.8528676 0.04357278 0.8528676 0.01133877 0.6343732 0.04357278 0.6205153 0.01133877 0.6343732 0.01133877 0.6486725 0.01133877 0.6343732 0.04357278 0.6343732 0.01133877 0.1467675 0.04357266 0.1329096 0.01133865 0.1467674 0.01133871 0.1610668 0.01133871 0.1467675 0.04357266 0.1467674 0.01133871 0.1610668 0.04357266 0.2560147 0.01133871 0.2560147 0.04357266 0.3509626 0.04357266 0.2560147 0.01133871 0.3509626 0.01133871 0.9906952 0.9140624 0.9790078 0.9764308 0.9906952 0.9776583 0.6486725 0.04357278 0.7436203 0.01133877 0.7436203 0.04357278 0.3791198 0.04357266 0.4392451 0.01133877 0.4392451 0.04357272 0.8667255 0.04357278 0.9268507 0.01133882 0.9268507 0.04357278 0.1329097 0.04357266 0.07278442 0.01133865 0.1329096 0.01133865 0.6205153 0.04357278 0.56039 0.01133877 0.6205153 0.01133877 0.1610668 0.05699199 0.1467675 0.06870019 0.1467675 0.05699199 0.3652619 0.04357266 0.3791198 0.01133871 0.3791198 0.04357266 0.8528676 0.04357278 0.8385682 0.01133877 0.8528676 0.01133877 0.9413247 0.9881181 0.9042969 0.9764308 0.9042969 0.9881181 0.9874231 0.04357278 0.9268507 0.05699199 0.9268507 0.04357278 0.4392451 0.04357272 0.4998176 0.05699199 0.4392451 0.05699199 0.56039 0.04357272 0.4998176 0.05699199 0.4998176 0.04357272 0.07278448 0.04357266 0.01221203 0.05699181 0.01221203 0.04357266 0.8385682 0.04357278 0.8528676 0.05699199 0.8385682 0.05699199 0.8667255 0.04357278 0.8528676 0.05699199 0.8528676 0.04357278 0.6343732 0.04357278 0.6205153 0.05699199 0.6205153 0.04357278 0.6486725 0.04357278 0.6343732 0.05699199 0.6343732 0.04357278 0.1329097 0.04357266 0.1467675 0.05699199 0.1329097 0.05699181 0.1610668 0.04357266 0.1467675 0.05699199 0.1467675 0.04357266 0.3652619 0.04357266 0.3791198 0.05699199 0.3652619 0.05699199 0.3509626 0.04357266 0.3652619 0.05699199 0.3509626 0.05699199 0.7436203 0.04357278 0.8385682 0.05699199 0.7436203 0.05699199 0.9268507 0.04357278 0.8667255 0.05699199 0.8667255 0.04357278 0.6205153 0.04357278 0.56039 0.05699199 0.56039 0.04357272 0.7436203 0.04357278 0.6486725 0.05699199 0.6486725 0.04357278 0.1329097 0.05699181 0.07278448 0.04357266 0.1329097 0.04357266 0.2560147 0.04357266 0.1610668 0.05699199 0.1610668 0.04357266 0.3509626 0.05699199 0.2560147 0.04357266 0.3509626 0.04357266 0.3791198 0.04357266 0.4392451 0.05699199 0.3791198 0.05699199 0.01221203 0.04357266 0.07278442 0.01133865 0.07278448 0.04357266 0.2629527 0.4313417 0.3522589 0.4308461 0.370322 0.4773216 0.3547524 0.7481761 0.2655384 0.748399 0.3430996 0.6718941 0.07278448 0.05699199 0.07278448 0.06870031 0.01221203 0.06870019 0.613866 0.4302487 0.5363047 0.5067535 0.506453 0.4774098 0.6777039 0.7523456 0.6764436 0.588362 0.7532985 0.5876721 0.9268507 0.05699199 0.9268507 0.06870031 0.8667255 0.06870031 0.3230841 0.8579362 0.4414846 0.8579154 0.4418851 0.9547274 0.4410782 0.7481321 0.4411395 0.7197182 0.5090824 0.701326 0.7436203 0.05699199 0.7436203 0.06870031 0.6486725 0.06870031 0.7436203 0.05699199 0.8385682 0.05699199 0.8385682 0.06870031 0.6434733 0.588842 0.644885 0.7213135 0.559004 0.6387009 0.3217958 0.6388702 0.237161 0.7222785 0.235931 0.5898057 0.5576086 0.5397776 0.6422433 0.4563691 0.6434733 0.588842 0.2017004 0.4263021 0.2029607 0.5902857 0.1261059 0.5909757 0.3509626 0.01133871 0.3652619 0.01133871 0.3652619 0.04357266 0.3011322 0.2257056 0.3197911 0.3216831 0.1998226 0.3245115 0.3204004 0.5399467 0.3080118 0.5893947 0.235931 0.5898057 0.3791198 0.05699199 0.4392451 0.05699199 0.4392451 0.06870031 0.5563204 0.3207116 0.4379198 0.3207323 0.4375193 0.2239203 0.3522589 0.4308461 0.4383262 0.4305156 0.4382649 0.4589295 0.3197911 0.3216831 0.3341339 0.3979653 0.2295663 0.3989055 0.4418851 0.9547274 0.4414846 0.8579154 0.5596133 0.8569645 0.1261059 0.5909757 0.2029607 0.5902857 0.2048228 0.7534195 0.02996098 0.591973 0.1261059 0.5909757 0.1302341 0.7833155 0.8385682 0.04357278 0.7436203 0.04357278 0.7436203 0.01133877 0.4375193 0.2239203 0.4379198 0.3207323 0.3197911 0.3216831 0.6205153 0.05699199 0.6205153 0.06870031 0.56039 0.06870031 0.7532331 0.7808086 0.7532985 0.5876721 0.8494433 0.5866749 0.4379198 0.3207323 0.4381217 0.3974733 0.3341339 0.3979653 0.07278448 0.05699199 0.1329097 0.05699181 0.1329097 0.06870019 0.5596133 0.8569645 0.5452705 0.7806823 0.6498379 0.7797421 0.7532985 0.5876721 0.6764436 0.588362 0.6745815 0.4252282 0.2317017 0.7809481 0.3369731 0.7812798 0.3230841 0.8579362 0.8494433 0.5866749 0.7532985 0.5876721 0.7491703 0.3953322 0.2023546 0.8560718 0.3230841 0.8579362 0.3052384 0.9544277 0.6770496 0.3225758 0.5563204 0.3207116 0.574166 0.2242199 0.6477025 0.3976996 0.5424314 0.3973679 0.5563204 0.3207116 0.8670551 0.3226681 0.807585 0.3067331 0.813139 0.2971136 0.5782723 0.952942 0.5596133 0.8569645 0.6795817 0.8541362 0.4410782 0.7481321 0.3547524 0.7481761 0.3729514 0.7012379 0.5424314 0.3973679 0.4381217 0.3974733 0.4379198 0.3207323 0.3369731 0.7812798 0.4412826 0.7811743 0.4414846 0.8579154 0.4414846 0.8579154 0.4412826 0.7811743 0.5452705 0.7806823 0.2560147 0.05699199 0.3509626 0.05699199 0.3509626 0.06870031 0.9802355 0.8400066 0.9413247 0.8400066 0.9413247 0.851694 0.9042969 0.9140624 0.9042969 0.851694 0.867269 0.851694 0.8178985 0.9140624 0.8295859 0.9140624 0.8295859 0.851694 0.867269 0.8400066 0.867269 0.851694 0.9042969 0.851694 0.9413247 0.9140624 0.9790078 0.9140624 0.9790078 0.851694 0.9042969 0.9140624 0.9413247 0.9140624 0.9413247 0.851694 0.56039 0.05699199 0.56039 0.06870031 0.4998176 0.06870031 0.524652 0.4304715 0.506453 0.4774098 0.4382649 0.4589295 0.1261711 0.3978391 0.1261059 0.5909757 0.02996098 0.591973 0.9268507 0.04357278 0.9268507 0.01133882 0.9874231 0.01133882 0.9209713 0.1103423 0.9265253 0.1007227 0.9700604 0.1442579 0.8670551 0.09589552 0.9209713 0.1103423 0.8981837 0.1498117 0.9700604 0.1442579 0.9859954 0.2037279 0.9748876 0.2037279 0.9209713 0.1103423 0.9604407 0.1498117 0.9209713 0.1725994 0.9859954 0.2037279 0.9700604 0.263198 0.9604407 0.2576441 0.9604407 0.1498117 0.9748876 0.2037279 0.9293121 0.2037279 0.9700604 0.263198 0.9265253 0.3067331 0.9209714 0.2971135 0.9748876 0.2037279 0.9604407 0.2576441 0.9209713 0.2348564 0.8283583 0.8400066 0.8295859 0.851694 0.867269 0.851694 0.9604407 0.2576441 0.9209714 0.2971135 0.8981837 0.2576441 0.807585 0.3067331 0.7640499 0.2631981 0.7736696 0.2576442 0.8981837 0.2576441 0.9209714 0.2971135 0.8670551 0.3115604 0.9265253 0.3067331 0.8670551 0.3226681 0.8670551 0.3115604 0.8670551 0.3115604 0.813139 0.2971136 0.8359266 0.2576442 0.7640499 0.2631981 0.7481149 0.2037279 0.7592227 0.203728 0.813139 0.2971136 0.7736696 0.2576442 0.8131389 0.2348565 0.7481149 0.2037279 0.7640499 0.1442579 0.7736695 0.1498118 0.7736696 0.2576442 0.7592227 0.203728 0.8047981 0.2037279 0.7640499 0.1442579 0.807585 0.1007227 0.8131389 0.1103424 0.8047981 0.2037279 0.7592227 0.203728 0.7736695 0.1498118 0.807585 0.1007227 0.8670551 0.08478772 0.8670551 0.09589552 0.8131389 0.1725994 0.7736695 0.1498118 0.8131389 0.1103424 0.8670551 0.08478772 0.9265253 0.1007227 0.9209713 0.1103423 0.8359265 0.1498118 0.8131389 0.1103424 0.8670551 0.09589552 0.6369476 0.7400837 0.6528437 0.7580162 0.6331028 0.7636646 0.66137 0.7367326 0.6554248 0.7559081 0.6369476 0.7400837 0.6777039 0.7523456 0.6718147 0.7663537 0.6554248 0.7559081 0.6498379 0.7797421 0.6331028 0.7636646 0.6528437 0.7580162 0.6343348 0.4376383 0.652493 0.4219363 0.6585369 0.4408828 0.630704 0.4138723 0.6506062 0.4196957 0.6343348 0.4376383 0.6477025 0.3976996 0.6616217 0.4037386 0.6506062 0.4196957 0.6745815 0.4252282 0.6585369 0.4408828 0.652493 0.4219363 0.2450696 0.7410094 0.2269113 0.7567113 0.2208675 0.7377649 0.2487002 0.7647755 0.2287982 0.7589519 0.2450696 0.7410094 0.2317017 0.7809481 0.2177827 0.7749091 0.2287982 0.7589519 0.2048228 0.7534195 0.2208675 0.7377649 0.2269113 0.7567113 0.2017004 0.4263021 0.2075896 0.4122939 0.2239795 0.4227395 0.2295663 0.3989055 0.2463014 0.414983 0.2265605 0.4206314 0.2424567 0.438564 0.2265605 0.4206314 0.2463014 0.414983 0.2180343 0.4419152 0.2239795 0.4227395 0.2424567 0.438564 0.3299767 0.6555302 0.3396928 0.6486032 0.348215 0.6542806 0.3382839 0.6390258 0.3396928 0.6486032 0.3299767 0.6555302 0.348215 0.6542806 0.3396928 0.6486032 0.3382839 0.6390258 0.3280722 0.5231164 0.3378396 0.5297622 0.3366743 0.5392616 0.3461185 0.5239446 0.3378396 0.5297622 0.3280722 0.5231164 0.3366743 0.5392616 0.3378396 0.5297622 0.3461185 0.5239446 0.5494276 0.5231176 0.5397115 0.5300446 0.5311893 0.5243672 0.5411204 0.5396219 0.5397115 0.5300446 0.5494276 0.5231176 0.5311893 0.5243672 0.5397115 0.5300446 0.5411204 0.5396219 0.5513321 0.6555314 0.5415648 0.6488854 0.54273 0.639386 0.5332858 0.654703 0.5415648 0.6488854 0.5513321 0.6555314 0.54273 0.639386 0.5415648 0.6488854 0.5332858 0.654703 0.8493485 0.8152753 0.8468266 0.8305351 0.7505865 0.7960453 0.6946614 0.8511753 0.7312973 0.9461829 0.7161626 0.9490576 0.2295663 0.3989055 0.2157812 0.4048963 0.1847429 0.3274723 0.2075896 0.4122939 0.2017004 0.4263021 0.1261711 0.3978391 0.7129463 0.2266779 0.72821 0.2294229 0.6922657 0.325423 0.7462075 0.3802266 0.8412862 0.3437376 0.8441371 0.3588788 0.1664578 0.9519697 0.1511943 0.9492247 0.1871386 0.8532247 0.1331968 0.7984211 0.03811818 0.8349102 0.03526723 0.8197689 0.2629527 0.4313417 0.2463014 0.414983 0.340918 0.4144478 0.2463014 0.414983 0.2295663 0.3989055 0.3341339 0.3979653 0.6422433 0.4563691 0.6585369 0.4408828 0.6598809 0.5886016 0.6585369 0.4408828 0.6745815 0.4252282 0.6764436 0.588362 0.237161 0.7222785 0.2208675 0.7377649 0.2195233 0.5900461 0.2208675 0.7377649 0.2048228 0.7534195 0.2029607 0.5902857 0.6164516 0.7473059 0.6331028 0.7636646 0.5384865 0.7641999 0.6331028 0.7636646 0.6498379 0.7797421 0.5452705 0.7806823 0.7532331 0.7808086 0.7505865 0.7960453 0.6718147 0.7663537 0.663623 0.7737513 0.6946614 0.8511753 0.6795817 0.8541362 0.1632418 0.2295899 0.1998226 0.3245115 0.1847429 0.3274723 0.1288177 0.3826025 0.1261711 0.3978391 0.03005576 0.3633724 0.6477025 0.3976996 0.6770496 0.3225758 0.6922657 0.325423 0.6685222 0.4114201 0.7462075 0.3802266 0.7491703 0.3953322 0.2023546 0.8560718 0.1871386 0.8532247 0.2177827 0.7749091 0.210882 0.7672276 0.1331968 0.7984211 0.1302341 0.7833155 0.524652 0.4304715 0.4383262 0.4305156 0.4382319 0.4139978 0.5358126 0.4139367 0.4382319 0.4139978 0.4381217 0.3974733 0.644885 0.7213135 0.6434733 0.588842 0.6598809 0.5886016 0.66137 0.7367326 0.6598809 0.5886016 0.6764436 0.588362 0.2345193 0.4573342 0.235931 0.5898057 0.2195233 0.5900461 0.2180343 0.4419152 0.2195233 0.5900461 0.2029607 0.5902857 0.3547524 0.7481761 0.4410782 0.7481321 0.4411725 0.7646498 0.3435917 0.764711 0.4411725 0.7646498 0.4412826 0.7811743 0.3910306 0.6746122 0.4412556 0.6874733 0.4411908 0.7039468 0.3827012 0.6877803 0.4411908 0.7039468 0.4411395 0.7197182 0.3910306 0.6746122 0.3827012 0.6877803 0.348215 0.6542806 0.3827012 0.6877803 0.3729514 0.7012379 0.3430996 0.6718941 0.3397368 0.5889929 0.3542223 0.6378649 0.3382839 0.6390258 0.3243375 0.5892092 0.3382839 0.6390258 0.3217958 0.6388702 0.3397368 0.5889929 0.3243375 0.5892092 0.3366743 0.5392616 0.3243375 0.5892092 0.3080118 0.5893947 0.3204004 0.5399467 0.3883089 0.5038135 0.352434 0.5399056 0.3461185 0.5239446 0.3800337 0.4907072 0.3461185 0.5239446 0.3407539 0.5066094 0.3883089 0.5038135 0.3800337 0.4907072 0.4382135 0.4747008 0.3800337 0.4907072 0.370322 0.4773216 0.4382649 0.4589295 0.4883737 0.5040355 0.4381487 0.4911743 0.4382135 0.4747008 0.4967031 0.4908674 0.4382135 0.4747008 0.4382649 0.4589295 0.4883737 0.5040355 0.4967031 0.4908674 0.5311893 0.5243672 0.4967031 0.4908674 0.506453 0.4774098 0.5363047 0.5067535 0.5396676 0.5896548 0.5251821 0.5407828 0.5411204 0.5396219 0.555067 0.5894384 0.5411204 0.5396219 0.5576086 0.5397776 0.5396676 0.5896548 0.555067 0.5894384 0.54273 0.639386 0.555067 0.5894384 0.5713925 0.589253 0.559004 0.6387009 0.4910955 0.6748341 0.5269704 0.6387422 0.5332858 0.654703 0.4993706 0.6879404 0.5332858 0.654703 0.5386503 0.6720383 0.4910955 0.6748341 0.4993706 0.6879404 0.4411908 0.7039468 0.4993706 0.6879404 0.5090824 0.701326 0.4411395 0.7197182 0.237161 0.7222785 0.3217958 0.6388702 0.3299767 0.6555302 0.3299767 0.6555302 0.3430996 0.6718941 0.2655384 0.748399 0.2655384 0.748399 0.3547524 0.7481761 0.3435917 0.764711 0.2487002 0.7647755 0.3435917 0.764711 0.3369731 0.7812798 0.6422433 0.4563691 0.5576086 0.5397776 0.5494276 0.5231176 0.5494276 0.5231176 0.5363047 0.5067535 0.613866 0.4302487 0.3522589 0.4308461 0.340918 0.4144478 0.4382319 0.4139978 0.340918 0.4144478 0.3341339 0.3979653 0.4381217 0.3974733 0.613866 0.4302487 0.524652 0.4304715 0.5358126 0.4139367 0.630704 0.4138723 0.5358126 0.4139367 0.5424314 0.3973679 0.2345193 0.4573342 0.2424567 0.438564 0.3280722 0.5231164 0.3280722 0.5231164 0.2424567 0.438564 0.2629527 0.4313417 0.6164516 0.7473059 0.5386503 0.6720383 0.5513321 0.6555314 0.5513321 0.6555314 0.559004 0.6387009 0.644885 0.7213135 0.5271455 0.7478016 0.5384865 0.7641999 0.4411725 0.7646498 0.5384865 0.7641999 0.5452705 0.7806823 0.4412826 0.7811743 0.6486725 0.05699199 0.6486725 0.06870031 0.6343732 0.06870031 0.6343732 0.05699199 0.6343732 0.06870031 0.6205153 0.06870031 0.2560147 0.05699199 0.2560147 0.06870031 0.1610668 0.06870019 0.1329097 0.05699181 0.1467675 0.05699199 0.1467675 0.06870019 0.8667255 0.05699199 0.8667255 0.06870031 0.8528676 0.06870031 0.8385682 0.05699199 0.8528676 0.05699199 0.8528676 0.06870031 0.3509626 0.05699199 0.3652619 0.05699199 0.3652619 0.06870031 0.3652619 0.05699199 0.3791198 0.05699199 0.3791198 0.06870031 0.5271455 0.7478016 0.5090824 0.701326 0.5386503 0.6720383 0.9413247 0.9764308 0.9790078 0.9764308 0.9790078 0.9140624 0.9413247 0.9881181 0.9802355 0.9881181 0.9790078 0.9764308 0.9876317 0.9850545 0.9906952 0.9776583 0.9790078 0.9764308 0.9413247 0.9764308 0.9413247 0.9140624 0.9042969 0.9140624 0.8209621 0.8430702 0.8178985 0.8504664 0.8295859 0.851694 0.8295859 0.851694 0.8295859 0.9140624 0.867269 0.9140624 0.9906952 0.9140624 0.9906952 0.8504664 0.9790078 0.851694 0.9876317 0.8430702 0.9802355 0.8400066 0.9790078 0.851694 0.867269 0.9881181 0.867269 0.9764308 0.8295859 0.9764308 0.9413247 0.8400066 0.9042969 0.8400066 0.9042969 0.851694 0.9042969 0.9881181 0.9042969 0.9764308 0.867269 0.9764308 0.9042969 0.9764308 0.9042969 0.9140624 0.867269 0.9140624 0.8295859 0.9140624 0.8295859 0.9764308 0.867269 0.9764308 0.8178985 0.9140624 0.8178985 0.9776583 0.8295859 0.9764308 0.8209621 0.9850545 0.8283583 0.9881181 0.8295859 0.9764308 0.4392451 0.04357272 0.4392451 0.01133877 0.4998176 0.01133877 0.4998176 0.04357272 0.4998176 0.01133877 0.56039 0.01133877 0.4392451 0.05699199 0.4998176 0.05699199 0.4998176 0.06870031 0.9874231 0.05699205 0.9874231 0.06870031 0.9268507 0.06870031 0.8667255 0.01133882 0.8667255 0.04357278 0.8528676 0.04357278 0.6343732 0.04357278 0.6205153 0.04357278 0.6205153 0.01133877 0.6486725 0.01133877 0.6486725 0.04357278 0.6343732 0.04357278 0.1467675 0.04357266 0.1329097 0.04357266 0.1329096 0.01133865 0.1610668 0.01133871 0.1610668 0.04357266 0.1467675 0.04357266 0.1610668 0.04357266 0.1610668 0.01133871 0.2560147 0.01133871 0.3509626 0.04357266 0.2560147 0.04357266 0.2560147 0.01133871 0.9906952 0.9140624 0.9790078 0.9140624 0.9790078 0.9764308 0.6486725 0.04357278 0.6486725 0.01133877 0.7436203 0.01133877 0.3791198 0.04357266 0.3791198 0.01133871 0.4392451 0.01133877 0.8667255 0.04357278 0.8667255 0.01133882 0.9268507 0.01133882 0.1329097 0.04357266 0.07278448 0.04357266 0.07278442 0.01133865 0.6205153 0.04357278 0.56039 0.04357272 0.56039 0.01133877 0.1610668 0.05699199 0.1610668 0.06870019 0.1467675 0.06870019 0.3652619 0.04357266 0.3652619 0.01133871 0.3791198 0.01133871 0.8528676 0.04357278 0.8385682 0.04357278 0.8385682 0.01133877 0.9413247 0.9881181 0.9413247 0.9764308 0.9042969 0.9764308 0.9874231 0.04357278 0.9874231 0.05699205 0.9268507 0.05699199 0.4392451 0.04357272 0.4998176 0.04357272 0.4998176 0.05699199 0.56039 0.04357272 0.56039 0.05699199 0.4998176 0.05699199 0.07278448 0.04357266 0.07278448 0.05699199 0.01221203 0.05699181 0.8385682 0.04357278 0.8528676 0.04357278 0.8528676 0.05699199 0.8667255 0.04357278 0.8667255 0.05699199 0.8528676 0.05699199 0.6343732 0.04357278 0.6343732 0.05699199 0.6205153 0.05699199 0.6486725 0.04357278 0.6486725 0.05699199 0.6343732 0.05699199 0.1329097 0.04357266 0.1467675 0.04357266 0.1467675 0.05699199 0.1610668 0.04357266 0.1610668 0.05699199 0.1467675 0.05699199 0.3652619 0.04357266 0.3791198 0.04357266 0.3791198 0.05699199 0.3509626 0.04357266 0.3652619 0.04357266 0.3652619 0.05699199 0.7436203 0.04357278 0.8385682 0.04357278 0.8385682 0.05699199 0.9268507 0.04357278 0.9268507 0.05699199 0.8667255 0.05699199 0.6205153 0.04357278 0.6205153 0.05699199 0.56039 0.05699199 0.7436203 0.04357278 0.7436203 0.05699199 0.6486725 0.05699199 0.1329097 0.05699181 0.07278448 0.05699199 0.07278448 0.04357266 0.2560147 0.04357266 0.2560147 0.05699199 0.1610668 0.05699199 0.3509626 0.05699199 0.2560147 0.05699199 0.2560147 0.04357266 0.3791198 0.04357266 0.4392451 0.04357272 0.4392451 0.05699199 0.01221203 0.04357266 0.01221209 0.01133865 0.07278442 0.01133865</float_array>
          <technique_common>
            <accessor source="#Cube_001-mesh-map-0-array" count="1500" stride="2">
              <param name="S" type="float"/>
              <param name="T" type="float"/>
            </accessor>
          </technique_common>
        </source>
        <vertices id="Cube_001-mesh-vertices">
          <input semantic="POSITION" source="#Cube_001-mesh-positions"/>
        </vertices>
        <triangles material="taxiupfits_general_small_01a-material" count="500">
          <input semantic="VERTEX" source="#Cube_001-mesh-vertices" offset="0"/>
          <input semantic="NORMAL" source="#Cube_001-mesh-normals" offset="1"/>
          <input semantic="TEXCOORD" source="#Cube_001-mesh-map-0" offset="2" set="0"/>
          <p>67 0 0 121 1 1 115 2 2 160 3 3 104 4 4 101 5 5 219 6 6 186 7 7 213 8 8 48 9 9 127 10 10 157 11 11 40 12 12 2 13 13 75 14 14 222 15 15 198 16 16 229 17 17 7 18 18 186 19 19 190 20 20 95 21 21 147 22 22 154 23 23 216 24 24 201 25 25 235 26 26 216 24 27 196 27 28 209 7 29 90 28 30 140 29 31 137 30 32 105 31 33 93 32 34 111 33 35 131 34 36 90 28 37 137 30 38 65 35 39 4 36 40 77 37 41 208 38 42 249 39 43 245 40 44 187 41 45 78 42 46 206 43 47 114 44 48 93 32 49 68 45 50 247 46 51 187 47 52 206 48 53 10 49 54 188 50 55 189 51 56 151 52 57 124 53 58 121 1 59 9 54 60 66 55 61 78 42 62 186 19 63 6 56 64 185 57 65 4 36 66 59 58 67 83 59 68 0 60 69 83 59 70 204 61 71 227 62 72 210 63 73 171 64 74 188 50 75 9 54 76 187 41 77 232 65 78 189 66 79 221 67 80 75 14 81 209 68 82 196 69 83 5 70 84 150 71 85 9 54 86 219 6 87 202 72 88 190 7 89 6 56 90 41 73 91 74 74 92 2 13 93 50 75 94 80 76 95 58 77 96 7 18 97 84 78 98 209 68 99 80 76 100 201 79 101 84 78 102 190 20 103 202 80 104 81 81 105 189 51 106 199 82 107 49 83 108 10 49 109 81 81 110 98 84 111 28 85 112 26 86 113 185 57 114 74 74 115 198 87 116 95 21 117 101 5 118 99 88 119 156 89 120 5 70 121 10 49 122 159 90 123 1 18 124 7 18 125 1 18 126 153 91 127 6 56 128 251 92 129 207 93 130 0 7 131 168 94 132 176 95 133 183 96 134 12 97 135 173 98 136 13 97 137 211 99 138 182 100 139 208 101 140 11 102 141 180 97 142 193 97 143 14 97 144 183 96 145 176 95 146 12 97 147 176 95 148 180 97 149 221 67 150 188 103 151 215 104 152 157 11 153 124 53 154 86 105 155 77 37 156 0 60 157 207 106 158 223 107 159 192 108 160 212 109 161 15 110 162 132 111 163 17 112 164 3 113 165 16 114 166 8 115 167 19 116 168 8 115 169 16 114 170 132 111 171 20 117 172 17 112 173 15 110 174 18 118 175 16 114 176 19 116 177 16 114 178 18 118 179 138 119 180 22 120 181 20 117 182 17 112 183 21 121 184 18 118 185 19 116 186 18 118 187 21 121 188 142 122 189 24 123 190 22 120 191 20 117 192 23 124 193 21 121 194 19 116 195 21 121 196 23 124 197 162 125 198 173 98 199 11 102 200 22 120 201 25 126 202 23 124 203 19 116 204 23 124 205 25 126 206 102 127 207 30 128 208 28 85 209 25 126 210 26 86 211 27 129 212 19 116 213 25 126 214 27 129 215 148 130 216 26 86 217 24 123 218 26 86 219 29 131 220 27 129 221 19 116 222 27 129 223 29 131 224 106 132 225 32 133 226 30 128 227 28 85 228 31 134 229 29 131 230 19 116 231 29 131 232 31 134 233 112 135 234 34 136 235 32 133 236 30 128 237 33 137 238 31 134 239 19 116 240 31 134 241 33 137 242 116 138 243 36 139 244 34 136 245 33 137 246 34 136 247 35 140 248 19 116 249 33 137 250 35 140 251 122 141 252 3 113 253 36 139 254 35 140 255 36 139 256 37 142 257 19 116 258 35 140 259 37 142 260 125 143 261 15 110 262 3 113 263 37 142 264 3 113 265 8 115 266 19 116 267 37 142 268 8 115 269 42 144 270 46 145 271 38 146 272 44 147 273 42 144 274 39 148 275 40 12 276 43 149 277 44 147 278 41 73 279 43 149 280 45 150 281 51 151 282 55 152 283 47 153 284 53 154 285 51 151 286 48 9 287 49 83 288 52 155 289 53 154 290 50 75 291 52 155 292 54 156 293 60 157 294 64 158 295 56 159 296 62 160 297 60 157 298 57 161 299 58 77 300 61 162 301 62 160 302 59 58 303 61 162 304 63 163 305 65 35 306 70 164 307 73 165 308 66 55 309 70 164 310 69 166 311 72 167 312 71 168 313 67 0 314 73 165 315 72 167 316 68 45 317 107 169 318 110 170 319 104 4 320 109 171 321 107 169 322 105 31 323 110 170 324 109 171 325 106 132 326 117 172 327 120 173 328 114 44 329 119 174 330 117 172 331 115 2 332 120 173 333 119 174 334 116 138 335 133 175 336 136 176 337 130 177 338 135 178 339 133 175 340 131 34 341 136 176 342 135 178 343 132 111 344 143 179 345 146 180 346 140 29 347 145 181 348 143 179 349 141 182 350 146 180 351 145 181 352 142 122 353 196 69 354 76 183 355 75 14 356 76 183 357 198 87 358 74 74 359 66 55 360 79 184 361 78 42 362 69 166 363 77 37 364 79 184 365 199 82 366 82 185 367 81 81 368 82 185 369 201 79 370 80 76 371 202 80 372 85 186 373 84 78 374 85 186 375 204 61 376 83 59 377 67 0 378 152 187 379 151 52 380 71 168 381 150 71 382 152 187 383 47 153 384 91 188 385 90 28 386 55 152 387 89 189 388 91 188 389 56 159 390 94 190 391 93 32 392 64 158 393 92 191 394 94 190 395 38 146 396 155 192 397 154 23 398 46 145 399 153 91 400 155 192 401 75 14 402 45 150 403 40 12 404 45 150 405 74 74 406 41 73 407 206 43 408 79 184 409 205 193 410 79 184 411 207 106 412 205 193 413 49 83 414 82 185 415 54 156 416 54 156 417 80 76 418 50 75 419 84 78 420 63 163 421 58 77 422 63 163 423 83 59 424 59 58 425 157 11 426 88 194 427 158 195 428 158 195 429 87 196 430 156 89 431 39 148 432 91 188 433 44 147 434 44 147 435 89 189 436 40 12 437 68 45 438 94 190 439 73 165 440 73 165 441 92 191 442 65 35 443 160 3 444 97 197 445 161 198 446 161 198 447 96 199 448 159 90 449 102 127 450 100 200 451 103 201 452 103 201 453 99 88 454 101 5 455 102 127 456 110 170 457 106 132 458 103 201 459 104 4 460 110 170 461 112 135 462 109 171 463 113 202 464 113 202 465 105 31 466 111 33 467 112 135 468 120 173 469 116 138 470 113 202 471 114 44 472 120 173 473 122 141 474 119 174 475 123 203 476 123 203 477 115 2 478 121 1 479 122 141 480 126 204 481 125 143 482 123 203 483 124 53 484 126 204 485 128 205 486 126 204 487 129 206 488 129 206 489 124 53 490 127 10 491 128 205 492 136 176 493 132 111 494 129 206 495 130 177 496 136 176 497 138 119 498 135 178 499 139 207 500 139 207 501 131 34 502 137 30 503 138 119 504 146 180 505 142 122 506 139 207 507 140 29 508 146 180 509 148 130 510 145 181 511 149 208 512 149 208 513 141 182 514 147 22 515 148 130 516 100 200 517 98 84 518 149 208 519 99 88 520 100 200 521 56 159 522 107 169 523 60 157 524 107 169 525 57 161 526 60 157 527 57 161 528 161 198 529 62 160 530 62 160 531 159 90 532 58 77 533 47 153 534 133 175 535 51 151 536 133 175 537 48 9 538 51 151 539 151 52 540 88 194 541 86 105 542 152 187 543 87 196 544 88 194 545 48 9 546 158 195 547 53 154 548 53 154 549 156 89 550 49 83 551 68 45 552 117 172 553 114 44 554 117 172 555 67 0 556 115 2 557 38 146 558 143 179 559 42 144 560 143 179 561 39 148 562 42 144 563 154 23 564 97 197 565 95 21 566 155 192 567 96 199 568 97 197 569 235 26 570 200 209 571 237 210 572 237 210 573 199 211 574 232 65 575 251 92 576 204 212 577 241 213 578 238 214 579 203 215 580 202 72 581 229 17 582 197 216 583 231 217 584 226 218 585 197 216 586 196 27 587 244 219 588 205 220 589 207 93 590 248 221 591 206 48 592 205 220 593 154 23 594 141 182 595 38 146 596 177 97 597 174 97 598 14 97 599 191 222 600 181 223 601 177 97 602 172 224 603 181 223 604 170 225 605 177 97 606 12 97 607 175 97 608 163 226 609 182 100 610 162 125 611 182 100 612 13 97 613 173 98 614 210 227 615 183 96 616 174 97 617 169 228 618 183 96 619 167 229 620 195 230 621 184 231 622 165 232 623 194 233 624 180 97 625 176 95 626 192 97 627 179 97 628 195 230 629 175 97 630 13 97 631 179 97 632 178 97 633 179 97 634 13 97 635 211 99 636 184 231 637 178 97 638 166 234 639 184 231 640 164 235 641 225 236 642 193 237 643 214 238 644 214 238 645 194 239 646 220 240 647 224 241 648 188 103 649 187 47 650 213 8 651 185 7 652 222 15 653 170 242 654 230 243 655 172 244 656 236 245 657 168 246 658 169 247 659 167 248 660 236 245 661 169 247 662 242 249 663 165 250 664 166 251 665 164 252 666 242 249 667 166 251 668 240 253 669 211 254 670 250 255 671 245 40 672 211 254 673 208 38 674 210 227 675 181 223 676 171 256 677 234 257 678 210 63 679 217 258 680 246 259 681 11 260 682 225 236 683 228 261 684 191 108 685 223 107 686 239 262 687 195 108 688 165 250 689 233 263 690 194 239 691 168 246 692 241 213 693 203 215 694 243 264 695 249 39 696 162 265 697 246 259 698 230 243 699 171 64 700 172 244 701 191 222 702 175 97 703 192 97 704 212 109 705 222 15 706 223 107 707 225 236 708 215 104 709 224 241 710 220 240 711 215 104 712 214 238 713 218 266 714 213 8 715 212 109 716 227 62 717 231 217 718 226 218 719 228 261 720 231 217 721 230 243 722 236 245 723 232 65 724 233 263 725 234 257 726 237 210 727 236 245 728 239 262 729 243 264 730 238 214 731 240 253 732 243 264 733 242 249 734 249 39 735 247 46 736 248 221 737 245 40 738 248 221 739 244 219 740 217 258 741 226 218 742 216 24 743 223 107 744 229 17 745 228 261 746 233 263 747 221 67 748 220 240 749 217 258 750 235 26 751 234 257 752 238 214 753 218 266 754 239 262 755 250 255 756 241 213 757 240 253 758 244 219 759 250 255 760 245 40 761 246 259 762 224 241 763 247 46 764 212 109 765 195 108 766 218 266 767 67 0 768 151 52 769 121 1 770 160 3 771 57 161 772 104 4 773 219 6 774 190 7 775 186 7 776 48 9 777 130 177 778 127 10 779 40 12 780 89 189 781 2 13 782 222 15 783 185 7 784 198 16 785 7 18 786 1 18 787 186 19 788 95 21 789 99 88 790 147 22 791 216 24 792 209 7 793 201 25 794 216 24 795 226 218 796 196 27 797 90 28 798 39 148 799 140 29 800 105 31 801 56 159 802 93 32 803 131 34 804 47 153 805 90 28 806 65 35 807 92 191 808 4 36 809 208 38 810 163 267 811 249 39 812 187 41 813 9 54 814 78 42 815 114 44 816 111 33 817 93 32 818 247 46 819 224 241 820 187 47 821 10 49 822 5 70 823 188 50 824 151 52 825 86 105 826 124 53 827 9 54 828 150 71 829 66 55 830 186 19 831 1 18 832 6 56 833 4 36 834 92 191 835 59 58 836 0 60 837 4 36 838 83 59 839 227 62 840 217 258 841 210 63 842 188 50 843 5 70 844 9 54 845 232 65 846 199 211 847 189 66 848 75 14 849 2 13 850 209 68 851 5 70 852 87 196 853 150 71 854 219 6 855 238 214 856 202 72 857 6 56 858 153 91 859 41 73 860 2 13 861 89 189 862 50 75 863 58 77 864 159 90 865 7 18 866 209 68 867 2 13 868 80 76 869 84 78 870 7 18 871 190 20 872 81 81 873 10 49 874 189 51 875 49 83 876 156 89 877 10 49 878 98 84 879 102 127 880 28 85 881 185 57 882 6 56 883 74 74 884 95 21 885 160 3 886 101 5 887 156 89 888 87 196 889 5 70 890 159 90 891 96 199 892 1 18 893 1 18 894 96 199 895 153 91 896 251 92 897 244 219 898 207 93 899 168 94 900 194 233 901 176 95 902 12 97 903 180 97 904 173 98 905 211 99 906 178 97 907 182 100 908 11 102 909 173 98 910 180 97 911 14 97 912 174 97 913 183 96 914 12 97 915 14 97 916 176 95 917 221 67 918 189 66 919 188 103 920 157 11 921 127 10 922 124 53 923 77 37 924 4 36 925 0 60 926 223 107 927 191 108 928 192 108 929 15 110 930 128 205 931 132 111 932 3 113 933 15 110 934 16 114 935 132 111 936 138 119 937 20 117 938 15 110 939 17 112 940 18 118 941 138 119 942 142 122 943 22 120 944 17 112 945 20 117 946 21 121 947 142 122 948 148 130 949 24 123 950 20 117 951 22 120 952 23 124 953 162 125 954 182 100 955 173 98 956 22 120 957 24 123 958 25 126 959 102 127 960 106 132 961 30 128 962 25 126 963 24 123 964 26 86 965 148 130 966 98 84 967 26 86 968 26 86 969 28 85 970 29 131 971 106 132 972 112 135 973 32 133 974 28 85 975 30 128 976 31 134 977 112 135 978 116 138 979 34 136 980 30 128 981 32 133 982 33 137 983 116 138 984 122 141 985 36 139 986 33 137 987 32 133 988 34 136 989 122 141 990 125 143 991 3 113 992 35 140 993 34 136 994 36 139 995 125 143 996 128 205 997 15 110 998 37 142 999 36 139 1000 3 113 1001 42 144 1002 43 149 1003 46 145 1004 44 147 1005 43 149 1006 42 144 1007 40 12 1008 45 150 1009 43 149 1010 41 73 1011 46 145 1012 43 149 1013 51 151 1014 52 155 1015 55 152 1016 53 154 1017 52 155 1018 51 151 1019 49 83 1020 54 156 1021 52 155 1022 50 75 1023 55 152 1024 52 155 1025 60 157 1026 61 162 1027 64 158 1028 62 160 1029 61 162 1030 60 157 1031 58 77 1032 63 163 1033 61 162 1034 59 58 1035 64 158 1036 61 162 1037 65 35 1038 69 166 1039 70 164 1040 66 55 1041 71 168 1042 70 164 1043 72 167 1044 70 164 1045 71 168 1046 73 165 1047 70 164 1048 72 167 1049 107 169 1050 108 268 1051 110 170 1052 109 171 1053 108 268 1054 107 169 1055 110 170 1056 108 268 1057 109 171 1058 117 172 1059 118 269 1060 120 173 1061 119 174 1062 118 269 1063 117 172 1064 120 173 1065 118 269 1066 119 174 1067 133 175 1068 134 270 1069 136 176 1070 135 178 1071 134 270 1072 133 175 1073 136 176 1074 134 270 1075 135 178 1076 143 179 1077 144 271 1078 146 180 1079 145 181 1080 144 271 1081 143 179 1082 146 180 1083 144 271 1084 145 181 1085 196 69 1086 197 272 1087 76 183 1088 76 183 1089 197 272 1090 198 87 1091 66 55 1092 69 166 1093 79 184 1094 69 166 1095 65 35 1096 77 37 1097 199 82 1098 200 273 1099 82 185 1100 82 185 1101 200 273 1102 201 79 1103 202 80 1104 203 274 1105 85 186 1106 85 186 1107 203 274 1108 204 61 1109 67 0 1110 71 168 1111 152 187 1112 71 168 1113 66 55 1114 150 71 1115 47 153 1116 55 152 1117 91 188 1118 55 152 1119 50 75 1120 89 189 1121 56 159 1122 64 158 1123 94 190 1124 64 158 1125 59 58 1126 92 191 1127 38 146 1128 46 145 1129 155 192 1130 46 145 1131 41 73 1132 153 91 1133 75 14 1134 76 183 1135 45 150 1136 45 150 1137 76 183 1138 74 74 1139 206 43 1140 78 42 1141 79 184 1142 79 184 1143 77 37 1144 207 106 1145 49 83 1146 81 81 1147 82 185 1148 54 156 1149 82 185 1150 80 76 1151 84 78 1152 85 186 1153 63 163 1154 63 163 1155 85 186 1156 83 59 1157 157 11 1158 86 105 1159 88 194 1160 158 195 1161 88 194 1162 87 196 1163 39 148 1164 90 28 1165 91 188 1166 44 147 1167 91 188 1168 89 189 1169 68 45 1170 93 32 1171 94 190 1172 73 165 1173 94 190 1174 92 191 1175 160 3 1176 95 21 1177 97 197 1178 161 198 1179 97 197 1180 96 199 1181 102 127 1182 98 84 1183 100 200 1184 103 201 1185 100 200 1186 99 88 1187 102 127 1188 103 201 1189 110 170 1190 103 201 1191 101 5 1192 104 4 1193 112 135 1194 106 132 1195 109 171 1196 113 202 1197 109 171 1198 105 31 1199 112 135 1200 113 202 1201 120 173 1202 113 202 1203 111 33 1204 114 44 1205 122 141 1206 116 138 1207 119 174 1208 123 203 1209 119 174 1210 115 2 1211 122 141 1212 123 203 1213 126 204 1214 123 203 1215 121 1 1216 124 53 1217 128 205 1218 125 143 1219 126 204 1220 129 206 1221 126 204 1222 124 53 1223 128 205 1224 129 206 1225 136 176 1226 129 206 1227 127 10 1228 130 177 1229 138 119 1230 132 111 1231 135 178 1232 139 207 1233 135 178 1234 131 34 1235 138 119 1236 139 207 1237 146 180 1238 139 207 1239 137 30 1240 140 29 1241 148 130 1242 142 122 1243 145 181 1244 149 208 1245 145 181 1246 141 182 1247 148 130 1248 149 208 1249 100 200 1250 149 208 1251 147 22 1252 99 88 1253 56 159 1254 105 31 1255 107 169 1256 107 169 1257 104 4 1258 57 161 1259 57 161 1260 160 3 1261 161 198 1262 62 160 1263 161 198 1264 159 90 1265 47 153 1266 131 34 1267 133 175 1268 133 175 1269 130 177 1270 48 9 1271 151 52 1272 152 187 1273 88 194 1274 152 187 1275 150 71 1276 87 196 1277 48 9 1278 157 11 1279 158 195 1280 53 154 1281 158 195 1282 156 89 1283 68 45 1284 72 167 1285 117 172 1286 117 172 1287 72 167 1288 67 0 1289 38 146 1290 141 182 1291 143 179 1292 143 179 1293 140 29 1294 39 148 1295 154 23 1296 155 192 1297 97 197 1298 155 192 1299 153 91 1300 96 199 1301 235 26 1302 201 25 1303 200 209 1304 237 210 1305 200 209 1306 199 211 1307 251 92 1308 0 7 1309 204 212 1310 238 214 1311 243 264 1312 203 215 1313 229 17 1314 198 16 1315 197 216 1316 226 218 1317 231 217 1318 197 216 1319 244 219 1320 248 221 1321 205 220 1322 248 221 1323 247 46 1324 206 48 1325 154 23 1326 147 22 1327 141 182 1328 177 97 1329 181 223 1330 174 97 1331 191 222 1332 170 225 1333 181 223 1334 172 224 1335 171 256 1336 181 223 1337 177 97 1338 14 97 1339 12 97 1340 163 226 1341 208 101 1342 182 100 1343 182 100 1344 178 97 1345 13 97 1346 210 227 1347 167 229 1348 183 96 1349 169 228 1350 168 94 1351 183 96 1352 195 230 1353 179 97 1354 184 231 1355 194 233 1356 193 97 1357 180 97 1358 192 97 1359 175 97 1360 179 97 1361 175 97 1362 12 97 1363 13 97 1364 178 97 1365 184 231 1366 179 97 1367 211 99 1368 164 235 1369 184 231 1370 166 234 1371 165 232 1372 184 231 1373 225 236 1374 11 260 1375 193 237 1376 214 238 1377 193 237 1378 194 239 1379 224 241 1380 215 104 1381 188 103 1382 213 8 1383 186 7 1384 185 7 1385 170 242 1386 228 261 1387 230 243 1388 236 245 1389 233 263 1390 168 246 1391 167 248 1392 234 257 1393 236 245 1394 242 249 1395 239 262 1396 165 250 1397 164 252 1398 240 253 1399 242 249 1400 240 253 1401 164 252 1402 211 254 1403 245 40 1404 250 255 1405 211 254 1406 210 227 1407 174 97 1408 181 223 1409 234 257 1410 167 248 1411 210 63 1412 246 259 1413 162 265 1414 11 260 1415 228 261 1416 170 242 1417 191 108 1418 239 262 1419 218 266 1420 195 108 1421 233 263 1422 220 240 1423 194 239 1424 241 213 1425 204 212 1426 203 215 1427 249 39 1428 163 267 1429 162 265 1430 230 243 1431 227 62 1432 171 64 1433 191 222 1434 177 97 1435 175 97 1436 212 109 1437 213 8 1438 222 15 1439 225 236 1440 214 238 1441 215 104 1442 220 240 1443 221 67 1444 215 104 1445 218 266 1446 219 6 1447 213 8 1448 227 62 1449 230 243 1450 231 217 1451 228 261 1452 229 17 1453 231 217 1454 236 245 1455 237 210 1456 232 65 1457 234 257 1458 235 26 1459 237 210 1460 239 262 1461 242 249 1462 243 264 1463 240 253 1464 241 213 1465 243 264 1466 249 39 1467 246 259 1468 247 46 1469 245 40 1470 249 39 1471 248 221 1472 217 258 1473 227 62 1474 226 218 1475 223 107 1476 222 15 1477 229 17 1478 233 263 1479 232 65 1480 221 67 1481 217 258 1482 216 24 1483 235 26 1484 238 214 1485 219 6 1486 218 266 1487 250 255 1488 251 92 1489 241 213 1490 244 219 1491 251 92 1492 250 255 1493 246 259 1494 225 236 1495 224 241 1496 212 109 1497 192 108 1498 195 108 1499</p>
        </triangles>
      </mesh>
    </geometry>
    <geometry id="Cube-mesh" name="Cube">
      <mesh>
        <source id="Cube-mesh-positions">
          <float_array id="Cube-mesh-positions-array" count="756">-0.13 0 0.01999998 0 0.09500002 0.06 0.115 0 0.06 0 -0.04330128 0.125 -0.115 0 0.06 0 -0.09499996 0.06 0.0525 0.09500002 0.06 -0.0525 0.09500002 0.06 0 -0.02499997 0.1433013 -0.0525 -0.09499996 0.06 0.0525 -0.09499996 0.06 -0.06 -0.12 0 0 0 0 -0.06 0 0 0.06 0 0 0.02165061 -0.03750002 0.125 0.01249998 -0.02165061 0.1433013 0.03749996 -0.02165061 0.125 0.02165061 -0.01249998 0.1433013 0 0 0.15 0.04330122 0 0.125 0.02499997 0 0.1433013 0.03749996 0.02165061 0.125 0.02165061 0.01249992 0.1433013 0.02165061 0.03749996 0.125 0.01249998 0.02165061 0.1433013 0 0.04330122 0.125 0 0.02499997 0.1433013 -0.02165061 0.03749996 0.125 -0.01249998 0.02165061 0.1433013 -0.03749996 0.02165061 0.125 -0.02165061 0.01249998 0.1433013 -0.04330128 0 0.125 -0.02499997 0 0.1433013 -0.03750002 -0.02165061 0.125 -0.02165061 -0.01249998 0.1433013 -0.02165067 -0.03749996 0.125 -0.01249998 -0.02165061 0.1433013 0.07861042 0.07137131 0.1 0.09137135 0.05970233 0.1 0.1030297 0.07405179 0.09192073 0.09405183 0.08302968 0.09192073 0.08764725 0.0679351 0.1 0.09501165 0.07517057 0.09778493 0.09836012 0.06687706 0.09763365 0.09999197 0.07999199 0.09300917 0.08633112 0.07836008 0.09763365 0.09137135 -0.05970233 0.1 0.07861042 -0.07137137 0.1 0.09405183 -0.08302968 0.09192073 0.1030297 -0.07405179 0.09192073 0.08764725 -0.0679351 0.1 0.09501165 -0.07517057 0.09778493 0.08633112 -0.07836008 0.09763365 0.09999197 -0.07999199 0.09300917 0.09836012 -0.06687706 0.09763365 -0.09137135 0.05970233 0.1 -0.07861042 0.07137131 0.1 -0.09405183 0.08302968 0.09192073 -0.1030297 0.07405179 0.09192073 -0.08764725 0.0679351 0.1 -0.09501165 0.07517051 0.09778493 -0.08633112 0.07836008 0.09763365 -0.09999197 0.07999199 0.09300917 -0.09836012 0.06687706 0.09763365 -0.1030297 -0.07405179 0.09192073 -0.09405183 -0.08302968 0.09192073 -0.07861042 -0.07137131 0.1 -0.09137135 -0.05970233 0.1 -0.09999197 -0.07999199 0.09300917 -0.09501165 -0.07517057 0.09778493 -0.08633112 -0.07836008 0.09763365 -0.08764725 -0.0679351 0.1 -0.09836012 -0.06687706 0.09763365 0.1060287 0.09500002 0.06 0.115 0.08602875 0.06 0.1123724 0.09237241 0.06 -0.115 -0.08602875 0.06 -0.1060287 -0.09499996 0.06 -0.1123724 -0.09237235 0.06 0.115 -0.08602875 0.06 0.1060287 -0.09499996 0.06 0.1123724 -0.09237235 0.06 -0.115 0.08602875 0.06 -0.1060287 0.09500002 0.06 -0.1123724 0.09237241 0.06 0 -0.07137131 0.1 0 -0.08302968 0.09192073 0 -0.07836008 0.09763365 0.1030297 0 0.09192073 0.09137135 0 0.1 0.09836012 0 0.09763365 -0.1030297 0 0.09192073 -0.09137135 0 0.1 -0.09836012 0 0.09763365 0 0.07137131 0.1 0 0.08302968 0.09192073 0 0.07836008 0.09763365 0 0.04776167 0.1083534 0 0.05864852 0.1 0 0.05187749 0.1024466 -0.03038847 0.05049449 0.1 -0.02388083 0.04136282 0.1083534 -0.02625042 0.04484033 0.1024466 -0.04359883 0.03726959 0.1 -0.052953 0.02231776 0.1 -0.04136282 0.02388083 0.1083534 -0.04936647 0.02986091 0.1 -0.04509723 0.02688628 0.1014059 -0.04586428 0.02275264 0.1024466 -0.04152297 0.0295608 0.1024487 -0.05893301 0 0.1 -0.04776173 0 0.1083534 -0.05196082 0 0.1024466 -0.052953 -0.02231776 0.1 -0.04359883 -0.03726959 0.1 -0.04136288 -0.02388083 0.1083534 -0.04936647 -0.02986097 0.1 -0.04509729 -0.02688628 0.1014059 -0.04152303 -0.0295608 0.1024487 -0.04586428 -0.02275264 0.1024466 -0.03038847 -0.05049455 0.1 -0.02388083 -0.04136282 0.1083534 -0.02625048 -0.04484039 0.1024466 0 -0.05864852 0.1 0 -0.04776173 0.1083534 0 -0.05187749 0.1024466 0.03038847 -0.05049455 0.1 0.02388083 -0.04136288 0.1083534 0.02625042 -0.04484039 0.1024466 0.04359883 -0.03726959 0.1 0.05295294 -0.02231776 0.1 0.04136282 -0.02388083 0.1083534 0.04936641 -0.02986097 0.1 0.04509723 -0.02688628 0.1014059 0.04586422 -0.02275264 0.1024466 0.04152297 -0.02956086 0.1024487 0.05893301 0 0.1 0.04776167 0 0.1083534 0.05196082 0 0.1024466 0.05295294 0.02231776 0.1 0.04359883 0.03726959 0.1 0.04136282 0.02388083 0.1083534 0.04936641 0.02986091 0.1 0.04509723 0.02688628 0.1014059 0.04152297 0.0295608 0.1024487 0.04586422 0.02275264 0.1024466 0.03038847 0.05049455 0.1 0.02388083 0.04136282 0.1083534 0.02625042 0.04484033 0.1024466 -0.04651486 -0.08302968 0.09192073 -0.03853625 -0.07137131 0.1 -0.04355049 -0.07836008 0.09763365 0.04651486 0.08302968 0.09192073 0.03853625 0.07137131 0.1 0.04355049 0.07836008 0.09763365 0.04651486 -0.08302968 0.09192073 0.03853625 -0.07137131 0.1 0.04355049 -0.07836008 0.09763365 -0.04651486 0.08302968 0.09192073 -0.03853625 0.07137131 0.1 -0.04355049 0.07836008 0.09763365 -0.1230509 -0.12 1.23516e-6 -0.1350357 -0.1150357 2.77876e-6 -0.14 0.1030509 1.23464e-6 -0.1230509 0.12 1.23516e-6 -0.1350357 0.1150357 2.77876e-6 0.14 -0.1030509 1.23464e-6 0.1230509 -0.12 1.23516e-6 0.1350357 -0.1150357 2.77876e-6 0.1230509 0.12 1.23516e-6 0.14 0.1030509 1.23464e-6 0.1350357 0.1150357 2.77876e-6 -0.06 -0.1010618 0 0.1210618 0 0 0 0.1010618 0 0.06 -0.1010618 0 0.06 0.1010618 0 -0.1210618 0 0 -0.06 0.1010618 0 0 -0.1010618 0 0.1210618 0.1010618 0 -0.1210618 -0.1010618 0 0.1210618 -0.1010618 0 -0.1210618 0.1010618 0 0.06 0.11 0.01999998 0 0.11 0.01999998 -0.06 -0.11 0.01999998 0 -0.11 0.01999998 0.06 -0.11 0.01999998 -0.06 0.11 0.01999998 0.06 0.12 0 0 0.12 0 0 -0.12 0 0.06 -0.12 0 -0.06 0.12 0 0.13 0.1010494 0.01999998 0.1273784 0.1073784 0.01999998 0.1210494 0.11 0.01999998 0.1210494 -0.11 0.01999998 0.1273784 -0.1073784 0.01999998 0.13 -0.1010494 0.01999998 -0.1210494 0.11 0.01999998 -0.1273784 0.1073784 0.01999998 -0.13 0.1010494 0.01999998 -0.1273784 -0.1073784 0.01999998 -0.1210494 -0.11 0.01999998 -0.13 -0.1010494 0.01999998 -0.14 -0.1030509 1.23464e-6 0.13 0 0.01999998 0.14 0 0 -0.14 0 0 0 0.12 0.0154944 0 0.1154944 0.01999998 0 -0.12 0.0154944 0 -0.1154944 0.01999998 0.1354944 0 0.01999998 0.14 0 0.0154944 -0.06 0.12 0.0154944 -0.06 0.1154944 0.01999998 0.06 -0.12 0.0154944 0.06 -0.1154944 0.01999998 0.06 0.1154944 0.01999998 0.06 0.12 0.0154944 -0.06 -0.1154944 0.01999998 -0.06 -0.12 0.0154944 0.1354944 0.1021423 0.02000063 0.14 0.1030413 0.01549565 0.1230413 0.12 0.01549565 0.1221423 0.1154944 0.02000063 0.1350329 0.1150329 0.0154972 0.1315837 0.1115837 0.02000153 0.1221423 -0.1154944 0.02000063 0.1230413 -0.12 0.01549565 0.14 -0.1030413 0.01549565 0.1354944 -0.1021423 0.02000063 0.1350329 -0.1150329 0.0154972 0.1315837 -0.1115837 0.02000153 -0.1221423 0.1154944 0.02000063 -0.1230413 0.12 0.01549565 -0.14 0.1030413 0.01549565 -0.1354944 0.1021423 0.02000063 -0.1350329 0.1150329 0.0154972 -0.1315837 0.1115837 0.02000153 -0.1354944 -0.1021423 0.02000063 -0.14 -0.1030413 0.01549565 -0.1230413 -0.12 0.01549565 -0.1221423 -0.1154944 0.02000063 -0.1315837 -0.1115837 0.02000153 -0.1350329 -0.1150329 0.0154972 -0.14 0 0.0154944 -0.1354944 0 0.01999998</float_array>
          <technique_common>
            <accessor source="#Cube-mesh-positions-array" count="252" stride="3">
              <param name="X" type="float"/>
              <param name="Y" type="float"/>
              <param name="Z" type="float"/>
            </accessor>
          </technique_common>
        </source>
        <source id="Cube-mesh-normals">
          <float_array id="Cube-mesh-normals-array" count="810">0 -0.162516 0.986706 -0.1224848 -0.1127853 0.9860411 -0.01576775 -0.1646369 0.9862283 0 0.1625162 0.9867059 -0.1224846 0.1127856 0.9860411 -0.0719316 0.1206213 0.9900891 2.24711e-6 0.3826799 0.923881 0 0 1 0 0.3826833 0.9238796 0 -0.162516 0.9867059 0.1224842 -0.1127853 0.9860411 0.07193154 -0.120621 0.9900891 0.8131527 0.1520666 0.5618348 0.9363293 0 0.3511235 0.8985374 0.1748307 0.4025727 -2.24711e-6 0.3826825 0.9238799 -2.87618e-5 -1.14223e-4 1 0.08131527 0.4091012 0.9088587 0 0.9363292 0.3511235 0 0.9363293 0.3511233 0 0.9363294 0.3511232 0 0.1625139 0.9867063 0.07193142 0.120621 0.9900891 0 0.1625162 0.9867059 0.3826792 0 0.9238813 -1.16358e-4 2.67545e-5 1 0.4091001 -0.08131843 0.908859 -1.16358e-4 -2.67546e-5 1 0.1625161 0 0.986706 0.1584017 0.05458706 0.9858648 0.1405141 0 0.9900787 -0.1584018 0.05458694 0.9858648 -0.1625156 0 0.986706 -0.1405142 0 0.9900787 0.1584017 -0.05458706 0.9858647 -0.8131527 -0.1520665 0.5618349 -0.9363293 0 0.3511235 -0.8985373 -0.174831 0.4025728 -0.9807713 -0.1951608 1.20805e-4 -0.6571835 -0.6571834 0.3690799 -0.9107676 -0.1811186 0.3710773 0 -0.9363293 0.3511235 -0.1748325 -0.898537 0.4025731 -0.2051254 -0.8886029 0.4102545 -0.1584019 -0.05458694 0.9858647 -0.1650208 -0.01977086 0.9860919 2.27243e-6 -0.382682 0.9238802 2.87821e-5 1.14224e-4 1 -0.08131504 -0.4091001 0.9088592 0 -0.9363291 0.3511235 0 -0.9363292 0.3511236 0 -0.9363293 0.3511235 0 -0.162514 0.9867063 -0.07193189 -0.1206212 0.9900891 0 -0.9363292 0.3511234 -0.1508523 -0.8135206 0.5616297 0 0.9363293 0.3511234 0 0.9363293 0.3511232 -0.8131526 0.1520666 0.5618352 -0.8985375 0.1748307 0.4025726 -0.9363291 0 0.3511235 -0.8886028 0.2051258 0.4102544 0.9107677 0.1811186 0.3710772 1 0 0 0.9807713 0.1951608 1.20613e-4 -2.27243e-6 -0.3826791 0.9238814 -2.87821e-5 1.14224e-4 1 0.9363293 0 0.3511235 0.8886028 0.2051257 0.4102545 0 -0.9363292 0.3511236 0 -0.8668201 0.498621 2.87618e-5 -1.14223e-4 1 0.1508521 0.8135207 0.5616297 0.1748318 0.8985371 0.4025729 0.8131528 -0.1520665 0.5618349 0.8985373 -0.174831 0.4025728 -0.1508522 0.8135205 0.5616298 -0.1748318 0.8985372 0.4025728 0.8886029 -0.2051259 0.4102538 -0.2051253 0.8886035 0.4102532 0.1748325 -0.898537 0.402573 0.2051254 -0.8886029 0.4102543 0.1508522 -0.8135206 0.5616297 -4.75273e-7 0.901461 0.4328604 -0.4379878 0.7586258 0.482342 3.43728e-6 0.8759835 0.482341 0.2051254 0.8886033 0.4102533 1.5991e-7 0.1443418 0.9895279 0 -0.8668201 0.4986211 0 0.8668199 0.4986214 0 0.8668198 0.4986217 -0.3826792 0 0.9238813 1.16358e-4 2.67545e-5 1 1.86944e-6 -6.02757e-6 -1 4.09048e-5 -3.81309e-5 -1 8.00552e-5 -5.66155e-5 -1 0 0 -1 -7.51561e-6 0 -1 -4.09048e-5 -3.81308e-5 -1 -5.70114e-5 -7.60229e-5 -1 -1.86949e-6 -6.02771e-6 -1 0 -0.3826829 0.9238799 0 -0.144342 0.9895279 -0.8886029 -0.2051259 0.4102538 -2.18684e-6 0.9238782 0.3826867 0 1 0 0 0.9238777 0.3826881 0.4379914 -0.7586251 0.4823398 0.7861099 -0.4537429 0.4197008 0.7586221 -0.4379917 0.4823443 -3.07106e-6 -0.8759836 0.4823409 0.2654496 -0.4597764 0.8474329 0 -0.5309008 0.8474341 0 0 1 0.8759829 -4.24819e-6 0.4823423 0.459774 -0.2654532 0.8474329 0.8991997 4.84941e-7 0.4375386 0.7586256 0.4379879 0.4823421 0.5309028 -2.161e-6 0.8474327 0.7861094 0.4537432 0.4197012 0.437994 0.7586213 0.4823432 0.4597765 0.2654494 0.8474327 0.2654525 0.4597769 0.8474315 -0.4465324 0.7806624 0.4372358 -0.7586212 0.4379953 0.4823421 0 0.5309008 0.847434 0.4465312 0.7806631 0.4372357 -0.2654492 0.4597766 0.8474328 -0.7861097 0.4537423 0.4197016 -0.8759823 3.46864e-6 0.4823435 -0.4597741 0.2654535 0.8474328 -0.8991999 -5.21131e-7 0.4375383 -0.7586249 -0.4379892 0.4823421 -0.5309048 2.52367e-7 0.8474316 -0.7861095 -0.4537432 0.4197013 -0.4379936 -0.7586222 0.4823422 -0.4597743 -0.265453 0.8474329 -0.446531 -0.780663 0.4372363 -0.2654496 -0.4597764 0.8474327 6.07963e-7 -0.9014613 0.43286 0.09400707 0.1010105 0.9904341 0.06221628 0.5349089 0.842616 0.01576739 0.164637 0.9862283 0.5331849 0.06977093 0.8431168 0.1650211 0.01977097 0.9860919 0.3129004 0.3224776 0.8933654 0.5342168 0.5326499 0.6564271 0.09400719 -0.1010106 0.990434 0.5331849 -0.06977081 0.8431168 0.1650212 -0.01977092 0.9860919 0.06221628 -0.5349091 0.8426159 0.01576751 -0.1646371 0.9862282 0.3129001 -0.3224777 0.8933654 0.5342168 -0.5326497 0.6564273 -0.09400701 0.1010103 0.9904341 -0.5331847 0.06977099 0.8431169 -0.1650218 0.01977097 0.9860917 -0.06221705 0.5349089 0.842616 -0.01576745 0.1646369 0.9862282 -0.3129003 0.3224772 0.8933656 -0.5342161 0.5326499 0.6564276 -0.3129003 -0.3224775 0.8933654 -0.5331848 -0.06977087 0.8431168 -0.5342169 -0.5326497 0.6564272 -0.09400725 -0.1010103 0.9904341 -0.06221681 -0.5349089 0.842616 -0.1310083 0.08140683 0.9880333 -0.4801925 0.383249 0.7890092 -0.5602842 0.24918 0.789931 -0.1310083 -0.08140677 0.9880333 -0.560284 -0.2491798 0.7899312 -0.4801931 -0.3832486 0.789009 0.1310083 -0.08140659 0.9880333 0.4801931 -0.3832484 0.789009 0.560284 -0.2491803 0.7899311 0.1310087 0.08140671 0.9880332 0.5602847 0.2491798 0.7899308 0.4801934 0.3832485 0.7890088 0.1224846 0.1127859 0.9860411 0.6246552 0.6246544 0.4686287 -0.6246555 -0.6246541 0.4686287 0.6246555 -0.624654 0.4686287 -0.6246553 0.6246544 0.4686286 0 -0.5695918 0.8219278 0.5695945 0 0.8219259 0.8668185 0 0.4986239 -0.5695942 0 0.8219261 -0.8668185 0 0.498624 0 0.5695912 0.8219282 -0.6246395 -0.6246401 0.4686687 0 -0.5695978 0.8219236 0 -0.5695917 0.8219279 0 -0.8668195 0.4986224 0 0.5695975 0.8219239 0 0.5695914 0.821928 0 0.8668192 0.4986226 0 0.5751279 0.8180636 -0.2822838 0.4926292 0.8231843 -0.5672444 0 0.8235495 -0.2822836 -0.492629 0.8231844 0 -0.5751281 0.8180633 0.446532 -0.7806622 0.4372366 0.2822837 -0.4926288 0.8231846 0.5672441 0 0.8235498 0.2822837 0.4926292 0.8231843 -1.50227e-4 1.50257e-4 1 0.3093497 -0.3093497 0.8992249 0.08131504 -0.4091001 0.9088592 1.16358e-4 -2.67546e-5 1 -0.4091004 0.08131855 0.9088588 -0.08131527 0.4091012 0.9088587 1.50227e-4 -1.50256e-4 1 -1.50227e-4 -1.50256e-4 1 0.3093495 0.3093498 0.8992251 0.4091004 0.08131855 0.9088588 -0.4091001 -0.08131843 0.908859 1.50227e-4 1.50257e-4 1 -0.3093497 -0.3093498 0.8992249 1.86949e-6 6.02772e-6 -1 4.09048e-5 3.81309e-5 -1 9.92776e-5 9.93082e-5 -1 8.00552e-5 5.66155e-5 -1 -9.92776e-5 -9.93081e-5 -1 -8.00553e-5 -5.66155e-5 -1 7.5156e-6 0 -1 9.92777e-5 -9.93083e-5 -1 5.70116e-5 -7.60232e-5 -1 -1.86944e-6 6.02757e-6 -1 -4.09048e-5 3.81309e-5 -1 -8.00552e-5 5.66155e-5 -1 -9.92776e-5 9.93082e-5 -1 -5.70115e-5 7.60231e-5 -1 2.24316e-6 -0.923878 0.382687 0 -1 0 0 -0.9238775 0.3826884 0 -1 0 -2.24313e-6 -0.923879 0.3826848 0.1951597 0.9807715 1.21011e-4 0.6571832 0.6571834 0.3690804 0.7071059 0.7071077 2.56287e-4 0.6571835 -0.6571833 0.36908 0.19516 -0.9807714 1.21031e-4 0.7071062 -0.7071074 2.56521e-4 0.9807713 -0.1951608 1.20805e-4 -0.6571832 0.6571834 0.3690804 -0.1951599 0.9807716 1.21031e-4 -0.7071061 0.7071075 2.56521e-4 -0.9807713 0.1951608 1.20674e-4 -0.9107677 0.1811186 0.3710772 -1 0 0 -0.923879 0 0.382685 5.70115e-5 7.60231e-5 -1 0.9107676 -0.1811186 0.3710774 0.923879 0 0.382685 -0.1811186 -0.9107658 0.3710818 0 -1 0 0.1811184 0.910766 0.3710814 -0.1811184 0.910766 0.3710814 0.1811185 -0.9107657 0.371082 -0.3093495 0.3093498 0.8992251 -0.1951599 -0.9807715 1.20217e-4 2.18682e-6 0.9238793 0.3826841 -0.7071061 -0.7071075 2.55894e-4 -0.3093805 0.2056553 0.928434 -0.3093789 -0.2056552 0.9284345 0.3093796 -0.205655 0.9284343 0.3093816 0.2056544 0.9284338 0.6246393 0.6246404 0.4686684 0.6246395 -0.6246401 0.4686687 -0.6246394 0.6246404 0.4686684</float_array>
          <technique_common>
            <accessor source="#Cube-mesh-normals-array" count="270" stride="3">
              <param name="X" type="float"/>
              <param name="Y" type="float"/>
              <param name="Z" type="float"/>
            </accessor>
          </technique_common>
        </source>
        <source id="Cube-mesh-map-0">
          <float_array id="Cube-mesh-map-0-array" count="3000">0.3522589 0.4308461 0.3407539 0.5066094 0.2629527 0.4313417 0.3547524 0.7481761 0.3430996 0.6718941 0.3729514 0.7012379 0.07278448 0.05699199 0.01221203 0.06870019 0.01221203 0.05699181 0.524652 0.4304715 0.5363047 0.5067535 0.506453 0.4774098 0.6777039 0.7523456 0.7532985 0.5876721 0.7532331 0.7808086 0.9268507 0.05699199 0.8667255 0.06870031 0.8667255 0.05699199 0.3230841 0.8579362 0.4418851 0.9547274 0.3052384 0.9544277 0.4410782 0.7481321 0.5090824 0.701326 0.5271455 0.7478016 0.7436203 0.05699199 0.6486725 0.06870031 0.6486725 0.05699199 0.7436203 0.05699199 0.8385682 0.06870031 0.7436203 0.06870031 0.6434733 0.588842 0.559004 0.6387009 0.5713925 0.589253 0.3217958 0.6388702 0.235931 0.5898057 0.3080118 0.5893947 0.5576086 0.5397776 0.6434733 0.588842 0.5713925 0.589253 0.2017004 0.4263021 0.1261059 0.5909757 0.1261711 0.3978391 0.3509626 0.01133871 0.3652619 0.04357266 0.3509626 0.04357266 0.3011322 0.2257056 0.1998226 0.3245115 0.1632418 0.2295899 0.3204004 0.5399467 0.235931 0.5898057 0.2345193 0.4573342 0.4392451 0.05699199 0.3791198 0.06870031 0.3791198 0.05699199 0.5563204 0.3207116 0.4375193 0.2239203 0.574166 0.2242199 0.4383262 0.4305156 0.370322 0.4773216 0.3522589 0.4308461 0.3197911 0.3216831 0.2295663 0.3989055 0.1998226 0.3245115 0.4418851 0.9547274 0.5596133 0.8569645 0.5782723 0.952942 0.1261059 0.5909757 0.2048228 0.7534195 0.1302341 0.7833155 0.02996098 0.591973 0.1302341 0.7833155 0.03526723 0.8197689 0.8385682 0.04357278 0.7436203 0.01133877 0.8385682 0.01133877 0.4375193 0.2239203 0.3197911 0.3216831 0.3011322 0.2257056 0.56039 0.05699199 0.6205153 0.06870031 0.56039 0.06870031 0.7532331 0.7808086 0.8494433 0.5866749 0.8493485 0.8152753 0.4379198 0.3207323 0.3341339 0.3979653 0.3197911 0.3216831 0.07278448 0.05699199 0.1329097 0.06870019 0.07278448 0.06870031 0.5596133 0.8569645 0.6498379 0.7797421 0.6795817 0.8541362 0.7532985 0.5876721 0.6745815 0.4252282 0.7491703 0.3953322 0.2317017 0.7809481 0.3230841 0.8579362 0.2023546 0.8560718 0.8494433 0.5866749 0.7491703 0.3953322 0.8441371 0.3588788 0.2023546 0.8560718 0.3052384 0.9544277 0.1664578 0.9519697 0.6770496 0.3225758 0.574166 0.2242199 0.7129463 0.2266779 0.6477025 0.3976996 0.5563204 0.3207116 0.6770496 0.3225758 0.8670551 0.3226681 0.813139 0.2971136 0.8670551 0.3115604 0.5782723 0.952942 0.6795817 0.8541362 0.7161626 0.9490576 0.4410782 0.7481321 0.3729514 0.7012379 0.4411395 0.7197182 0.5424314 0.3973679 0.4379198 0.3207323 0.5563204 0.3207116 0.3369731 0.7812798 0.4414846 0.8579154 0.3230841 0.8579362 0.4414846 0.8579154 0.5452705 0.7806823 0.5596133 0.8569645 0.2560147 0.05699199 0.3509626 0.06870031 0.2560147 0.06870031 0.9413247 0.8400066 0.9790078 0.851694 0.9802355 0.8400066 0.9042969 0.9140624 0.867269 0.851694 0.867269 0.9140624 0.8178985 0.9140624 0.8295859 0.851694 0.8178985 0.8504664 0.867269 0.8400066 0.9042969 0.851694 0.9042969 0.8400066 0.9790078 0.9140624 0.9413247 0.851694 0.9413247 0.9140624 0.9413247 0.9140624 0.9042969 0.851694 0.9042969 0.9140624 0.56039 0.05699199 0.4998176 0.06870031 0.4998176 0.05699199 0.4383262 0.4305156 0.506453 0.4774098 0.4382649 0.4589295 0.1261711 0.3978391 0.02996098 0.591973 0.03005576 0.3633724 0.9268507 0.04357278 0.9874231 0.01133882 0.9874231 0.04357278 0.9209713 0.1103423 0.9700604 0.1442579 0.9604407 0.1498117 0.8670551 0.09589552 0.8981837 0.1498117 0.8670551 0.1414709 0.8670551 0.2037279 0.8670551 0.1414709 0.8981837 0.1498117 0.9700604 0.1442579 0.9748876 0.2037279 0.9604407 0.1498117 0.9209713 0.1103423 0.9209713 0.1725994 0.8981837 0.1498117 0.8670551 0.2037279 0.8981837 0.1498117 0.9209713 0.1725994 0.9859954 0.2037279 0.9604407 0.2576441 0.9748876 0.2037279 0.9604407 0.1498117 0.9293121 0.2037279 0.9209713 0.1725994 0.8670551 0.2037279 0.9209713 0.1725994 0.9293121 0.2037279 0.9700604 0.263198 0.9209714 0.2971135 0.9604407 0.2576441 0.9748876 0.2037279 0.9209713 0.2348564 0.9293121 0.2037279 0.8670551 0.2037279 0.9293121 0.2037279 0.9209713 0.2348564 0.867269 0.8400066 0.8295859 0.851694 0.867269 0.851694 0.9604407 0.2576441 0.8981837 0.2576441 0.9209713 0.2348564 0.8670551 0.2037279 0.9209713 0.2348564 0.8981837 0.2576441 0.807585 0.3067331 0.7736696 0.2576442 0.813139 0.2971136 0.8981837 0.2576441 0.8670551 0.3115604 0.8670551 0.265985 0.8670551 0.2037279 0.8981837 0.2576441 0.8670551 0.265985 0.9265253 0.3067331 0.8670551 0.3115604 0.9209714 0.2971135 0.8670551 0.3115604 0.8359266 0.2576442 0.8670551 0.265985 0.8670551 0.2037279 0.8670551 0.265985 0.8359266 0.2576442 0.7640499 0.2631981 0.7592227 0.203728 0.7736696 0.2576442 0.813139 0.2971136 0.8131389 0.2348565 0.8359266 0.2576442 0.8670551 0.2037279 0.8359266 0.2576442 0.8131389 0.2348565 0.7481149 0.2037279 0.7736695 0.1498118 0.7592227 0.203728 0.7736696 0.2576442 0.8047981 0.2037279 0.8131389 0.2348565 0.8670551 0.2037279 0.8131389 0.2348565 0.8047981 0.2037279 0.7640499 0.1442579 0.8131389 0.1103424 0.7736695 0.1498118 0.8047981 0.2037279 0.7736695 0.1498118 0.8131389 0.1725994 0.8670551 0.2037279 0.8047981 0.2037279 0.8131389 0.1725994 0.807585 0.1007227 0.8670551 0.09589552 0.8131389 0.1103424 0.8131389 0.1725994 0.8131389 0.1103424 0.8359265 0.1498118 0.8670551 0.2037279 0.8131389 0.1725994 0.8359265 0.1498118 0.8670551 0.08478772 0.9209713 0.1103423 0.8670551 0.09589552 0.8359265 0.1498118 0.8670551 0.09589552 0.8670551 0.1414709 0.8670551 0.2037279 0.8359265 0.1498118 0.8670551 0.1414709 0.6369476 0.7400837 0.6331028 0.7636646 0.6164516 0.7473059 0.66137 0.7367326 0.6369476 0.7400837 0.644885 0.7213135 0.6777039 0.7523456 0.6554248 0.7559081 0.66137 0.7367326 0.6498379 0.7797421 0.6528437 0.7580162 0.663623 0.7737513 0.6343348 0.4376383 0.6585369 0.4408828 0.6422433 0.4563691 0.630704 0.4138723 0.6343348 0.4376383 0.613866 0.4302487 0.6477025 0.3976996 0.6506062 0.4196957 0.630704 0.4138723 0.6745815 0.4252282 0.652493 0.4219363 0.6685222 0.4114201 0.2450696 0.7410094 0.2208675 0.7377649 0.237161 0.7222785 0.2487002 0.7647755 0.2450696 0.7410094 0.2655384 0.748399 0.2317017 0.7809481 0.2287982 0.7589519 0.2487002 0.7647755 0.2048228 0.7534195 0.2269113 0.7567113 0.210882 0.7672276 0.2017004 0.4263021 0.2239795 0.4227395 0.2180343 0.4419152 0.2295663 0.3989055 0.2265605 0.4206314 0.2157812 0.4048963 0.2424567 0.438564 0.2463014 0.414983 0.2629527 0.4313417 0.2180343 0.4419152 0.2424567 0.438564 0.2345193 0.4573342 0.3299767 0.6555302 0.348215 0.6542806 0.3430996 0.6718941 0.3382839 0.6390258 0.3299767 0.6555302 0.3217958 0.6388702 0.348215 0.6542806 0.3382839 0.6390258 0.3542223 0.6378649 0.3280722 0.5231164 0.3366743 0.5392616 0.3204004 0.5399467 0.3461185 0.5239446 0.3280722 0.5231164 0.3407539 0.5066094 0.3366743 0.5392616 0.3461185 0.5239446 0.352434 0.5399056 0.5494276 0.5231176 0.5311893 0.5243672 0.5363047 0.5067535 0.5411204 0.5396219 0.5494276 0.5231176 0.5576086 0.5397776 0.5311893 0.5243672 0.5411204 0.5396219 0.5251821 0.5407828 0.5513321 0.6555314 0.54273 0.639386 0.559004 0.6387009 0.5332858 0.654703 0.5513321 0.6555314 0.5386503 0.6720383 0.54273 0.639386 0.5332858 0.654703 0.5269704 0.6387422 0.8493485 0.8152753 0.7505865 0.7960453 0.7532331 0.7808086 0.6946614 0.8511753 0.7161626 0.9490576 0.6795817 0.8541362 0.1998226 0.3245115 0.2157812 0.4048963 0.1847429 0.3274723 0.2075896 0.4122939 0.1261711 0.3978391 0.1288177 0.3826025 0.7129463 0.2266779 0.6922657 0.325423 0.6770496 0.3225758 0.7462075 0.3802266 0.8441371 0.3588788 0.7491703 0.3953322 0.1664578 0.9519697 0.1871386 0.8532247 0.2023546 0.8560718 0.1331968 0.7984211 0.03526723 0.8197689 0.1302341 0.7833155 0.2629527 0.4313417 0.340918 0.4144478 0.3522589 0.4308461 0.2463014 0.414983 0.3341339 0.3979653 0.340918 0.4144478 0.6422433 0.4563691 0.6598809 0.5886016 0.6434733 0.588842 0.6585369 0.4408828 0.6764436 0.588362 0.6598809 0.5886016 0.237161 0.7222785 0.2195233 0.5900461 0.235931 0.5898057 0.2208675 0.7377649 0.2029607 0.5902857 0.2195233 0.5900461 0.6164516 0.7473059 0.5384865 0.7641999 0.5271455 0.7478016 0.6331028 0.7636646 0.5452705 0.7806823 0.5384865 0.7641999 0.7532331 0.7808086 0.6718147 0.7663537 0.6777039 0.7523456 0.663623 0.7737513 0.6795817 0.8541362 0.6498379 0.7797421 0.1632418 0.2295899 0.1847429 0.3274723 0.1481071 0.2324647 0.1288177 0.3826025 0.03005576 0.3633724 0.03257775 0.3481126 0.6770496 0.3225758 0.6616217 0.4037386 0.6477025 0.3976996 0.6685222 0.4114201 0.7491703 0.3953322 0.6745815 0.4252282 0.2023546 0.8560718 0.2177827 0.7749091 0.2317017 0.7809481 0.210882 0.7672276 0.1302341 0.7833155 0.2048228 0.7534195 0.524652 0.4304715 0.4382319 0.4139978 0.5358126 0.4139367 0.5358126 0.4139367 0.4381217 0.3974733 0.5424314 0.3973679 0.644885 0.7213135 0.6598809 0.5886016 0.66137 0.7367326 0.66137 0.7367326 0.6764436 0.588362 0.6777039 0.7523456 0.2345193 0.4573342 0.2195233 0.5900461 0.2180343 0.4419152 0.2180343 0.4419152 0.2029607 0.5902857 0.2017004 0.4263021 0.3547524 0.7481761 0.4411725 0.7646498 0.3435917 0.764711 0.3435917 0.764711 0.4412826 0.7811743 0.3369731 0.7812798 0.3910306 0.6746122 0.4411908 0.7039468 0.3827012 0.6877803 0.3827012 0.6877803 0.4411395 0.7197182 0.3729514 0.7012379 0.3910306 0.6746122 0.348215 0.6542806 0.3542223 0.6378649 0.3827012 0.6877803 0.3430996 0.6718941 0.348215 0.6542806 0.3397368 0.5889929 0.3382839 0.6390258 0.3243375 0.5892092 0.3243375 0.5892092 0.3217958 0.6388702 0.3080118 0.5893947 0.3397368 0.5889929 0.3366743 0.5392616 0.352434 0.5399056 0.3243375 0.5892092 0.3204004 0.5399467 0.3366743 0.5392616 0.3883089 0.5038135 0.3461185 0.5239446 0.3800337 0.4907072 0.3800337 0.4907072 0.3407539 0.5066094 0.370322 0.4773216 0.3883089 0.5038135 0.4382135 0.4747008 0.4381487 0.4911743 0.3800337 0.4907072 0.4382649 0.4589295 0.4382135 0.4747008 0.4883737 0.5040355 0.4382135 0.4747008 0.4967031 0.4908674 0.4967031 0.4908674 0.4382649 0.4589295 0.506453 0.4774098 0.4883737 0.5040355 0.5311893 0.5243672 0.5251821 0.5407828 0.4967031 0.4908674 0.5363047 0.5067535 0.5311893 0.5243672 0.5396676 0.5896548 0.5411204 0.5396219 0.555067 0.5894384 0.555067 0.5894384 0.5576086 0.5397776 0.5713925 0.589253 0.5396676 0.5896548 0.54273 0.639386 0.5269704 0.6387422 0.555067 0.5894384 0.559004 0.6387009 0.54273 0.639386 0.4910955 0.6748341 0.5332858 0.654703 0.4993706 0.6879404 0.4993706 0.6879404 0.5386503 0.6720383 0.5090824 0.701326 0.4910955 0.6748341 0.4411908 0.7039468 0.4412556 0.6874733 0.4993706 0.6879404 0.4411395 0.7197182 0.4411908 0.7039468 0.237161 0.7222785 0.3299767 0.6555302 0.2450696 0.7410094 0.3299767 0.6555302 0.2655384 0.748399 0.2450696 0.7410094 0.2655384 0.748399 0.3435917 0.764711 0.2487002 0.7647755 0.2487002 0.7647755 0.3369731 0.7812798 0.2317017 0.7809481 0.6422433 0.4563691 0.5494276 0.5231176 0.6343348 0.4376383 0.5494276 0.5231176 0.613866 0.4302487 0.6343348 0.4376383 0.3522589 0.4308461 0.4382319 0.4139978 0.4383262 0.4305156 0.340918 0.4144478 0.4381217 0.3974733 0.4382319 0.4139978 0.613866 0.4302487 0.5358126 0.4139367 0.630704 0.4138723 0.630704 0.4138723 0.5424314 0.3973679 0.6477025 0.3976996 0.2345193 0.4573342 0.3280722 0.5231164 0.3204004 0.5399467 0.3280722 0.5231164 0.2629527 0.4313417 0.3407539 0.5066094 0.6164516 0.7473059 0.5513321 0.6555314 0.6369476 0.7400837 0.5513321 0.6555314 0.644885 0.7213135 0.6369476 0.7400837 0.5271455 0.7478016 0.4411725 0.7646498 0.4410782 0.7481321 0.5384865 0.7641999 0.4412826 0.7811743 0.4411725 0.7646498 0.6486725 0.05699199 0.6343732 0.06870031 0.6343732 0.05699199 0.6205153 0.05699199 0.6343732 0.06870031 0.6205153 0.06870031 0.2560147 0.05699199 0.1610668 0.06870019 0.1610668 0.05699199 0.1329097 0.05699181 0.1467675 0.06870019 0.1329097 0.06870019 0.8667255 0.05699199 0.8528676 0.06870031 0.8528676 0.05699199 0.8385682 0.05699199 0.8528676 0.06870031 0.8385682 0.06870031 0.3509626 0.05699199 0.3652619 0.06870031 0.3509626 0.06870031 0.3791198 0.05699199 0.3652619 0.06870031 0.3652619 0.05699199 0.5271455 0.7478016 0.5386503 0.6720383 0.6164516 0.7473059 0.9413247 0.9764308 0.9790078 0.9140624 0.9413247 0.9140624 0.9413247 0.9881181 0.9790078 0.9764308 0.9413247 0.9764308 0.9876317 0.9850545 0.9790078 0.9764308 0.9802355 0.9881181 0.9413247 0.9764308 0.9042969 0.9140624 0.9042969 0.9764308 0.8209621 0.8430702 0.8295859 0.851694 0.8283583 0.8400066 0.867269 0.851694 0.8295859 0.9140624 0.867269 0.9140624 0.9906952 0.9140624 0.9790078 0.851694 0.9790078 0.9140624 0.9876317 0.8430702 0.9790078 0.851694 0.9906952 0.8504664 0.867269 0.9881181 0.8295859 0.9764308 0.8283583 0.9881181 0.9042969 0.8400066 0.9413247 0.851694 0.9413247 0.8400066 0.9042969 0.9881181 0.867269 0.9764308 0.867269 0.9881181 0.9042969 0.9764308 0.867269 0.9140624 0.867269 0.9764308 0.8295859 0.9140624 0.867269 0.9764308 0.867269 0.9140624 0.8178985 0.9140624 0.8295859 0.9764308 0.8295859 0.9140624 0.8209621 0.9850545 0.8295859 0.9764308 0.8178985 0.9776583 0.4392451 0.04357272 0.4998176 0.01133877 0.4998176 0.04357272 0.4998176 0.04357272 0.56039 0.01133877 0.56039 0.04357272 0.4998176 0.05699199 0.4392451 0.06870031 0.4392451 0.05699199 0.9874231 0.05699205 0.9268507 0.06870031 0.9268507 0.05699199 0.8667255 0.01133882 0.8528676 0.04357278 0.8528676 0.01133877 0.6343732 0.04357278 0.6205153 0.01133877 0.6343732 0.01133877 0.6486725 0.01133877 0.6343732 0.04357278 0.6343732 0.01133877 0.1467675 0.04357266 0.1329096 0.01133865 0.1467674 0.01133871 0.1610668 0.01133871 0.1467675 0.04357266 0.1467674 0.01133871 0.1610668 0.04357266 0.2560147 0.01133871 0.2560147 0.04357266 0.3509626 0.04357266 0.2560147 0.01133871 0.3509626 0.01133871 0.9906952 0.9140624 0.9790078 0.9764308 0.9906952 0.9776583 0.6486725 0.04357278 0.7436203 0.01133877 0.7436203 0.04357278 0.3791198 0.04357266 0.4392451 0.01133877 0.4392451 0.04357272 0.8667255 0.04357278 0.9268507 0.01133882 0.9268507 0.04357278 0.1329097 0.04357266 0.07278442 0.01133865 0.1329096 0.01133865 0.6205153 0.04357278 0.56039 0.01133877 0.6205153 0.01133877 0.1610668 0.05699199 0.1467675 0.06870019 0.1467675 0.05699199 0.3652619 0.04357266 0.3791198 0.01133871 0.3791198 0.04357266 0.8528676 0.04357278 0.8385682 0.01133877 0.8528676 0.01133877 0.9413247 0.9881181 0.9042969 0.9764308 0.9042969 0.9881181 0.9874231 0.04357278 0.9268507 0.05699199 0.9268507 0.04357278 0.4998176 0.04357272 0.4392451 0.05699199 0.4392451 0.04357272 0.56039 0.04357272 0.4998176 0.05699199 0.4998176 0.04357272 0.07278448 0.04357266 0.01221203 0.05699181 0.01221203 0.04357266 0.8385682 0.04357278 0.8528676 0.05699199 0.8385682 0.05699199 0.8667255 0.04357278 0.8528676 0.05699199 0.8528676 0.04357278 0.6205153 0.04357278 0.6343732 0.05699199 0.6205153 0.05699199 0.6486725 0.04357278 0.6343732 0.05699199 0.6343732 0.04357278 0.1329097 0.04357266 0.1467675 0.05699199 0.1329097 0.05699181 0.1610668 0.04357266 0.1467675 0.05699199 0.1467675 0.04357266 0.3791198 0.04357266 0.3652619 0.05699199 0.3652619 0.04357266 0.3509626 0.04357266 0.3652619 0.05699199 0.3509626 0.05699199 0.7436203 0.04357278 0.8385682 0.05699199 0.7436203 0.05699199 0.9268507 0.04357278 0.8667255 0.05699199 0.8667255 0.04357278 0.56039 0.04357272 0.6205153 0.05699199 0.56039 0.05699199 0.7436203 0.04357278 0.6486725 0.05699199 0.6486725 0.04357278 0.1329097 0.05699181 0.07278448 0.04357266 0.1329097 0.04357266 0.2560147 0.04357266 0.1610668 0.05699199 0.1610668 0.04357266 0.3509626 0.05699199 0.2560147 0.04357266 0.3509626 0.04357266 0.4392451 0.04357272 0.3791198 0.05699199 0.3791198 0.04357266 0.01221203 0.04357266 0.07278442 0.01133865 0.07278448 0.04357266 0.3522589 0.4308461 0.370322 0.4773216 0.3407539 0.5066094 0.3547524 0.7481761 0.2655384 0.748399 0.3430996 0.6718941 0.07278448 0.05699199 0.07278448 0.06870031 0.01221203 0.06870019 0.524652 0.4304715 0.613866 0.4302487 0.5363047 0.5067535 0.6777039 0.7523456 0.6764436 0.588362 0.7532985 0.5876721 0.9268507 0.05699199 0.9268507 0.06870031 0.8667255 0.06870031 0.3230841 0.8579362 0.4414846 0.8579154 0.4418851 0.9547274 0.4410782 0.7481321 0.4411395 0.7197182 0.5090824 0.701326 0.7436203 0.05699199 0.7436203 0.06870031 0.6486725 0.06870031 0.7436203 0.05699199 0.8385682 0.05699199 0.8385682 0.06870031 0.6434733 0.588842 0.644885 0.7213135 0.559004 0.6387009 0.3217958 0.6388702 0.237161 0.7222785 0.235931 0.5898057 0.5576086 0.5397776 0.6422433 0.4563691 0.6434733 0.588842 0.2017004 0.4263021 0.2029607 0.5902857 0.1261059 0.5909757 0.3509626 0.01133871 0.3652619 0.01133871 0.3652619 0.04357266 0.3011322 0.2257056 0.3197911 0.3216831 0.1998226 0.3245115 0.3204004 0.5399467 0.3080118 0.5893947 0.235931 0.5898057 0.4392451 0.05699199 0.4392451 0.06870031 0.3791198 0.06870031 0.5563204 0.3207116 0.4379198 0.3207323 0.4375193 0.2239203 0.4383262 0.4305156 0.4382649 0.4589295 0.370322 0.4773216 0.3197911 0.3216831 0.3341339 0.3979653 0.2295663 0.3989055 0.4418851 0.9547274 0.4414846 0.8579154 0.5596133 0.8569645 0.1261059 0.5909757 0.2029607 0.5902857 0.2048228 0.7534195 0.02996098 0.591973 0.1261059 0.5909757 0.1302341 0.7833155 0.8385682 0.04357278 0.7436203 0.04357278 0.7436203 0.01133877 0.4375193 0.2239203 0.4379198 0.3207323 0.3197911 0.3216831 0.56039 0.05699199 0.6205153 0.05699199 0.6205153 0.06870031 0.7532331 0.7808086 0.7532985 0.5876721 0.8494433 0.5866749 0.4379198 0.3207323 0.4381217 0.3974733 0.3341339 0.3979653 0.07278448 0.05699199 0.1329097 0.05699181 0.1329097 0.06870019 0.5596133 0.8569645 0.5452705 0.7806823 0.6498379 0.7797421 0.7532985 0.5876721 0.6764436 0.588362 0.6745815 0.4252282 0.2317017 0.7809481 0.3369731 0.7812798 0.3230841 0.8579362 0.8494433 0.5866749 0.7532985 0.5876721 0.7491703 0.3953322 0.2023546 0.8560718 0.3230841 0.8579362 0.3052384 0.9544277 0.6770496 0.3225758 0.5563204 0.3207116 0.574166 0.2242199 0.6477025 0.3976996 0.5424314 0.3973679 0.5563204 0.3207116 0.8670551 0.3226681 0.807585 0.3067331 0.813139 0.2971136 0.5782723 0.952942 0.5596133 0.8569645 0.6795817 0.8541362 0.4410782 0.7481321 0.3547524 0.7481761 0.3729514 0.7012379 0.5424314 0.3973679 0.4381217 0.3974733 0.4379198 0.3207323 0.3369731 0.7812798 0.4412826 0.7811743 0.4414846 0.8579154 0.4414846 0.8579154 0.4412826 0.7811743 0.5452705 0.7806823 0.2560147 0.05699199 0.3509626 0.05699199 0.3509626 0.06870031 0.9413247 0.8400066 0.9413247 0.851694 0.9790078 0.851694 0.9042969 0.9140624 0.9042969 0.851694 0.867269 0.851694 0.8178985 0.9140624 0.8295859 0.9140624 0.8295859 0.851694 0.867269 0.8400066 0.867269 0.851694 0.9042969 0.851694 0.9790078 0.9140624 0.9790078 0.851694 0.9413247 0.851694 0.9413247 0.9140624 0.9413247 0.851694 0.9042969 0.851694 0.56039 0.05699199 0.56039 0.06870031 0.4998176 0.06870031 0.4383262 0.4305156 0.524652 0.4304715 0.506453 0.4774098 0.1261711 0.3978391 0.1261059 0.5909757 0.02996098 0.591973 0.9268507 0.04357278 0.9268507 0.01133882 0.9874231 0.01133882 0.9209713 0.1103423 0.9265253 0.1007227 0.9700604 0.1442579 0.8670551 0.09589552 0.9209713 0.1103423 0.8981837 0.1498117 0.9700604 0.1442579 0.9859954 0.2037279 0.9748876 0.2037279 0.9209713 0.1103423 0.9604407 0.1498117 0.9209713 0.1725994 0.9859954 0.2037279 0.9700604 0.263198 0.9604407 0.2576441 0.9604407 0.1498117 0.9748876 0.2037279 0.9293121 0.2037279 0.9700604 0.263198 0.9265253 0.3067331 0.9209714 0.2971135 0.9748876 0.2037279 0.9604407 0.2576441 0.9209713 0.2348564 0.867269 0.8400066 0.8283583 0.8400066 0.8295859 0.851694 0.9604407 0.2576441 0.9209714 0.2971135 0.8981837 0.2576441 0.807585 0.3067331 0.7640499 0.2631981 0.7736696 0.2576442 0.8981837 0.2576441 0.9209714 0.2971135 0.8670551 0.3115604 0.9265253 0.3067331 0.8670551 0.3226681 0.8670551 0.3115604 0.8670551 0.3115604 0.813139 0.2971136 0.8359266 0.2576442 0.7640499 0.2631981 0.7481149 0.2037279 0.7592227 0.203728 0.813139 0.2971136 0.7736696 0.2576442 0.8131389 0.2348565 0.7481149 0.2037279 0.7640499 0.1442579 0.7736695 0.1498118 0.7736696 0.2576442 0.7592227 0.203728 0.8047981 0.2037279 0.7640499 0.1442579 0.807585 0.1007227 0.8131389 0.1103424 0.8047981 0.2037279 0.7592227 0.203728 0.7736695 0.1498118 0.807585 0.1007227 0.8670551 0.08478772 0.8670551 0.09589552 0.8131389 0.1725994 0.7736695 0.1498118 0.8131389 0.1103424 0.8670551 0.08478772 0.9265253 0.1007227 0.9209713 0.1103423 0.8359265 0.1498118 0.8131389 0.1103424 0.8670551 0.09589552 0.6369476 0.7400837 0.6528437 0.7580162 0.6331028 0.7636646 0.66137 0.7367326 0.6554248 0.7559081 0.6369476 0.7400837 0.6777039 0.7523456 0.6718147 0.7663537 0.6554248 0.7559081 0.6498379 0.7797421 0.6331028 0.7636646 0.6528437 0.7580162 0.6343348 0.4376383 0.652493 0.4219363 0.6585369 0.4408828 0.630704 0.4138723 0.6506062 0.4196957 0.6343348 0.4376383 0.6477025 0.3976996 0.6616217 0.4037386 0.6506062 0.4196957 0.6745815 0.4252282 0.6585369 0.4408828 0.652493 0.4219363 0.2450696 0.7410094 0.2269113 0.7567113 0.2208675 0.7377649 0.2487002 0.7647755 0.2287982 0.7589519 0.2450696 0.7410094 0.2317017 0.7809481 0.2177827 0.7749091 0.2287982 0.7589519 0.2048228 0.7534195 0.2208675 0.7377649 0.2269113 0.7567113 0.2017004 0.4263021 0.2075896 0.4122939 0.2239795 0.4227395 0.2295663 0.3989055 0.2463014 0.414983 0.2265605 0.4206314 0.2424567 0.438564 0.2265605 0.4206314 0.2463014 0.414983 0.2180343 0.4419152 0.2239795 0.4227395 0.2424567 0.438564 0.3299767 0.6555302 0.3396928 0.6486032 0.348215 0.6542806 0.3382839 0.6390258 0.3396928 0.6486032 0.3299767 0.6555302 0.348215 0.6542806 0.3396928 0.6486032 0.3382839 0.6390258 0.3280722 0.5231164 0.3378396 0.5297622 0.3366743 0.5392616 0.3461185 0.5239446 0.3378396 0.5297622 0.3280722 0.5231164 0.3366743 0.5392616 0.3378396 0.5297622 0.3461185 0.5239446 0.5494276 0.5231176 0.5397115 0.5300446 0.5311893 0.5243672 0.5411204 0.5396219 0.5397115 0.5300446 0.5494276 0.5231176 0.5311893 0.5243672 0.5397115 0.5300446 0.5411204 0.5396219 0.5513321 0.6555314 0.5415648 0.6488854 0.54273 0.639386 0.5332858 0.654703 0.5415648 0.6488854 0.5513321 0.6555314 0.54273 0.639386 0.5415648 0.6488854 0.5332858 0.654703 0.8493485 0.8152753 0.8468266 0.8305351 0.7505865 0.7960453 0.6946614 0.8511753 0.7312973 0.9461829 0.7161626 0.9490576 0.1998226 0.3245115 0.2295663 0.3989055 0.2157812 0.4048963 0.2075896 0.4122939 0.2017004 0.4263021 0.1261711 0.3978391 0.7129463 0.2266779 0.72821 0.2294229 0.6922657 0.325423 0.7462075 0.3802266 0.8412862 0.3437376 0.8441371 0.3588788 0.1664578 0.9519697 0.1511943 0.9492247 0.1871386 0.8532247 0.1331968 0.7984211 0.03811818 0.8349102 0.03526723 0.8197689 0.2629527 0.4313417 0.2463014 0.414983 0.340918 0.4144478 0.2463014 0.414983 0.2295663 0.3989055 0.3341339 0.3979653 0.6422433 0.4563691 0.6585369 0.4408828 0.6598809 0.5886016 0.6585369 0.4408828 0.6745815 0.4252282 0.6764436 0.588362 0.237161 0.7222785 0.2208675 0.7377649 0.2195233 0.5900461 0.2208675 0.7377649 0.2048228 0.7534195 0.2029607 0.5902857 0.6164516 0.7473059 0.6331028 0.7636646 0.5384865 0.7641999 0.6331028 0.7636646 0.6498379 0.7797421 0.5452705 0.7806823 0.7532331 0.7808086 0.7505865 0.7960453 0.6718147 0.7663537 0.663623 0.7737513 0.6946614 0.8511753 0.6795817 0.8541362 0.1632418 0.2295899 0.1998226 0.3245115 0.1847429 0.3274723 0.1288177 0.3826025 0.1261711 0.3978391 0.03005576 0.3633724 0.6770496 0.3225758 0.6922657 0.325423 0.6616217 0.4037386 0.6685222 0.4114201 0.7462075 0.3802266 0.7491703 0.3953322 0.2023546 0.8560718 0.1871386 0.8532247 0.2177827 0.7749091 0.210882 0.7672276 0.1331968 0.7984211 0.1302341 0.7833155 0.524652 0.4304715 0.4383262 0.4305156 0.4382319 0.4139978 0.5358126 0.4139367 0.4382319 0.4139978 0.4381217 0.3974733 0.644885 0.7213135 0.6434733 0.588842 0.6598809 0.5886016 0.66137 0.7367326 0.6598809 0.5886016 0.6764436 0.588362 0.2345193 0.4573342 0.235931 0.5898057 0.2195233 0.5900461 0.2180343 0.4419152 0.2195233 0.5900461 0.2029607 0.5902857 0.3547524 0.7481761 0.4410782 0.7481321 0.4411725 0.7646498 0.3435917 0.764711 0.4411725 0.7646498 0.4412826 0.7811743 0.3910306 0.6746122 0.4412556 0.6874733 0.4411908 0.7039468 0.3827012 0.6877803 0.4411908 0.7039468 0.4411395 0.7197182 0.3910306 0.6746122 0.3827012 0.6877803 0.348215 0.6542806 0.3827012 0.6877803 0.3729514 0.7012379 0.3430996 0.6718941 0.3397368 0.5889929 0.3542223 0.6378649 0.3382839 0.6390258 0.3243375 0.5892092 0.3382839 0.6390258 0.3217958 0.6388702 0.3397368 0.5889929 0.3243375 0.5892092 0.3366743 0.5392616 0.3243375 0.5892092 0.3080118 0.5893947 0.3204004 0.5399467 0.3883089 0.5038135 0.352434 0.5399056 0.3461185 0.5239446 0.3800337 0.4907072 0.3461185 0.5239446 0.3407539 0.5066094 0.3883089 0.5038135 0.3800337 0.4907072 0.4382135 0.4747008 0.3800337 0.4907072 0.370322 0.4773216 0.4382649 0.4589295 0.4883737 0.5040355 0.4381487 0.4911743 0.4382135 0.4747008 0.4967031 0.4908674 0.4382135 0.4747008 0.4382649 0.4589295 0.4883737 0.5040355 0.4967031 0.4908674 0.5311893 0.5243672 0.4967031 0.4908674 0.506453 0.4774098 0.5363047 0.5067535 0.5396676 0.5896548 0.5251821 0.5407828 0.5411204 0.5396219 0.555067 0.5894384 0.5411204 0.5396219 0.5576086 0.5397776 0.5396676 0.5896548 0.555067 0.5894384 0.54273 0.639386 0.555067 0.5894384 0.5713925 0.589253 0.559004 0.6387009 0.4910955 0.6748341 0.5269704 0.6387422 0.5332858 0.654703 0.4993706 0.6879404 0.5332858 0.654703 0.5386503 0.6720383 0.4910955 0.6748341 0.4993706 0.6879404 0.4411908 0.7039468 0.4993706 0.6879404 0.5090824 0.701326 0.4411395 0.7197182 0.237161 0.7222785 0.3217958 0.6388702 0.3299767 0.6555302 0.3299767 0.6555302 0.3430996 0.6718941 0.2655384 0.748399 0.2655384 0.748399 0.3547524 0.7481761 0.3435917 0.764711 0.2487002 0.7647755 0.3435917 0.764711 0.3369731 0.7812798 0.6422433 0.4563691 0.5576086 0.5397776 0.5494276 0.5231176 0.5494276 0.5231176 0.5363047 0.5067535 0.613866 0.4302487 0.3522589 0.4308461 0.340918 0.4144478 0.4382319 0.4139978 0.340918 0.4144478 0.3341339 0.3979653 0.4381217 0.3974733 0.613866 0.4302487 0.524652 0.4304715 0.5358126 0.4139367 0.630704 0.4138723 0.5358126 0.4139367 0.5424314 0.3973679 0.2345193 0.4573342 0.2424567 0.438564 0.3280722 0.5231164 0.3280722 0.5231164 0.2424567 0.438564 0.2629527 0.4313417 0.6164516 0.7473059 0.5386503 0.6720383 0.5513321 0.6555314 0.5513321 0.6555314 0.559004 0.6387009 0.644885 0.7213135 0.5271455 0.7478016 0.5384865 0.7641999 0.4411725 0.7646498 0.5384865 0.7641999 0.5452705 0.7806823 0.4412826 0.7811743 0.6486725 0.05699199 0.6486725 0.06870031 0.6343732 0.06870031 0.6205153 0.05699199 0.6343732 0.05699199 0.6343732 0.06870031 0.2560147 0.05699199 0.2560147 0.06870031 0.1610668 0.06870019 0.1329097 0.05699181 0.1467675 0.05699199 0.1467675 0.06870019 0.8667255 0.05699199 0.8667255 0.06870031 0.8528676 0.06870031 0.8385682 0.05699199 0.8528676 0.05699199 0.8528676 0.06870031 0.3509626 0.05699199 0.3652619 0.05699199 0.3652619 0.06870031 0.3791198 0.05699199 0.3791198 0.06870031 0.3652619 0.06870031 0.5271455 0.7478016 0.5090824 0.701326 0.5386503 0.6720383 0.9413247 0.9764308 0.9790078 0.9764308 0.9790078 0.9140624 0.9413247 0.9881181 0.9802355 0.9881181 0.9790078 0.9764308 0.9876317 0.9850545 0.9906952 0.9776583 0.9790078 0.9764308 0.9413247 0.9764308 0.9413247 0.9140624 0.9042969 0.9140624 0.8209621 0.8430702 0.8178985 0.8504664 0.8295859 0.851694 0.867269 0.851694 0.8295859 0.851694 0.8295859 0.9140624 0.9906952 0.9140624 0.9906952 0.8504664 0.9790078 0.851694 0.9876317 0.8430702 0.9802355 0.8400066 0.9790078 0.851694 0.867269 0.9881181 0.867269 0.9764308 0.8295859 0.9764308 0.9042969 0.8400066 0.9042969 0.851694 0.9413247 0.851694 0.9042969 0.9881181 0.9042969 0.9764308 0.867269 0.9764308 0.9042969 0.9764308 0.9042969 0.9140624 0.867269 0.9140624 0.8295859 0.9140624 0.8295859 0.9764308 0.867269 0.9764308 0.8178985 0.9140624 0.8178985 0.9776583 0.8295859 0.9764308 0.8209621 0.9850545 0.8283583 0.9881181 0.8295859 0.9764308 0.4392451 0.04357272 0.4392451 0.01133877 0.4998176 0.01133877 0.4998176 0.04357272 0.4998176 0.01133877 0.56039 0.01133877 0.4998176 0.05699199 0.4998176 0.06870031 0.4392451 0.06870031 0.9874231 0.05699205 0.9874231 0.06870031 0.9268507 0.06870031 0.8667255 0.01133882 0.8667255 0.04357278 0.8528676 0.04357278 0.6343732 0.04357278 0.6205153 0.04357278 0.6205153 0.01133877 0.6486725 0.01133877 0.6486725 0.04357278 0.6343732 0.04357278 0.1467675 0.04357266 0.1329097 0.04357266 0.1329096 0.01133865 0.1610668 0.01133871 0.1610668 0.04357266 0.1467675 0.04357266 0.1610668 0.04357266 0.1610668 0.01133871 0.2560147 0.01133871 0.3509626 0.04357266 0.2560147 0.04357266 0.2560147 0.01133871 0.9906952 0.9140624 0.9790078 0.9140624 0.9790078 0.9764308 0.6486725 0.04357278 0.6486725 0.01133877 0.7436203 0.01133877 0.3791198 0.04357266 0.3791198 0.01133871 0.4392451 0.01133877 0.8667255 0.04357278 0.8667255 0.01133882 0.9268507 0.01133882 0.1329097 0.04357266 0.07278448 0.04357266 0.07278442 0.01133865 0.6205153 0.04357278 0.56039 0.04357272 0.56039 0.01133877 0.1610668 0.05699199 0.1610668 0.06870019 0.1467675 0.06870019 0.3652619 0.04357266 0.3652619 0.01133871 0.3791198 0.01133871 0.8528676 0.04357278 0.8385682 0.04357278 0.8385682 0.01133877 0.9413247 0.9881181 0.9413247 0.9764308 0.9042969 0.9764308 0.9874231 0.04357278 0.9874231 0.05699205 0.9268507 0.05699199 0.4998176 0.04357272 0.4998176 0.05699199 0.4392451 0.05699199 0.56039 0.04357272 0.56039 0.05699199 0.4998176 0.05699199 0.07278448 0.04357266 0.07278448 0.05699199 0.01221203 0.05699181 0.8385682 0.04357278 0.8528676 0.04357278 0.8528676 0.05699199 0.8667255 0.04357278 0.8667255 0.05699199 0.8528676 0.05699199 0.6205153 0.04357278 0.6343732 0.04357278 0.6343732 0.05699199 0.6486725 0.04357278 0.6486725 0.05699199 0.6343732 0.05699199 0.1329097 0.04357266 0.1467675 0.04357266 0.1467675 0.05699199 0.1610668 0.04357266 0.1610668 0.05699199 0.1467675 0.05699199 0.3791198 0.04357266 0.3791198 0.05699199 0.3652619 0.05699199 0.3509626 0.04357266 0.3652619 0.04357266 0.3652619 0.05699199 0.7436203 0.04357278 0.8385682 0.04357278 0.8385682 0.05699199 0.9268507 0.04357278 0.9268507 0.05699199 0.8667255 0.05699199 0.56039 0.04357272 0.6205153 0.04357278 0.6205153 0.05699199 0.7436203 0.04357278 0.7436203 0.05699199 0.6486725 0.05699199 0.1329097 0.05699181 0.07278448 0.05699199 0.07278448 0.04357266 0.2560147 0.04357266 0.2560147 0.05699199 0.1610668 0.05699199 0.3509626 0.05699199 0.2560147 0.05699199 0.2560147 0.04357266 0.4392451 0.04357272 0.4392451 0.05699199 0.3791198 0.05699199 0.01221203 0.04357266 0.01221209 0.01133865 0.07278442 0.01133865</float_array>
          <technique_common>
            <accessor source="#Cube-mesh-map-0-array" count="1500" stride="2">
              <param name="S" type="float"/>
              <param name="T" type="float"/>
            </accessor>
          </technique_common>
        </source>
        <vertices id="Cube-mesh-vertices">
          <input semantic="POSITION" source="#Cube-mesh-positions"/>
        </vertices>
        <triangles material="taxiupfits_general_small_01a-material" count="500">
          <input semantic="VERTEX" source="#Cube-mesh-vertices" offset="0"/>
          <input semantic="NORMAL" source="#Cube-mesh-normals" offset="1"/>
          <input semantic="TEXCOORD" source="#Cube-mesh-map-0" offset="2" set="0"/>
          <p>151 0 0 115 1 1 67 2 2 160 3 3 104 4 4 101 5 5 219 6 6 186 7 7 213 8 8 157 9 9 130 10 10 127 11 11 40 12 12 2 13 13 75 14 14 222 15 15 198 16 16 229 17 17 7 18 18 186 19 19 190 20 20 95 21 21 147 22 22 154 23 23 216 24 24 201 25 25 235 26 26 216 24 27 196 27 28 209 7 29 90 28 30 140 29 31 137 30 32 105 31 33 93 32 34 111 33 35 131 34 36 90 28 37 137 30 38 65 35 39 4 36 40 77 37 41 208 38 42 249 39 43 245 40 44 187 41 45 78 42 46 206 43 47 114 44 48 93 32 49 68 45 50 224 46 51 206 47 52 247 48 53 10 49 54 188 50 55 189 51 56 86 52 57 121 53 58 151 0 59 9 54 60 66 55 61 78 42 62 186 19 63 6 56 64 185 57 65 4 36 66 59 58 67 83 59 68 0 60 69 83 59 70 204 61 71 227 62 72 210 63 73 171 64 74 188 50 75 9 54 76 187 41 77 221 65 78 199 66 79 189 7 80 75 14 81 209 67 82 196 68 83 5 69 84 150 70 85 9 54 86 219 6 87 202 71 88 190 7 89 6 56 90 41 72 91 74 73 92 2 13 93 50 74 94 80 75 95 58 76 96 7 18 97 84 77 98 209 67 99 80 75 100 201 78 101 84 77 102 190 20 103 202 79 104 81 80 105 189 51 106 199 81 107 49 82 108 10 49 109 81 80 110 98 83 111 28 84 112 26 85 113 185 57 114 74 73 115 198 86 116 95 21 117 101 5 118 99 87 119 156 88 120 5 69 121 10 49 122 159 89 123 1 18 124 7 18 125 1 18 126 153 90 127 6 56 128 251 91 129 207 92 130 0 7 131 194 93 132 183 94 133 168 95 134 12 96 135 173 96 136 13 96 137 211 97 138 182 98 139 208 99 140 11 100 141 180 96 142 193 96 143 174 96 144 176 96 145 14 96 146 14 96 147 180 96 148 12 96 149 221 65 150 188 7 151 215 101 152 86 52 153 127 11 154 124 102 155 77 37 156 0 60 157 207 103 158 223 104 159 192 105 160 212 106 161 15 107 162 132 108 163 17 109 164 3 110 165 16 111 166 8 112 167 19 113 168 8 112 169 16 111 170 132 108 171 20 114 172 17 109 173 15 107 174 18 115 175 16 111 176 19 113 177 16 111 178 18 115 179 138 116 180 22 117 181 20 114 182 17 109 183 21 118 184 18 115 185 19 113 186 18 115 187 21 118 188 142 119 189 24 120 190 22 117 191 20 114 192 23 121 193 21 118 194 19 113 195 21 118 196 23 121 197 11 100 198 182 98 199 173 96 200 22 117 201 25 122 202 23 121 203 19 113 204 23 121 205 25 122 206 102 123 207 30 124 208 28 84 209 25 122 210 26 85 211 27 125 212 19 113 213 25 122 214 27 125 215 148 126 216 26 85 217 24 120 218 26 85 219 29 127 220 27 125 221 19 113 222 27 125 223 29 127 224 106 128 225 32 129 226 30 124 227 28 84 228 31 130 229 29 127 230 19 113 231 29 127 232 31 130 233 112 131 234 34 132 235 32 129 236 30 124 237 33 133 238 31 130 239 19 113 240 31 130 241 33 133 242 116 134 243 36 135 244 34 132 245 33 133 246 34 132 247 35 136 248 19 113 249 33 133 250 35 136 251 122 137 252 3 110 253 36 135 254 35 136 255 36 135 256 37 138 257 19 113 258 35 136 259 37 138 260 125 139 261 15 107 262 3 110 263 37 138 264 3 110 265 8 112 266 19 113 267 37 138 268 8 112 269 42 140 270 46 141 271 38 142 272 44 143 273 42 140 274 39 144 275 40 12 276 43 145 277 44 143 278 41 72 279 43 145 280 45 146 281 51 147 282 55 148 283 47 149 284 53 150 285 51 147 286 48 151 287 49 82 288 52 152 289 53 150 290 50 74 291 52 152 292 54 153 293 60 154 294 64 155 295 56 156 296 62 157 297 60 154 298 57 158 299 58 76 300 61 159 301 62 157 302 59 58 303 61 159 304 63 160 305 65 35 306 70 161 307 73 162 308 66 55 309 70 161 310 69 163 311 72 164 312 71 165 313 67 2 314 73 162 315 72 164 316 68 45 317 107 166 318 110 167 319 104 4 320 109 168 321 107 166 322 105 31 323 110 167 324 109 168 325 106 128 326 117 169 327 120 170 328 114 44 329 119 171 330 117 169 331 115 1 332 120 170 333 119 171 334 116 134 335 133 172 336 136 173 337 130 10 338 135 174 339 133 172 340 131 34 341 136 173 342 135 174 343 132 108 344 143 175 345 146 176 346 140 29 347 145 177 348 143 175 349 141 178 350 146 176 351 145 177 352 142 119 353 196 68 354 76 179 355 75 14 356 76 179 357 198 86 358 74 73 359 78 42 360 69 163 361 79 180 362 69 163 363 77 37 364 79 180 365 199 81 366 82 181 367 81 80 368 82 181 369 201 78 370 80 75 371 202 79 372 85 182 373 84 77 374 85 182 375 204 61 376 83 59 377 67 2 378 152 183 379 151 0 380 71 165 381 150 70 382 152 183 383 47 149 384 91 184 385 90 28 386 55 148 387 89 185 388 91 184 389 56 156 390 94 186 391 93 32 392 64 155 393 92 187 394 94 186 395 38 142 396 155 188 397 154 23 398 46 141 399 153 90 400 155 188 401 75 14 402 45 146 403 40 12 404 45 146 405 74 73 406 41 72 407 206 43 408 79 180 409 205 189 410 79 180 411 207 103 412 205 189 413 81 80 414 54 153 415 49 82 416 54 153 417 80 75 418 50 74 419 84 77 420 63 160 421 58 76 422 63 160 423 83 59 424 59 58 425 157 9 426 88 190 427 158 191 428 158 191 429 87 192 430 156 88 431 39 144 432 91 184 433 44 143 434 44 143 435 89 185 436 40 12 437 68 45 438 94 186 439 73 162 440 73 162 441 92 187 442 65 35 443 160 3 444 97 193 445 161 194 446 161 194 447 96 195 448 159 89 449 102 123 450 100 196 451 103 197 452 103 197 453 99 87 454 101 5 455 102 123 456 110 167 457 106 128 458 103 197 459 104 4 460 110 167 461 112 131 462 109 168 463 113 198 464 113 198 465 105 31 466 111 33 467 112 131 468 120 170 469 116 134 470 113 198 471 114 44 472 120 170 473 122 137 474 119 171 475 123 199 476 123 199 477 115 1 478 121 53 479 122 137 480 126 200 481 125 139 482 123 199 483 124 102 484 126 200 485 128 201 486 126 200 487 129 202 488 129 202 489 124 102 490 127 11 491 128 201 492 136 173 493 132 108 494 129 202 495 130 10 496 136 173 497 138 116 498 135 174 499 139 203 500 139 203 501 131 34 502 137 30 503 138 116 504 146 176 505 142 119 506 139 203 507 140 29 508 146 176 509 148 126 510 145 177 511 149 204 512 149 204 513 141 178 514 147 22 515 148 126 516 100 196 517 98 83 518 149 204 519 99 87 520 100 196 521 56 156 522 107 166 523 60 154 524 107 166 525 57 158 526 60 154 527 57 158 528 161 194 529 62 157 530 62 157 531 159 89 532 58 76 533 47 149 534 133 172 535 51 147 536 133 172 537 48 151 538 51 147 539 151 0 540 88 190 541 86 52 542 152 183 543 87 192 544 88 190 545 48 151 546 158 191 547 53 150 548 53 150 549 156 88 550 49 82 551 68 45 552 117 169 553 114 44 554 117 169 555 67 2 556 115 1 557 38 142 558 143 175 559 42 140 560 143 175 561 39 144 562 42 140 563 154 23 564 97 193 565 95 21 566 155 188 567 96 195 568 97 193 569 235 26 570 200 205 571 237 206 572 232 207 573 200 205 574 199 66 575 251 91 576 204 208 577 241 209 578 238 210 579 203 211 580 202 71 581 229 17 582 197 212 583 231 213 584 226 214 585 197 212 586 196 27 587 244 215 588 205 216 589 207 92 590 247 48 591 205 216 592 248 217 593 154 23 594 141 178 595 38 142 596 177 96 597 174 96 598 14 96 599 191 218 600 181 219 601 177 96 602 172 220 603 181 219 604 170 221 605 177 96 606 12 96 607 175 96 608 163 222 609 182 98 610 162 223 611 173 96 612 178 96 613 13 96 614 210 224 615 183 94 616 174 96 617 169 225 618 183 94 619 167 226 620 195 227 621 184 228 622 165 229 623 193 96 624 176 96 625 194 93 626 192 96 627 179 96 628 195 227 629 175 96 630 13 96 631 179 96 632 178 96 633 179 96 634 13 96 635 211 97 636 184 228 637 178 96 638 166 230 639 184 228 640 164 231 641 225 232 642 193 233 643 214 234 644 214 234 645 194 235 646 220 236 647 215 101 648 187 7 649 224 46 650 213 8 651 185 7 652 222 15 653 170 237 654 230 238 655 172 239 656 236 240 657 168 241 658 169 242 659 167 243 660 236 240 661 169 242 662 242 244 663 165 245 664 166 246 665 164 247 666 242 244 667 166 246 668 240 248 669 211 249 670 250 250 671 245 40 672 211 249 673 208 38 674 210 224 675 181 219 676 171 251 677 234 252 678 210 63 679 217 253 680 246 254 681 11 255 682 225 232 683 228 256 684 191 105 685 223 104 686 239 257 687 195 105 688 165 245 689 233 258 690 194 235 691 168 241 692 241 209 693 203 211 694 243 259 695 249 39 696 162 260 697 246 254 698 230 238 699 171 64 700 172 239 701 191 218 702 175 96 703 192 96 704 212 106 705 222 15 706 223 104 707 214 234 708 224 46 709 225 232 710 220 236 711 215 101 712 214 234 713 218 261 714 213 8 715 212 106 716 227 62 717 231 213 718 226 214 719 228 256 720 231 213 721 230 238 722 233 258 723 237 206 724 232 207 725 234 252 726 237 206 727 236 240 728 239 257 729 243 259 730 238 210 731 240 248 732 243 259 733 242 244 734 246 254 735 248 217 736 249 39 737 245 40 738 248 217 739 244 215 740 217 253 741 226 214 742 216 24 743 223 104 744 229 17 745 228 256 746 220 236 747 232 207 748 221 65 749 217 253 750 235 26 751 234 252 752 238 210 753 218 261 754 239 257 755 250 250 756 241 209 757 240 248 758 244 215 759 250 250 760 245 40 761 225 232 762 247 48 763 246 254 764 212 106 765 195 105 766 218 261 767 151 0 768 121 53 769 115 1 770 160 3 771 57 158 772 104 4 773 219 6 774 190 7 775 186 7 776 157 9 777 48 151 778 130 10 779 40 12 780 89 185 781 2 13 782 222 15 783 185 7 784 198 16 785 7 18 786 1 18 787 186 19 788 95 21 789 99 87 790 147 22 791 216 24 792 209 7 793 201 25 794 216 24 795 226 214 796 196 27 797 90 28 798 39 144 799 140 29 800 105 31 801 56 156 802 93 32 803 131 34 804 47 149 805 90 28 806 65 35 807 92 187 808 4 36 809 208 38 810 163 262 811 249 39 812 187 41 813 9 54 814 78 42 815 114 44 816 111 33 817 93 32 818 224 46 819 187 7 820 206 47 821 10 49 822 5 69 823 188 50 824 86 52 825 124 102 826 121 53 827 9 54 828 150 70 829 66 55 830 186 19 831 1 18 832 6 56 833 4 36 834 92 187 835 59 58 836 0 60 837 4 36 838 83 59 839 227 62 840 217 253 841 210 63 842 188 50 843 5 69 844 9 54 845 221 65 846 232 207 847 199 66 848 75 14 849 2 13 850 209 67 851 5 69 852 87 192 853 150 70 854 219 6 855 238 210 856 202 71 857 6 56 858 153 90 859 41 72 860 2 13 861 89 185 862 50 74 863 58 76 864 159 89 865 7 18 866 209 67 867 2 13 868 80 75 869 84 77 870 7 18 871 190 20 872 81 80 873 10 49 874 189 51 875 49 82 876 156 88 877 10 49 878 98 83 879 102 123 880 28 84 881 185 57 882 6 56 883 74 73 884 95 21 885 160 3 886 101 5 887 156 88 888 87 192 889 5 69 890 159 89 891 96 195 892 1 18 893 1 18 894 96 195 895 153 90 896 251 91 897 244 215 898 207 92 899 194 93 900 176 96 901 183 94 902 12 96 903 180 96 904 173 96 905 211 97 906 178 96 907 182 98 908 11 100 909 173 96 910 180 96 911 174 96 912 183 94 913 176 96 914 14 96 915 176 96 916 180 96 917 221 65 918 189 7 919 188 7 920 86 52 921 157 9 922 127 11 923 77 37 924 4 36 925 0 60 926 223 104 927 191 105 928 192 105 929 15 107 930 128 201 931 132 108 932 3 110 933 15 107 934 16 111 935 132 108 936 138 116 937 20 114 938 15 107 939 17 109 940 18 115 941 138 116 942 142 119 943 22 117 944 17 109 945 20 114 946 21 118 947 142 119 948 148 126 949 24 120 950 20 114 951 22 117 952 23 121 953 11 100 954 162 223 955 182 98 956 22 117 957 24 120 958 25 122 959 102 123 960 106 128 961 30 124 962 25 122 963 24 120 964 26 85 965 148 126 966 98 83 967 26 85 968 26 85 969 28 84 970 29 127 971 106 128 972 112 131 973 32 129 974 28 84 975 30 124 976 31 130 977 112 131 978 116 134 979 34 132 980 30 124 981 32 129 982 33 133 983 116 134 984 122 137 985 36 135 986 33 133 987 32 129 988 34 132 989 122 137 990 125 139 991 3 110 992 35 136 993 34 132 994 36 135 995 125 139 996 128 201 997 15 107 998 37 138 999 36 135 1000 3 110 1001 42 140 1002 43 145 1003 46 141 1004 44 143 1005 43 145 1006 42 140 1007 40 12 1008 45 146 1009 43 145 1010 41 72 1011 46 141 1012 43 145 1013 51 147 1014 52 152 1015 55 148 1016 53 150 1017 52 152 1018 51 147 1019 49 82 1020 54 153 1021 52 152 1022 50 74 1023 55 148 1024 52 152 1025 60 154 1026 61 159 1027 64 155 1028 62 157 1029 61 159 1030 60 154 1031 58 76 1032 63 160 1033 61 159 1034 59 58 1035 64 155 1036 61 159 1037 65 35 1038 69 163 1039 70 161 1040 66 55 1041 71 165 1042 70 161 1043 72 164 1044 70 161 1045 71 165 1046 73 162 1047 70 161 1048 72 164 1049 107 166 1050 108 263 1051 110 167 1052 109 168 1053 108 263 1054 107 166 1055 110 167 1056 108 263 1057 109 168 1058 117 169 1059 118 264 1060 120 170 1061 119 171 1062 118 264 1063 117 169 1064 120 170 1065 118 264 1066 119 171 1067 133 172 1068 134 265 1069 136 173 1070 135 174 1071 134 265 1072 133 172 1073 136 173 1074 134 265 1075 135 174 1076 143 175 1077 144 266 1078 146 176 1079 145 177 1080 144 266 1081 143 175 1082 146 176 1083 144 266 1084 145 177 1085 196 68 1086 197 267 1087 76 179 1088 76 179 1089 197 267 1090 198 86 1091 78 42 1092 66 55 1093 69 163 1094 69 163 1095 65 35 1096 77 37 1097 199 81 1098 200 268 1099 82 181 1100 82 181 1101 200 268 1102 201 78 1103 202 79 1104 203 269 1105 85 182 1106 85 182 1107 203 269 1108 204 61 1109 67 2 1110 71 165 1111 152 183 1112 71 165 1113 66 55 1114 150 70 1115 47 149 1116 55 148 1117 91 184 1118 55 148 1119 50 74 1120 89 185 1121 56 156 1122 64 155 1123 94 186 1124 64 155 1125 59 58 1126 92 187 1127 38 142 1128 46 141 1129 155 188 1130 46 141 1131 41 72 1132 153 90 1133 75 14 1134 76 179 1135 45 146 1136 45 146 1137 76 179 1138 74 73 1139 206 43 1140 78 42 1141 79 180 1142 79 180 1143 77 37 1144 207 103 1145 81 80 1146 82 181 1147 54 153 1148 54 153 1149 82 181 1150 80 75 1151 84 77 1152 85 182 1153 63 160 1154 63 160 1155 85 182 1156 83 59 1157 157 9 1158 86 52 1159 88 190 1160 158 191 1161 88 190 1162 87 192 1163 39 144 1164 90 28 1165 91 184 1166 44 143 1167 91 184 1168 89 185 1169 68 45 1170 93 32 1171 94 186 1172 73 162 1173 94 186 1174 92 187 1175 160 3 1176 95 21 1177 97 193 1178 161 194 1179 97 193 1180 96 195 1181 102 123 1182 98 83 1183 100 196 1184 103 197 1185 100 196 1186 99 87 1187 102 123 1188 103 197 1189 110 167 1190 103 197 1191 101 5 1192 104 4 1193 112 131 1194 106 128 1195 109 168 1196 113 198 1197 109 168 1198 105 31 1199 112 131 1200 113 198 1201 120 170 1202 113 198 1203 111 33 1204 114 44 1205 122 137 1206 116 134 1207 119 171 1208 123 199 1209 119 171 1210 115 1 1211 122 137 1212 123 199 1213 126 200 1214 123 199 1215 121 53 1216 124 102 1217 128 201 1218 125 139 1219 126 200 1220 129 202 1221 126 200 1222 124 102 1223 128 201 1224 129 202 1225 136 173 1226 129 202 1227 127 11 1228 130 10 1229 138 116 1230 132 108 1231 135 174 1232 139 203 1233 135 174 1234 131 34 1235 138 116 1236 139 203 1237 146 176 1238 139 203 1239 137 30 1240 140 29 1241 148 126 1242 142 119 1243 145 177 1244 149 204 1245 145 177 1246 141 178 1247 148 126 1248 149 204 1249 100 196 1250 149 204 1251 147 22 1252 99 87 1253 56 156 1254 105 31 1255 107 166 1256 107 166 1257 104 4 1258 57 158 1259 57 158 1260 160 3 1261 161 194 1262 62 157 1263 161 194 1264 159 89 1265 47 149 1266 131 34 1267 133 172 1268 133 172 1269 130 10 1270 48 151 1271 151 0 1272 152 183 1273 88 190 1274 152 183 1275 150 70 1276 87 192 1277 48 151 1278 157 9 1279 158 191 1280 53 150 1281 158 191 1282 156 88 1283 68 45 1284 72 164 1285 117 169 1286 117 169 1287 72 164 1288 67 2 1289 38 142 1290 141 178 1291 143 175 1292 143 175 1293 140 29 1294 39 144 1295 154 23 1296 155 188 1297 97 193 1298 155 188 1299 153 90 1300 96 195 1301 235 26 1302 201 25 1303 200 205 1304 232 207 1305 237 206 1306 200 205 1307 251 91 1308 0 7 1309 204 208 1310 238 210 1311 243 259 1312 203 211 1313 229 17 1314 198 16 1315 197 212 1316 226 214 1317 231 213 1318 197 212 1319 244 215 1320 248 217 1321 205 216 1322 247 48 1323 206 47 1324 205 216 1325 154 23 1326 147 22 1327 141 178 1328 177 96 1329 181 219 1330 174 96 1331 191 218 1332 170 221 1333 181 219 1334 172 220 1335 171 251 1336 181 219 1337 177 96 1338 14 96 1339 12 96 1340 163 222 1341 208 99 1342 182 98 1343 173 96 1344 182 98 1345 178 96 1346 210 224 1347 167 226 1348 183 94 1349 169 225 1350 168 95 1351 183 94 1352 195 227 1353 179 96 1354 184 228 1355 193 96 1356 180 96 1357 176 96 1358 192 96 1359 175 96 1360 179 96 1361 175 96 1362 12 96 1363 13 96 1364 178 96 1365 184 228 1366 179 96 1367 211 97 1368 164 231 1369 184 228 1370 166 230 1371 165 229 1372 184 228 1373 225 232 1374 11 255 1375 193 233 1376 214 234 1377 193 233 1378 194 235 1379 215 101 1380 188 7 1381 187 7 1382 213 8 1383 186 7 1384 185 7 1385 170 237 1386 228 256 1387 230 238 1388 236 240 1389 233 258 1390 168 241 1391 167 243 1392 234 252 1393 236 240 1394 242 244 1395 239 257 1396 165 245 1397 164 247 1398 240 248 1399 242 244 1400 240 248 1401 164 247 1402 211 249 1403 245 40 1404 250 250 1405 211 249 1406 210 224 1407 174 96 1408 181 219 1409 234 252 1410 167 243 1411 210 63 1412 246 254 1413 162 260 1414 11 255 1415 228 256 1416 170 237 1417 191 105 1418 239 257 1419 218 261 1420 195 105 1421 233 258 1422 220 236 1423 194 235 1424 241 209 1425 204 208 1426 203 211 1427 249 39 1428 163 262 1429 162 260 1430 230 238 1431 227 62 1432 171 64 1433 191 218 1434 177 96 1435 175 96 1436 212 106 1437 213 8 1438 222 15 1439 214 234 1440 215 101 1441 224 46 1442 220 236 1443 221 65 1444 215 101 1445 218 261 1446 219 6 1447 213 8 1448 227 62 1449 230 238 1450 231 213 1451 228 256 1452 229 17 1453 231 213 1454 233 258 1455 236 240 1456 237 206 1457 234 252 1458 235 26 1459 237 206 1460 239 257 1461 242 244 1462 243 259 1463 240 248 1464 241 209 1465 243 259 1466 246 254 1467 247 48 1468 248 217 1469 245 40 1470 249 39 1471 248 217 1472 217 253 1473 227 62 1474 226 214 1475 223 104 1476 222 15 1477 229 17 1478 220 236 1479 233 258 1480 232 207 1481 217 253 1482 216 24 1483 235 26 1484 238 210 1485 219 6 1486 218 261 1487 250 250 1488 251 91 1489 241 209 1490 244 215 1491 251 91 1492 250 250 1493 225 232 1494 224 46 1495 247 48 1496 212 106 1497 192 105 1498 195 105 1499</p>
        </triangles>
      </mesh>
    </geometry>
  </library_geometries>
  <library_visual_scenes>
    <visual_scene id="Scene" name="Scene">
      <node id="taxiupfits_general_small_01b" name="taxiupfits_general_small_01b" type="NODE">
        <matrix sid="transform">1 0 0 0 0 1 0 0 0 0 1 0 0 0 0 1</matrix>
        <instance_geometry url="#Cube_001-mesh" name="taxiupfits_general_small_01b">
          <bind_material>
            <technique_common>
              <instance_material symbol="taxiupfits_general_small_01a-material" target="#taxiupfits_general_small_01a-material">
                <bind_vertex_input semantic="UVMap" input_semantic="TEXCOORD" input_set="0"/>
              </instance_material>
            </technique_common>
          </bind_material>
        </instance_geometry>
      </node>
      <node id="Camera" name="Camera" type="NODE">
        <matrix sid="transform">0.6859207 -0.3240135 0.6515582 7.358891 0.7276763 0.3054208 -0.6141704 -6.925791 0 0.8953956 0.4452714 4.958309 0 0 0 1</matrix>
        <instance_camera url="#Camera-camera"/>
      </node>
      <node id="Light" name="Light" type="NODE">
        <matrix sid="transform">-0.2908646 -0.7711008 0.5663932 4.076245 0.9551712 -0.1998834 0.2183912 1.005454 -0.05518906 0.6045247 0.7946723 5.903862 0 0 0 1</matrix>
        <instance_light url="#Light-light"/>
      </node>
      <node id="taxiupfits_general_small_01a" name="taxiupfits_general_small_01a" type="NODE">
        <matrix sid="transform">1 0 0 0 0 1 0 0 0 0 1 0 0 0 0 1</matrix>
        <instance_geometry url="#Cube-mesh" name="taxiupfits_general_small_01a">
          <bind_material>
            <technique_common>
              <instance_material symbol="taxiupfits_general_small_01a-material" target="#taxiupfits_general_small_01a-material">
                <bind_vertex_input semantic="UVMap" input_semantic="TEXCOORD" input_set="0"/>
              </instance_material>
            </technique_common>
          </bind_material>
        </instance_geometry>
      </node>
    </visual_scene>
  </library_visual_scenes>
  <scene>
    <instance_visual_scene url="#Scene"/>
  </scene>
</COLLADA>