<?xml version="1.0" encoding="utf-8"?>
<COLLADA xmlns="http://www.collada.org/2005/11/COLLADASchema" version="1.4.1" xmlns:xsi="http://www.w3.org/2001/XMLSchema-instance">
  <asset>
    <contributor>
      <author>Blender User</author>
      <authoring_tool>Blender 3.4.1 commit date:2022-12-19, commit time:17:00, hash:55485cb379f7</authoring_tool>
    </contributor>
    <created>2023-07-02T11:52:33</created>
    <modified>2023-07-02T11:52:33</modified>
    <unit name="meter" meter="1"/>
    <up_axis>Z_UP</up_axis>
  </asset>
  <library_cameras>
    <camera id="Camera-camera" name="Camera">
      <optics>
        <technique_common>
          <perspective>
            <xfov sid="xfov">39.59775</xfov>
            <aspect_ratio>1.777778</aspect_ratio>
            <znear sid="znear">0.1</znear>
            <zfar sid="zfar">100</zfar>
          </perspective>
        </technique_common>
      </optics>
      <extra>
        <technique profile="blender">
          <shiftx sid="shiftx" type="float">0</shiftx>
          <shifty sid="shifty" type="float">0</shifty>
          <dof_distance sid="dof_distance" type="float">10</dof_distance>
        </technique>
      </extra>
    </camera>
  </library_cameras>
  <library_lights>
    <light id="Light-light" name="Light">
      <technique_common>
        <point>
          <color sid="color">1000 1000 1000</color>
          <constant_attenuation>1</constant_attenuation>
          <linear_attenuation>0</linear_attenuation>
          <quadratic_attenuation>0.00111109</quadratic_attenuation>
        </point>
      </technique_common>
      <extra>
        <technique profile="blender">
          <type sid="type" type="int">0</type>
          <flag sid="flag" type="int">0</flag>
          <mode sid="mode" type="int">1</mode>
          <gamma sid="blender_gamma" type="float">1</gamma>
          <red sid="red" type="float">1</red>
          <green sid="green" type="float">1</green>
          <blue sid="blue" type="float">1</blue>
          <shadow_r sid="blender_shadow_r" type="float">0</shadow_r>
          <shadow_g sid="blender_shadow_g" type="float">0</shadow_g>
          <shadow_b sid="blender_shadow_b" type="float">0</shadow_b>
          <energy sid="blender_energy" type="float">1000</energy>
          <dist sid="blender_dist" type="float">29.99998</dist>
          <spotsize sid="spotsize" type="float">75</spotsize>
          <spotblend sid="spotblend" type="float">0.15</spotblend>
          <att1 sid="att1" type="float">0</att1>
          <att2 sid="att2" type="float">1</att2>
          <falloff_type sid="falloff_type" type="int">2</falloff_type>
          <clipsta sid="clipsta" type="float">0.04999995</clipsta>
          <clipend sid="clipend" type="float">30.002</clipend>
          <bias sid="bias" type="float">1</bias>
          <soft sid="soft" type="float">3</soft>
          <bufsize sid="bufsize" type="int">2880</bufsize>
          <samp sid="samp" type="int">3</samp>
          <buffers sid="buffers" type="int">1</buffers>
          <area_shape sid="area_shape" type="int">1</area_shape>
          <area_size sid="area_size" type="float">0.1</area_size>
          <area_sizey sid="area_sizey" type="float">0.1</area_sizey>
          <area_sizez sid="area_sizez" type="float">1</area_sizez>
        </technique>
      </extra>
    </light>
  </library_lights>
  <library_effects>
    <effect id="tire_01a_old-effect">
      <profile_COMMON>
        <technique sid="common">
          <lambert>
            <emission>
              <color sid="emission">0 0 0 1</color>
            </emission>
            <diffuse>
              <color sid="diffuse">0.588235 0.588235 0.588235 1</color>
            </diffuse>
            <reflectivity>
              <float sid="specular">1</float>
            </reflectivity>
            <index_of_refraction>
              <float sid="ior">1.45</float>
            </index_of_refraction>
          </lambert>
        </technique>
      </profile_COMMON>
    </effect>
    <effect id="tire_01a-effect">
      <profile_COMMON>
        <technique sid="common">
          <lambert>
            <emission>
              <color sid="emission">0 0 0 1</color>
            </emission>
            <diffuse>
              <color sid="diffuse">0.588235 0.588235 0.588235 1</color>
            </diffuse>
            <reflectivity>
              <float sid="specular">1</float>
            </reflectivity>
            <index_of_refraction>
              <float sid="ior">1.45</float>
            </index_of_refraction>
          </lambert>
        </technique>
      </profile_COMMON>
    </effect>
  </library_effects>
  <library_images/>
  <library_materials>
    <material id="tire_01a_old-material" name="tire_01a_old">
      <instance_effect url="#tire_01a_old-effect"/>
    </material>
    <material id="tire_01a-material" name="tire_01a">
      <instance_effect url="#tire_01a-effect"/>
    </material>
  </library_materials>
  <library_geometries>
    <geometry id="Cylinder-mesh" name="Cylinder">
      <mesh>
        <source id="Cylinder-mesh-positions">
          <float_array id="Cylinder-mesh-positions-array" count="192">-0.08889997 0.1905 0 0.08889997 0.1905 0 -0.08889997 0.1868395 -0.03716468 0.08889997 0.1868395 -0.03716468 -0.08889997 0.175999 -0.07290118 0.08889997 0.175999 -0.07290118 -0.08889997 0.1583949 -0.1058361 0.08889997 0.1583949 -0.1058361 -0.08889997 0.1347038 -0.1347038 0.08889997 0.1347038 -0.1347038 -0.08889997 0.1058361 -0.1583949 0.08889997 0.1058361 -0.1583949 -0.08889997 0.07290118 -0.175999 0.08889997 0.07290118 -0.175999 -0.08890002 0.03716468 -0.1868396 0.08889997 0.03716468 -0.1868396 -0.08890002 0 -0.1905 0.08889997 0 -0.1905 -0.08890002 -0.03716468 -0.1868396 0.08889997 -0.03716468 -0.1868396 -0.08889997 -0.07290118 -0.175999 0.08889997 -0.07290118 -0.175999 -0.08889997 -0.1058361 -0.1583949 0.08889997 -0.1058361 -0.1583949 -0.08889997 -0.1347038 -0.1347038 0.08889997 -0.1347038 -0.1347038 -0.08889997 -0.1583949 -0.1058361 0.08889997 -0.1583949 -0.1058361 -0.08889997 -0.175999 -0.07290118 0.08889997 -0.175999 -0.07290118 -0.08889997 -0.1868395 -0.03716468 0.08889997 -0.1868395 -0.03716468 -0.08889997 -0.1905 0 0.08889997 -0.1905 0 -0.08889997 -0.1868395 0.03716468 0.08889997 -0.1868395 0.03716468 -0.08889997 -0.175999 0.07290118 0.08889997 -0.175999 0.07290118 -0.08889997 -0.1583949 0.1058361 0.08889997 -0.1583949 0.1058361 -0.08889997 -0.1347038 0.1347038 0.08889997 -0.1347038 0.1347038 -0.08889997 -0.1058361 0.1583949 0.08889997 -0.1058361 0.1583949 -0.08889997 -0.07290118 0.175999 0.08889997 -0.07290118 0.175999 -0.08889997 -0.03716468 0.1868396 0.08889997 -0.03716468 0.1868396 -0.08889997 0 0.1905 0.08889997 0 0.1905 -0.08889997 0.03716468 0.1868396 0.08889997 0.03716468 0.1868396 -0.08889997 0.07290118 0.175999 0.08889997 0.07290118 0.175999 -0.08889997 0.1058361 0.1583949 0.08889997 0.1058361 0.1583949 -0.08889997 0.1347038 0.1347038 0.08889997 0.1347038 0.1347038 -0.08889997 0.1583949 0.1058361 0.08889997 0.1583949 0.1058361 -0.08889997 0.175999 0.07290118 0.08889997 0.175999 0.07290118 -0.08889997 0.1868395 0.03716468 0.08889997 0.1868395 0.03716468</float_array>
          <technique_common>
            <accessor source="#Cylinder-mesh-positions-array" count="64" stride="3">
              <param name="X" type="float"/>
              <param name="Y" type="float"/>
              <param name="Z" type="float"/>
            </accessor>
          </technique_common>
        </source>
        <source id="Cylinder-mesh-normals">
          <float_array id="Cylinder-mesh-normals-array" count="300">0 0.9951847 -0.09801763 0 0.9569404 -0.2902848 0 0.8819213 -0.4713968 0 0.7730105 -0.6343933 0 0.6343936 -0.7730102 0 0.4713968 -0.8819214 0 0.2902847 -0.9569404 0 0.09801733 -0.9951848 0 -0.09801733 -0.9951848 -1.40262e-7 -0.2902847 -0.9569404 0 -0.4713965 -0.8819214 0 -0.6343933 -0.7730104 0 -0.7730102 -0.6343936 0 -0.8819213 -0.4713968 0 -0.9569404 -0.2902848 0 -0.9951848 -0.0980165 0 -0.9951848 0.09801763 0 -0.9569403 0.2902849 0 -0.8819215 0.4713963 0 -0.7730104 0.6343933 0 -0.6343936 0.7730102 0 -0.4713968 0.8819214 0 -0.2902851 0.9569402 0 -0.0980165 0.9951848 0 0.0980165 0.9951848 1.40262e-7 0.2902851 0.9569403 0 0.4713965 0.8819214 0 0.6343933 0.7730104 0 0.7730104 0.6343933 0 0.8819214 0.4713965 1 0 0 0 0.9569403 0.2902849 0 0.9951848 0.0980165 -1 0 0 0 0.9951848 -0.0980165 0 0.9569404 -0.2902848 0 0.8819215 -0.4713963 0 0.7730102 -0.6343938 0 0.6343933 -0.7730104 0 0.4713966 -0.8819214 -1.40262e-7 0.2902851 -0.9569403 0 0.0980165 -0.9951848 0 -0.0980165 -0.9951848 0 -0.2902851 -0.9569402 0 -0.4713968 -0.8819212 0 -0.6343936 -0.7730102 0 -0.7730104 -0.6343934 0 -0.8819214 -0.4713965 0 -0.9569404 -0.2902848 0 -0.9951847 -0.09801757 0 -0.9951848 0.0980165 0 -0.9569404 0.2902849 0 -0.8819213 0.4713968 0 -0.7730109 0.6343929 0 -0.6343933 0.7730106 0 -0.4713966 0.8819214 1.40262e-7 -0.2902846 0.9569404 0 -0.09801733 0.9951848 0 0.09801733 0.9951848 0 0.2902847 0.9569404 0 0.4713968 0.8819212 0 0.6343935 0.7730103 0 0.7730109 0.6343929 0 0.8819213 0.4713968 1 1.17846e-6 0 1 0 0 1 5.77908e-7 0 1 8.55757e-7 0 1 0 -2.03546e-6 1 0 -6.87284e-7 1 0 -1.37458e-6 1 -1.17846e-6 0 1 0 -6.48761e-7 1 -4.27876e-7 0 1 4.27876e-7 0 1 0 -6.48761e-7 1 -2.20247e-7 -2.17789e-7 1 4.40493e-7 -2.17789e-7 1 -1.23913e-7 0 1 0 0 0 0.9569404 0.2902849 0 0.9951848 0.09801763 -1 -1.71151e-6 0 -1 0 0 -1 -1.17846e-6 0 -1 0 -2.23352e-7 -1 0 -5.3385e-7 -1 8.55763e-7 -1.80381e-6 -1 -8.55763e-7 -1.80381e-6 -1 -2.31163e-6 0 -1 1.71151e-6 0 -1 1.71151e-6 0 -1 0 0 -1 0 -2.9686e-7 -1 0 0 -1 -3.09361e-7 -2.00475e-7 -1 1.67425e-7 1.30966e-7 -1 1.85869e-7 0 -1 0 0 -1 0 0</float_array>
          <technique_common>
            <accessor source="#Cylinder-mesh-normals-array" count="100" stride="3">
              <param name="X" type="float"/>
              <param name="Y" type="float"/>
              <param name="Z" type="float"/>
            </accessor>
          </technique_common>
        </source>
        <source id="Cylinder-mesh-map-0">
          <float_array id="Cylinder-mesh-map-0-array" count="744">1 1 0.96875 0.5 1 0.5 0.96875 1 0.9375 0.5 0.96875 0.5 0.9375 1 0.90625 0.5 0.9375 0.5 0.90625 1 0.875 0.5 0.90625 0.5 0.875 1 0.84375 0.5 0.875 0.5 0.84375 1 0.8125 0.5 0.84375 0.5 0.8125 1 0.78125 0.5 0.8125 0.5 0.78125 1 0.75 0.5 0.78125 0.5 0.75 1 0.71875 0.5 0.75 0.5 0.71875 1 0.6875 0.5 0.71875 0.5 0.6875 1 0.65625 0.5 0.6875 0.5 0.65625 1 0.625 0.5 0.65625 0.5 0.625 1 0.59375 0.5 0.625 0.5 0.59375 0.5 0.5625 1 0.5625 0.5 0.5625 1 0.53125 0.5 0.5625 0.5 0.53125 1 0.5 0.5 0.53125 0.5 0.5 1 0.46875 0.5 0.5 0.5 0.46875 1 0.4375 0.5 0.46875 0.5 0.4375 0.5 0.40625 1 0.40625 0.5 0.40625 0.5 0.375 1 0.375 0.5 0.375 1 0.34375 0.5 0.375 0.5 0.34375 1 0.3125 0.5 0.34375 0.5 0.3125 1 0.28125 0.5 0.3125 0.5 0.28125 1 0.25 0.5 0.28125 0.5 0.25 1 0.21875 0.5 0.25 0.5 0.21875 1 0.1875 0.5 0.21875 0.5 0.1875 1 0.15625 0.5 0.1875 0.5 0.15625 1 0.125 0.5 0.15625 0.5 0.125 1 0.09375 0.5 0.125 0.5 0.09375 1 0.0625 0.5 0.09375 0.5 0.4717311 0.341844 0.341844 0.4717311 0.1581559 0.02826893 0.0625 1 0.03125 0.5 0.0625 0.5 0.03125 1 0 0.5 0.03125 0.5 0.7031784 0.4853885 0.9853885 0.2968217 0.7968217 0.01461154 1 1 0.96875 1 0.96875 0.5 0.96875 1 0.9375 1 0.9375 0.5 0.9375 1 0.90625 1 0.90625 0.5 0.90625 1 0.875 1 0.875 0.5 0.875 1 0.84375 1 0.84375 0.5 0.84375 1 0.8125 1 0.8125 0.5 0.8125 1 0.78125 1 0.78125 0.5 0.78125 1 0.75 1 0.75 0.5 0.75 1 0.71875 1 0.71875 0.5 0.71875 1 0.6875 1 0.6875 0.5 0.6875 1 0.65625 1 0.65625 0.5 0.65625 1 0.625 1 0.625 0.5 0.625 1 0.59375 1 0.59375 0.5 0.59375 0.5 0.59375 1 0.5625 1 0.5625 1 0.53125 1 0.53125 0.5 0.53125 1 0.5 1 0.5 0.5 0.5 1 0.46875 1 0.46875 0.5 0.46875 1 0.4375 1 0.4375 0.5 0.4375 0.5 0.4375 1 0.40625 1 0.40625 0.5 0.40625 1 0.375 1 0.375 1 0.34375 1 0.34375 0.5 0.34375 1 0.3125 1 0.3125 0.5 0.3125 1 0.28125 1 0.28125 0.5 0.28125 1 0.25 1 0.25 0.5 0.25 1 0.21875 1 0.21875 0.5 0.21875 1 0.1875 1 0.1875 0.5 0.1875 1 0.15625 1 0.15625 0.5 0.15625 1 0.125 1 0.125 0.5 0.125 1 0.09375 1 0.09375 0.5 0.09375 1 0.0625 1 0.0625 0.5 0.341844 0.4717311 0.2968217 0.4853885 0.1581559 0.4717311 0.2968217 0.4853885 0.25 0.49 0.1581559 0.4717311 0.25 0.49 0.2031783 0.4853885 0.1581559 0.4717311 0.1581559 0.4717311 0.1166631 0.4495527 0.02826893 0.341844 0.1166631 0.4495527 0.08029437 0.4197056 0.02826893 0.341844 0.08029437 0.4197056 0.05044728 0.3833369 0.02826893 0.341844 0.02826893 0.341844 0.01461154 0.2968217 0.00999999 0.25 0.00999999 0.25 0.01461154 0.2031783 0.02826893 0.341844 0.01461154 0.2031783 0.02826893 0.1581559 0.02826893 0.341844 0.02826893 0.1581559 0.05044728 0.1166631 0.08029437 0.08029437 0.08029437 0.08029437 0.1166631 0.05044728 0.02826893 0.1581559 0.1166631 0.05044728 0.1581559 0.02826893 0.02826893 0.1581559 0.1581559 0.02826893 0.2031783 0.01461154 0.25 0.00999999 0.25 0.00999999 0.2968217 0.01461154 0.1581559 0.02826893 0.2968217 0.01461154 0.341844 0.02826893 0.1581559 0.02826893 0.341844 0.02826893 0.3833369 0.05044728 0.4197056 0.08029437 0.4197056 0.08029437 0.4495527 0.1166631 0.4717311 0.1581559 0.4717311 0.1581559 0.4853885 0.2031783 0.49 0.25 0.49 0.25 0.4853885 0.2968217 0.4717311 0.341844 0.4717311 0.341844 0.4495527 0.3833369 0.4197056 0.4197056 0.4197056 0.4197056 0.3833369 0.4495527 0.341844 0.4717311 0.341844 0.02826893 0.4197056 0.08029437 0.4717311 0.1581559 0.4717311 0.1581559 0.49 0.25 0.4717311 0.341844 0.4717311 0.341844 0.4197056 0.4197056 0.341844 0.4717311 0.341844 0.4717311 0.1581559 0.4717311 0.1581559 0.02826893 0.1581559 0.4717311 0.02826893 0.341844 0.1581559 0.02826893 0.02826893 0.341844 0.02826893 0.1581559 0.1581559 0.02826893 0.1581559 0.02826893 0.341844 0.02826893 0.4717311 0.1581559 0.4717311 0.1581559 0.4717311 0.341844 0.1581559 0.02826893 0.0625 1 0.03125 1 0.03125 0.5 0.03125 1 0 1 0 0.5 0.7031784 0.4853885 0.75 0.49 0.7968217 0.4853885 0.7968217 0.4853885 0.841844 0.4717311 0.7031784 0.4853885 0.841844 0.4717311 0.8833369 0.4495527 0.7031784 0.4853885 0.8833369 0.4495527 0.9197056 0.4197056 0.9853885 0.2968217 0.9197056 0.4197056 0.9495527 0.3833369 0.9853885 0.2968217 0.9495527 0.3833369 0.9717311 0.341844 0.9853885 0.2968217 0.9853885 0.2968217 0.99 0.25 0.9853885 0.2031783 0.9853885 0.2031783 0.9717311 0.1581559 0.9495527 0.1166631 0.9495527 0.1166631 0.9197056 0.08029437 0.7968217 0.01461154 0.9197056 0.08029437 0.8833369 0.05044728 0.7968217 0.01461154 0.8833369 0.05044728 0.841844 0.02826893 0.7968217 0.01461154 0.7968217 0.01461154 0.75 0.00999999 0.7031784 0.01461154 0.7031784 0.01461154 0.658156 0.02826893 0.7968217 0.01461154 0.658156 0.02826893 0.6166632 0.05044728 0.7968217 0.01461154 0.6166632 0.05044728 0.5802944 0.08029437 0.5504474 0.1166631 0.5504474 0.1166631 0.5282689 0.1581559 0.6166632 0.05044728 0.5282689 0.1581559 0.5146116 0.2031783 0.6166632 0.05044728 0.5146116 0.2031783 0.51 0.25 0.5504474 0.3833369 0.51 0.25 0.5146116 0.2968217 0.5504474 0.3833369 0.5146116 0.2968217 0.5282689 0.341844 0.5504474 0.3833369 0.5504474 0.3833369 0.5802944 0.4197056 0.6166632 0.4495527 0.6166632 0.4495527 0.658156 0.4717311 0.7031784 0.4853885 0.9853885 0.2968217 0.9853885 0.2031783 0.7968217 0.01461154 0.9853885 0.2031783 0.9495527 0.1166631 0.7968217 0.01461154 0.5504474 0.3833369 0.6166632 0.4495527 0.5146116 0.2031783 0.6166632 0.4495527 0.7031784 0.4853885 0.5146116 0.2031783 0.7031784 0.4853885 0.8833369 0.4495527 0.9853885 0.2968217 0.7968217 0.01461154 0.6166632 0.05044728 0.7031784 0.4853885 0.6166632 0.05044728 0.5146116 0.2031783 0.7031784 0.4853885</float_array>
          <technique_common>
            <accessor source="#Cylinder-mesh-map-0-array" count="372" stride="2">
              <param name="S" type="float"/>
              <param name="T" type="float"/>
            </accessor>
          </technique_common>
        </source>
        <vertices id="Cylinder-mesh-vertices">
          <input semantic="POSITION" source="#Cylinder-mesh-positions"/>
        </vertices>
        <triangles count="124">
          <input semantic="VERTEX" source="#Cylinder-mesh-vertices" offset="0"/>
          <input semantic="NORMAL" source="#Cylinder-mesh-normals" offset="1"/>
          <input semantic="TEXCOORD" source="#Cylinder-mesh-map-0" offset="2" set="0"/>
          <p>1 0 0 2 0 1 0 0 2 3 1 3 4 1 4 2 1 5 5 2 6 6 2 7 4 2 8 7 3 9 8 3 10 6 3 11 9 4 12 10 4 13 8 4 14 11 5 15 12 5 16 10 5 17 13 6 18 14 6 19 12 6 20 15 7 21 16 7 22 14 7 23 17 8 24 18 8 25 16 8 26 19 9 27 20 9 28 18 9 29 21 10 30 22 10 31 20 10 32 23 11 33 24 11 34 22 11 35 25 12 36 26 12 37 24 12 38 26 13 39 29 13 40 28 13 41 29 14 42 30 14 43 28 14 44 31 15 45 32 15 46 30 15 47 33 16 48 34 16 49 32 16 50 35 17 51 36 17 52 34 17 53 36 18 54 39 18 55 38 18 56 38 19 57 41 19 58 40 19 59 41 20 60 42 20 61 40 20 62 43 21 63 44 21 64 42 21 65 45 22 66 46 22 67 44 22 68 47 23 69 48 23 70 46 23 71 49 24 72 50 24 73 48 24 74 51 25 75 52 25 76 50 25 77 53 26 78 54 26 79 52 26 80 55 27 81 56 27 82 54 27 83 57 28 84 58 28 85 56 28 86 59 29 87 60 29 88 58 29 89 13 30 90 5 30 91 37 30 92 61 31 93 62 31 94 60 31 95 63 32 96 0 32 97 62 32 98 62 33 99 14 33 100 30 33 101 1 34 102 3 34 103 2 34 104 3 35 105 5 35 106 4 35 107 5 36 108 7 36 109 6 36 110 7 37 111 9 37 112 8 37 113 9 38 114 11 38 115 10 38 116 11 39 117 13 39 118 12 39 119 13 40 120 15 40 121 14 40 122 15 41 123 17 41 124 16 41 125 17 42 126 19 42 127 18 42 128 19 43 129 21 43 130 20 43 131 21 44 132 23 44 133 22 44 134 23 45 135 25 45 136 24 45 137 25 46 138 27 46 139 26 46 140 26 47 141 27 47 142 29 47 143 29 48 144 31 48 145 30 48 146 31 49 147 33 49 148 32 49 149 33 50 150 35 50 151 34 50 152 35 51 153 37 51 154 36 51 155 36 52 156 37 52 157 39 52 158 38 53 159 39 53 160 41 53 161 41 54 162 43 54 163 42 54 164 43 55 165 45 55 166 44 55 167 45 56 168 47 56 169 46 56 170 47 57 171 49 57 172 48 57 173 49 58 174 51 58 175 50 58 176 51 59 177 53 59 178 52 59 179 53 60 180 55 60 181 54 60 182 55 61 183 57 61 184 56 61 185 57 62 186 59 62 187 58 62 188 59 63 189 61 63 190 60 63 191 5 64 192 3 64 193 61 64 194 3 65 195 1 65 196 61 65 197 1 65 198 63 65 199 61 65 200 61 65 201 59 65 202 53 65 203 59 66 204 57 66 205 53 66 206 57 67 207 55 67 208 53 67 209 53 68 210 51 68 211 49 68 212 49 69 213 47 69 214 53 69 215 47 70 216 45 70 217 53 70 218 45 65 219 43 65 220 41 65 221 41 65 222 39 65 223 45 65 224 39 65 225 37 65 226 45 65 227 37 65 228 35 65 229 33 65 230 33 65 231 31 65 232 37 65 233 31 71 234 29 71 235 37 71 236 29 72 237 27 72 238 25 72 239 25 65 240 23 65 241 21 65 242 21 73 243 19 73 244 17 73 245 17 74 246 15 74 247 13 74 248 13 65 249 11 65 250 9 65 251 9 75 252 7 75 253 5 75 254 29 76 255 25 76 256 21 76 257 21 65 258 17 65 259 13 65 260 13 77 261 9 77 262 5 77 263 5 65 264 61 65 265 37 65 266 61 65 267 53 65 268 37 65 269 53 65 270 45 65 271 37 65 272 37 78 273 29 78 274 21 78 275 21 79 276 13 79 277 37 79 278 61 80 279 63 80 280 62 80 281 63 81 282 1 81 283 0 81 284 62 82 285 0 82 286 2 82 287 2 83 288 4 83 289 62 83 290 4 84 291 6 84 292 62 84 293 6 85 294 8 85 295 14 85 296 8 86 297 10 86 298 14 86 299 10 87 300 12 87 301 14 87 302 14 83 303 16 83 304 18 83 305 18 88 306 20 88 307 22 88 308 22 83 309 24 83 310 30 83 311 24 89 312 26 89 313 30 89 314 26 90 315 28 90 316 30 90 317 30 91 318 32 91 319 34 91 320 34 83 321 36 83 322 30 83 323 36 92 324 38 92 325 30 92 326 38 83 327 40 83 328 42 83 329 42 83 330 44 83 331 38 83 332 44 83 333 46 83 334 38 83 335 46 83 336 48 83 337 54 83 338 48 83 339 50 83 340 54 83 341 50 83 342 52 83 343 54 83 344 54 83 345 56 83 346 58 83 347 58 93 348 60 93 349 62 93 350 14 94 351 18 94 352 30 94 353 18 95 354 22 95 355 30 95 356 54 83 357 58 83 358 46 83 359 58 96 360 62 96 361 46 96 362 62 97 363 6 97 364 14 97 365 30 98 366 38 98 367 62 98 368 38 99 369 46 99 370 62 99 371</p>
        </triangles>
      </mesh>
    </geometry>
    <geometry id="tire_01a_19x9_25Mesh_002-mesh" name="tire_01a_19x9_25Mesh.002">
      <mesh>
        <source id="tire_01a_19x9_25Mesh_002-mesh-positions">
          <float_array id="tire_01a_19x9_25Mesh_002-mesh-positions-array" count="768">8.237534 5.23748e-5 18.14089 9.626068 3.21767e-5 22.38885 9.626058 4.367795 21.95854 8.237534 3.539125 17.79226 9.722547 8.57715e-6 27.51992 9.722531 5.368865 26.99107 8.093683 2.32132e-5 30.99518 8.093683 6.046855 30.39955 -8.03055 -5.17504e-6 30.99517 -8.030554 6.046825 30.39953 -9.65946 -7.11214e-6 27.52617 -9.659434 5.370022 26.99719 -9.562974 -3.07793e-5 22.3809 -9.562959 4.366189 21.9508 -8.17436 7.73476e-6 18.12997 -8.174316 3.536982 17.78153 9.626036 8.567738 20.68448 8.237534 6.942269 16.75992 9.722531 10.53139 25.42495 8.093683 11.8613 28.63576 -8.030554 11.8613 28.63573 -9.659434 10.53372 25.43077 -9.562959 8.564699 20.67718 -8.17436 6.938025 16.74983 9.626051 12.43855 18.61555 8.237556 10.07856 15.08354 9.722538 15.28927 22.88189 8.093698 17.21991 25.77147 -8.030554 17.21991 25.77147 -9.659483 15.29255 22.88702 -9.562959 12.43407 18.60899 -8.174353 10.07238 15.07446 9.626051 15.83129 15.83122 8.237556 12.82754 12.8275 9.722538 19.4594 19.45936 8.093683 21.91683 21.91687 -8.03055 21.91673 21.91687 -9.659483 19.46386 19.46383 -9.562967 15.8256 15.82566 -8.174353 12.81972 12.8198 9.626051 18.61546 12.43851 8.237556 15.08354 10.07849 9.722538 22.88186 15.28915 8.093683 25.77148 17.22002 -8.03056 25.77147 17.22002 -9.659491 22.887 15.29267 -9.562967 18.60883 12.43418 -8.174353 15.07439 10.07247 9.626058 20.68446 8.567802 8.237556 16.75999 6.942184 9.722538 25.42495 10.53136 8.093683 28.63569 11.86137 -8.03056 28.63571 11.86135 -9.659451 25.43076 10.53381 -9.562967 20.677 8.564821 -8.174353 16.74979 6.93807 9.626058 21.95857 4.36783 8.237556 17.79219 3.5391 9.722538 26.99114 5.368844 8.093683 30.39944 6.046896 -8.03056 30.39949 6.046901 -9.659451 26.99708 5.370122 -9.562967 21.9508 4.366386 -8.174353 17.78148 3.537022 9.626058 22.38871 2.52917e-5 8.237556 18.14075 -1.07e-5 9.722538 27.51977 8.65578e-6 8.093683 30.99506 6.44631e-5 -8.03056 30.99509 6.25053e-5 -9.659483 27.52599 8.06394e-5 -9.562967 22.38061 1.17684e-4 -8.174353 18.12986 5.266e-5 9.626058 21.95842 -4.367812 8.237556 17.79219 -3.539069 9.722538 26.99101 -5.36885 8.093683 30.39947 -6.046784 -8.03056 30.39945 -6.046786 -9.659451 26.99711 -5.370021 -9.562967 21.9507 -4.36617 -8.174353 17.78141 -3.536879 9.626058 20.68436 -8.567772 8.237556 16.75985 -6.942158 9.722538 25.42494 -10.53141 8.093683 28.63569 -11.86127 -8.03056 28.63564 -11.86128 -9.659451 25.43074 -10.53376 -9.562967 20.67704 -8.564629 -8.174353 16.74979 -6.937897 9.626058 18.61548 -12.4385 8.237556 15.08354 -10.07844 9.722538 22.88178 -15.28918 8.093683 25.77142 -17.21986 -8.03056 25.77143 -17.21986 -9.659451 22.88701 -15.2926 -9.562967 18.6089 -12.434 -8.174353 15.07441 -10.07231 9.626058 15.83123 -15.83126 8.237556 12.82749 -12.82744 9.722538 19.45941 -19.4595 8.093683 21.91682 -21.91678 -8.03055 21.91689 -21.91677 -9.659451 19.46381 -19.46382 -9.562967 15.82563 -15.82554 -8.174353 12.81972 -12.81966 9.626051 12.43843 -18.61555 8.237556 10.07845 -15.08348 9.722538 15.28917 -22.88194 8.093698 17.21993 -25.77145 -8.030554 17.21994 -25.77143 -9.659451 15.2926 -22.88704 -9.562959 12.43413 -18.60889 -8.174353 10.07238 -15.07436 9.626051 8.567699 -20.68445 8.237534 6.942184 -16.75987 9.722531 10.53128 -25.42498 8.093683 11.86131 -28.63571 -8.030554 11.86131 -28.63569 -9.659434 10.53369 -25.43071 -9.562959 8.564669 -20.67704 -8.174316 6.938025 -16.74974 9.626058 4.367772 -21.9585 8.237534 3.539089 -17.79217 9.722531 5.368798 -26.99103 8.093683 6.046869 -30.39949 -8.030554 6.046839 -30.39949 -9.659434 5.370022 -26.99714 -9.562959 4.366341 -21.9507 -8.174316 3.536994 -17.78143 9.626068 -4.38649e-5 -22.38863 8.237548 -3.18652e-5 -18.14074 9.722547 -4.67966e-5 -27.51972 8.093683 7.99897e-5 -30.99518 -8.030537 2.22343e-5 -30.9919 -9.65946 6.73369e-6 -27.52817 -9.562974 7.14189e-5 -22.38247 -8.174316 7.73476e-6 -18.12979 9.626084 -4.367953 -21.95849 8.237534 -3.53913 -17.79214 9.722556 -5.368945 -26.99099 8.09367 -6.046794 -30.39946 -8.030537 -6.046865 -30.39946 -9.659434 -5.370073 -26.9971 -9.562959 -4.366247 -21.95069 -8.174296 -3.536931 -17.78142 9.626068 -8.567828 -20.68442 8.237513 -6.942199 -16.75981 9.722556 -10.53141 -25.42494 8.09367 -11.86124 -28.63566 -8.030543 -11.86122 -28.63566 -9.659434 -10.53386 -25.43078 -9.562959 -8.564818 -20.67714 -8.174324 -6.938012 -16.74973 9.626084 -12.43861 -18.61545 8.237528 -10.07847 -15.08339 9.722547 -15.28917 -22.88178 8.093676 -17.2199 -25.7714 -8.03055 -17.2199 -25.77139 -9.659441 -15.29277 -22.88708 -9.562967 -12.43416 -18.60893 -8.174324 -10.07244 -15.07432 9.626091 -15.83124 -15.83107 8.237528 -12.82746 -12.82738 9.722589 -19.45955 -19.45934 8.093698 -21.91677 -21.9168 -8.030554 -21.91678 -21.91679 -9.659434 -19.46396 -19.46384 -9.562959 -15.82568 -15.82555 -8.174324 -12.8198 -12.81968 9.626099 -18.61557 -12.4384 8.237548 -15.08351 -10.07836 9.722589 -22.88186 -15.28908 8.093676 -25.77145 -17.21992 -8.030572 -25.77148 -17.21992 -9.659434 -22.88722 -15.29265 -9.562959 -18.6091 -12.4341 -8.174324 -15.0745 -10.07234 9.626099 -20.68449 -8.567667 8.237548 -16.75999 -6.942049 9.722547 -25.425 -10.53125 8.093676 -28.63568 -11.86125 -8.030577 -28.63571 -11.86126 -9.659475 -25.43096 -10.53374 -9.562959 -20.67731 -8.564758 -8.174353 -16.74994 -6.937916 9.626099 -21.95858 -4.367717 8.237548 -17.79219 -3.538981 9.722538 -26.99096 -5.368732 8.09367 -30.39949 -6.046792 -8.030577 -30.39953 -6.046794 -9.659475 -26.99726 -5.370014 -9.562959 -21.95083 -4.36624 -8.17436 -17.78153 -3.536882 9.626099 -22.38867 8.25274e-5 8.237548 -18.14077 1.369e-4 9.722547 -27.51977 1.00945e-4 8.093683 -30.99508 3.60749e-5 -8.03056 -30.9951 3.5096e-5 -9.659475 -27.52625 4.64888e-5 -9.562959 -22.38096 -9.85161e-6 -8.174324 -18.12999 7.93e-5 9.626099 -21.95859 4.367933 8.237548 -17.79219 3.539196 9.722538 -26.99094 5.368956 8.09367 -30.39948 6.046892 -8.03056 -30.39952 6.046891 -9.659475 -26.99742 5.370133 -9.562959 -21.95095 4.366302 -8.174324 -17.78153 3.537036 9.626099 -20.68444 8.567942 8.237548 -16.75983 6.942323 9.722547 -25.42504 10.53153 8.093676 -28.63567 11.86139 -8.03056 -28.63575 11.86137 -9.659475 -25.43093 10.53386 -9.562959 -20.67738 8.564838 -8.174324 -16.74994 6.938097 9.626099 -18.61551 12.43865 8.237528 -15.08344 10.07863 9.722562 -22.88182 15.28931 8.093658 -25.77145 17.22005 -8.030572 -25.77152 17.22004 -9.659434 -22.88729 15.29281 -9.562959 -18.60914 12.43419 -8.174353 -15.0745 10.07251 9.626058 -15.83123 15.83144 8.237528 -12.82746 12.82761 9.722562 -19.45947 19.45965 8.093676 -21.91683 21.91692 -8.030572 -21.91687 21.91688 -9.659434 -19.46407 19.46409 -9.562959 -15.82578 15.82576 -8.174353 -12.81983 12.81983 9.626084 -12.4386 18.61574 8.237528 -10.07847 15.08367 9.722547 -15.28919 22.88205 8.093676 -17.21996 25.7716 -8.03055 -17.22002 25.77158 -9.659441 -15.2928 22.88723 -9.562967 -12.43425 18.60906 -8.174324 -10.07249 15.07454 9.626068 -8.567823 20.68465 8.237513 -6.942151 16.76005 9.722556 -10.53136 25.42518 8.09367 -11.86135 28.63589 -8.030543 -11.86131 28.63588 -9.659434 -10.53385 25.43094 -9.562959 -8.56487 20.67728 -8.174324 -6.938072 16.74993 9.626084 -4.367871 21.95868 8.237534 -3.539021 17.79235 9.722556 -5.368846 26.9912 8.09367 -6.046934 30.39967 -8.03056 -6.046837 30.39966 -9.659434 -5.370136 26.99734 -9.562959 -4.366375 21.95086 -8.174345 -3.53699 17.78157</float_array>
          <technique_common>
            <accessor source="#tire_01a_19x9_25Mesh_002-mesh-positions-array" count="256" stride="3">
              <param name="X" type="float"/>
              <param name="Y" type="float"/>
              <param name="Z" type="float"/>
            </accessor>
          </technique_common>
        </source>
        <source id="tire_01a_19x9_25Mesh_002-mesh-normals">
          <float_array id="tire_01a_19x9_25Mesh_002-mesh-normals-array" count="768">-0.9875268 -0.1309171 -0.08747434 -0.950569 -0.2195672 -0.2195656 -0.9875271 -0.1113341 -0.1113323 0.987509 -0.06029659 -0.1455697 0.9751203 0.04325067 0.2174161 0.9875091 -0.03073751 -0.1545351 0.9751195 -0.2216802 3.55079e-7 0.5218379 -0.8366533 0.1664228 0.5218377 -0.8530449 0 0.5218353 -0.7881126 -0.3264452 -0.5215498 -0.7094256 -0.4740265 0.5218317 -0.7092847 -0.4739273 -0.5215465 -0.8368282 -0.1664568 -0.9750306 -0.2051651 -0.08498638 -0.5215454 -0.7882753 -0.3265157 -0.9750323 0.2177959 -0.04332363 -0.9875271 -0.1454643 0.0602526 -0.9875277 -0.1544207 0.03071576 -0.9875278 0.0874719 0.1309106 -0.9505683 0.11883 0.2868789 -0.9875279 0.06025111 0.1454597 0.9505093 0.1188966 -0.2870467 0.9875091 0.03073817 -0.1545349 0.9875089 0.06029522 -0.1455699 -0.9750339 0.1233662 0.1846341 -0.987527 -0.08747452 -0.1309148 0.9751197 4.75414e-6 0.2216791 0.5218365 0.1664261 0.8366535 0.5218342 9.8187e-6 0.8530471 0.5218337 -0.7881142 0.3264439 -0.5215467 -0.7094295 0.4740243 -0.5215446 -0.7882779 0.3265108 -0.5215492 -0.6033147 -0.6033223 -0.9750307 -0.1233755 -0.1846445 -0.5215473 -0.4740229 -0.7094298 -0.9750258 -0.04330277 -0.2178295 -0.9875263 0.0307337 0.1544256 -0.9505662 -0.310522 -1.42105e-6 -0.9875258 -0.1574575 -1.4039e-7 -0.9875269 -0.06025469 0.1454648 -0.9505687 -0.172514 0.2581825 -0.987528 -0.08747041 0.1309097 0.9875091 -0.1455678 -0.06029772 0.9751213 0.1843136 0.1231548 0.987509 -0.1310098 -0.08753657 0.9751198 0.2048035 -0.08483433 0.5218374 0.709282 -0.4739251 0.521834 0.7881123 -0.326448 -0.5215538 -0.166449 0.8368253 0.5218319 -0.1664176 0.8366581 -0.521557 0.3265118 -0.7882693 -0.9750334 0.1233679 -0.1846353 -0.5215553 0.4740225 -0.7094243 -0.9750321 0.1570207 0.1570255 0.9505096 0.06060898 -0.3047267 0.9875093 2.19941e-7 -0.1575606 -0.9505679 -0.2581862 0.1725128 -0.9505668 -0.2868846 0.1188278 -0.9750338 0.08497613 -0.2051545 0.9751183 -0.1567528 -0.1567577 0.5218325 -0.6031921 -0.6032 0.5218049 0.1663972 -0.8366789 -0.5214951 -1.86803e-6 -0.8532544 -0.5215182 0.1662463 -0.8368876 -0.521551 9.03868e-6 0.8532202 -0.975032 -0.04332304 0.2177978 0.987509 0.1310082 0.08753806 0.9751189 -0.2048093 -0.08483076 0.9751201 -0.1843211 -0.1231533 0.9505094 0.3047259 -0.06061422 0.9875092 0.1575616 2.56349e-7 0.9505077 0.3107013 -5.24082e-7 0.9505094 0.304727 0.06060725 0.9875099 0.1545301 0.03073567 -0.9875267 -0.03073537 0.1544229 0.9751216 0.08483076 0.2047969 0.5218369 0.473926 0.7092816 0.5218379 0.3264486 0.7881094 0.521831 -0.6032007 0.6031927 -0.5215497 -0.4740276 0.709425 -0.5215477 -0.6033195 0.6033189 0.9751195 -0.1231573 0.1843213 0.5218327 -0.3264506 0.7881121 0.5218337 -0.4739314 0.7092804 -0.9750334 0.1846346 -0.1233698 -0.987528 -0.1113315 0.111328 -0.9875275 -0.1309134 0.0874713 0.9505086 0.2583353 0.1726164 0.9875084 0.1114191 0.1114145 0.9505082 0.2197009 0.2196947 -0.9505696 -0.2195667 0.2195631 -0.9750258 0.04330301 -0.2178292 -0.9875417 0 0.1573574 0.975117 -0.2048175 0.08483415 0.5218324 -0.7092839 0.4739276 -0.5215414 -0.8532261 0 -0.5215552 0.1664608 0.836822 -0.9750328 0.08497726 0.2051585 -0.9750328 0.04332625 0.2177932 -0.9750325 -0.2177956 -0.04332184 -0.987527 0.1574501 2.3576e-6 -0.9875271 0.1544242 0.03071779 -0.9875274 0.1113305 0.1113331 -0.9505687 0.1725125 0.2581834 -0.9505693 -0.1188334 -0.2868737 -0.9875274 -0.06025463 -0.1454622 -0.9750322 -0.08498013 0.2051605 -0.9875278 0.03071278 -0.1544206 -0.9875274 0.06025278 -0.1454619 0.5218374 -0.8366536 -0.1664229 0.5218314 -0.3264477 -0.7881142 -0.5215159 -0.1662499 -0.8368884 0.5218023 -0.1663962 -0.8366808 -0.9750312 -0.184643 0.1233742 -0.9750311 -0.2051643 0.08498352 0.9875096 -0.03073567 0.1545324 0.9751221 -2.35578e-6 -0.2216688 0.97512 0.04324966 -0.217418 0.9505097 0.172614 0.2583329 0.987509 0.06029677 0.145569 0.9505089 0.1189005 0.2870463 0.95051 -0.06061065 0.3047248 0.9875091 -0.0602951 0.145569 0.9505105 -0.1188973 0.2870423 -0.9750325 0.2051601 0.08497709 -0.9875286 -0.154415 -0.03071373 -0.9875267 -0.1454653 -0.06025719 -0.9749505 -9.88383e-7 -0.2224223 -0.5215544 0.8368234 0.1664563 -0.521553 0.7882727 0.3265098 -0.9750318 -0.1846393 -0.1233751 -0.9875277 0.1454616 0.06024926 -0.987528 0.1309087 0.08747237 0.9505106 -0.2583327 0.1726091 0.9875093 -0.145568 0.06029534 0.9505102 -0.2870441 0.1188951 -0.950568 -0.3045501 -0.06057864 -0.950566 -0.2868853 -0.1188322 -0.9750322 2.59014e-6 0.222064 0.9751183 -0.04324752 -0.2174258 -0.5215551 0.4740248 0.709423 -0.5215561 0.3265129 0.7882693 -0.9750334 0.2220582 -2.64901e-7 -0.9750337 0.2177901 0.0433228 0.9505107 0.2196967 -0.2196882 0.9875091 0.1310111 -0.0875321 0.9505077 0.258341 -0.1726126 0.9505085 0.2870481 -0.1188991 0.9875095 0.1455658 -0.06029719 0.9751195 -0.08483445 0.2048055 0.5218356 0.8530461 -7.22829e-7 0.5218327 0.836656 0.1664257 -0.9750319 -0.1233725 0.184641 0.9505108 -0.2870416 -0.118897 0.98751 -0.1545297 -0.03073662 -0.9505673 -0.2581872 -0.1725141 0.9751206 0.2048015 0.08483153 0.97512 -0.2174185 -0.0432462 -0.5215406 -0.836832 0.1664569 -0.5215539 0.8368231 -0.1664589 -0.5215528 0.853219 -2.78193e-6 0.9751211 0.08482789 -0.2048001 -0.9875276 0.08747291 -0.1309115 -0.9505705 0.2195636 -0.2195623 -0.9875285 0.1113262 -0.1113283 0.950512 -0.2196896 0.2196896 0.9875096 -0.08753526 0.1310063 0.9875102 -0.1114091 0.1114084 0.9875095 -0.1310074 0.0875343 0.5218371 0.3264454 -0.7881114 -0.5215545 0.709428 -0.4740178 -0.9750319 0.2051611 -0.08498072 -0.5215517 0.7882723 -0.3265131 -0.9750342 0.1846327 0.1233664 0.9875104 0.1545273 -0.03073674 0.5218386 0.7881124 0.3264408 -0.5215518 -0.3265129 0.7882722 -0.9750317 -0.1570243 -0.157024 0.9505103 0.1726118 -0.2583323 0.9875095 0.08753538 -0.1310061 -0.9875273 0.1544235 -0.0307157 -0.9505701 0.3105105 4.15955e-6 0.5218343 -0.4739262 -0.7092834 -0.97503 -0.1570284 0.1570311 0.9751198 0.123157 -0.1843199 0.9751192 0.156754 -0.1567506 -0.9505849 -3.89141e-7 0.3104648 -0.950567 -0.06058096 0.304553 0.9875089 2.66324e-6 0.1575632 0.987509 0.145569 0.06029725 0.9751208 0.221674 -3.75371e-6 0.5218355 0.8366552 -0.1664212 0.5218353 0.473929 -0.7092808 -0.9750334 0.157019 -0.1570193 -0.521553 0.60332 -0.6033138 0.9751181 -0.1567576 0.156754 0.9875094 0.1114137 -0.11141 0.9505096 -0.06061625 -0.304725 0.9505099 -4.57899e-6 -0.3106945 0.5218343 0.6031992 -0.6031913 0.5217526 -3.29106e-6 -0.853097 0.9751197 -0.2174199 0.04324793 0.9505085 0.2870483 0.1188986 -0.5215493 -0.3265132 -0.7882737 -0.9875273 -0.03071552 -0.1544233 0.9751191 -0.04324585 0.2174229 -0.950565 -0.1188396 0.2868857 -0.9875279 0.1309102 -0.08747106 -0.9875273 0.1454635 -0.06025248 -0.5215523 0.6033107 0.6033238 0.9751176 0.2174285 0.04325187 -0.9505715 0.2581728 -0.172513 -0.9505661 0.06058073 0.3045555 0.9875094 -0.08753663 -0.1310063 0.9751223 0.1567445 0.1567409 0.9751197 0.1231578 0.1843203 -0.9750291 -0.21781 0.04332667 0.9875093 -0.1545334 0.03073996 0.9505099 -0.3047244 0.06061428 0.9505102 -0.2583322 -0.1726126 -0.5215527 0.7094237 0.4740263 -0.9750308 -0.2220699 -1.91245e-6 -0.9505695 -0.1725107 -0.2581817 0.9751194 -0.1843196 0.1231601 -0.9505685 0.1188263 -0.2868795 -0.9505684 1.45577e-7 -0.3105155 -0.9875277 -7.42137e-7 -0.1574454 0.9751194 0.2174209 -0.04324698 0.5218397 0.7092798 0.4739256 0.9875098 -0.1114113 -0.111409 -0.9505709 0.286874 0.1188201 0.9751206 0.184316 -0.123157 0.9505115 -0.3106897 2.24639e-6 0.9875099 -0.1575574 2.04333e-6 0.9505129 -0.3047169 -0.06060564 0.9875094 0.03073859 0.1545326 0.9751189 -0.08483618 -0.2048075 -0.9505695 0.2581803 0.1725122 -0.9505681 0.2195663 0.2195702 -0.9505705 0.2868726 -0.1188271 -0.9505708 0.3045417 -0.06057751 -0.9750306 -0.08498084 -0.2051677 0.9505094 0.06061226 0.3047263 0.9505093 1.55433e-6 0.3106961 0.9875094 0.08753925 0.1310044 0.9505121 -0.1726108 0.258326 -0.9505698 0.06057035 -0.3045463 0.9505105 -0.1188988 -0.2870419 -0.9505689 -0.3045468 0.06058257 0.9751199 -0.1231566 -0.1843199 -0.9505677 0.1725186 -0.258183 -0.9505712 0.3045399 0.06058079 0.5218388 0.6031903 0.6031963 0.9505114 -0.2196931 -0.2196889 0.9505113 -0.1726128 -0.2583277 -0.9505677 -0.06058019 -0.3045507</float_array>
          <technique_common>
            <accessor source="#tire_01a_19x9_25Mesh_002-mesh-normals-array" count="256" stride="3">
              <param name="X" type="float"/>
              <param name="Y" type="float"/>
              <param name="Z" type="float"/>
            </accessor>
          </technique_common>
        </source>
        <source id="tire_01a_19x9_25Mesh_002-mesh-map-0">
          <float_array id="tire_01a_19x9_25Mesh_002-mesh-map-0-array" count="2688">0.312618 0.872186 0.250151 0.999771 0.25015 0.872186 0.874888 0.123227 0.937355 0.2390429 0.937355 0.123227 0.500023 0.2390429 0.437556 0.312487 0.500024 0.312487 0.375142 0.312487 0.312674 0.689449 0.312674 0.312487 0.43761 0.689449 0.375142 0.758681 0.375142 0.689449 0.562492 0.758681 0.62496 0.872186 0.562491 0.872186 0.187737 0.872186 0.1252689 0.999771 0.1252689 0.872186 0.125214 2.32e-4 0.06274598 0.123227 0.125214 0.123227 0.187682 0.758681 0.25015 0.872186 0.187682 0.872186 0.999825 0.2390429 0.937356 0.312487 0.999825 0.312487 0.625015 0.312487 0.687483 0.689449 0.625015 0.689449 0.250205 0.689449 0.187737 0.758681 0.187737 0.689449 0.062801 0.758681 0.1252689 0.872186 0.062801 0.872186 0.562491 0.872186 0.500023 0.999771 0.500023 0.872186 0.874832 0.872186 0.812365 0.999771 0.812364 0.872186 0.625014 0.123227 0.687483 0.2390429 0.687483 0.123227 0.375141 0.2390429 0.312675 0.312487 0.375142 0.312487 0.999825 0.312487 0.937356 0.689449 0.937356 0.312487 0.874832 0.689449 0.812365 0.758681 0.812365 0.689449 0.250151 0.758681 0.312618 0.872186 0.25015 0.872186 0.06274497 2.32e-4 2.78e-4 0.123227 0.06274598 0.123227 0.62496 0.872186 0.687428 0.999771 0.62496 0.999771 0.874832 0.758681 0.812364 0.872186 0.812365 0.758681 0.749896 0.239042 0.687429 0.312487 0.749897 0.312487 0.937301 0.312487 0.999769 0.689449 0.937301 0.689449 0.999825 0.689449 0.937356 0.758681 0.937356 0.689449 0.687428 0.123227 0.624959 0.2390429 0.687428 0.239042 0.437555 2.32e-4 0.500023 0.123227 0.500023 2.32e-4 0.562492 2.32e-4 0.500023 0.123227 0.562492 0.123227 0.874832 0.758681 0.9373 0.872186 0.874832 0.872186 0.874888 0.2390429 0.81242 0.312487 0.874888 0.312487 0.749951 0.312487 0.81242 0.689449 0.749951 0.689449 0.187682 0.2390429 0.125214 0.312487 0.187683 0.312487 0.687428 0.758681 0.749896 0.872186 0.687428 0.872186 0.687428 2.32e-4 0.749896 0.123227 0.749896 2.32e-4 0.812364 0.872186 0.749897 0.999771 0.749896 0.872186 0.937301 0.758681 0.999769 0.872186 0.9373 0.872186 0.375086 0.2390429 0.312619 0.312487 0.375087 0.312487 0.562547 0.312487 0.500078 0.689449 0.500078 0.312487 0.06274598 0.689449 0.1252149 0.758681 0.06274598 0.758681 0.43761 0.758681 0.500078 0.872186 0.437609 0.872186 0.250205 0.872186 0.187737 0.999771 0.187737 0.872186 0.187682 0.872186 0.1252149 0.999771 0.125214 0.872186 0.874888 0.758681 0.937356 0.872186 0.874887 0.872186 0.624959 0.2390429 0.562492 0.312487 0.62496 0.312487 0.1252689 0.312487 0.062801 0.689449 0.062801 0.312487 0.625015 0.689449 0.687483 0.758681 0.625015 0.758681 0.062801 0.123227 3.33e-4 0.2390429 0.062801 0.2390429 0.812365 2.32e-4 0.874833 0.123227 0.874833 2.32e-4 0.062801 2.32e-4 0.1252689 0.123227 0.1252689 2.32e-4 0.375087 0.758681 0.437555 0.872186 0.375086 0.872186 3.32e-4 0.689449 0.062801 0.758681 3.32e-4 0.758681 0.43761 0.312487 0.500078 0.689449 0.43761 0.689449 0.437556 0.689449 0.375087 0.758681 0.375087 0.689449 0.312674 0.758681 0.375141 0.872186 0.312673 0.872186 0.312674 2.32e-4 0.375141 0.123227 0.375141 2.32e-4 0.375086 0.872186 0.437556 0.999771 0.375087 0.999771 0.999825 0.758681 0.937356 0.872186 0.937356 0.758681 0.937301 0.2390429 0.874833 0.312487 0.937302 0.312487 0.125214 0.312487 0.187682 0.689449 0.1252149 0.689449 0.187682 0.689449 0.1252149 0.758681 0.1252149 0.689449 0.500023 0.758681 0.437555 0.872186 0.437556 0.758681 0.250149 2.32e-4 0.312619 0.123227 0.312618 2.32e-4 0.375086 2.32e-4 0.312619 0.123227 0.375086 0.123227 0.06274598 0.123227 0.125214 0.2390429 0.125214 0.123227 0.937355 0.2390429 0.874888 0.312487 0.937356 0.312487 0.500023 0.312487 0.437556 0.689449 0.437556 0.312487 0.81242 0.689449 0.874888 0.758681 0.81242 0.758681 0.187682 0.758681 0.125214 0.872186 0.1252149 0.758681 0.625014 2.32e-4 0.562546 0.123227 0.625014 0.123227 0.375086 0.872186 0.312619 0.999771 0.312618 0.872186 0.562546 0.123227 0.625014 0.2390429 0.625014 0.123227 0.562492 0.2390429 0.500024 0.312487 0.562492 0.312487 0.562547 0.312487 0.625015 0.689449 0.562547 0.689449 0.562492 0.689449 0.500023 0.758681 0.500023 0.689449 0.062801 0.123227 0.1252689 0.2390429 0.1252689 0.123227 0.812419 0.872186 0.749951 0.999771 0.749951 0.872186 0.250205 2.32e-4 0.187738 0.123227 0.250205 0.123227 0.312674 0.123227 0.375141 0.2390429 0.375141 0.123227 0.1252689 0.2390429 0.062801 0.312487 0.1252689 0.312487 0.312674 0.312487 0.250205 0.689449 0.250205 0.312487 0.687428 0.689449 0.62496 0.758681 0.62496 0.689449 0.312619 0.758681 0.375086 0.872186 0.312618 0.872186 0.437555 2.32e-4 0.375086 0.123227 0.437556 0.123227 0.687428 0.872186 0.749897 0.999771 0.687428 0.999771 0.749896 0.123227 0.687428 0.239042 0.749896 0.239042 0.625014 0.2390429 0.562547 0.312487 0.625015 0.312487 0.81242 0.312487 0.874888 0.689449 0.81242 0.689449 0.312674 0.689449 0.250205 0.758681 0.250205 0.689449 0.437556 0.123227 0.500023 0.2390429 0.500023 0.123227 0.187682 2.32e-4 0.125214 0.123227 0.187682 0.123227 0.562546 0.872186 0.500078 0.999771 0.500078 0.872186 0.562492 0.123227 0.500023 0.2390429 0.562492 0.2390429 0.687428 0.239042 0.62496 0.312487 0.687429 0.312487 0.187737 0.312487 0.250205 0.689449 0.187737 0.689449 0.687483 0.689449 0.749951 0.758681 0.687483 0.758681 0.250205 0.123227 0.187737 0.2390429 0.250205 0.2390429 0.9373 0.872186 0.999769 0.999771 0.937301 0.999771 0.062801 2.32e-4 3.33e-4 0.123227 0.062801 0.123227 0.624959 0.123227 0.562492 0.2390429 0.624959 0.2390429 0.500078 0.2390429 0.43761 0.312487 0.500079 0.312487 0.874833 0.312487 0.812365 0.689449 0.812365 0.312487 0.812365 0.689449 0.749897 0.758681 0.749897 0.689449 0.187682 0.123227 0.25015 0.2390429 0.25015 0.123227 0.937355 2.32e-4 0.874888 0.123227 0.937355 0.123227 0.999825 2.32e-4 0.937355 0.123227 0.999825 0.123227 0.43761 0.758681 0.375141 0.872186 0.375142 0.758681 0.250205 0.2390429 0.187738 0.312487 0.250206 0.312487 0.062801 0.312487 3.32e-4 0.689449 3.32e-4 0.312487 0.187682 2.32e-4 0.25015 0.123227 0.250149 2.32e-4 0.375086 0.123227 0.437555 0.2390429 0.437556 0.123227 0.062801 0.872186 3.32e-4 0.999771 3.32e-4 0.872186 0.624959 2.32e-4 0.562492 0.123227 0.624959 0.123227 0.250205 0.758681 0.187737 0.872186 0.187737 0.758681 0.437555 0.2390429 0.375087 0.312487 0.437556 0.312487 0.1252689 0.689449 0.062801 0.758681 0.062801 0.689449 0.999769 0.689449 0.937301 0.758681 0.937301 0.689449 0.06274598 0.758681 0.125214 0.872186 0.06274497 0.872186 0.06274598 0.123227 2.78e-4 0.2390429 0.06274598 0.2390429 0.874832 0.872186 0.937301 0.999771 0.874833 0.999771 0.625015 0.758681 0.687483 0.872186 0.625015 0.872186 0.062801 0.2390429 3.33e-4 0.312487 0.062801 0.312487 0.687428 0.312487 0.62496 0.689449 0.62496 0.312487 0.250151 0.689449 0.187682 0.758681 0.187682 0.689449 0.562546 0.123227 0.500078 0.2390429 0.562546 0.2390429 0.749951 0.872186 0.687483 0.999771 0.687483 0.872186 0.062801 0.872186 0.1252689 0.999771 0.06280195 0.999771 0.812419 0.123227 0.749951 0.2390429 0.812419 0.2390429 0.999771 0.2390429 0.937302 0.312487 0.999771 0.312487 2.78e-4 0.312487 0.06274598 0.689449 2.78e-4 0.689449 0.437556 0.689449 0.500023 0.758681 0.437556 0.758681 0.625015 0.758681 0.562546 0.872186 0.562547 0.758681 0.375141 2.32e-4 0.43761 0.123227 0.43761 2.32e-4 0.625014 2.32e-4 0.687483 0.123227 0.687482 2.32e-4 0.312619 0.689449 0.250151 0.758681 0.250151 0.689449 0.62496 0.312487 0.562492 0.689449 0.562492 0.312487 0.562492 0.689449 0.62496 0.758681 0.562492 0.758681 0.500078 0.758681 0.562546 0.872186 0.500078 0.872186 0.187682 0.872186 0.250151 0.999771 0.187682 0.999771 0.624959 2.32e-4 0.687428 0.123227 0.687428 2.32e-4 0.812419 0.123227 0.874888 0.2390429 0.874888 0.123227 0.562546 0.2390429 0.500079 0.312487 0.562547 0.312487 0.937356 0.312487 0.874888 0.689449 0.874888 0.312487 0.43761 0.689449 0.500078 0.758681 0.43761 0.758681 0.25015 0.123227 0.312618 0.2390429 0.312619 0.123227 0.937356 0.872186 0.874887 0.999771 0.874887 0.872186 0.06274497 0.872186 2.78e-4 0.999771 2.78e-4 0.872186 0.500023 0.758681 0.562491 0.872186 0.500023 0.872186 0.43761 0.2390429 0.375142 0.312487 0.43761 0.312487 0.375087 0.312487 0.312619 0.689449 0.312619 0.312487 0.06274598 0.689449 2.78e-4 0.758681 2.78e-4 0.689449 0.749951 0.123227 0.687483 0.2390429 0.749951 0.2390429 0.250205 2.32e-4 0.312674 0.123227 0.312674 2.32e-4 0.437609 0.872186 0.375142 0.999771 0.375141 0.872186 0.250205 0.123227 0.312674 0.2390429 0.312674 0.123227 0.25015 0.2390429 0.187683 0.312487 0.250151 0.312487 0.1252689 0.312487 0.187737 0.689449 0.1252689 0.689449 0.500078 0.689449 0.562547 0.758681 0.500078 0.758681 0.687483 0.758681 0.749951 0.872186 0.687483 0.872186 0.500077 2.32e-4 0.43761 0.123227 0.500078 0.123227 0.562546 2.32e-4 0.500078 0.123227 0.562546 0.123227 0.937301 0.123227 0.874833 0.2390429 0.937301 0.2390429 0.187737 0.2390429 0.1252689 0.312487 0.187738 0.312487 0.562492 0.312487 0.500023 0.689449 0.500023 0.312487 0.375142 0.689449 0.312674 0.758681 0.312674 0.689449 0.187738 0.123227 0.1252689 0.2390429 0.187737 0.2390429 0.250205 0.872186 0.312674 0.999771 0.250206 0.999771 0.562546 0.872186 0.625015 0.999771 0.562547 0.999771 0.1252689 0.758681 0.187737 0.872186 0.1252689 0.872186 0.312618 0.2390429 0.250151 0.312487 0.312619 0.312487 0.937301 0.312487 0.874832 0.689449 0.874833 0.312487 0.749951 0.689449 0.81242 0.758681 0.749951 0.758681 0.500078 0.123227 0.43761 0.2390429 0.500078 0.2390429 0.9373 2.32e-4 0.999771 0.123227 0.999771 2.32e-4 0.749896 2.32e-4 0.812365 0.123227 0.812365 2.32e-4 0.937301 0.123227 0.999771 0.2390429 0.999771 0.123227 0.06274598 0.2390429 2.78e-4 0.312487 0.062747 0.312487 0.687428 0.312487 0.749897 0.689449 0.687428 0.689449 0.937301 0.689449 0.874832 0.758681 0.874832 0.689449 0.81242 0.758681 0.874887 0.872186 0.812419 0.872186 0.1252689 2.32e-4 0.187738 0.123227 0.187737 2.32e-4 0.375141 0.872186 0.312674 0.999771 0.312673 0.872186 0.125214 0.123227 0.187682 0.2390429 0.187682 0.123227 0.312674 0.2390429 0.250206 0.312487 0.312675 0.312487 0.43761 0.312487 0.375142 0.689449 0.375142 0.312487 0.562547 0.689449 0.625015 0.758681 0.562547 0.758681 0.999825 0.123227 0.937355 0.2390429 0.999825 0.2390429 0.999825 0.872186 0.937356 0.999771 0.937356 0.872186 0.874887 2.32e-4 0.812419 0.123227 0.874888 0.123227 0.43761 0.123227 0.375141 0.2390429 0.43761 0.2390429 0.687483 0.2390429 0.625015 0.312487 0.687484 0.312487 0.187682 0.312487 0.250151 0.689449 0.187682 0.689449 0.874888 0.689449 0.937356 0.758681 0.874888 0.758681 0.62496 0.758681 0.687428 0.872186 0.62496 0.872186 0.62496 0.872186 0.562492 0.999771 0.562491 0.872186 0.9373 2.32e-4 0.874833 0.123227 0.937301 0.123227 0.812365 0.123227 0.749896 0.239042 0.812365 0.2390429 0.874833 0.2390429 0.812365 0.312487 0.874833 0.312487 0.687483 0.312487 0.749951 0.689449 0.687483 0.689449 0.812365 0.2390429 0.749897 0.312487 0.812365 0.312487 0.250205 0.758681 0.312673 0.872186 0.250205 0.872186 0.874887 0.872186 0.81242 0.999771 0.812419 0.872186 0.437609 0.872186 0.500078 0.999771 0.43761 0.999771 0.06274598 0.758681 2.78e-4 0.872186 2.78e-4 0.758681 0.125214 0.2390429 0.062747 0.312487 0.125214 0.312487 0.250151 0.312487 0.312619 0.689449 0.250151 0.689449 0.187737 0.689449 0.1252689 0.758681 0.1252689 0.689449 0.375086 0.123227 0.312618 0.2390429 0.375086 0.2390429 0.687483 0.872186 0.625015 0.999771 0.625015 0.872186 0.749951 2.32e-4 0.687483 0.123227 0.749951 0.123227 0.749897 0.758681 0.812364 0.872186 0.749896 0.872186 0.749951 0.2390429 0.687484 0.312487 0.749951 0.312487 0.749897 0.312487 0.812365 0.689449 0.749897 0.689449 0.312619 0.689449 0.375087 0.758681 0.312619 0.758681 0.81242 0.758681 0.749951 0.872186 0.749951 0.758681 0.749951 2.32e-4 0.812419 0.123227 0.812419 2.32e-4 0.125214 0.872186 0.06274598 0.999771 0.06274497 0.872186 0.874833 0.123227 0.812365 0.2390429 0.874833 0.2390429 0.812419 0.2390429 0.749951 0.312487 0.81242 0.312487 0.437556 0.312487 0.375087 0.689449 0.375087 0.312487 0.749897 0.689449 0.687428 0.758681 0.687428 0.689449 0.062801 0.758681 3.32e-4 0.872186 3.32e-4 0.758681 0.500023 0.872186 0.437556 0.999771 0.437555 0.872186 0.06274598 0.312487 0.1252149 0.689449 0.06274598 0.689449 0.312618 0.872186 0.312619 0.999771 0.250151 0.999771 0.874888 0.123227 0.874888 0.2390429 0.937355 0.2390429 0.500023 0.2390429 0.437555 0.2390429 0.437556 0.312487 0.375142 0.312487 0.375142 0.689449 0.312674 0.689449 0.43761 0.689449 0.43761 0.758681 0.375142 0.758681 0.562492 0.758681 0.62496 0.758681 0.62496 0.872186 0.187737 0.872186 0.187737 0.999771 0.1252689 0.999771 0.125214 2.32e-4 0.06274497 2.32e-4 0.06274598 0.123227 0.187682 0.758681 0.250151 0.758681 0.25015 0.872186 0.999825 0.2390429 0.937355 0.2390429 0.937356 0.312487 0.625015 0.312487 0.687483 0.312487 0.687483 0.689449 0.250205 0.689449 0.250205 0.758681 0.187737 0.758681 0.062801 0.758681 0.1252689 0.758681 0.1252689 0.872186 0.562491 0.872186 0.562492 0.999771 0.500023 0.999771 0.874832 0.872186 0.874833 0.999771 0.812365 0.999771 0.625014 0.123227 0.625014 0.2390429 0.687483 0.2390429 0.375141 0.2390429 0.312674 0.2390429 0.312675 0.312487 0.999825 0.312487 0.999825 0.689449 0.937356 0.689449 0.874832 0.689449 0.874832 0.758681 0.812365 0.758681 0.250151 0.758681 0.312619 0.758681 0.312618 0.872186 0.06274497 2.32e-4 2.78e-4 2.32e-4 2.78e-4 0.123227 0.62496 0.872186 0.687428 0.872186 0.687428 0.999771 0.874832 0.758681 0.874832 0.872186 0.812364 0.872186 0.749896 0.239042 0.687428 0.239042 0.687429 0.312487 0.937301 0.312487 0.999769 0.312487 0.999769 0.689449 0.999825 0.689449 0.999825 0.758681 0.937356 0.758681 0.687428 0.123227 0.624959 0.123227 0.624959 0.2390429 0.437555 2.32e-4 0.437556 0.123227 0.500023 0.123227 0.562492 2.32e-4 0.500023 2.32e-4 0.500023 0.123227 0.874832 0.758681 0.937301 0.758681 0.9373 0.872186 0.874888 0.2390429 0.812419 0.2390429 0.81242 0.312487 0.749951 0.312487 0.81242 0.312487 0.81242 0.689449 0.187682 0.2390429 0.125214 0.2390429 0.125214 0.312487 0.687428 0.758681 0.749897 0.758681 0.749896 0.872186 0.687428 2.32e-4 0.687428 0.123227 0.749896 0.123227 0.812364 0.872186 0.812365 0.999771 0.749897 0.999771 0.937301 0.758681 0.999769 0.758681 0.999769 0.872186 0.375086 0.2390429 0.312618 0.2390429 0.312619 0.312487 0.562547 0.312487 0.562547 0.689449 0.500078 0.689449 0.06274598 0.689449 0.1252149 0.689449 0.1252149 0.758681 0.43761 0.758681 0.500078 0.758681 0.500078 0.872186 0.250205 0.872186 0.250206 0.999771 0.187737 0.999771 0.187682 0.872186 0.187682 0.999771 0.1252149 0.999771 0.874888 0.758681 0.937356 0.758681 0.937356 0.872186 0.624959 0.2390429 0.562492 0.2390429 0.562492 0.312487 0.1252689 0.312487 0.1252689 0.689449 0.062801 0.689449 0.625015 0.689449 0.687483 0.689449 0.687483 0.758681 0.062801 0.123227 3.33e-4 0.123227 3.33e-4 0.2390429 0.812365 2.32e-4 0.812365 0.123227 0.874833 0.123227 0.062801 2.32e-4 0.062801 0.123227 0.1252689 0.123227 0.375087 0.758681 0.437556 0.758681 0.437555 0.872186 3.32e-4 0.689449 0.062801 0.689449 0.062801 0.758681 0.43761 0.312487 0.500078 0.312487 0.500078 0.689449 0.437556 0.689449 0.437556 0.758681 0.375087 0.758681 0.312674 0.758681 0.375142 0.758681 0.375141 0.872186 0.312674 2.32e-4 0.312674 0.123227 0.375141 0.123227 0.375086 0.872186 0.437555 0.872186 0.437556 0.999771 0.999825 0.758681 0.999825 0.872186 0.937356 0.872186 0.937301 0.2390429 0.874833 0.2390429 0.874833 0.312487 0.125214 0.312487 0.187682 0.312487 0.187682 0.689449 0.187682 0.689449 0.187682 0.758681 0.1252149 0.758681 0.500023 0.758681 0.500023 0.872186 0.437555 0.872186 0.250149 2.32e-4 0.25015 0.123227 0.312619 0.123227 0.375086 2.32e-4 0.312618 2.32e-4 0.312619 0.123227 0.06274598 0.123227 0.06274598 0.2390429 0.125214 0.2390429 0.937355 0.2390429 0.874888 0.2390429 0.874888 0.312487 0.500023 0.312487 0.500023 0.689449 0.437556 0.689449 0.81242 0.689449 0.874888 0.689449 0.874888 0.758681 0.187682 0.758681 0.187682 0.872186 0.125214 0.872186 0.625014 2.32e-4 0.562546 2.32e-4 0.562546 0.123227 0.375086 0.872186 0.375087 0.999771 0.312619 0.999771 0.562546 0.123227 0.562546 0.2390429 0.625014 0.2390429 0.562492 0.2390429 0.500023 0.2390429 0.500024 0.312487 0.562547 0.312487 0.625015 0.312487 0.625015 0.689449 0.562492 0.689449 0.562492 0.758681 0.500023 0.758681 0.062801 0.123227 0.062801 0.2390429 0.1252689 0.2390429 0.812419 0.872186 0.81242 0.999771 0.749951 0.999771 0.250205 2.32e-4 0.187737 2.32e-4 0.187738 0.123227 0.312674 0.123227 0.312674 0.2390429 0.375141 0.2390429 0.1252689 0.2390429 0.062801 0.2390429 0.062801 0.312487 0.312674 0.312487 0.312674 0.689449 0.250205 0.689449 0.687428 0.689449 0.687428 0.758681 0.62496 0.758681 0.312619 0.758681 0.375087 0.758681 0.375086 0.872186 0.437555 2.32e-4 0.375086 2.32e-4 0.375086 0.123227 0.687428 0.872186 0.749896 0.872186 0.749897 0.999771 0.749896 0.123227 0.687428 0.123227 0.687428 0.239042 0.625014 0.2390429 0.562546 0.2390429 0.562547 0.312487 0.81242 0.312487 0.874888 0.312487 0.874888 0.689449 0.312674 0.689449 0.312674 0.758681 0.250205 0.758681 0.437556 0.123227 0.437555 0.2390429 0.500023 0.2390429 0.187682 2.32e-4 0.125214 2.32e-4 0.125214 0.123227 0.562546 0.872186 0.562547 0.999771 0.500078 0.999771 0.562492 0.123227 0.500023 0.123227 0.500023 0.2390429 0.687428 0.239042 0.624959 0.2390429 0.62496 0.312487 0.187737 0.312487 0.250205 0.312487 0.250205 0.689449 0.687483 0.689449 0.749951 0.689449 0.749951 0.758681 0.250205 0.123227 0.187738 0.123227 0.187737 0.2390429 0.9373 0.872186 0.999769 0.872186 0.999769 0.999771 0.062801 2.32e-4 3.33e-4 2.32e-4 3.33e-4 0.123227 0.624959 0.123227 0.562492 0.123227 0.562492 0.2390429 0.500078 0.2390429 0.43761 0.2390429 0.43761 0.312487 0.874833 0.312487 0.874832 0.689449 0.812365 0.689449 0.812365 0.689449 0.812365 0.758681 0.749897 0.758681 0.187682 0.123227 0.187682 0.2390429 0.25015 0.2390429 0.937355 2.32e-4 0.874887 2.32e-4 0.874888 0.123227 0.999825 2.32e-4 0.937355 2.32e-4 0.937355 0.123227 0.43761 0.758681 0.437609 0.872186 0.375141 0.872186 0.250205 0.2390429 0.187737 0.2390429 0.187738 0.312487 0.062801 0.312487 0.062801 0.689449 3.32e-4 0.689449 0.187682 2.32e-4 0.187682 0.123227 0.25015 0.123227 0.375086 0.123227 0.375086 0.2390429 0.437555 0.2390429 0.062801 0.872186 0.06280195 0.999771 3.32e-4 0.999771 0.624959 2.32e-4 0.562492 2.32e-4 0.562492 0.123227 0.250205 0.758681 0.250205 0.872186 0.187737 0.872186 0.437555 0.2390429 0.375086 0.2390429 0.375087 0.312487 0.1252689 0.689449 0.1252689 0.758681 0.062801 0.758681 0.999769 0.689449 0.999769 0.758681 0.937301 0.758681 0.06274598 0.758681 0.1252149 0.758681 0.125214 0.872186 0.06274598 0.123227 2.78e-4 0.123227 2.78e-4 0.2390429 0.874832 0.872186 0.9373 0.872186 0.937301 0.999771 0.625015 0.758681 0.687483 0.758681 0.687483 0.872186 0.062801 0.2390429 3.33e-4 0.2390429 3.33e-4 0.312487 0.687428 0.312487 0.687428 0.689449 0.62496 0.689449 0.250151 0.689449 0.250151 0.758681 0.187682 0.758681 0.562546 0.123227 0.500078 0.123227 0.500078 0.2390429 0.749951 0.872186 0.749951 0.999771 0.687483 0.999771 0.062801 0.872186 0.1252689 0.872186 0.1252689 0.999771 0.812419 0.123227 0.749951 0.123227 0.749951 0.2390429 0.999771 0.2390429 0.937301 0.2390429 0.937302 0.312487 2.78e-4 0.312487 0.06274598 0.312487 0.06274598 0.689449 0.437556 0.689449 0.500023 0.689449 0.500023 0.758681 0.625015 0.758681 0.625015 0.872186 0.562546 0.872186 0.375141 2.32e-4 0.375141 0.123227 0.43761 0.123227 0.625014 2.32e-4 0.625014 0.123227 0.687483 0.123227 0.312619 0.689449 0.312619 0.758681 0.250151 0.758681 0.62496 0.312487 0.62496 0.689449 0.562492 0.689449 0.562492 0.689449 0.62496 0.689449 0.62496 0.758681 0.500078 0.758681 0.562547 0.758681 0.562546 0.872186 0.187682 0.872186 0.25015 0.872186 0.250151 0.999771 0.624959 2.32e-4 0.624959 0.123227 0.687428 0.123227 0.812419 0.123227 0.812419 0.2390429 0.874888 0.2390429 0.562546 0.2390429 0.500078 0.2390429 0.500079 0.312487 0.937356 0.312487 0.937356 0.689449 0.874888 0.689449 0.43761 0.689449 0.500078 0.689449 0.500078 0.758681 0.25015 0.123227 0.25015 0.2390429 0.312618 0.2390429 0.937356 0.872186 0.937356 0.999771 0.874887 0.999771 0.06274497 0.872186 0.06274598 0.999771 2.78e-4 0.999771 0.500023 0.758681 0.562492 0.758681 0.562491 0.872186 0.43761 0.2390429 0.375141 0.2390429 0.375142 0.312487 0.375087 0.312487 0.375087 0.689449 0.312619 0.689449 0.06274598 0.689449 0.06274598 0.758681 2.78e-4 0.758681 0.749951 0.123227 0.687483 0.123227 0.687483 0.2390429 0.250205 2.32e-4 0.250205 0.123227 0.312674 0.123227 0.437609 0.872186 0.43761 0.999771 0.375142 0.999771 0.250205 0.123227 0.250205 0.2390429 0.312674 0.2390429 0.25015 0.2390429 0.187682 0.2390429 0.187683 0.312487 0.1252689 0.312487 0.187737 0.312487 0.187737 0.689449 0.500078 0.689449 0.562547 0.689449 0.562547 0.758681 0.687483 0.758681 0.749951 0.758681 0.749951 0.872186 0.500077 2.32e-4 0.43761 2.32e-4 0.43761 0.123227 0.562546 2.32e-4 0.500077 2.32e-4 0.500078 0.123227 0.937301 0.123227 0.874833 0.123227 0.874833 0.2390429 0.187737 0.2390429 0.1252689 0.2390429 0.1252689 0.312487 0.562492 0.312487 0.562492 0.689449 0.500023 0.689449 0.375142 0.689449 0.375142 0.758681 0.312674 0.758681 0.187738 0.123227 0.1252689 0.123227 0.1252689 0.2390429 0.250205 0.872186 0.312673 0.872186 0.312674 0.999771 0.562546 0.872186 0.625015 0.872186 0.625015 0.999771 0.1252689 0.758681 0.187737 0.758681 0.187737 0.872186 0.312618 0.2390429 0.25015 0.2390429 0.250151 0.312487 0.937301 0.312487 0.937301 0.689449 0.874832 0.689449 0.749951 0.689449 0.81242 0.689449 0.81242 0.758681 0.500078 0.123227 0.43761 0.123227 0.43761 0.2390429 0.9373 2.32e-4 0.937301 0.123227 0.999771 0.123227 0.749896 2.32e-4 0.749896 0.123227 0.812365 0.123227 0.937301 0.123227 0.937301 0.2390429 0.999771 0.2390429 0.06274598 0.2390429 2.78e-4 0.2390429 2.78e-4 0.312487 0.687428 0.312487 0.749897 0.312487 0.749897 0.689449 0.937301 0.689449 0.937301 0.758681 0.874832 0.758681 0.81242 0.758681 0.874888 0.758681 0.874887 0.872186 0.1252689 2.32e-4 0.1252689 0.123227 0.187738 0.123227 0.375141 0.872186 0.375142 0.999771 0.312674 0.999771 0.125214 0.123227 0.125214 0.2390429 0.187682 0.2390429 0.312674 0.2390429 0.250205 0.2390429 0.250206 0.312487 0.43761 0.312487 0.43761 0.689449 0.375142 0.689449 0.562547 0.689449 0.625015 0.689449 0.625015 0.758681 0.999825 0.123227 0.937355 0.123227 0.937355 0.2390429 0.999825 0.872186 0.999825 0.999771 0.937356 0.999771 0.874887 2.32e-4 0.812419 2.32e-4 0.812419 0.123227 0.43761 0.123227 0.375141 0.123227 0.375141 0.2390429 0.687483 0.2390429 0.625014 0.2390429 0.625015 0.312487 0.187682 0.312487 0.250151 0.312487 0.250151 0.689449 0.874888 0.689449 0.937356 0.689449 0.937356 0.758681 0.62496 0.758681 0.687428 0.758681 0.687428 0.872186 0.62496 0.872186 0.62496 0.999771 0.562492 0.999771 0.9373 2.32e-4 0.874833 2.32e-4 0.874833 0.123227 0.812365 0.123227 0.749896 0.123227 0.749896 0.239042 0.874833 0.2390429 0.812365 0.2390429 0.812365 0.312487 0.687483 0.312487 0.749951 0.312487 0.749951 0.689449 0.812365 0.2390429 0.749896 0.239042 0.749897 0.312487 0.250205 0.758681 0.312674 0.758681 0.312673 0.872186 0.874887 0.872186 0.874887 0.999771 0.81242 0.999771 0.437609 0.872186 0.500078 0.872186 0.500078 0.999771 0.06274598 0.758681 0.06274497 0.872186 2.78e-4 0.872186 0.125214 0.2390429 0.06274598 0.2390429 0.062747 0.312487 0.250151 0.312487 0.312619 0.312487 0.312619 0.689449 0.187737 0.689449 0.187737 0.758681 0.1252689 0.758681 0.375086 0.123227 0.312619 0.123227 0.312618 0.2390429 0.687483 0.872186 0.687483 0.999771 0.625015 0.999771 0.749951 2.32e-4 0.687482 2.32e-4 0.687483 0.123227 0.749897 0.758681 0.812365 0.758681 0.812364 0.872186 0.749951 0.2390429 0.687483 0.2390429 0.687484 0.312487 0.749897 0.312487 0.812365 0.312487 0.812365 0.689449 0.312619 0.689449 0.375087 0.689449 0.375087 0.758681 0.81242 0.758681 0.812419 0.872186 0.749951 0.872186 0.749951 2.32e-4 0.749951 0.123227 0.812419 0.123227 0.125214 0.872186 0.1252149 0.999771 0.06274598 0.999771 0.874833 0.123227 0.812365 0.123227 0.812365 0.2390429 0.812419 0.2390429 0.749951 0.2390429 0.749951 0.312487 0.437556 0.312487 0.437556 0.689449 0.375087 0.689449 0.749897 0.689449 0.749897 0.758681 0.687428 0.758681 0.062801 0.758681 0.062801 0.872186 3.32e-4 0.872186 0.500023 0.872186 0.500023 0.999771 0.437556 0.999771 0.06274598 0.312487 0.125214 0.312487 0.1252149 0.689449</float_array>
          <technique_common>
            <accessor source="#tire_01a_19x9_25Mesh_002-mesh-map-0-array" count="1344" stride="2">
              <param name="S" type="float"/>
              <param name="T" type="float"/>
            </accessor>
          </technique_common>
        </source>
        <source id="tire_01a_19x9_25Mesh_002-mesh-colors-tire_01a_19x9_25-VERTEX_COLOR0" name="tire_01a_19x9_25-VERTEX_COLOR0">
          <float_array id="tire_01a_19x9_25Mesh_002-mesh-colors-tire_01a_19x9_25-VERTEX_COLOR0-array" count="5376">1 1 1 1 1 1 1 1 1 1 1 1 1 1 1 1 1 1 1 1 1 1 1 1 1 1 1 1 1 1 1 1 1 1 1 1 1 1 1 1 1 1 1 1 1 1 1 1 1 1 1 1 1 1 1 1 1 1 1 1 1 1 1 1 1 1 1 1 1 1 1 1 1 1 1 1 1 1 1 1 1 1 1 1 1 1 1 1 1 1 1 1 1 1 1 1 1 1 1 1 1 1 1 1 1 1 1 1 1 1 1 1 1 1 1 1 1 1 1 1 1 1 1 1 1 1 1 1 1 1 1 1 1 1 1 1 1 1 1 1 1 1 1 1 1 1 1 1 1 1 1 1 1 1 1 1 1 1 1 1 1 1 1 1 1 1 1 1 1 1 1 1 1 1 1 1 1 1 1 1 1 1 1 1 1 1 1 1 1 1 1 1 1 1 1 1 1 1 1 1 1 1 1 1 1 1 1 1 1 1 1 1 1 1 1 1 1 1 1 1 1 1 1 1 1 1 1 1 1 1 1 1 1 1 1 1 1 1 1 1 1 1 1 1 1 1 1 1 1 1 1 1 1 1 1 1 1 1 1 1 1 1 1 1 1 1 1 1 1 1 1 1 1 1 1 1 1 1 1 1 1 1 1 1 1 1 1 1 1 1 1 1 1 1 1 1 1 1 1 1 1 1 1 1 1 1 1 1 1 1 1 1 1 1 1 1 1 1 1 1 1 1 1 1 1 1 1 1 1 1 1 1 1 1 1 1 1 1 1 1 1 1 1 1 1 1 1 1 1 1 1 1 1 1 1 1 1 1 1 1 1 1 1 1 1 1 1 1 1 1 1 1 1 1 1 1 1 1 1 1 1 1 1 1 1 1 1 1 1 1 1 1 1 1 1 1 1 1 1 1 1 1 1 1 1 1 1 1 1 1 1 1 1 1 1 1 1 1 1 1 1 1 1 1 1 1 1 1 1 1 1 1 1 1 1 1 1 1 1 1 1 1 1 1 1 1 1 1 1 1 1 1 1 1 1 1 1 1 1 1 1 1 1 1 1 1 1 1 1 1 1 1 1 1 1 1 1 1 1 1 1 1 1 1 1 1 1 1 1 1 1 1 1 1 1 1 1 1 1 1 1 1 1 1 1 1 1 1 1 1 1 1 1 1 1 1 1 1 1 1 1 1 1 1 1 1 1 1 1 1 1 1 1 1 1 1 1 1 1 1 1 1 1 1 1 1 1 1 1 1 1 1 1 1 1 1 1 1 1 1 1 1 1 1 1 1 1 1 1 1 1 1 1 1 1 1 1 1 1 1 1 1 1 1 1 1 1 1 1 1 1 1 1 1 1 1 1 1 1 1 1 1 1 1 1 1 1 1 1 1 1 1 1 1 1 1 1 1 1 1 1 1 1 1 1 1 1 1 1 1 1 1 1 1 1 1 1 1 1 1 1 1 1 1 1 1 1 1 1 1 1 1 1 1 1 1 1 1 1 1 1 1 1 1 1 1 1 1 1 1 1 1 1 1 1 1 1 1 1 1 1 1 1 1 1 1 1 1 1 1 1 1 1 1 1 1 1 1 1 1 1 1 1 1 1 1 1 1 1 1 1 1 1 1 1 1 1 1 1 1 1 1 1 1 1 1 1 1 1 1 1 1 1 1 1 1 1 1 1 1 1 1 1 1 1 1 1 1 1 1 1 1 1 1 1 1 1 1 1 1 1 1 1 1 1 1 1 1 1 1 1 1 1 1 1 1 1 1 1 1 1 1 1 1 1 1 1 1 1 1 1 1 1 1 1 1 1 1 1 1 1 1 1 1 1 1 1 1 1 1 1 1 1 1 1 1 1 1 1 1 1 1 1 1 1 1 1 1 1 1 1 1 1 1 1 1 1 1 1 1 1 1 1 1 1 1 1 1 1 1 1 1 1 1 1 1 1 1 1 1 1 1 1 1 1 1 1 1 1 1 1 1 1 1 1 1 1 1 1 1 1 1 1 1 1 1 1 1 1 1 1 1 1 1 1 1 1 1 1 1 1 1 1 1 1 1 1 1 1 1 1 1 1 1 1 1 1 1 1 1 1 1 1 1 1 1 1 1 1 1 1 1 1 1 1 1 1 1 1 1 1 1 1 1 1 1 1 1 1 1 1 1 1 1 1 1 1 1 1 1 1 1 1 1 1 1 1 1 1 1 1 1 1 1 1 1 1 1 1 1 1 1 1 1 1 1 1 1 1 1 1 1 1 1 1 1 1 1 1 1 1 1 1 1 1 1 1 1 1 1 1 1 1 1 1 1 1 1 1 1 1 1 1 1 1 1 1 1 1 1 1 1 1 1 1 1 1 1 1 1 1 1 1 1 1 1 1 1 1 1 1 1 1 1 1 1 1 1 1 1 1 1 1 1 1 1 1 1 1 1 1 1 1 1 1 1 1 1 1 1 1 1 1 1 1 1 1 1 1 1 1 1 1 1 1 1 1 1 1 1 1 1 1 1 1 1 1 1 1 1 1 1 1 1 1 1 1 1 1 1 1 1 1 1 1 1 1 1 1 1 1 1 1 1 1 1 1 1 1 1 1 1 1 1 1 1 1 1 1 1 1 1 1 1 1 1 1 1 1 1 1 1 1 1 1 1 1 1 1 1 1 1 1 1 1 1 1 1 1 1 1 1 1 1 1 1 1 1 1 1 1 1 1 1 1 1 1 1 1 1 1 1 1 1 1 1 1 1 1 1 1 1 1 1 1 1 1 1 1 1 1 1 1 1 1 1 1 1 1 1 1 1 1 1 1 1 1 1 1 1 1 1 1 1 1 1 1 1 1 1 1 1 1 1 1 1 1 1 1 1 1 1 1 1 1 1 1 1 1 1 1 1 1 1 1 1 1 1 1 1 1 1 1 1 1 1 1 1 1 1 1 1 1 1 1 1 1 1 1 1 1 1 1 1 1 1 1 1 1 1 1 1 1 1 1 1 1 1 1 1 1 1 1 1 1 1 1 1 1 1 1 1 1 1 1 1 1 1 1 1 1 1 1 1 1 1 1 1 1 1 1 1 1 1 1 1 1 1 1 1 1 1 1 1 1 1 1 1 1 1 1 1 1 1 1 1 1 1 1 1 1 1 1 1 1 1 1 1 1 1 1 1 1 1 1 1 1 1 1 1 1 1 1 1 1 1 1 1 1 1 1 1 1 1 1 1 1 1 1 1 1 1 1 1 1 1 1 1 1 1 1 1 1 1 1 1 1 1 1 1 1 1 1 1 1 1 1 1 1 1 1 1 1 1 1 1 1 1 1 1 1 1 1 1 1 1 1 1 1 1 1 1 1 1 1 1 1 1 1 1 1 1 1 1 1 1 1 1 1 1 1 1 1 1 1 1 1 1 1 1 1 1 1 1 1 1 1 1 1 1 1 1 1 1 1 1 1 1 1 1 1 1 1 1 1 1 1 1 1 1 1 1 1 1 1 1 1 1 1 1 1 1 1 1 1 1 1 1 1 1 1 1 1 1 1 1 1 1 1 1 1 1 1 1 1 1 1 1 1 1 1 1 1 1 1 1 1 1 1 1 1 1 1 1 1 1 1 1 1 1 1 1 1 1 1 1 1 1 1 1 1 1 1 1 1 1 1 1 1 1 1 1 1 1 1 1 1 1 1 1 1 1 1 1 1 1 1 1 1 1 1 1 1 1 1 1 1 1 1 1 1 1 1 1 1 1 1 1 1 1 1 1 1 1 1 1 1 1 1 1 1 1 1 1 1 1 1 1 1 1 1 1 1 1 1 1 1 1 1 1 1 1 1 1 1 1 1 1 1 1 1 1 1 1 1 1 1 1 1 1 1 1 1 1 1 1 1 1 1 1 1 1 1 1 1 1 1 1 1 1 1 1 1 1 1 1 1 1 1 1 1 1 1 1 1 1 1 1 1 1 1 1 1 1 1 1 1 1 1 1 1 1 1 1 1 1 1 1 1 1 1 1 1 1 1 1 1 1 1 1 1 1 1 1 1 1 1 1 1 1 1 1 1 1 1 1 1 1 1 1 1 1 1 1 1 1 1 1 1 1 1 1 1 1 1 1 1 1 1 1 1 1 1 1 1 1 1 1 1 1 1 1 1 1 1 1 1 1 1 1 1 1 1 1 1 1 1 1 1 1 1 1 1 1 1 1 1 1 1 1 1 1 1 1 1 1 1 1 1 1 1 1 1 1 1 1 1 1 1 1 1 1 1 1 1 1 1 1 1 1 1 1 1 1 1 1 1 1 1 1 1 1 1 1 1 1 1 1 1 1 1 1 1 1 1 1 1 1 1 1 1 1 1 1 1 1 1 1 1 1 1 1 1 1 1 1 1 1 1 1 1 1 1 1 1 1 1 1 1 1 1 1 1 1 1 1 1 1 1 1 1 1 1 1 1 1 1 1 1 1 1 1 1 1 1 1 1 1 1 1 1 1 1 1 1 1 1 1 1 1 1 1 1 1 1 1 1 1 1 1 1 1 1 1 1 1 1 1 1 1 1 1 1 1 1 1 1 1 1 1 1 1 1 1 1 1 1 1 1 1 1 1 1 1 1 1 1 1 1 1 1 1 1 1 1 1 1 1 1 1 1 1 1 1 1 1 1 1 1 1 1 1 1 1 1 1 1 1 1 1 1 1 1 1 1 1 1 1 1 1 1 1 1 1 1 1 1 1 1 1 1 1 1 1 1 1 1 1 1 1 1 1 1 1 1 1 1 1 1 1 1 1 1 1 1 1 1 1 1 1 1 1 1 1 1 1 1 1 1 1 1 1 1 1 1 1 1 1 1 1 1 1 1 1 1 1 1 1 1 1 1 1 1 1 1 1 1 1 1 1 1 1 1 1 1 1 1 1 1 1 1 1 1 1 1 1 1 1 1 1 1 1 1 1 1 1 1 1 1 1 1 1 1 1 1 1 1 1 1 1 1 1 1 1 1 1 1 1 1 1 1 1 1 1 1 1 1 1 1 1 1 1 1 1 1 1 1 1 1 1 1 1 1 1 1 1 1 1 1 1 1 1 1 1 1 1 1 1 1 1 1 1 1 1 1 1 1 1 1 1 1 1 1 1 1 1 1 1 1 1 1 1 1 1 1 1 1 1 1 1 1 1 1 1 1 1 1 1 1 1 1 1 1 1 1 1 1 1 1 1 1 1 1 1 1 1 1 1 1 1 1 1 1 1 1 1 1 1 1 1 1 1 1 1 1 1 1 1 1 1 1 1 1 1 1 1 1 1 1 1 1 1 1 1 1 1 1 1 1 1 1 1 1 1 1 1 1 1 1 1 1 1 1 1 1 1 1 1 1 1 1 1 1 1 1 1 1 1 1 1 1 1 1 1 1 1 1 1 1 1 1 1 1 1 1 1 1 1 1 1 1 1 1 1 1 1 1 1 1 1 1 1 1 1 1 1 1 1 1 1 1 1 1 1 1 1 1 1 1 1 1 1 1 1 1 1 1 1 1 1 1 1 1 1 1 1 1 1 1 1 1 1 1 1 1 1 1 1 1 1 1 1 1 1 1 1 1 1 1 1 1 1 1 1 1 1 1 1 1 1 1 1 1 1 1 1 1 1 1 1 1 1 1 1 1 1 1 1 1 1 1 1 1 1 1 1 1 1 1 1 1 1 1 1 1 1 1 1 1 1 1 1 1 1 1 1 1 1 1 1 1 1 1 1 1 1 1 1 1 1 1 1 1 1 1 1 1 1 1 1 1 1 1 1 1 1 1 1 1 1 1 1 1 1 1 1 1 1 1 1 1 1 1 1 1 1 1 1 1 1 1 1 1 1 1 1 1 1 1 1 1 1 1 1 1 1 1 1 1 1 1 1 1 1 1 1 1 1 1 1 1 1 1 1 1 1 1 1 1 1 1 1 1 1 1 1 1 1 1 1 1 1 1 1 1 1 1 1 1 1 1 1 1 1 1 1 1 1 1 1 1 1 1 1 1 1 1 1 1 1 1 1 1 1 1 1 1 1 1 1 1 1 1 1 1 1 1 1 1 1 1 1 1 1 1 1 1 1 1 1 1 1 1 1 1 1 1 1 1 1 1 1 1 1 1 1 1 1 1 1 1 1 1 1 1 1 1 1 1 1 1 1 1 1 1 1 1 1 1 1 1 1 1 1 1 1 1 1 1 1 1 1 1 1 1 1 1 1 1 1 1 1 1 1 1 1 1 1 1 1 1 1 1 1 1 1 1 1 1 1 1 1 1 1 1 1 1 1 1 1 1 1 1 1 1 1 1 1 1 1 1 1 1 1 1 1 1 1 1 1 1 1 1 1 1 1 1 1 1 1 1 1 1 1 1 1 1 1 1 1 1 1 1 1 1 1 1 1 1 1 1 1 1 1 1 1 1 1 1 1 1 1 1 1 1 1 1 1 1 1 1 1 1 1 1 1 1 1 1 1 1 1 1 1 1 1 1 1 1 1 1 1 1 1 1 1 1 1 1 1 1 1 1 1 1 1 1 1 1 1 1 1 1 1 1 1 1 1 1 1 1 1 1 1 1 1 1 1 1 1 1 1 1 1 1 1 1 1 1 1 1 1 1 1 1 1 1 1 1 1 1 1 1 1 1 1 1 1 1 1 1 1 1 1 1 1 1 1 1 1 1 1 1 1 1 1 1 1 1 1 1 1 1 1 1 1 1 1 1 1 1 1 1 1 1 1 1 1 1 1 1 1 1 1 1 1 1 1 1 1 1 1 1 1 1 1 1 1 1 1 1 1 1 1 1 1 1 1 1 1 1 1 1 1 1 1 1 1 1 1 1 1 1 1 1 1 1 1 1 1 1 1 1 1 1 1 1 1 1 1 1 1 1 1 1 1 1 1 1 1 1 1 1 1 1 1 1 1 1 1 1 1 1 1 1 1 1 1 1 1 1 1 1 1 1 1 1 1 1 1 1 1 1 1 1 1 1 1 1 1 1 1 1 1 1 1 1 1 1 1 1 1 1 1 1 1 1 1 1 1 1 1 1 1 1 1 1 1 1 1 1 1 1 1 1 1 1 1 1 1 1 1 1 1 1 1 1 1 1 1 1 1 1 1 1 1 1 1 1 1 1 1 1 1 1 1 1 1 1 1 1 1 1 1 1 1 1 1 1 1 1 1 1 1 1 1 1 1 1 1 1 1 1 1 1 1 1 1 1 1 1 1 1 1 1 1 1 1 1 1 1 1 1 1 1 1 1 1 1 1 1 1 1 1 1 1 1 1 1 1 1 1 1 1 1 1 1 1 1 1 1 1 1 1 1 1 1 1 1 1 1 1 1 1 1 1 1 1 1 1 1 1 1 1 1 1 1 1 1 1 1 1 1 1 1 1 1 1 1 1 1 1 1 1 1 1 1 1 1 1 1 1 1 1 1 1 1 1 1 1 1 1 1 1 1 1 1 1 1 1 1 1 1 1 1 1 1 1 1 1 1 1 1 1 1 1 1 1 1 1 1 1 1 1 1 1 1 1 1 1 1 1 1 1 1 1 1 1 1 1 1 1 1 1 1 1 1 1 1 1 1 1 1 1 1 1 1 1 1 1 1 1 1 1 1 1 1 1 1 1 1 1 1 1 1 1 1 1 1 1 1 1 1 1 1 1 1 1 1 1 1 1 1 1 1 1 1 1 1 1 1 1 1 1 1 1 1 1 1 1 1 1 1 1 1 1 1 1 1 1 1 1 1 1 1 1 1 1 1 1 1 1 1 1 1 1 1 1 1 1 1 1 1 1 1 1 1 1 1 1 1 1 1 1 1 1 1 1 1 1 1 1 1 1 1 1 1 1 1 1 1 1 1 1 1 1 1 1 1 1 1 1 1 1 1 1 1 1 1 1 1 1 1 1 1 1 1 1 1 1 1 1 1 1 1 1 1 1 1 1 1 1 1 1 1 1 1 1 1 1 1 1 1 1 1 1 1 1 1 1 1 1 1 1 1 1 1 1 1 1 1 1 1 1 1 1 1 1 1 1 1 1 1 1 1 1 1 1 1 1 1 1 1 1 1 1 1 1 1 1 1 1 1 1 1 1 1 1 1 1 1 1 1 1 1 1 1 1 1 1 1 1 1 1 1 1 1 1 1 1 1 1 1 1 1 1 1 1 1 1 1 1 1 1 1 1 1 1 1 1 1 1 1 1 1 1 1 1 1 1 1 1 1 1 1 1 1 1 1 1 1 1 1 1 1 1 1 1 1 1 1 1 1 1 1 1 1 1 1 1 1 1 1 1 1 1 1 1 1 1 1 1 1 1 1 1 1 1 1 1 1 1 1 1 1 1 1 1 1 1 1 1 1 1 1 1 1 1 1 1 1 1 1 1 1 1 1 1 1 1 1 1 1 1 1 1 1 1 1 1 1 1 1 1 1 1 1 1 1 1 1 1 1 1 1 1 1 1 1 1 1 1 1 1 1 1 1 1 1 1 1 1 1 1 1 1 1 1 1 1 1 1 1 1 1 1 1 1 1 1 1 1 1 1 1 1 1 1 1 1 1 1 1 1 1 1 1 1 1 1 1 1 1 1 1 1 1 1 1 1 1 1 1 1 1 1 1 1 1 1 1 1 1 1 1 1 1 1 1 1 1 1 1 1 1 1 1 1 1 1 1 1 1 1 1 1 1 1 1 1 1 1 1 1 1 1 1 1 1 1 1 1 1 1 1 1 1 1 1 1 1 1 1 1 1 1 1 1 1 1 1 1 1 1 1 1 1 1 1 1 1 1 1 1 1 1 1 1 1 1 1 1 1 1 1 1 1 1 1 1 1 1 1 1 1 1 1 1 1 1 1 1 1 1 1 1 1 1 1 1 1 1 1 1 1 1 1 1 1 1 1 1 1 1 1 1 1 1 1 1 1 1 1 1 1 1 1 1 1 1 1 1 1 1 1 1 1 1 1 1 1 1 1 1 1 1 1 1 1 1 1 1 1 1 1 1 1 1 1 1 1 1 1 1 1 1 1 1 1 1 1 1 1 1 1 1 1 1 1 1 1 1 1 1 1 1 1 1 1 1 1 1 1 1 1 1 1 1 1 1 1 1 1 1 1 1 1 1 1 1 1 1 1 1 1 1 1 1 1 1 1 1 1 1 1 1 1 1 1 1 1 1 1 1 1 1 1 1 1 1 1 1 1 1 1 1 1 1 1 1 1 1 1 1 1 1 1 1 1 1 1 1 1 1 1 1 1 1 1 1 1 1 1 1 1 1 1 1 1 1 1 1 1 1 1 1 1 1 1 1 1 1 1 1 1 1 1 1 1 1 1 1 1 1 1 1 1 1 1 1 1 1 1 1 1 1 1 1 1 1 1 1 1 1 1 1 1 1 1 1 1 1 1 1 1 1 1 1 1 1 1 1 1 1 1 1 1 1 1 1 1 1 1 1 1 1 1 1 1 1 1 1 1 1 1 1 1 1 1 1 1 1 1 1 1 1 1 1 1 1 1 1 1 1 1 1 1 1 1 1 1 1 1 1 1 1 1 1 1 1 1 1 1 1 1 1 1 1 1 1 1 1 1 1 1 1 1 1 1 1 1 1 1 1 1 1 1 1 1 1 1 1 1 1 1 1 1 1 1 1 1 1 1 1 1 1 1 1 1 1 1 1 1 1 1 1 1 1 1 1 1 1 1 1 1 1 1 1 1 1 1 1 1 1 1 1 1 1 1 1 1 1 1 1 1 1 1 1 1 1 1 1 1 1 1 1 1 1 1 1 1 1 1 1 1 1 1 1 1 1 1 1 1 1 1 1 1 1 1 1 1 1 1 1 1 1 1 1 1 1 1 1 1 1 1 1 1 1 1 1 1 1 1 1 1 1 1 1 1 1 1 1 1 1 1 1 1 1 1 1 1 1 1 1 1 1 1 1 1 1 1 1 1 1 1 1 1 1 1 1 1 1 1 1 1 1 1 1 1 1 1 1 1 1 1 1 1 1 1 1 1 1 1 1 1 1 1 1 1 1 1 1 1 1 1 1 1 1 1 1 1 1 1 1 1 1 1 1 1 1 1 1 1 1 1 1 1 1 1 1 1 1 1 1 1 1 1 1 1 1 1 1 1 1 1 1 1 1 1 1 1 1 1 1 1 1 1 1 1 1 1 1 1 1 1 1 1 1 1 1 1 1 1 1 1 1 1 1 1 1 1 1 1 1 1 1 1 1 1 1 1 1 1 1 1 1 1 1 1 1 1 1 1 1 1 1 1 1 1 1 1 1 1 1 1 1 1 1 1 1 1 1 1 1 1 1 1 1 1 1 1 1 1 1 1 1 1 1 1 1 1 1 1 1 1 1 1 1 1 1 1 1 1 1 1 1 1 1 1 1 1 1 1 1 1 1 1 1 1 1 1 1 1 1 1 1 1 1 1 1 1 1 1 1 1 1 1 1 1 1 1 1 1 1 1 1 1 1 1 1 1 1 1 1 1 1 1 1 1 1 1 1 1 1 1 1 1 1 1 1 1 1 1 1 1 1 1 1 1 1 1 1 1 1 1 1 1 1 1 1 1 1 1 1 1 1 1 1 1 1 1 1 1 1 1 1 1 1 1 1 1 1 1 1 1 1 1 1 1 1 1 1 1 1 1 1 1 1 1 1 1 1 1 1 1 1 1 1 1 1 1 1 1 1 1 1 1 1 1 1 1 1 1 1 1 1 1 1 1 1 1 1 1 1 1 1 1 1 1 1 1 1 1 1 1 1 1 1 1 1 1 1 1 1 1 1 1 1 1 1 1 1 1 1 1 1 1 1 1 1 1 1 1 1 1 1 1 1 1 1 1 1 1 1 1 1 1 1 1 1 1 1 1 1 1 1 1 1 1 1 1 1 1 1 1 1 1 1 1 1 1 1 1 1 1 1 1 1 1 1 1 1 1 1 1 1 1 1 1 1 1 1 1 1 1 1 1 1 1 1 1 1 1 1 1 1 1 1 1 1 1 1 1 1 1 1 1 1 1 1 1 1 1 1 1 1 1 1 1 1 1 1 1 1 1 1 1 1 1 1 1 1 1 1 1 1 1 1 1 1 1 1 1 1 1 1 1 1 1 1 1 1 1 1 1 1 1 1 1 1 1 1 1 1 1 1 1 1 1 1 1 1 1 1 1 1 1 1 1 1 1 1 1 1 1 1 1 1 1 1 1 1 1 1 1 1 1 1 1 1 1 1 1 1 1 1 1 1 1 1 1 1 1 1 1 1 1 1 1 1 1 1 1 1 1 1 1 1 1 1 1 1 1 1 1 1 1 1 1 1 1 1 1 1 1 1 1 1 1 1 1 1 1 1 1 1 1 1 1 1 1 1 1 1 1 1 1 1 1 1 1 1 1 1 1 1 1 1 1 1 1 1 1 1 1 1 1 1 1 1 1 1 1 1 1 1 1 1 1 1 1 1 1 1 1 1 1 1 1 1 1 1 1 1 1 1 1 1 1 1 1 1 1 1 1 1 1 1 1 1 1 1 1 1 1 1 1 1 1 1 1 1 1 1 1 1 1 1 1 1 1 1 1 1 1 1 1 1 1 1 1 1 1 1 1 1 1 1 1 1 1 1 1 1 1 1 1 1 1 1 1 1 1 1 1 1 1 1 1 1 1 1 1 1 1 1 1 1 1 1 1 1 1 1 1 1 1 1 1 1 1 1 1 1 1 1 1 1 1 1 1 1 1 1 1 1 1 1 1 1 1 1 1 1 1 1 1 1 1 1 1 1 1 1 1 1 1 1 1 1 1 1 1 1 1 1 1 1 1 1 1 1 1 1 1 1 1 1 1 1 1 1 1 1 1 1 1 1 1 1 1 1 1 1 1 1 1 1 1 1 1 1 1 1 1 1 1 1 1 1 1 1 1 1 1 1 1 1 1 1 1 1 1 1 1 1 1 1 1 1 1 1 1 1 1 1 1 1 1 1 1 1 1 1 1 1 1 1 1 1 1 1 1 1 1 1 1 1 1 1 1 1 1 1 1 1 1 1 1 1 1 1 1 1 1 1 1 1 1 1 1 1 1 1 1 1 1 1 1 1 1 1 1 1 1 1 1 1 1 1 1 1 1 1 1 1 1 1 1 1 1 1 1 1 1 1 1 1 1 1 1 1 1 1 1 1 1 1 1 1 1 1 1 1 1 1</float_array>
          <technique_common>
            <accessor source="#tire_01a_19x9_25Mesh_002-mesh-colors-tire_01a_19x9_25-VERTEX_COLOR0-array" count="1344" stride="4">
              <param name="R" type="float"/>
              <param name="G" type="float"/>
              <param name="B" type="float"/>
              <param name="A" type="float"/>
            </accessor>
          </technique_common>
        </source>
        <vertices id="tire_01a_19x9_25Mesh_002-mesh-vertices">
          <input semantic="POSITION" source="#tire_01a_19x9_25Mesh_002-mesh-positions"/>
        </vertices>
        <triangles material="tire_01a_old-material" count="448">
          <input semantic="VERTEX" source="#tire_01a_19x9_25Mesh_002-mesh-vertices" offset="0"/>
          <input semantic="NORMAL" source="#tire_01a_19x9_25Mesh_002-mesh-normals" offset="1"/>
          <input semantic="TEXCOORD" source="#tire_01a_19x9_25Mesh_002-mesh-map-0" offset="2" set="0"/>
          <input semantic="COLOR" source="#tire_01a_19x9_25Mesh_002-mesh-colors-tire_01a_19x9_25-VERTEX_COLOR0" offset="3" set="0"/>
          <p>46 0 0 0 39 1 1 1 38 2 2 2 16 3 3 3 5 4 4 4 2 5 5 5 194 6 6 6 203 7 7 7 195 8 8 8 179 9 9 9 172 10 10 10 171 11 11 11 188 12 12 12 181 13 13 13 180 14 14 14 77 15 15 15 86 16 16 16 78 17 17 17 158 18 18 18 151 19 19 19 150 20 20 20 241 21 21 21 248 22 22 22 240 23 23 23 29 24 24 24 38 2 25 25 30 25 26 26 4 26 27 27 7 27 28 28 6 28 29 29 211 29 30 30 220 30 31 31 212 31 32 32 164 32 33 33 157 33 34 34 156 34 35 35 141 35 36 36 150 20 37 37 142 36 38 38 78 17 39 39 71 37 40 40 70 38 41 41 118 39 42 42 111 40 43 43 110 41 44 44 48 42 45 45 42 43 46 46 40 44 47 47 82 45 48 48 91 46 49 49 83 47 50 50 6 28 51 51 252 48 52 52 251 49 53 53 116 50 54 54 109 51 55 55 108 52 56 56 37 53 57 57 46 0 58 58 38 2 59 59 249 54 60 60 1 55 61 61 248 22 62 62 86 16 63 63 95 56 64 64 87 57 65 65 117 58 66 66 110 41 67 67 109 51 68 68 162 59 69 69 171 11 70 70 163 60 71 71 123 61 72 72 132 62 73 73 124 63 74 74 8 64 75 75 253 65 76 76 252 48 77 77 168 66 78 78 178 67 79 79 170 68 80 80 201 69 81 81 192 70 82 82 193 71 83 83 185 72 84 84 192 70 85 85 184 73 86 86 117 58 87 87 126 74 88 88 118 39 89 89 18 75 90 90 27 76 91 91 19 77 92 92 227 78 93 93 236 79 94 94 228 80 95 95 234 81 96 96 243 82 97 97 235 83 98 98 93 84 99 99 102 85 100 100 94 86 101 101 169 87 102 102 160 88 103 103 161 89 104 104 110 41 105 105 103 90 106 106 102 85 107 107 125 91 108 108 134 92 109 109 126 74 110 110 210 93 111 111 219 94 112 112 211 29 113 113 203 7 114 114 196 95 115 115 195 8 116 116 9 96 117 117 21 97 118 118 11 98 119 119 189 99 120 120 198 100 121 121 190 101 122 122 166 102 123 123 159 103 124 124 158 18 125 125 30 25 126 126 23 104 127 127 22 105 128 128 245 106 129 129 254 107 130 130 246 108 131 131 178 67 132 132 187 109 133 133 179 9 134 134 147 110 135 135 140 111 136 136 139 112 137 137 212 31 138 138 221 113 139 139 213 114 140 140 120 115 141 141 130 116 142 142 122 117 143 143 153 118 144 144 144 119 145 145 145 120 146 146 121 121 147 147 112 122 148 148 113 123 149 149 53 124 150 150 62 125 151 151 54 126 152 152 132 62 153 153 141 35 154 154 133 127 155 155 187 109 156 156 196 95 157 157 188 12 158 158 60 128 159 159 53 124 160 160 52 129 161 161 173 130 162 162 182 131 163 163 174 132 164 164 89 133 165 165 80 134 166 166 81 135 167 167 54 126 168 168 63 136 169 169 55 137 170 170 10 138 171 171 254 107 172 172 253 65 173 173 138 139 174 174 147 110 175 175 139 112 176 176 19 77 177 177 28 140 178 178 20 141 179 179 28 140 180 180 21 97 181 181 20 141 182 182 69 142 183 183 62 125 184 184 61 143 185 185 225 144 186 186 216 145 187 187 217 146 188 188 209 147 189 189 216 145 190 190 208 148 191 191 248 22 192 192 242 149 193 193 240 23 194 194 5 4 195 195 19 77 196 196 7 27 197 197 67 150 198 198 60 128 199 199 59 151 200 200 236 79 201 201 245 106 202 202 237 152 203 203 29 24 204 204 22 105 205 205 21 97 206 206 49 153 207 207 56 154 208 208 48 42 209 209 54 126 210 210 47 155 211 211 46 0 212 212 56 154 213 213 50 156 214 214 48 42 215 215 186 157 216 216 195 8 217 217 187 109 218 218 203 7 219 219 212 31 220 220 204 158 221 221 76 159 222 222 69 142 223 223 68 160 224 224 120 115 225 225 114 161 226 226 112 122 227 227 238 162 228 228 231 163 229 229 230 164 230 230 97 165 231 231 104 166 232 232 96 167 233 233 88 168 234 234 82 45 235 235 80 134 236 236 114 161 237 237 123 61 238 238 115 169 239 239 171 11 240 240 164 32 241 241 163 60 242 242 92 170 243 243 85 171 244 244 84 172 245 245 45 173 246 246 54 126 247 247 46 0 248 248 201 69 249 249 208 148 250 250 200 174 251 251 94 86 252 252 103 90 253 253 95 56 254 254 160 88 255 255 170 68 256 256 162 59 257 257 50 156 258 258 59 151 259 259 51 175 260 260 235 83 261 261 244 176 262 262 236 79 263 263 172 10 264 264 165 177 265 265 164 32 266 266 200 174 267 267 194 6 268 268 192 70 269 269 233 178 270 270 240 23 271 271 232 179 272 272 206 180 273 273 199 181 274 274 198 100 275 275 184 73 276 276 194 6 277 277 186 157 278 278 170 68 279 279 179 9 280 280 171 11 281 281 155 182 282 282 164 32 283 283 156 34 284 284 220 30 285 285 229 183 286 286 221 113 287 287 96 167 288 288 106 184 289 289 98 185 290 290 126 74 291 291 135 186 292 292 127 187 293 293 121 121 294 294 128 188 295 295 120 115 296 296 176 189 297 297 186 157 298 298 178 67 299 299 66 190 300 300 75 191 301 301 67 150 302 302 115 169 303 303 108 52 304 304 107 192 305 305 108 52 306 306 101 193 307 307 100 194 308 308 232 179 309 309 226 195 310 310 224 196 311 311 3 197 312 312 16 3 313 313 2 5 314 314 0 198 315 315 2 5 316 316 1 55 317 317 189 99 318 318 182 131 319 319 181 13 320 320 98 185 321 321 107 192 322 322 99 199 323 323 139 112 324 324 132 62 325 325 131 200 326 326 233 178 327 327 224 196 328 328 225 144 329 329 208 148 330 330 202 201 331 331 200 174 332 332 142 36 333 333 135 186 334 334 134 92 335 335 177 202 336 336 184 73 337 337 176 189 338 338 165 177 339 339 158 18 340 340 157 33 341 341 202 201 342 342 211 29 343 343 203 7 344 344 148 203 345 345 141 35 346 346 140 111 347 347 132 62 348 348 125 91 349 349 124 63 350 350 11 98 351 351 22 105 352 352 13 204 353 353 248 22 354 354 4 26 355 355 250 205 356 356 118 39 357 357 127 187 358 358 119 206 359 359 213 114 360 360 222 207 361 361 214 208 362 362 122 117 363 363 131 200 364 364 123 61 365 365 91 46 366 366 84 172 367 367 83 47 368 368 36 209 369 369 29 24 370 370 28 140 371 371 56 154 372 372 66 190 373 373 58 210 374 374 230 164 375 375 223 211 376 376 222 207 377 377 142 36 378 378 151 19 379 379 143 212 380 380 24 213 381 381 34 214 382 382 26 215 383 383 130 116 384 384 139 112 385 385 131 200 386 386 6 28 387 387 9 96 388 388 8 64 389 389 60 128 390 390 69 142 391 391 61 143 392 392 213 114 393 393 206 180 394 394 205 216 395 395 81 135 396 396 72 217 397 397 73 218 398 398 49 153 399 399 40 44 400 400 41 219 401 401 44 220 402 402 37 53 403 403 36 209 404 404 83 47 405 405 76 159 406 406 75 191 407 407 76 159 408 408 85 171 409 409 77 15 410 410 197 221 411 411 206 180 412 412 198 100 413 413 30 25 414 414 39 1 415 415 31 222 416 416 177 202 417 417 168 66 418 418 169 87 419 419 24 213 420 420 18 75 421 421 16 3 422 422 58 210 423 423 67 150 424 424 59 151 425 425 251 49 426 426 244 176 427 427 243 82 428 428 188 12 429 429 197 221 430 430 189 99 431 431 224 196 432 432 218 223 433 433 216 145 434 434 254 107 435 435 247 224 436 436 246 108 437 437 13 204 438 438 14 225 439 439 12 226 440 440 69 142 441 441 78 17 442 442 70 38 443 443 74 227 444 444 83 47 445 445 75 191 446 446 51 175 447 447 44 220 448 448 43 228 449 449 9 96 450 450 10 138 451 451 8 64 452 452 32 229 453 453 42 43 454 454 34 214 455 455 97 165 456 456 88 168 457 457 89 133 458 458 190 101 459 459 183 230 460 460 182 131 461 461 96 167 462 462 90 231 463 463 88 168 464 464 226 195 465 465 235 83 466 466 227 78 467 467 147 110 468 468 156 34 469 469 148 203 470 470 196 95 471 471 205 216 472 472 197 221 473 473 221 113 474 474 230 164 475 475 222 207 476 476 65 232 477 477 72 217 478 478 64 233 479 479 57 234 480 480 64 233 481 481 56 154 482 482 136 235 483 483 146 236 484 484 138 139 485 485 106 184 486 486 115 169 487 487 107 192 488 488 75 191 489 489 68 160 490 490 67 150 491 491 180 14 492 492 173 130 493 493 172 10 494 494 104 166 495 495 114 161 496 496 106 184 497 497 166 102 498 498 175 237 499 499 167 238 500 500 206 180 501 501 215 239 502 502 207 240 503 503 149 241 504 504 158 18 505 505 150 20 506 506 218 223 507 507 227 78 508 508 219 94 509 509 123 61 510 510 116 50 511 511 115 169 512 512 228 80 513 513 237 152 514 514 229 183 515 515 64 233 516 516 74 227 517 517 66 190 518 518 137 242 519 519 128 188 520 520 129 243 521 521 161 89 522 522 152 244 523 523 153 118 524 524 136 235 525 525 130 116 526 526 128 188 527 527 250 205 528 528 6 28 529 529 251 49 530 530 91 46 531 531 100 194 532 532 92 170 533 533 124 63 534 534 117 58 535 535 116 50 536 536 237 152 537 537 246 108 538 538 238 162 539 539 113 123 540 540 104 166 541 541 105 245 542 542 182 131 543 543 175 237 544 544 174 132 545 545 240 23 546 546 234 81 547 547 232 179 548 548 90 231 549 549 99 199 550 550 91 46 551 551 187 109 552 552 180 14 553 553 179 9 554 554 204 158 555 555 213 114 556 556 205 216 557 557 1 55 558 558 5 4 559 559 4 26 560 560 12 226 561 561 255 246 562 562 254 107 563 563 17 247 564 564 24 213 565 565 16 3 566 566 72 217 567 567 82 45 568 568 74 227 569 569 42 43 570 570 51 175 571 571 43 228 572 572 27 76 573 573 36 209 574 574 28 140 575 575 244 176 576 576 253 65 577 577 245 106 578 578 85 171 579 579 94 86 580 580 86 16 581 581 86 16 582 582 79 248 583 583 78 17 584 584 137 242 585 585 144 119 586 586 136 235 587 587 152 244 588 588 162 59 589 589 154 249 590 590 146 236 591 591 155 182 592 592 147 110 593 593 219 94 594 594 228 80 595 595 220 30 596 596 154 249 597 597 163 60 598 598 155 182 599 599 165 177 600 600 174 132 601 601 166 102 602 602 246 108 603 603 239 250 604 604 238 162 605 605 190 101 606 606 199 181 607 607 191 251 608 608 11 98 609 609 12 226 610 610 10 138 611 611 242 149 612 612 251 49 613 613 243 82 614 614 35 252 615 615 44 220 616 616 36 209 617 617 156 34 618 618 149 241 619 619 148 203 620 620 208 148 621 621 218 223 622 622 210 93 623 623 222 207 624 624 215 239 625 625 214 208 626 626 33 253 627 627 40 44 628 628 32 229 629 629 101 193 630 630 110 41 631 631 102 85 632 632 34 214 633 633 43 228 634 634 35 252 635 635 99 199 636 636 108 52 637 637 100 194 638 638 44 220 639 639 53 124 640 640 45 173 641 641 237 152 642 642 230 164 643 643 229 183 644 644 33 253 645 645 24 213 646 646 25 254 647 647 22 105 648 648 15 255 649 649 13 204 650 650 144 119 651 651 154 249 652 652 146 236 653 653 26 215 654 654 35 252 655 655 27 76 656 656 59 151 657 657 52 129 658 658 51 175 659 659 100 194 660 660 93 84 661 661 92 170 662 662 141 35 663 663 134 92 664 664 133 127 665 665 70 38 666 666 63 136 667 667 62 125 668 668 7 27 669 669 20 141 670 670 9 96 671 671 46 0 672 672 47 155 673 673 39 1 674 674 16 3 675 675 18 75 676 676 5 4 677 677 194 6 678 678 202 201 679 679 203 7 680 680 179 9 681 681 180 14 682 682 172 10 683 683 188 12 684 684 189 99 685 685 181 13 686 686 77 15 687 687 85 171 688 688 86 16 689 689 158 18 690 690 159 103 691 691 151 19 692 692 241 21 693 693 249 54 694 694 248 22 695 695 29 24 696 696 37 53 697 697 38 2 698 698 4 26 699 699 5 4 700 700 7 27 701 701 211 29 702 702 219 94 703 703 220 30 704 704 164 32 705 705 165 177 706 706 157 33 707 707 141 35 708 708 149 241 709 709 150 20 710 710 78 17 711 711 79 248 712 712 71 37 713 713 118 39 714 714 119 206 715 715 111 40 716 716 48 42 717 717 50 156 718 718 42 43 719 719 82 45 720 720 90 231 721 721 91 46 722 722 6 28 723 723 8 64 724 724 252 48 725 725 116 50 726 726 117 58 727 727 109 51 728 728 37 53 729 729 45 173 730 730 46 0 731 731 249 54 732 732 0 198 733 733 1 55 734 734 86 16 735 735 94 86 736 736 95 56 737 737 117 58 738 738 118 39 739 739 110 41 740 740 162 59 741 741 170 68 742 742 171 11 743 743 123 61 744 744 131 200 745 745 132 62 746 746 8 64 747 747 10 138 748 748 253 65 749 749 168 66 750 750 176 189 751 751 178 67 752 752 201 69 753 753 200 174 754 754 192 70 755 755 185 72 756 756 193 71 757 757 192 70 758 758 117 58 759 759 125 91 760 760 126 74 761 761 18 75 762 762 26 215 763 763 27 76 764 764 227 78 765 765 235 83 766 766 236 79 767 767 234 81 768 768 242 149 769 769 243 82 770 770 93 84 771 771 101 193 772 772 102 85 773 773 169 87 774 774 168 66 775 775 160 88 776 776 110 41 777 777 111 40 778 778 103 90 779 779 125 91 780 780 133 127 781 781 134 92 782 782 210 93 783 783 218 223 784 784 219 94 785 785 203 7 786 786 204 158 787 787 196 95 788 788 9 96 789 789 20 141 790 790 21 97 791 791 189 99 792 792 197 221 793 793 198 100 794 794 166 102 795 795 167 238 796 796 159 103 797 797 30 25 798 798 31 222 799 799 23 104 800 800 245 106 801 801 253 65 802 802 254 107 803 803 178 67 804 804 186 157 805 805 187 109 806 806 147 110 807 807 148 203 808 808 140 111 809 809 212 31 810 810 220 30 811 811 221 113 812 812 120 115 813 813 128 188 814 814 130 116 815 815 153 118 816 816 152 244 817 817 144 119 818 818 121 121 819 819 120 115 820 820 112 122 821 821 53 124 822 822 61 143 823 823 62 125 824 824 132 62 825 825 140 111 826 826 141 35 827 827 187 109 828 828 195 8 829 829 196 95 830 830 60 128 831 831 61 143 832 832 53 124 833 833 173 130 834 834 181 13 835 835 182 131 836 836 89 133 837 837 88 168 838 838 80 134 839 839 54 126 840 840 62 125 841 841 63 136 842 842 10 138 843 843 12 226 844 844 254 107 845 845 138 139 846 846 146 236 847 847 147 110 848 848 19 77 849 849 27 76 850 850 28 140 851 851 28 140 852 852 29 24 853 853 21 97 854 854 69 142 855 855 70 38 856 856 62 125 857 857 225 144 858 858 224 196 859 859 216 145 860 860 209 147 861 861 217 146 862 862 216 145 863 863 248 22 864 864 250 205 865 865 242 149 866 866 5 4 867 867 18 75 868 868 19 77 869 869 67 150 870 870 68 160 871 871 60 128 872 872 236 79 873 873 244 176 874 874 245 106 875 875 29 24 876 876 30 25 877 877 22 105 878 878 49 153 879 879 57 234 880 880 56 154 881 881 54 126 882 882 55 137 883 883 47 155 884 884 56 154 885 885 58 210 886 886 50 156 887 887 186 157 888 888 194 6 889 889 195 8 890 890 203 7 891 891 211 29 892 892 212 31 893 893 76 159 894 894 77 15 895 895 69 142 896 896 120 115 897 897 122 117 898 898 114 161 899 899 238 162 900 900 239 250 901 901 231 163 902 902 97 165 903 903 105 245 904 904 104 166 905 905 88 168 906 906 90 231 907 907 82 45 908 908 114 161 909 909 122 117 910 910 123 61 911 911 171 11 912 912 172 10 913 913 164 32 914 914 92 170 915 915 93 84 916 916 85 171 917 917 45 173 918 918 53 124 919 919 54 126 920 920 201 69 921 921 209 147 922 922 208 148 923 923 94 86 924 924 102 85 925 925 103 90 926 926 160 88 927 927 168 66 928 928 170 68 929 929 50 156 930 930 58 210 931 931 59 151 932 932 235 83 933 933 243 82 934 934 244 176 935 935 172 10 936 936 173 130 937 937 165 177 938 938 200 174 939 939 202 201 940 940 194 6 941 941 233 178 942 942 241 21 943 943 240 23 944 944 206 180 945 945 207 240 946 946 199 181 947 947 184 73 948 948 192 70 949 949 194 6 950 950 170 68 951 951 178 67 952 952 179 9 953 953 155 182 954 954 163 60 955 955 164 32 956 956 220 30 957 957 228 80 958 958 229 183 959 959 96 167 960 960 104 166 961 961 106 184 962 962 126 74 963 963 134 92 964 964 135 186 965 965 121 121 966 966 129 243 967 967 128 188 968 968 176 189 969 969 184 73 970 970 186 157 971 971 66 190 972 972 74 227 973 973 75 191 974 974 115 169 975 975 116 50 976 976 108 52 977 977 108 52 978 978 109 51 979 979 101 193 980 980 232 179 981 981 234 81 982 982 226 195 983 983 3 197 984 984 17 247 985 985 16 3 986 986 0 198 987 987 3 197 988 988 2 5 989 989 189 99 990 990 190 101 991 991 182 131 992 992 98 185 993 993 106 184 994 994 107 192 995 995 139 112 996 996 140 111 997 997 132 62 998 998 233 178 999 999 232 179 1000 1000 224 196 1001 1001 208 148 1002 1002 210 93 1003 1003 202 201 1004 1004 142 36 1005 1005 143 212 1006 1006 135 186 1007 1007 177 202 1008 1008 185 72 1009 1009 184 73 1010 1010 165 177 1011 1011 166 102 1012 1012 158 18 1013 1013 202 201 1014 1014 210 93 1015 1015 211 29 1016 1016 148 203 1017 1017 149 241 1018 1018 141 35 1019 1019 132 62 1020 1020 133 127 1021 1021 125 91 1022 1022 11 98 1023 1023 21 97 1024 1024 22 105 1025 1025 248 22 1026 1026 1 55 1027 1027 4 26 1028 1028 118 39 1029 1029 126 74 1030 1030 127 187 1031 1031 213 114 1032 1032 221 113 1033 1033 222 207 1034 1034 122 117 1035 1035 130 116 1036 1036 131 200 1037 1037 91 46 1038 1038 92 170 1039 1039 84 172 1040 1040 36 209 1041 1041 37 53 1042 1042 29 24 1043 1043 56 154 1044 1044 64 233 1045 1045 66 190 1046 1046 230 164 1047 1047 231 163 1048 1048 223 211 1049 1049 142 36 1050 1050 150 20 1051 1051 151 19 1052 1052 24 213 1053 1053 32 229 1054 1054 34 214 1055 1055 130 116 1056 1056 138 139 1057 1057 139 112 1058 1058 6 28 1059 1059 7 27 1060 1060 9 96 1061 1061 60 128 1062 1062 68 160 1063 1063 69 142 1064 1064 213 114 1065 1065 214 208 1066 1066 206 180 1067 1067 81 135 1068 1068 80 134 1069 1069 72 217 1070 1070 49 153 1071 1071 48 42 1072 1072 40 44 1073 1073 44 220 1074 1074 45 173 1075 1075 37 53 1076 1076 83 47 1077 1077 84 172 1078 1078 76 159 1079 1079 76 159 1080 1080 84 172 1081 1081 85 171 1082 1082 197 221 1083 1083 205 216 1084 1084 206 180 1085 1085 30 25 1086 1086 38 2 1087 1087 39 1 1088 1088 177 202 1089 1089 176 189 1090 1090 168 66 1091 1091 24 213 1092 1092 26 215 1093 1093 18 75 1094 1094 58 210 1095 1095 66 190 1096 1096 67 150 1097 1097 251 49 1098 1098 252 48 1099 1099 244 176 1100 1100 188 12 1101 1101 196 95 1102 1102 197 221 1103 1103 224 196 1104 1104 226 195 1105 1105 218 223 1106 1106 254 107 1107 1107 255 246 1108 1108 247 224 1109 1109 13 204 1110 1110 15 255 1111 1111 14 225 1112 1112 69 142 1113 1113 77 15 1114 1114 78 17 1115 1115 74 227 1116 1116 82 45 1117 1117 83 47 1118 1118 51 175 1119 1119 52 129 1120 1120 44 220 1121 1121 9 96 1122 1122 11 98 1123 1123 10 138 1124 1124 32 229 1125 1125 40 44 1126 1126 42 43 1127 1127 97 165 1128 1128 96 167 1129 1129 88 168 1130 1130 190 101 1131 1131 191 251 1132 1132 183 230 1133 1133 96 167 1134 1134 98 185 1135 1135 90 231 1136 1136 226 195 1137 1137 234 81 1138 1138 235 83 1139 1139 147 110 1140 1140 155 182 1141 1141 156 34 1142 1142 196 95 1143 1143 204 158 1144 1144 205 216 1145 1145 221 113 1146 1146 229 183 1147 1147 230 164 1148 1148 65 232 1149 1149 73 218 1150 1150 72 217 1151 1151 57 234 1152 1152 65 232 1153 1153 64 233 1154 1154 136 235 1155 1155 144 119 1156 1156 146 236 1157 1157 106 184 1158 1158 114 161 1159 1159 115 169 1160 1160 75 191 1161 1161 76 159 1162 1162 68 160 1163 1163 180 14 1164 1164 181 13 1165 1165 173 130 1166 1166 104 166 1167 1167 112 122 1168 1168 114 161 1169 1169 166 102 1170 1170 174 132 1171 1171 175 237 1172 1172 206 180 1173 1173 214 208 1174 1174 215 239 1175 1175 149 241 1176 1176 157 33 1177 1177 158 18 1178 1178 218 223 1179 1179 226 195 1180 1180 227 78 1181 1181 123 61 1182 1182 124 63 1183 1183 116 50 1184 1184 228 80 1185 1185 236 79 1186 1186 237 152 1187 1187 64 233 1188 1188 72 217 1189 1189 74 227 1190 1190 137 242 1191 1191 136 235 1192 1192 128 188 1193 1193 161 89 1194 1194 160 88 1195 1195 152 244 1196 1196 136 235 1197 1197 138 139 1198 1198 130 116 1199 1199 250 205 1200 1200 4 26 1201 1201 6 28 1202 1202 91 46 1203 1203 99 199 1204 1204 100 194 1205 1205 124 63 1206 1206 125 91 1207 1207 117 58 1208 1208 237 152 1209 1209 245 106 1210 1210 246 108 1211 1211 113 123 1212 1212 112 122 1213 1213 104 166 1214 1214 182 131 1215 1215 183 230 1216 1216 175 237 1217 1217 240 23 1218 1218 242 149 1219 1219 234 81 1220 1220 90 231 1221 1221 98 185 1222 1222 99 199 1223 1223 187 109 1224 1224 188 12 1225 1225 180 14 1226 1226 204 158 1227 1227 212 31 1228 1228 213 114 1229 1229 1 55 1230 1230 2 5 1231 1231 5 4 1232 1232 12 226 1233 1233 14 225 1234 1234 255 246 1235 1235 17 247 1236 1236 25 254 1237 1237 24 213 1238 1238 72 217 1239 1239 80 134 1240 1240 82 45 1241 1241 42 43 1242 1242 50 156 1243 1243 51 175 1244 1244 27 76 1245 1245 35 252 1246 1246 36 209 1247 1247 244 176 1248 1248 252 48 1249 1249 253 65 1250 1250 85 171 1251 1251 93 84 1252 1252 94 86 1253 1253 86 16 1254 1254 87 57 1255 1255 79 248 1256 1256 137 242 1257 1257 145 120 1258 1258 144 119 1259 1259 152 244 1260 1260 160 88 1261 1261 162 59 1262 1262 146 236 1263 1263 154 249 1264 1264 155 182 1265 1265 219 94 1266 1266 227 78 1267 1267 228 80 1268 1268 154 249 1269 1269 162 59 1270 1270 163 60 1271 1271 165 177 1272 1272 173 130 1273 1273 174 132 1274 1274 246 108 1275 1275 247 224 1276 1276 239 250 1277 1277 190 101 1278 1278 198 100 1279 1279 199 181 1280 1280 11 98 1281 1281 13 204 1282 1282 12 226 1283 1283 242 149 1284 1284 250 205 1285 1285 251 49 1286 1286 35 252 1287 1287 43 228 1288 1288 44 220 1289 1289 156 34 1290 1290 157 33 1291 1291 149 241 1292 1292 208 148 1293 1293 216 145 1294 1294 218 223 1295 1295 222 207 1296 1296 223 211 1297 1297 215 239 1298 1298 33 253 1299 1299 41 219 1300 1300 40 44 1301 1301 101 193 1302 1302 109 51 1303 1303 110 41 1304 1304 34 214 1305 1305 42 43 1306 1306 43 228 1307 1307 99 199 1308 1308 107 192 1309 1309 108 52 1310 1310 44 220 1311 1311 52 129 1312 1312 53 124 1313 1313 237 152 1314 1314 238 162 1315 1315 230 164 1316 1316 33 253 1317 1317 32 229 1318 1318 24 213 1319 1319 22 105 1320 1320 23 104 1321 1321 15 255 1322 1322 144 119 1323 1323 152 244 1324 1324 154 249 1325 1325 26 215 1326 1326 34 214 1327 1327 35 252 1328 1328 59 151 1329 1329 60 128 1330 1330 52 129 1331 1331 100 194 1332 1332 101 193 1333 1333 93 84 1334 1334 141 35 1335 1335 142 36 1336 1336 134 92 1337 1337 70 38 1338 1338 71 37 1339 1339 63 136 1340 1340 7 27 1341 1341 19 77 1342 1342 20 141 1343 1343</p>
        </triangles>
      </mesh>
    </geometry>
    <geometry id="tire_01a_19x9_25Mesh-mesh" name="tire_01a_19x9_25Mesh">
      <mesh>
        <source id="tire_01a_19x9_25Mesh-mesh-positions">
          <float_array id="tire_01a_19x9_25Mesh-mesh-positions-array" count="768">11.55164 8.2e-5 25.19566 12.15402 4.80731e-5 27.98604 12.15401 5.459752 27.44816 11.55164 4.915461 24.71144 11.7849 1.67139e-5 32.89217 11.78488 6.416946 32.26007 9.809393 3.42071e-5 37.04584 9.809393 7.227289 36.33393 -9.74626 2.77067e-7 37.04582 -9.746267 7.227253 36.33391 -11.72182 -2.03819e-6 32.89963 -11.72179 6.418329 32.26739 -12.09094 -3.06219e-5 27.97611 -12.09092 5.457743 27.43848 -11.48846 2e-5 25.18048 -11.4884 4.912484 24.69654 12.15398 10.70968 25.85558 11.55164 9.642049 23.27764 11.78488 12.58727 30.38823 9.809393 14.1768 34.22583 -9.746267 14.1768 34.22579 -11.72179 12.59005 30.39518 -12.09092 10.70588 25.84646 -11.48846 9.636156 23.26362 12.154 15.54819 23.26942 11.55167 13.99801 20.94933 11.78489 18.27395 27.34873 9.809414 20.58147 30.8024 -9.746267 20.58148 30.8024 -11.72185 18.27788 27.35486 -12.09092 15.54259 23.26123 -11.48845 13.98943 20.93672 12.154 19.78912 19.78901 11.55167 17.81604 17.81594 11.78489 23.25814 23.25808 9.809393 26.19529 26.19532 -9.74626 26.19518 26.19532 -11.72185 23.26347 23.26342 -12.09093 19.782 19.78206 -11.48845 17.80517 17.80525 12.154 23.26933 15.54812 11.55167 20.94937 13.99787 11.78489 27.34871 18.27379 9.809393 30.80243 20.58159 -9.746274 30.80242 20.58159 -11.72186 27.35485 18.27799 -12.09093 23.26105 15.54271 -11.48845 20.93666 13.98951 12.15401 25.85558 10.70974 11.55167 23.27777 9.641896 11.78489 30.38825 12.58722 9.809393 34.22576 14.17686 -9.746274 34.22579 14.17683 -11.72181 30.39519 12.59014 -12.09093 25.84626 10.70601 -11.48845 23.2636 9.636182 12.15401 27.44822 5.459772 11.55167 24.71138 4.91539 11.78489 32.26018 6.416903 9.809393 36.33382 7.22732 -9.746274 36.33389 7.227325 -11.72181 32.26728 6.41843 -12.09093 27.43851 5.457967 -11.48845 24.6965 4.912504 12.15401 27.98589 1.58884e-5 11.55167 25.1955 -4.1e-5 11.78489 32.892 -1.78975e-6 9.809393 37.04572 6.49119e-5 -9.746274 37.04575 6.25719e-5 -11.72185 32.89944 8.42461e-5 -12.09093 27.97576 1.31379e-4 -11.48845 25.18037 4.7e-5 12.15401 27.44803 -5.459781 11.55167 24.71138 -4.915399 11.78489 32.26003 -6.416934 9.809393 36.33386 -7.22721 -9.746274 36.33383 -7.227212 -11.72181 32.26732 -6.418334 -12.09093 27.43838 -5.457729 -11.48845 24.69641 -4.912358 12.15401 25.85546 -10.70973 11.55167 23.27757 -9.641912 11.78489 30.38824 -12.58729 9.809393 34.22576 -14.17676 -9.746274 34.22571 -14.17677 -11.72181 30.39517 -12.5901 -12.09093 25.84631 -10.7058 -11.48845 23.2636 -9.635994 12.15401 23.26936 -15.54814 11.55167 20.94937 -13.99786 11.78489 27.34862 -18.27385 9.809393 30.80236 -20.58142 -9.746274 30.80237 -20.58142 -11.72181 27.35487 -18.27794 -12.09093 23.26113 -15.54251 -11.48845 20.93669 -13.98935 12.15401 19.78904 -19.78909 11.55167 17.81597 -17.81591 11.78489 23.25816 -23.25827 9.809393 26.19528 -26.19524 -9.74626 26.19536 -26.19523 -11.72181 23.26341 -23.26343 -12.09093 19.78205 -19.78194 -11.48845 17.80517 -17.80511 12.154 15.54804 -23.26945 11.55167 13.99786 -20.94931 11.78489 18.27383 -27.34881 9.809414 20.58149 -30.80239 -9.746267 20.58151 -30.80237 -11.72181 18.27793 -27.3549 -12.09092 15.54267 -23.26113 -11.48845 13.98943 -20.93664 12.154 10.70963 -25.85557 11.55164 9.641932 -23.27762 11.78488 12.58713 -30.38829 9.809393 14.17681 -34.22579 -9.746267 14.17681 -34.22577 -11.72179 12.59001 -30.39514 -12.09092 10.70584 -25.84632 -11.4884 9.636156 -23.26355 12.15401 5.459723 -27.44814 11.55164 4.915411 -24.71137 11.78488 6.416866 -32.26006 9.809393 7.227306 -36.33389 -9.746267 7.22727 -36.33389 -11.72179 6.418329 -32.26736 -12.09092 5.457934 -27.43839 -11.4884 4.912501 -24.69646 12.15402 -4.69789e-5 -27.9858 11.55166 -3.5e-5 -25.1955 11.7849 -4.94696e-5 -32.89196 9.809393 1.02067e-4 -37.04587 -9.746246 3.30371e-5 -37.04195 -11.72182 1.45105e-5 -32.90206 -12.09094 9.71259e-5 -27.9781 -11.4884 2e-5 -25.18028 12.15404 -5.459933 -27.44813 11.55164 -4.915449 -24.71133 11.78491 -6.417029 -32.26 9.809379 -7.227203 -36.33386 -9.746246 -7.227288 -36.33386 -11.72179 -6.418377 -32.26731 -12.09092 -5.457801 -27.43838 -11.48837 -4.912394 -24.69644 12.15402 -10.70978 -25.85554 11.55161 -9.641934 -23.27753 11.78491 -12.58728 -30.38824 9.809379 -14.17671 -34.22573 -9.746253 -14.17669 -34.22573 -11.72179 -12.5902 -30.39522 -12.09092 -10.70601 -25.84644 -11.48841 -9.636118 -23.26353 12.15404 -15.54825 -23.26933 11.55163 -13.99786 -20.94918 11.7849 -18.27382 -27.34863 9.809386 -20.58146 -30.80234 -9.74626 -20.58146 -30.80233 -11.7218 -18.27812 -27.35496 -12.09093 -15.5427 -23.26118 -11.48841 -13.98949 -20.93658 12.15405 -19.78904 -19.78886 11.55163 -17.8159 -17.81583 11.78495 -23.25831 -23.25808 9.809414 -26.19521 -26.19527 -9.746267 -26.19522 -26.19525 -11.72179 -23.26358 -23.26345 -12.09092 -19.7821 -19.78196 -11.48841 -17.80527 -17.80513 12.15406 -23.26946 -15.54801 11.55166 -20.94931 -13.99775 11.78495 -27.3487 -18.27373 9.809386 -30.80238 -20.5815 -9.746289 -30.80242 -20.58149 -11.72179 -27.35511 -18.27799 -12.09092 -23.26136 -15.54264 -11.48841 -20.93679 -13.98939 12.15406 -25.85561 -10.7096 11.55166 -23.27775 -9.641761 11.7849 -30.3883 -12.5871 9.809386 -34.22574 -14.17673 -9.746295 -34.22578 -14.17675 -11.72184 -30.39542 -12.59008 -12.09092 -25.84663 -10.70596 -11.48845 -23.26379 -9.63602 12.15406 -27.44821 -5.459662 11.55166 -24.71136 -4.915277 11.78489 -32.25995 -6.416794 9.809379 -36.33388 -7.22722 -9.746295 -36.33391 -7.227222 -11.72184 -32.26749 -6.418325 -12.09092 -27.43853 -5.457816 -11.48846 -24.69656 -4.912362 12.15406 -27.98583 8.7433e-5 11.55166 -25.1955 1.64e-4 11.7849 -32.892 1.08516e-4 9.809393 -37.04573 3.09819e-5 -9.746274 -37.04575 2.98119e-5 -11.72184 -32.89974 4.34288e-5 -12.09092 -27.97619 -2.80408e-5 -11.48841 -25.18053 8.4e-5 12.15406 -27.44824 5.4599 11.55166 -24.71136 4.915524 11.78489 -32.25993 6.417036 9.809379 -36.33386 7.227315 -9.746274 -36.3339 7.227313 -11.72184 -32.26767 6.418444 -12.09092 -27.43868 5.457862 -11.48841 -24.69656 4.912524 12.15406 -25.85555 10.70991 11.55166 -23.27753 9.642089 11.7849 -30.38834 12.58742 9.809386 -34.22573 14.17688 -9.746274 -34.22583 14.17686 -11.72184 -30.39538 12.5902 -12.09092 -25.84672 10.70603 -11.48841 -23.26379 9.63622 12.15406 -23.26938 15.54829 11.55163 -20.94921 13.99807 11.78492 -27.34865 18.27398 9.809364 -30.80237 20.58163 -9.746289 -30.80246 20.58161 -11.72179 -27.35519 18.27816 -12.09092 -23.26142 15.54272 -11.48845 -20.93679 13.98957 12.15401 -19.78903 19.78929 11.55163 -17.8159 17.8161 11.78492 -23.25821 23.25842 9.809386 -26.19528 26.19538 -9.746289 -26.19533 26.19534 -11.72179 -23.26371 23.26374 -12.09092 -19.78221 19.78219 -11.48845 -17.80531 17.8053 12.15404 -15.54824 23.26966 11.55163 -13.99786 20.94951 11.7849 -18.27384 27.34892 9.809386 -20.58152 30.80255 -9.74626 -20.5816 30.80253 -11.7218 -18.27816 27.35511 -12.09093 -15.5428 23.2613 -11.48841 -13.98956 20.93683 12.15402 -10.70977 25.8558 11.55161 -9.641867 23.27782 11.78491 -12.58722 30.3885 9.809379 -14.17684 34.22599 -9.746253 -14.17679 34.22598 -11.72179 -12.59019 30.39538 -12.09092 -10.70608 25.84658 -11.48841 -9.636201 23.26377 12.15404 -5.459831 27.44833 11.55164 -4.915298 24.71157 11.78491 -6.41691 32.26023 9.809379 -7.227371 36.33408 -9.746274 -7.227255 36.33407 -11.72179 -6.418452 32.26757 -12.09092 -5.457962 27.43856 -11.48844 -4.912477 24.6966</float_array>
          <technique_common>
            <accessor source="#tire_01a_19x9_25Mesh-mesh-positions-array" count="256" stride="3">
              <param name="X" type="float"/>
              <param name="Y" type="float"/>
              <param name="Z" type="float"/>
            </accessor>
          </technique_common>
        </source>
        <source id="tire_01a_19x9_25Mesh-mesh-normals">
          <float_array id="tire_01a_19x9_25Mesh-mesh-normals-array" count="768">0.9982116 -0.01166033 -0.05863106 0.9982118 1.61262e-6 -0.05977737 0.9774826 -2.99114e-6 -0.2110161 0.9774826 -0.04116821 -0.2069611 0.9636257 0.05214285 0.2621194 0.9636253 5.31579e-6 0.2672575 0.5195563 0.1666974 0.8380175 0.5195543 9.9894e-6 0.8544375 -0.5192728 0.166731 0.8381865 -0.5192685 1.06758e-5 0.8546113 -0.9635588 0.05218964 0.2623562 -0.9635583 4.60867e-6 0.2674986 -0.9982129 -0.01165795 -0.05860877 -0.9982132 6.45737e-7 -0.059753 -0.9775546 -0.04110813 -0.206633 -0.9775572 1.49667e-6 -0.2106707 0.9982118 -0.02287536 -0.05522876 0.977484 -0.08075177 -0.1949469 0.9636274 0.1022734 0.2469058 0.519558 0.3269807 0.7893943 -0.5192729 0.3270451 0.7895552 -0.9635595 0.1023645 0.2471331 -0.9982134 -0.02286493 -0.05520176 -0.9775573 -0.08062136 -0.194633 0.998212 -0.03320974 -0.04969888 0.9774853 -0.1172298 -0.1754416 0.9636255 0.148479 0.2222161 0.519557 0.4746986 0.7104378 -0.5192708 0.4747971 0.7105811 -0.9635609 0.1486054 0.2224113 -0.9982132 -0.03319877 -0.04968237 -0.977558 -0.1170392 -0.1751635 0.9982122 -0.04226464 -0.04226267 0.9774855 -0.1492036 -0.1491994 0.963628 0.1889742 0.1889705 0.5195588 0.6041737 0.6041795 -0.5192692 0.6042966 0.6043054 -0.9635583 0.1891501 0.1891497 -0.9982131 -0.0422542 -0.04225301 -0.9775574 -0.1489661 -0.1489655 0.9982118 -0.04970264 -0.03321003 0.9774841 -0.1754482 -0.1172297 0.9636271 0.2222105 0.1484763 0.5195598 0.7104358 0.4746984 -0.5192713 0.7105787 0.4748005 -0.9635606 0.2224095 0.1486106 -0.9982128 -0.04968911 -0.03320074 -0.9775562 -0.1751703 -0.1170439 0.9982119 -0.05522596 -0.02287536 0.9774838 -0.1949481 -0.08075153 0.9636261 0.2469105 0.1022747 0.519559 0.7893967 0.3269733 -0.5192713 0.7895575 0.3270418 -0.9635589 0.2471358 0.1023638 -0.9982127 -0.05521219 -0.02287024 -0.9775548 -0.1946448 -0.08062344 0.9982122 -0.05862128 -0.01165932 0.9774864 -0.206945 -0.04115939 0.9636228 0.26213 0.05214333 0.5195525 0.8380201 0.166696 -0.5192721 0.8381875 0.1667278 -0.9635599 0.2623527 0.05218625 -0.9982137 -0.05859708 -0.01165825 -0.9775579 -0.2066181 -0.0411033 0.9982122 -0.05977052 7.69184e-7 0.9774853 -0.2110037 2.14193e-6 0.9636265 0.2672531 -4.21317e-6 0.5195548 0.8544372 -1.04931e-6 -0.5192688 0.854611 -2.49642e-6 -0.9635606 0.2674903 1.16257e-6 -0.9982124 -0.05976688 3.9566e-6 -0.9775542 -0.2106845 7.50571e-6 0.9982118 -0.05862784 0.01166182 0.9774838 -0.2069562 0.04116642 0.9636251 0.2621228 -0.05213892 0.5195545 0.8380196 -0.1666924 -0.5192701 0.8381883 -0.1667305 -0.9635589 0.2623565 -0.0521878 -0.9982134 -0.05860346 0.01165413 -0.9775571 -0.2066233 0.0410965 0.9982118 -0.0552259 0.02287483 0.977484 -0.1949477 0.08074879 0.9636257 0.2469113 -0.1022763 0.5195541 0.7893973 -0.3269795 -0.5192697 0.789557 -0.3270453 -0.9635583 0.2471361 -0.1023684 -0.9982128 -0.05520963 0.02286934 -0.9775556 -0.1946406 0.0806232 0.998212 -0.04970091 0.03320819 0.9774844 -0.1754489 0.1172264 0.963626 0.2222138 -0.148479 0.5195578 0.7104376 -0.474698 -0.5192731 0.7105839 -0.4747904 -0.9635594 0.2224137 -0.1486122 -0.9982131 -0.04968398 0.0331971 -0.9775562 -0.1751704 0.1170435 0.9982122 -0.04226303 0.0422635 0.9774861 -0.1491992 0.1492002 0.9636247 0.1889831 -0.188979 0.5195543 0.6041826 -0.6041745 -0.5192705 0.6043034 -0.6042976 -0.9635596 0.1891468 -0.1891466 -0.9982135 -0.04225015 0.04224801 -0.9775578 -0.1489658 0.1489632 0.998212 -0.03320819 0.04969853 0.9774854 -0.1172267 0.1754432 0.9636256 0.1484778 -0.2222164 0.5195554 0.4747017 -0.7104369 -0.5192729 0.4747944 -0.7105816 -0.9635596 0.1486098 -0.222414 -0.9982134 -0.03319799 0.04967969 -0.9775583 -0.1170447 0.1751578 0.9982118 -0.02287578 0.05522638 0.9774829 -0.08075511 0.1949512 0.963627 0.1022696 -0.2469091 0.5195571 0.3269778 -0.789396 -0.5192741 0.3270457 -0.7895539 -0.9635602 0.1023648 -0.2471301 -0.9982126 -0.02286994 0.055215 -0.9775534 -0.08062696 0.1946501 0.9982119 -0.01165932 0.05862718 0.9774832 -0.04116421 0.2069599 0.9636257 0.0521413 -0.2621199 0.5195256 0.1666688 -0.8380421 -0.5191907 0.1665846 -0.8382664 -0.963565 0.05223792 -0.2623237 -0.9982126 -0.01165676 0.05861514 -0.9775543 -0.04110383 0.2066352 0.9982117 2.15577e-6 0.05977874 0.9774826 2.06368e-6 0.2110164 0.963628 -2.81584e-6 -0.2672473 0.5195068 3.38475e-5 -0.8544663 -0.5191978 -2.86965e-5 -0.8546541 -0.9634789 -7.59925e-5 -0.2677844 -0.9982184 -1.21873e-5 0.05966609 -0.9775818 -3.23257e-5 0.2105562 0.9982118 0.0116623 0.05862838 0.9774819 0.04116576 0.2069658 0.9636236 -0.05213898 -0.2621279 0.5195553 -0.1667005 -0.8380175 -0.5192648 -0.1665526 -0.8382269 -0.9635492 -0.05217397 -0.2623943 -0.9982116 0.01167136 0.05862867 -0.9775577 0.04113179 0.206614 0.9982115 0.02287638 0.0552321 0.9774811 0.08075499 0.1949604 0.9636244 -0.1022787 -0.2469155 0.5195514 -0.3269797 -0.789399 -0.5192652 -0.3270472 -0.7895594 -0.963557 -0.1023685 -0.2471413 -0.9982132 0.02286678 0.05520409 -0.9775558 0.08062267 0.19464 0.9982118 0.03321474 0.04969984 0.9774816 0.1172409 0.1754549 0.9636251 -0.1484788 -0.2222179 0.5195546 -0.4746989 -0.7104393 -0.5192649 -0.4747964 -0.710586 -0.9635565 -0.1486188 -0.2224217 -0.9982132 0.03319752 0.04968386 -0.9775561 0.1170452 0.1751705 0.9982112 0.04227668 0.04227572 0.9774798 0.14922 0.1492203 0.9636239 -0.188981 -0.188985 0.519553 -0.6041752 -0.6041831 -0.5192674 -0.6042975 -0.6043062 -0.9635574 -0.1891521 -0.1891525 -0.998213 0.04225355 0.04225468 -0.9775555 0.1489715 0.148973 0.9982116 0.04970562 0.03321158 0.9774812 0.1754601 0.1172356 0.9636255 -0.2222184 -0.1484756 0.5195521 -0.7104407 -0.4746997 -0.5192661 -0.7105817 -0.4748014 -0.9635581 -0.2224141 -0.1486191 -0.9982134 0.04968088 0.03319561 -0.9775565 0.175169 0.1170432 0.9982116 0.05522888 0.02287822 0.97748 0.1949639 0.08075886 0.9636241 -0.2469189 -0.1022729 0.5195554 -0.7893973 -0.3269774 -0.519262 -0.7895623 -0.3270449 -0.9635569 -0.2471409 -0.1023691 -0.9982134 0.05520331 0.02286362 -0.9775583 0.194631 0.08061373 0.998212 0.0586239 0.01165878 0.9774821 0.2069646 0.04116266 0.963625 -0.2621232 -0.05213844 0.5195574 -0.8380175 -0.1666942 -0.5192642 -0.8381921 -0.1667295 -0.9635586 -0.2623573 -0.05218738 -0.9982131 0.05860638 0.01165926 -0.9775593 0.2066119 0.04110294 0.9982116 0.05977994 1.70071e-6 0.9774807 0.2110251 1.94296e-6 0.9636248 -0.2672592 8.73861e-7 0.5195578 -0.8544353 1.95389e-7 -0.5192584 -0.8546174 -3.45827e-7 -0.963557 -0.2675035 -2.57132e-6 -0.9982129 0.05975943 -1.49684e-7 -0.9775559 0.2106763 0 0.9982122 0.05862128 -0.01166212 0.9774827 0.2069607 -0.04116952 0.9636244 -0.2621251 0.05213928 0.519558 -0.8380171 0.1666939 -0.5192576 -0.8381965 0.1667285 -0.963555 -0.2623699 0.05218994 -0.9982131 0.05860829 -0.0116567 -0.9775574 0.2066222 -0.0410971 0.9982118 0.05522727 -0.02287608 0.9774812 0.1949594 -0.08075505 0.9636219 -0.2469259 0.1022766 0.5195538 -0.7893991 0.3269755 -0.5192615 -0.789563 0.3270439 -0.963557 -0.2471402 0.1023707 -0.9982131 0.05520713 -0.02286851 -0.9775565 0.1946353 -0.08062529 0.9982114 0.04971092 -0.03321039 0.9774801 0.1754675 -0.1172343 0.9636243 -0.2222192 0.1484823 0.5195525 -0.7104403 0.4746997 -0.5192636 -0.7105861 0.4747976 -0.9635573 -0.2224205 0.1486158 -0.9982135 0.04967898 -0.03319311 -0.977559 0.1751579 -0.1170396 0.9982118 0.04227095 -0.04226738 0.9774836 0.1492077 -0.1492077 0.9636234 -0.1889848 0.1889834 0.519551 -0.604184 0.604176 -0.5192647 -0.6043032 0.6043028 -0.9635559 -0.1891547 0.1891576 -0.9982136 0.04224824 -0.04224729 -0.9775597 0.1489616 -0.1489549 0.9982119 0.03320837 -0.0497024 0.9774818 0.117237 -0.1754564 0.9636247 -0.148481 0.2222184 0.5195535 -0.4747041 0.7104367 -0.5192666 -0.4748005 0.710582 -0.9635579 -0.1486142 0.2224189 -0.998213 0.03319931 -0.04968667 -0.9775555 0.1170462 -0.1751731 0.9982115 0.02287834 -0.05523163 0.977481 0.0807541 -0.194961 0.9636249 -0.1022754 0.2469148 0.5195525 -0.3269825 0.7893971 -0.5192683 -0.3270452 0.7895581 -0.9635583 -0.1023671 0.2471365 -0.9982131 0.02286696 -0.05520677 -0.9775549 0.08062016 -0.1946457 0.9982116 0.01166182 -0.05863153 0.9774816 0.04116439 -0.2069669 0.9636245 -0.05213791 0.2621247 0.5195518 -0.166689 0.8380219 -0.5192703 -0.1667212 0.83819 -0.9635584 -0.0521869 0.2623581 -0.9982134 0.01165509 -0.05860263 -0.9775574 0.04109638 -0.206622</float_array>
          <technique_common>
            <accessor source="#tire_01a_19x9_25Mesh-mesh-normals-array" count="256" stride="3">
              <param name="X" type="float"/>
              <param name="Y" type="float"/>
              <param name="Z" type="float"/>
            </accessor>
          </technique_common>
        </source>
        <source id="tire_01a_19x9_25Mesh-mesh-map-0">
          <float_array id="tire_01a_19x9_25Mesh-mesh-map-0-array" count="2688">0.937355 0.123227 0.999825 0.123227 0.999825 2.32e-4 0.999825 2.32e-4 0.937355 2.32e-4 0.937355 0.123227 0.937355 0.2390429 0.999825 0.2390429 0.999825 0.123227 0.999825 0.123227 0.937355 0.123227 0.937355 0.2390429 0.937356 0.312487 0.999825 0.312487 0.999825 0.2390429 0.999825 0.2390429 0.937355 0.2390429 0.937356 0.312487 0.06274598 0.689449 2.78e-4 0.689449 2.78e-4 0.312487 2.78e-4 0.312487 0.06274598 0.312487 0.06274598 0.689449 0.06274598 0.758681 2.78e-4 0.758681 2.78e-4 0.689449 2.78e-4 0.689449 0.06274598 0.689449 0.06274598 0.758681 0.06274497 0.872186 2.78e-4 0.872186 2.78e-4 0.758681 2.78e-4 0.758681 0.06274598 0.758681 0.06274497 0.872186 0.06274598 0.999771 2.78e-4 0.999771 2.78e-4 0.872186 2.78e-4 0.872186 0.06274497 0.872186 0.06274598 0.999771 0.874888 0.123227 0.937355 0.123227 0.937355 2.32e-4 0.937355 2.32e-4 0.874887 2.32e-4 0.874888 0.123227 0.874888 0.2390429 0.937355 0.2390429 0.937355 0.123227 0.937355 0.123227 0.874888 0.123227 0.874888 0.2390429 0.874888 0.312487 0.937356 0.312487 0.937355 0.2390429 0.937355 0.2390429 0.874888 0.2390429 0.874888 0.312487 0.1252149 0.689449 0.06274598 0.689449 0.06274598 0.312487 0.06274598 0.312487 0.125214 0.312487 0.1252149 0.689449 0.1252149 0.758681 0.06274598 0.758681 0.06274598 0.689449 0.06274598 0.689449 0.1252149 0.689449 0.1252149 0.758681 0.125214 0.872186 0.06274497 0.872186 0.06274598 0.758681 0.06274598 0.758681 0.1252149 0.758681 0.125214 0.872186 0.1252149 0.999771 0.06274598 0.999771 0.06274497 0.872186 0.06274497 0.872186 0.125214 0.872186 0.1252149 0.999771 0.812419 0.123227 0.874888 0.123227 0.874887 2.32e-4 0.874887 2.32e-4 0.812419 2.32e-4 0.812419 0.123227 0.812419 0.2390429 0.874888 0.2390429 0.874888 0.123227 0.874888 0.123227 0.812419 0.123227 0.812419 0.2390429 0.81242 0.312487 0.874888 0.312487 0.874888 0.2390429 0.874888 0.2390429 0.812419 0.2390429 0.81242 0.312487 0.187682 0.689449 0.1252149 0.689449 0.125214 0.312487 0.125214 0.312487 0.187682 0.312487 0.187682 0.689449 0.187682 0.758681 0.1252149 0.758681 0.1252149 0.689449 0.1252149 0.689449 0.187682 0.689449 0.187682 0.758681 0.187682 0.872186 0.125214 0.872186 0.1252149 0.758681 0.1252149 0.758681 0.187682 0.758681 0.187682 0.872186 0.187682 0.999771 0.1252149 0.999771 0.125214 0.872186 0.125214 0.872186 0.187682 0.872186 0.187682 0.999771 0.749951 0.123227 0.812419 0.123227 0.812419 2.32e-4 0.812419 2.32e-4 0.749951 2.32e-4 0.749951 0.123227 0.749951 0.2390429 0.812419 0.2390429 0.812419 0.123227 0.812419 0.123227 0.749951 0.123227 0.749951 0.2390429 0.749951 0.312487 0.81242 0.312487 0.812419 0.2390429 0.812419 0.2390429 0.749951 0.2390429 0.749951 0.312487 0.250151 0.689449 0.187682 0.689449 0.187682 0.312487 0.187682 0.312487 0.250151 0.312487 0.250151 0.689449 0.250151 0.758681 0.187682 0.758681 0.187682 0.689449 0.187682 0.689449 0.250151 0.689449 0.250151 0.758681 0.25015 0.872186 0.187682 0.872186 0.187682 0.758681 0.187682 0.758681 0.250151 0.758681 0.25015 0.872186 0.250151 0.999771 0.187682 0.999771 0.187682 0.872186 0.187682 0.872186 0.25015 0.872186 0.250151 0.999771 0.687483 0.123227 0.749951 0.123227 0.749951 2.32e-4 0.749951 2.32e-4 0.687482 2.32e-4 0.687483 0.123227 0.687483 0.2390429 0.749951 0.2390429 0.749951 0.123227 0.749951 0.123227 0.687483 0.123227 0.687483 0.2390429 0.687484 0.312487 0.749951 0.312487 0.749951 0.2390429 0.749951 0.2390429 0.687483 0.2390429 0.687484 0.312487 0.312619 0.689449 0.250151 0.689449 0.250151 0.312487 0.250151 0.312487 0.312619 0.312487 0.312619 0.689449 0.312619 0.758681 0.250151 0.758681 0.250151 0.689449 0.250151 0.689449 0.312619 0.689449 0.312619 0.758681 0.312618 0.872186 0.25015 0.872186 0.250151 0.758681 0.250151 0.758681 0.312619 0.758681 0.312618 0.872186 0.312619 0.999771 0.250151 0.999771 0.25015 0.872186 0.25015 0.872186 0.312618 0.872186 0.312619 0.999771 0.625014 0.123227 0.687483 0.123227 0.687482 2.32e-4 0.687482 2.32e-4 0.625014 2.32e-4 0.625014 0.123227 0.625014 0.2390429 0.687483 0.2390429 0.687483 0.123227 0.687483 0.123227 0.625014 0.123227 0.625014 0.2390429 0.625015 0.312487 0.687484 0.312487 0.687483 0.2390429 0.687483 0.2390429 0.625014 0.2390429 0.625015 0.312487 0.375087 0.689449 0.312619 0.689449 0.312619 0.312487 0.312619 0.312487 0.375087 0.312487 0.375087 0.689449 0.375087 0.758681 0.312619 0.758681 0.312619 0.689449 0.312619 0.689449 0.375087 0.689449 0.375087 0.758681 0.375086 0.872186 0.312618 0.872186 0.312619 0.758681 0.312619 0.758681 0.375087 0.758681 0.375086 0.872186 0.375087 0.999771 0.312619 0.999771 0.312618 0.872186 0.312618 0.872186 0.375086 0.872186 0.375087 0.999771 0.562546 0.123227 0.625014 0.123227 0.625014 2.32e-4 0.625014 2.32e-4 0.562546 2.32e-4 0.562546 0.123227 0.562546 0.2390429 0.625014 0.2390429 0.625014 0.123227 0.625014 0.123227 0.562546 0.123227 0.562546 0.2390429 0.562547 0.312487 0.625015 0.312487 0.625014 0.2390429 0.625014 0.2390429 0.562546 0.2390429 0.562547 0.312487 0.437556 0.689449 0.375087 0.689449 0.375087 0.312487 0.375087 0.312487 0.437556 0.312487 0.437556 0.689449 0.437556 0.758681 0.375087 0.758681 0.375087 0.689449 0.375087 0.689449 0.437556 0.689449 0.437556 0.758681 0.437555 0.872186 0.375086 0.872186 0.375087 0.758681 0.375087 0.758681 0.437556 0.758681 0.437555 0.872186 0.437556 0.999771 0.375087 0.999771 0.375086 0.872186 0.375086 0.872186 0.437555 0.872186 0.437556 0.999771 0.500078 0.123227 0.562546 0.123227 0.562546 2.32e-4 0.562546 2.32e-4 0.500077 2.32e-4 0.500078 0.123227 0.500078 0.2390429 0.562546 0.2390429 0.562546 0.123227 0.562546 0.123227 0.500078 0.123227 0.500078 0.2390429 0.500079 0.312487 0.562547 0.312487 0.562546 0.2390429 0.562546 0.2390429 0.500078 0.2390429 0.500079 0.312487 0.500023 0.689449 0.437556 0.689449 0.437556 0.312487 0.437556 0.312487 0.500023 0.312487 0.500023 0.689449 0.500023 0.758681 0.437556 0.758681 0.437556 0.689449 0.437556 0.689449 0.500023 0.689449 0.500023 0.758681 0.500023 0.872186 0.437555 0.872186 0.437556 0.758681 0.437556 0.758681 0.500023 0.758681 0.500023 0.872186 0.500023 0.999771 0.437556 0.999771 0.437555 0.872186 0.437555 0.872186 0.500023 0.872186 0.500023 0.999771 0.43761 0.123227 0.500078 0.123227 0.500077 2.32e-4 0.500077 2.32e-4 0.43761 2.32e-4 0.43761 0.123227 0.43761 0.2390429 0.500078 0.2390429 0.500078 0.123227 0.500078 0.123227 0.43761 0.123227 0.43761 0.2390429 0.43761 0.312487 0.500079 0.312487 0.500078 0.2390429 0.500078 0.2390429 0.43761 0.2390429 0.43761 0.312487 0.562492 0.689449 0.500023 0.689449 0.500023 0.312487 0.500023 0.312487 0.562492 0.312487 0.562492 0.689449 0.562492 0.758681 0.500023 0.758681 0.500023 0.689449 0.500023 0.689449 0.562492 0.689449 0.562492 0.758681 0.562491 0.872186 0.500023 0.872186 0.500023 0.758681 0.500023 0.758681 0.562492 0.758681 0.562491 0.872186 0.562492 0.999771 0.500023 0.999771 0.500023 0.872186 0.500023 0.872186 0.562491 0.872186 0.562492 0.999771 0.375141 0.123227 0.43761 0.123227 0.43761 2.32e-4 0.43761 2.32e-4 0.375141 2.32e-4 0.375141 0.123227 0.375141 0.2390429 0.43761 0.2390429 0.43761 0.123227 0.43761 0.123227 0.375141 0.123227 0.375141 0.2390429 0.375142 0.312487 0.43761 0.312487 0.43761 0.2390429 0.43761 0.2390429 0.375141 0.2390429 0.375142 0.312487 0.62496 0.689449 0.562492 0.689449 0.562492 0.312487 0.562492 0.312487 0.62496 0.312487 0.62496 0.689449 0.62496 0.758681 0.562492 0.758681 0.562492 0.689449 0.562492 0.689449 0.62496 0.689449 0.62496 0.758681 0.62496 0.872186 0.562491 0.872186 0.562492 0.758681 0.562492 0.758681 0.62496 0.758681 0.62496 0.872186 0.62496 0.999771 0.562492 0.999771 0.562491 0.872186 0.562491 0.872186 0.62496 0.872186 0.62496 0.999771 0.312674 0.123227 0.375141 0.123227 0.375141 2.32e-4 0.375141 2.32e-4 0.312674 2.32e-4 0.312674 0.123227 0.312674 0.2390429 0.375141 0.2390429 0.375141 0.123227 0.375141 0.123227 0.312674 0.123227 0.312674 0.2390429 0.312675 0.312487 0.375142 0.312487 0.375141 0.2390429 0.375141 0.2390429 0.312674 0.2390429 0.312675 0.312487 0.687428 0.689449 0.62496 0.689449 0.62496 0.312487 0.62496 0.312487 0.687428 0.312487 0.687428 0.689449 0.687428 0.758681 0.62496 0.758681 0.62496 0.689449 0.62496 0.689449 0.687428 0.689449 0.687428 0.758681 0.687428 0.872186 0.62496 0.872186 0.62496 0.758681 0.62496 0.758681 0.687428 0.758681 0.687428 0.872186 0.687428 0.999771 0.62496 0.999771 0.62496 0.872186 0.62496 0.872186 0.687428 0.872186 0.687428 0.999771 0.250205 0.123227 0.312674 0.123227 0.312674 2.32e-4 0.312674 2.32e-4 0.250205 2.32e-4 0.250205 0.123227 0.250205 0.2390429 0.312674 0.2390429 0.312674 0.123227 0.312674 0.123227 0.250205 0.123227 0.250205 0.2390429 0.250206 0.312487 0.312675 0.312487 0.312674 0.2390429 0.312674 0.2390429 0.250205 0.2390429 0.250206 0.312487 0.749897 0.689449 0.687428 0.689449 0.687428 0.312487 0.687428 0.312487 0.749897 0.312487 0.749897 0.689449 0.749897 0.758681 0.687428 0.758681 0.687428 0.689449 0.687428 0.689449 0.749897 0.689449 0.749897 0.758681 0.749896 0.872186 0.687428 0.872186 0.687428 0.758681 0.687428 0.758681 0.749897 0.758681 0.749896 0.872186 0.749897 0.999771 0.687428 0.999771 0.687428 0.872186 0.687428 0.872186 0.749896 0.872186 0.749897 0.999771 0.187738 0.123227 0.250205 0.123227 0.250205 2.32e-4 0.250205 2.32e-4 0.187737 2.32e-4 0.187738 0.123227 0.187737 0.2390429 0.250205 0.2390429 0.250205 0.123227 0.250205 0.123227 0.187738 0.123227 0.187737 0.2390429 0.187738 0.312487 0.250206 0.312487 0.250205 0.2390429 0.250205 0.2390429 0.187737 0.2390429 0.187738 0.312487 0.812365 0.689449 0.749897 0.689449 0.749897 0.312487 0.749897 0.312487 0.812365 0.312487 0.812365 0.689449 0.812365 0.758681 0.749897 0.758681 0.749897 0.689449 0.749897 0.689449 0.812365 0.689449 0.812365 0.758681 0.812364 0.872186 0.749896 0.872186 0.749897 0.758681 0.749897 0.758681 0.812365 0.758681 0.812364 0.872186 0.812365 0.999771 0.749897 0.999771 0.749896 0.872186 0.749896 0.872186 0.812364 0.872186 0.812365 0.999771 0.1252689 0.123227 0.187738 0.123227 0.187737 2.32e-4 0.187737 2.32e-4 0.1252689 2.32e-4 0.1252689 0.123227 0.1252689 0.2390429 0.187737 0.2390429 0.187738 0.123227 0.187738 0.123227 0.1252689 0.123227 0.1252689 0.2390429 0.1252689 0.312487 0.187738 0.312487 0.187737 0.2390429 0.187737 0.2390429 0.1252689 0.2390429 0.1252689 0.312487 0.874832 0.689449 0.812365 0.689449 0.812365 0.312487 0.812365 0.312487 0.874833 0.312487 0.874832 0.689449 0.874832 0.758681 0.812365 0.758681 0.812365 0.689449 0.812365 0.689449 0.874832 0.689449 0.874832 0.758681 0.874832 0.872186 0.812364 0.872186 0.812365 0.758681 0.812365 0.758681 0.874832 0.758681 0.874832 0.872186 0.874833 0.999771 0.812365 0.999771 0.812364 0.872186 0.812364 0.872186 0.874832 0.872186 0.874833 0.999771 0.062801 0.123227 0.1252689 0.123227 0.1252689 2.32e-4 0.1252689 2.32e-4 0.062801 2.32e-4 0.062801 0.123227 0.062801 0.2390429 0.1252689 0.2390429 0.1252689 0.123227 0.1252689 0.123227 0.062801 0.123227 0.062801 0.2390429 0.062801 0.312487 0.1252689 0.312487 0.1252689 0.2390429 0.1252689 0.2390429 0.062801 0.2390429 0.062801 0.312487 0.937301 0.689449 0.874832 0.689449 0.874833 0.312487 0.874833 0.312487 0.937301 0.312487 0.937301 0.689449 0.937301 0.758681 0.874832 0.758681 0.874832 0.689449 0.874832 0.689449 0.937301 0.689449 0.937301 0.758681 0.9373 0.872186 0.874832 0.872186 0.874832 0.758681 0.874832 0.758681 0.937301 0.758681 0.9373 0.872186 0.937301 0.999771 0.874833 0.999771 0.874832 0.872186 0.874832 0.872186 0.9373 0.872186 0.937301 0.999771 3.33e-4 0.123227 0.062801 0.123227 0.062801 2.32e-4 0.062801 2.32e-4 3.33e-4 2.32e-4 3.33e-4 0.123227 3.33e-4 0.2390429 0.062801 0.2390429 0.062801 0.123227 0.062801 0.123227 3.33e-4 0.123227 3.33e-4 0.2390429 3.33e-4 0.312487 0.062801 0.312487 0.062801 0.2390429 0.062801 0.2390429 3.33e-4 0.2390429 3.33e-4 0.312487 0.999769 0.689449 0.937301 0.689449 0.937301 0.312487 0.937301 0.312487 0.999769 0.312487 0.999769 0.689449 0.999769 0.758681 0.937301 0.758681 0.937301 0.689449 0.937301 0.689449 0.999769 0.689449 0.999769 0.758681 0.999769 0.872186 0.9373 0.872186 0.937301 0.758681 0.937301 0.758681 0.999769 0.758681 0.999769 0.872186 0.999769 0.999771 0.937301 0.999771 0.9373 0.872186 0.9373 0.872186 0.999769 0.872186 0.999769 0.999771 0.937301 0.123227 0.999771 0.123227 0.999771 2.32e-4 0.999771 2.32e-4 0.9373 2.32e-4 0.937301 0.123227 0.937301 0.2390429 0.999771 0.2390429 0.999771 0.123227 0.999771 0.123227 0.937301 0.123227 0.937301 0.2390429 0.937302 0.312487 0.999771 0.312487 0.999771 0.2390429 0.999771 0.2390429 0.937301 0.2390429 0.937302 0.312487 0.062801 0.689449 3.32e-4 0.689449 3.32e-4 0.312487 3.32e-4 0.312487 0.062801 0.312487 0.062801 0.689449 0.062801 0.758681 3.32e-4 0.758681 3.32e-4 0.689449 3.32e-4 0.689449 0.062801 0.689449 0.062801 0.758681 0.062801 0.872186 3.32e-4 0.872186 3.32e-4 0.758681 3.32e-4 0.758681 0.062801 0.758681 0.062801 0.872186 0.06280195 0.999771 3.32e-4 0.999771 3.32e-4 0.872186 3.32e-4 0.872186 0.062801 0.872186 0.06280195 0.999771 0.874833 0.123227 0.937301 0.123227 0.9373 2.32e-4 0.9373 2.32e-4 0.874833 2.32e-4 0.874833 0.123227 0.874833 0.2390429 0.937301 0.2390429 0.937301 0.123227 0.937301 0.123227 0.874833 0.123227 0.874833 0.2390429 0.874833 0.312487 0.937302 0.312487 0.937301 0.2390429 0.937301 0.2390429 0.874833 0.2390429 0.874833 0.312487 0.1252689 0.689449 0.062801 0.689449 0.062801 0.312487 0.062801 0.312487 0.1252689 0.312487 0.1252689 0.689449 0.1252689 0.758681 0.062801 0.758681 0.062801 0.689449 0.062801 0.689449 0.1252689 0.689449 0.1252689 0.758681 0.1252689 0.872186 0.062801 0.872186 0.062801 0.758681 0.062801 0.758681 0.1252689 0.758681 0.1252689 0.872186 0.1252689 0.999771 0.06280195 0.999771 0.062801 0.872186 0.062801 0.872186 0.1252689 0.872186 0.1252689 0.999771 0.812365 0.123227 0.874833 0.123227 0.874833 2.32e-4 0.874833 2.32e-4 0.812365 2.32e-4 0.812365 0.123227 0.812365 0.2390429 0.874833 0.2390429 0.874833 0.123227 0.874833 0.123227 0.812365 0.123227 0.812365 0.2390429 0.812365 0.312487 0.874833 0.312487 0.874833 0.2390429 0.874833 0.2390429 0.812365 0.2390429 0.812365 0.312487 0.187737 0.689449 0.1252689 0.689449 0.1252689 0.312487 0.1252689 0.312487 0.187737 0.312487 0.187737 0.689449 0.187737 0.758681 0.1252689 0.758681 0.1252689 0.689449 0.1252689 0.689449 0.187737 0.689449 0.187737 0.758681 0.187737 0.872186 0.1252689 0.872186 0.1252689 0.758681 0.1252689 0.758681 0.187737 0.758681 0.187737 0.872186 0.187737 0.999771 0.1252689 0.999771 0.1252689 0.872186 0.1252689 0.872186 0.187737 0.872186 0.187737 0.999771 0.749896 0.123227 0.812365 0.123227 0.812365 2.32e-4 0.812365 2.32e-4 0.749896 2.32e-4 0.749896 0.123227 0.749896 0.239042 0.812365 0.2390429 0.812365 0.123227 0.812365 0.123227 0.749896 0.123227 0.749896 0.239042 0.749897 0.312487 0.812365 0.312487 0.812365 0.2390429 0.812365 0.2390429 0.749896 0.239042 0.749897 0.312487 0.250205 0.689449 0.187737 0.689449 0.187737 0.312487 0.187737 0.312487 0.250205 0.312487 0.250205 0.689449 0.250205 0.758681 0.187737 0.758681 0.187737 0.689449 0.187737 0.689449 0.250205 0.689449 0.250205 0.758681 0.250205 0.872186 0.187737 0.872186 0.187737 0.758681 0.187737 0.758681 0.250205 0.758681 0.250205 0.872186 0.250206 0.999771 0.187737 0.999771 0.187737 0.872186 0.187737 0.872186 0.250205 0.872186 0.250206 0.999771 0.687428 0.123227 0.749896 0.123227 0.749896 2.32e-4 0.749896 2.32e-4 0.687428 2.32e-4 0.687428 0.123227 0.687428 0.239042 0.749896 0.239042 0.749896 0.123227 0.749896 0.123227 0.687428 0.123227 0.687428 0.239042 0.687429 0.312487 0.749897 0.312487 0.749896 0.239042 0.749896 0.239042 0.687428 0.239042 0.687429 0.312487 0.312674 0.689449 0.250205 0.689449 0.250205 0.312487 0.250205 0.312487 0.312674 0.312487 0.312674 0.689449 0.312674 0.758681 0.250205 0.758681 0.250205 0.689449 0.250205 0.689449 0.312674 0.689449 0.312674 0.758681 0.312673 0.872186 0.250205 0.872186 0.250205 0.758681 0.250205 0.758681 0.312674 0.758681 0.312673 0.872186 0.312674 0.999771 0.250206 0.999771 0.250205 0.872186 0.250205 0.872186 0.312673 0.872186 0.312674 0.999771 0.624959 0.123227 0.687428 0.123227 0.687428 2.32e-4 0.687428 2.32e-4 0.624959 2.32e-4 0.624959 0.123227 0.624959 0.2390429 0.687428 0.239042 0.687428 0.123227 0.687428 0.123227 0.624959 0.123227 0.624959 0.2390429 0.62496 0.312487 0.687429 0.312487 0.687428 0.239042 0.687428 0.239042 0.624959 0.2390429 0.62496 0.312487 0.375142 0.689449 0.312674 0.689449 0.312674 0.312487 0.312674 0.312487 0.375142 0.312487 0.375142 0.689449 0.375142 0.758681 0.312674 0.758681 0.312674 0.689449 0.312674 0.689449 0.375142 0.689449 0.375142 0.758681 0.375141 0.872186 0.312673 0.872186 0.312674 0.758681 0.312674 0.758681 0.375142 0.758681 0.375141 0.872186 0.375142 0.999771 0.312674 0.999771 0.312673 0.872186 0.312673 0.872186 0.375141 0.872186 0.375142 0.999771 0.562492 0.123227 0.624959 0.123227 0.624959 2.32e-4 0.624959 2.32e-4 0.562492 2.32e-4 0.562492 0.123227 0.562492 0.2390429 0.624959 0.2390429 0.624959 0.123227 0.624959 0.123227 0.562492 0.123227 0.562492 0.2390429 0.562492 0.312487 0.62496 0.312487 0.624959 0.2390429 0.624959 0.2390429 0.562492 0.2390429 0.562492 0.312487 0.43761 0.689449 0.375142 0.689449 0.375142 0.312487 0.375142 0.312487 0.43761 0.312487 0.43761 0.689449 0.43761 0.758681 0.375142 0.758681 0.375142 0.689449 0.375142 0.689449 0.43761 0.689449 0.43761 0.758681 0.437609 0.872186 0.375141 0.872186 0.375142 0.758681 0.375142 0.758681 0.43761 0.758681 0.437609 0.872186 0.43761 0.999771 0.375142 0.999771 0.375141 0.872186 0.375141 0.872186 0.437609 0.872186 0.43761 0.999771 0.500023 0.123227 0.562492 0.123227 0.562492 2.32e-4 0.562492 2.32e-4 0.500023 2.32e-4 0.500023 0.123227 0.500023 0.2390429 0.562492 0.2390429 0.562492 0.123227 0.562492 0.123227 0.500023 0.123227 0.500023 0.2390429 0.500024 0.312487 0.562492 0.312487 0.562492 0.2390429 0.562492 0.2390429 0.500023 0.2390429 0.500024 0.312487 0.500078 0.689449 0.43761 0.689449 0.43761 0.312487 0.43761 0.312487 0.500078 0.312487 0.500078 0.689449 0.500078 0.758681 0.43761 0.758681 0.43761 0.689449 0.43761 0.689449 0.500078 0.689449 0.500078 0.758681 0.500078 0.872186 0.437609 0.872186 0.43761 0.758681 0.43761 0.758681 0.500078 0.758681 0.500078 0.872186 0.500078 0.999771 0.43761 0.999771 0.437609 0.872186 0.437609 0.872186 0.500078 0.872186 0.500078 0.999771 0.437556 0.123227 0.500023 0.123227 0.500023 2.32e-4 0.500023 2.32e-4 0.437555 2.32e-4 0.437556 0.123227 0.437555 0.2390429 0.500023 0.2390429 0.500023 0.123227 0.500023 0.123227 0.437556 0.123227 0.437555 0.2390429 0.437556 0.312487 0.500024 0.312487 0.500023 0.2390429 0.500023 0.2390429 0.437555 0.2390429 0.437556 0.312487 0.562547 0.689449 0.500078 0.689449 0.500078 0.312487 0.500078 0.312487 0.562547 0.312487 0.562547 0.689449 0.562547 0.758681 0.500078 0.758681 0.500078 0.689449 0.500078 0.689449 0.562547 0.689449 0.562547 0.758681 0.562546 0.872186 0.500078 0.872186 0.500078 0.758681 0.500078 0.758681 0.562547 0.758681 0.562546 0.872186 0.562547 0.999771 0.500078 0.999771 0.500078 0.872186 0.500078 0.872186 0.562546 0.872186 0.562547 0.999771 0.375086 0.123227 0.437556 0.123227 0.437555 2.32e-4 0.437555 2.32e-4 0.375086 2.32e-4 0.375086 0.123227 0.375086 0.2390429 0.437555 0.2390429 0.437556 0.123227 0.437556 0.123227 0.375086 0.123227 0.375086 0.2390429 0.375087 0.312487 0.437556 0.312487 0.437555 0.2390429 0.437555 0.2390429 0.375086 0.2390429 0.375087 0.312487 0.625015 0.689449 0.562547 0.689449 0.562547 0.312487 0.562547 0.312487 0.625015 0.312487 0.625015 0.689449 0.625015 0.758681 0.562547 0.758681 0.562547 0.689449 0.562547 0.689449 0.625015 0.689449 0.625015 0.758681 0.625015 0.872186 0.562546 0.872186 0.562547 0.758681 0.562547 0.758681 0.625015 0.758681 0.625015 0.872186 0.625015 0.999771 0.562547 0.999771 0.562546 0.872186 0.562546 0.872186 0.625015 0.872186 0.625015 0.999771 0.312619 0.123227 0.375086 0.123227 0.375086 2.32e-4 0.375086 2.32e-4 0.312618 2.32e-4 0.312619 0.123227 0.312618 0.2390429 0.375086 0.2390429 0.375086 0.123227 0.375086 0.123227 0.312619 0.123227 0.312618 0.2390429 0.312619 0.312487 0.375087 0.312487 0.375086 0.2390429 0.375086 0.2390429 0.312618 0.2390429 0.312619 0.312487 0.687483 0.689449 0.625015 0.689449 0.625015 0.312487 0.625015 0.312487 0.687483 0.312487 0.687483 0.689449 0.687483 0.758681 0.625015 0.758681 0.625015 0.689449 0.625015 0.689449 0.687483 0.689449 0.687483 0.758681 0.687483 0.872186 0.625015 0.872186 0.625015 0.758681 0.625015 0.758681 0.687483 0.758681 0.687483 0.872186 0.687483 0.999771 0.625015 0.999771 0.625015 0.872186 0.625015 0.872186 0.687483 0.872186 0.687483 0.999771 0.25015 0.123227 0.312619 0.123227 0.312618 2.32e-4 0.312618 2.32e-4 0.250149 2.32e-4 0.25015 0.123227 0.25015 0.2390429 0.312618 0.2390429 0.312619 0.123227 0.312619 0.123227 0.25015 0.123227 0.25015 0.2390429 0.250151 0.312487 0.312619 0.312487 0.312618 0.2390429 0.312618 0.2390429 0.25015 0.2390429 0.250151 0.312487 0.749951 0.689449 0.687483 0.689449 0.687483 0.312487 0.687483 0.312487 0.749951 0.312487 0.749951 0.689449 0.749951 0.758681 0.687483 0.758681 0.687483 0.689449 0.687483 0.689449 0.749951 0.689449 0.749951 0.758681 0.749951 0.872186 0.687483 0.872186 0.687483 0.758681 0.687483 0.758681 0.749951 0.758681 0.749951 0.872186 0.749951 0.999771 0.687483 0.999771 0.687483 0.872186 0.687483 0.872186 0.749951 0.872186 0.749951 0.999771 0.187682 0.123227 0.25015 0.123227 0.250149 2.32e-4 0.250149 2.32e-4 0.187682 2.32e-4 0.187682 0.123227 0.187682 0.2390429 0.25015 0.2390429 0.25015 0.123227 0.25015 0.123227 0.187682 0.123227 0.187682 0.2390429 0.187683 0.312487 0.250151 0.312487 0.25015 0.2390429 0.25015 0.2390429 0.187682 0.2390429 0.187683 0.312487 0.81242 0.689449 0.749951 0.689449 0.749951 0.312487 0.749951 0.312487 0.81242 0.312487 0.81242 0.689449 0.81242 0.758681 0.749951 0.758681 0.749951 0.689449 0.749951 0.689449 0.81242 0.689449 0.81242 0.758681 0.812419 0.872186 0.749951 0.872186 0.749951 0.758681 0.749951 0.758681 0.81242 0.758681 0.812419 0.872186 0.81242 0.999771 0.749951 0.999771 0.749951 0.872186 0.749951 0.872186 0.812419 0.872186 0.81242 0.999771 0.125214 0.123227 0.187682 0.123227 0.187682 2.32e-4 0.187682 2.32e-4 0.125214 2.32e-4 0.125214 0.123227 0.125214 0.2390429 0.187682 0.2390429 0.187682 0.123227 0.187682 0.123227 0.125214 0.123227 0.125214 0.2390429 0.125214 0.312487 0.187683 0.312487 0.187682 0.2390429 0.187682 0.2390429 0.125214 0.2390429 0.125214 0.312487 0.874888 0.689449 0.81242 0.689449 0.81242 0.312487 0.81242 0.312487 0.874888 0.312487 0.874888 0.689449 0.874888 0.758681 0.81242 0.758681 0.81242 0.689449 0.81242 0.689449 0.874888 0.689449 0.874888 0.758681 0.874887 0.872186 0.812419 0.872186 0.81242 0.758681 0.81242 0.758681 0.874888 0.758681 0.874887 0.872186 0.874887 0.999771 0.81242 0.999771 0.812419 0.872186 0.812419 0.872186 0.874887 0.872186 0.874887 0.999771 0.06274598 0.123227 0.125214 0.123227 0.125214 2.32e-4 0.125214 2.32e-4 0.06274497 2.32e-4 0.06274598 0.123227 0.06274598 0.2390429 0.125214 0.2390429 0.125214 0.123227 0.125214 0.123227 0.06274598 0.123227 0.06274598 0.2390429 0.062747 0.312487 0.125214 0.312487 0.125214 0.2390429 0.125214 0.2390429 0.06274598 0.2390429 0.062747 0.312487 0.937356 0.689449 0.874888 0.689449 0.874888 0.312487 0.874888 0.312487 0.937356 0.312487 0.937356 0.689449 0.937356 0.758681 0.874888 0.758681 0.874888 0.689449 0.874888 0.689449 0.937356 0.689449 0.937356 0.758681 0.937356 0.872186 0.874887 0.872186 0.874888 0.758681 0.874888 0.758681 0.937356 0.758681 0.937356 0.872186 0.937356 0.999771 0.874887 0.999771 0.874887 0.872186 0.874887 0.872186 0.937356 0.872186 0.937356 0.999771 2.78e-4 0.123227 0.06274598 0.123227 0.06274497 2.32e-4 0.06274497 2.32e-4 2.78e-4 2.32e-4 2.78e-4 0.123227 2.78e-4 0.2390429 0.06274598 0.2390429 0.06274598 0.123227 0.06274598 0.123227 2.78e-4 0.123227 2.78e-4 0.2390429 2.78e-4 0.312487 0.062747 0.312487 0.06274598 0.2390429 0.06274598 0.2390429 2.78e-4 0.2390429 2.78e-4 0.312487 0.999825 0.689449 0.937356 0.689449 0.937356 0.312487 0.937356 0.312487 0.999825 0.312487 0.999825 0.689449 0.999825 0.758681 0.937356 0.758681 0.937356 0.689449 0.937356 0.689449 0.999825 0.689449 0.999825 0.758681 0.999825 0.872186 0.937356 0.872186 0.937356 0.758681 0.937356 0.758681 0.999825 0.758681 0.999825 0.872186 0.999825 0.999771 0.937356 0.999771 0.937356 0.872186 0.937356 0.872186 0.999825 0.872186 0.999825 0.999771</float_array>
          <technique_common>
            <accessor source="#tire_01a_19x9_25Mesh-mesh-map-0-array" count="1344" stride="2">
              <param name="S" type="float"/>
              <param name="T" type="float"/>
            </accessor>
          </technique_common>
        </source>
        <source id="tire_01a_19x9_25Mesh-mesh-colors-tire_01a_19x9_25-VERTEX_COLOR0" name="tire_01a_19x9_25-VERTEX_COLOR0">
          <float_array id="tire_01a_19x9_25Mesh-mesh-colors-tire_01a_19x9_25-VERTEX_COLOR0-array" count="5376">1 1 1 1 1 1 1 1 1 1 1 1 1 1 1 1 1 1 1 1 1 1 1 1 1 1 1 1 1 1 1 1 1 1 1 1 1 1 1 1 1 1 1 1 1 1 1 1 1 1 1 1 1 1 1 1 1 1 1 1 1 1 1 1 1 1 1 1 1 1 1 1 1 1 1 1 1 1 1 1 1 1 1 1 1 1 1 1 1 1 1 1 1 1 1 1 1 1 1 1 1 1 1 1 1 1 1 1 1 1 1 1 1 1 1 1 1 1 1 1 1 1 1 1 1 1 1 1 1 1 1 1 1 1 1 1 1 1 1 1 1 1 1 1 1 1 1 1 1 1 1 1 1 1 1 1 1 1 1 1 1 1 1 1 1 1 1 1 1 1 1 1 1 1 1 1 1 1 1 1 1 1 1 1 1 1 1 1 1 1 1 1 1 1 1 1 1 1 1 1 1 1 1 1 1 1 1 1 1 1 1 1 1 1 1 1 1 1 1 1 1 1 1 1 1 1 1 1 1 1 1 1 1 1 1 1 1 1 1 1 1 1 1 1 1 1 1 1 1 1 1 1 1 1 1 1 1 1 1 1 1 1 1 1 1 1 1 1 1 1 1 1 1 1 1 1 1 1 1 1 1 1 1 1 1 1 1 1 1 1 1 1 1 1 1 1 1 1 1 1 1 1 1 1 1 1 1 1 1 1 1 1 1 1 1 1 1 1 1 1 1 1 1 1 1 1 1 1 1 1 1 1 1 1 1 1 1 1 1 1 1 1 1 1 1 1 1 1 1 1 1 1 1 1 1 1 1 1 1 1 1 1 1 1 1 1 1 1 1 1 1 1 1 1 1 1 1 1 1 1 1 1 1 1 1 1 1 1 1 1 1 1 1 1 1 1 1 1 1 1 1 1 1 1 1 1 1 1 1 1 1 1 1 1 1 1 1 1 1 1 1 1 1 1 1 1 1 1 1 1 1 1 1 1 1 1 1 1 1 1 1 1 1 1 1 1 1 1 1 1 1 1 1 1 1 1 1 1 1 1 1 1 1 1 1 1 1 1 1 1 1 1 1 1 1 1 1 1 1 1 1 1 1 1 1 1 1 1 1 1 1 1 1 1 1 1 1 1 1 1 1 1 1 1 1 1 1 1 1 1 1 1 1 1 1 1 1 1 1 1 1 1 1 1 1 1 1 1 1 1 1 1 1 1 1 1 1 1 1 1 1 1 1 1 1 1 1 1 1 1 1 1 1 1 1 1 1 1 1 1 1 1 1 1 1 1 1 1 1 1 1 1 1 1 1 1 1 1 1 1 1 1 1 1 1 1 1 1 1 1 1 1 1 1 1 1 1 1 1 1 1 1 1 1 1 1 1 1 1 1 1 1 1 1 1 1 1 1 1 1 1 1 1 1 1 1 1 1 1 1 1 1 1 1 1 1 1 1 1 1 1 1 1 1 1 1 1 1 1 1 1 1 1 1 1 1 1 1 1 1 1 1 1 1 1 1 1 1 1 1 1 1 1 1 1 1 1 1 1 1 1 1 1 1 1 1 1 1 1 1 1 1 1 1 1 1 1 1 1 1 1 1 1 1 1 1 1 1 1 1 1 1 1 1 1 1 1 1 1 1 1 1 1 1 1 1 1 1 1 1 1 1 1 1 1 1 1 1 1 1 1 1 1 1 1 1 1 1 1 1 1 1 1 1 1 1 1 1 1 1 1 1 1 1 1 1 1 1 1 1 1 1 1 1 1 1 1 1 1 1 1 1 1 1 1 1 1 1 1 1 1 1 1 1 1 1 1 1 1 1 1 1 1 1 1 1 1 1 1 1 1 1 1 1 1 1 1 1 1 1 1 1 1 1 1 1 1 1 1 1 1 1 1 1 1 1 1 1 1 1 1 1 1 1 1 1 1 1 1 1 1 1 1 1 1 1 1 1 1 1 1 1 1 1 1 1 1 1 1 1 1 1 1 1 1 1 1 1 1 1 1 1 1 1 1 1 1 1 1 1 1 1 1 1 1 1 1 1 1 1 1 1 1 1 1 1 1 1 1 1 1 1 1 1 1 1 1 1 1 1 1 1 1 1 1 1 1 1 1 1 1 1 1 1 1 1 1 1 1 1 1 1 1 1 1 1 1 1 1 1 1 1 1 1 1 1 1 1 1 1 1 1 1 1 1 1 1 1 1 1 1 1 1 1 1 1 1 1 1 1 1 1 1 1 1 1 1 1 1 1 1 1 1 1 1 1 1 1 1 1 1 1 1 1 1 1 1 1 1 1 1 1 1 1 1 1 1 1 1 1 1 1 1 1 1 1 1 1 1 1 1 1 1 1 1 1 1 1 1 1 1 1 1 1 1 1 1 1 1 1 1 1 1 1 1 1 1 1 1 1 1 1 1 1 1 1 1 1 1 1 1 1 1 1 1 1 1 1 1 1 1 1 1 1 1 1 1 1 1 1 1 1 1 1 1 1 1 1 1 1 1 1 1 1 1 1 1 1 1 1 1 1 1 1 1 1 1 1 1 1 1 1 1 1 1 1 1 1 1 1 1 1 1 1 1 1 1 1 1 1 1 1 1 1 1 1 1 1 1 1 1 1 1 1 1 1 1 1 1 1 1 1 1 1 1 1 1 1 1 1 1 1 1 1 1 1 1 1 1 1 1 1 1 1 1 1 1 1 1 1 1 1 1 1 1 1 1 1 1 1 1 1 1 1 1 1 1 1 1 1 1 1 1 1 1 1 1 1 1 1 1 1 1 1 1 1 1 1 1 1 1 1 1 1 1 1 1 1 1 1 1 1 1 1 1 1 1 1 1 1 1 1 1 1 1 1 1 1 1 1 1 1 1 1 1 1 1 1 1 1 1 1 1 1 1 1 1 1 1 1 1 1 1 1 1 1 1 1 1 1 1 1 1 1 1 1 1 1 1 1 1 1 1 1 1 1 1 1 1 1 1 1 1 1 1 1 1 1 1 1 1 1 1 1 1 1 1 1 1 1 1 1 1 1 1 1 1 1 1 1 1 1 1 1 1 1 1 1 1 1 1 1 1 1 1 1 1 1 1 1 1 1 1 1 1 1 1 1 1 1 1 1 1 1 1 1 1 1 1 1 1 1 1 1 1 1 1 1 1 1 1 1 1 1 1 1 1 1 1 1 1 1 1 1 1 1 1 1 1 1 1 1 1 1 1 1 1 1 1 1 1 1 1 1 1 1 1 1 1 1 1 1 1 1 1 1 1 1 1 1 1 1 1 1 1 1 1 1 1 1 1 1 1 1 1 1 1 1 1 1 1 1 1 1 1 1 1 1 1 1 1 1 1 1 1 1 1 1 1 1 1 1 1 1 1 1 1 1 1 1 1 1 1 1 1 1 1 1 1 1 1 1 1 1 1 1 1 1 1 1 1 1 1 1 1 1 1 1 1 1 1 1 1 1 1 1 1 1 1 1 1 1 1 1 1 1 1 1 1 1 1 1 1 1 1 1 1 1 1 1 1 1 1 1 1 1 1 1 1 1 1 1 1 1 1 1 1 1 1 1 1 1 1 1 1 1 1 1 1 1 1 1 1 1 1 1 1 1 1 1 1 1 1 1 1 1 1 1 1 1 1 1 1 1 1 1 1 1 1 1 1 1 1 1 1 1 1 1 1 1 1 1 1 1 1 1 1 1 1 1 1 1 1 1 1 1 1 1 1 1 1 1 1 1 1 1 1 1 1 1 1 1 1 1 1 1 1 1 1 1 1 1 1 1 1 1 1 1 1 1 1 1 1 1 1 1 1 1 1 1 1 1 1 1 1 1 1 1 1 1 1 1 1 1 1 1 1 1 1 1 1 1 1 1 1 1 1 1 1 1 1 1 1 1 1 1 1 1 1 1 1 1 1 1 1 1 1 1 1 1 1 1 1 1 1 1 1 1 1 1 1 1 1 1 1 1 1 1 1 1 1 1 1 1 1 1 1 1 1 1 1 1 1 1 1 1 1 1 1 1 1 1 1 1 1 1 1 1 1 1 1 1 1 1 1 1 1 1 1 1 1 1 1 1 1 1 1 1 1 1 1 1 1 1 1 1 1 1 1 1 1 1 1 1 1 1 1 1 1 1 1 1 1 1 1 1 1 1 1 1 1 1 1 1 1 1 1 1 1 1 1 1 1 1 1 1 1 1 1 1 1 1 1 1 1 1 1 1 1 1 1 1 1 1 1 1 1 1 1 1 1 1 1 1 1 1 1 1 1 1 1 1 1 1 1 1 1 1 1 1 1 1 1 1 1 1 1 1 1 1 1 1 1 1 1 1 1 1 1 1 1 1 1 1 1 1 1 1 1 1 1 1 1 1 1 1 1 1 1 1 1 1 1 1 1 1 1 1 1 1 1 1 1 1 1 1 1 1 1 1 1 1 1 1 1 1 1 1 1 1 1 1 1 1 1 1 1 1 1 1 1 1 1 1 1 1 1 1 1 1 1 1 1 1 1 1 1 1 1 1 1 1 1 1 1 1 1 1 1 1 1 1 1 1 1 1 1 1 1 1 1 1 1 1 1 1 1 1 1 1 1 1 1 1 1 1 1 1 1 1 1 1 1 1 1 1 1 1 1 1 1 1 1 1 1 1 1 1 1 1 1 1 1 1 1 1 1 1 1 1 1 1 1 1 1 1 1 1 1 1 1 1 1 1 1 1 1 1 1 1 1 1 1 1 1 1 1 1 1 1 1 1 1 1 1 1 1 1 1 1 1 1 1 1 1 1 1 1 1 1 1 1 1 1 1 1 1 1 1 1 1 1 1 1 1 1 1 1 1 1 1 1 1 1 1 1 1 1 1 1 1 1 1 1 1 1 1 1 1 1 1 1 1 1 1 1 1 1 1 1 1 1 1 1 1 1 1 1 1 1 1 1 1 1 1 1 1 1 1 1 1 1 1 1 1 1 1 1 1 1 1 1 1 1 1 1 1 1 1 1 1 1 1 1 1 1 1 1 1 1 1 1 1 1 1 1 1 1 1 1 1 1 1 1 1 1 1 1 1 1 1 1 1 1 1 1 1 1 1 1 1 1 1 1 1 1 1 1 1 1 1 1 1 1 1 1 1 1 1 1 1 1 1 1 1 1 1 1 1 1 1 1 1 1 1 1 1 1 1 1 1 1 1 1 1 1 1 1 1 1 1 1 1 1 1 1 1 1 1 1 1 1 1 1 1 1 1 1 1 1 1 1 1 1 1 1 1 1 1 1 1 1 1 1 1 1 1 1 1 1 1 1 1 1 1 1 1 1 1 1 1 1 1 1 1 1 1 1 1 1 1 1 1 1 1 1 1 1 1 1 1 1 1 1 1 1 1 1 1 1 1 1 1 1 1 1 1 1 1 1 1 1 1 1 1 1 1 1 1 1 1 1 1 1 1 1 1 1 1 1 1 1 1 1 1 1 1 1 1 1 1 1 1 1 1 1 1 1 1 1 1 1 1 1 1 1 1 1 1 1 1 1 1 1 1 1 1 1 1 1 1 1 1 1 1 1 1 1 1 1 1 1 1 1 1 1 1 1 1 1 1 1 1 1 1 1 1 1 1 1 1 1 1 1 1 1 1 1 1 1 1 1 1 1 1 1 1 1 1 1 1 1 1 1 1 1 1 1 1 1 1 1 1 1 1 1 1 1 1 1 1 1 1 1 1 1 1 1 1 1 1 1 1 1 1 1 1 1 1 1 1 1 1 1 1 1 1 1 1 1 1 1 1 1 1 1 1 1 1 1 1 1 1 1 1 1 1 1 1 1 1 1 1 1 1 1 1 1 1 1 1 1 1 1 1 1 1 1 1 1 1 1 1 1 1 1 1 1 1 1 1 1 1 1 1 1 1 1 1 1 1 1 1 1 1 1 1 1 1 1 1 1 1 1 1 1 1 1 1 1 1 1 1 1 1 1 1 1 1 1 1 1 1 1 1 1 1 1 1 1 1 1 1 1 1 1 1 1 1 1 1 1 1 1 1 1 1 1 1 1 1 1 1 1 1 1 1 1 1 1 1 1 1 1 1 1 1 1 1 1 1 1 1 1 1 1 1 1 1 1 1 1 1 1 1 1 1 1 1 1 1 1 1 1 1 1 1 1 1 1 1 1 1 1 1 1 1 1 1 1 1 1 1 1 1 1 1 1 1 1 1 1 1 1 1 1 1 1 1 1 1 1 1 1 1 1 1 1 1 1 1 1 1 1 1 1 1 1 1 1 1 1 1 1 1 1 1 1 1 1 1 1 1 1 1 1 1 1 1 1 1 1 1 1 1 1 1 1 1 1 1 1 1 1 1 1 1 1 1 1 1 1 1 1 1 1 1 1 1 1 1 1 1 1 1 1 1 1 1 1 1 1 1 1 1 1 1 1 1 1 1 1 1 1 1 1 1 1 1 1 1 1 1 1 1 1 1 1 1 1 1 1 1 1 1 1 1 1 1 1 1 1 1 1 1 1 1 1 1 1 1 1 1 1 1 1 1 1 1 1 1 1 1 1 1 1 1 1 1 1 1 1 1 1 1 1 1 1 1 1 1 1 1 1 1 1 1 1 1 1 1 1 1 1 1 1 1 1 1 1 1 1 1 1 1 1 1 1 1 1 1 1 1 1 1 1 1 1 1 1 1 1 1 1 1 1 1 1 1 1 1 1 1 1 1 1 1 1 1 1 1 1 1 1 1 1 1 1 1 1 1 1 1 1 1 1 1 1 1 1 1 1 1 1 1 1 1 1 1 1 1 1 1 1 1 1 1 1 1 1 1 1 1 1 1 1 1 1 1 1 1 1 1 1 1 1 1 1 1 1 1 1 1 1 1 1 1 1 1 1 1 1 1 1 1 1 1 1 1 1 1 1 1 1 1 1 1 1 1 1 1 1 1 1 1 1 1 1 1 1 1 1 1 1 1 1 1 1 1 1 1 1 1 1 1 1 1 1 1 1 1 1 1 1 1 1 1 1 1 1 1 1 1 1 1 1 1 1 1 1 1 1 1 1 1 1 1 1 1 1 1 1 1 1 1 1 1 1 1 1 1 1 1 1 1 1 1 1 1 1 1 1 1 1 1 1 1 1 1 1 1 1 1 1 1 1 1 1 1 1 1 1 1 1 1 1 1 1 1 1 1 1 1 1 1 1 1 1 1 1 1 1 1 1 1 1 1 1 1 1 1 1 1 1 1 1 1 1 1 1 1 1 1 1 1 1 1 1 1 1 1 1 1 1 1 1 1 1 1 1 1 1 1 1 1 1 1 1 1 1 1 1 1 1 1 1 1 1 1 1 1 1 1 1 1 1 1 1 1 1 1 1 1 1 1 1 1 1 1 1 1 1 1 1 1 1 1 1 1 1 1 1 1 1 1 1 1 1 1 1 1 1 1 1 1 1 1 1 1 1 1 1 1 1 1 1 1 1 1 1 1 1 1 1 1 1 1 1 1 1 1 1 1 1 1 1 1 1 1 1 1 1 1 1 1 1 1 1 1 1 1 1 1 1 1 1 1 1 1 1 1 1 1 1 1 1 1 1 1 1 1 1 1 1 1 1 1 1 1 1 1 1 1 1 1 1 1 1 1 1 1 1 1 1 1 1 1 1 1 1 1 1 1 1 1 1 1 1 1 1 1 1 1 1 1 1 1 1 1 1 1 1 1 1 1 1 1 1 1 1 1 1 1 1 1 1 1 1 1 1 1 1 1 1 1 1 1 1 1 1 1 1 1 1 1 1 1 1 1 1 1 1 1 1 1 1 1 1 1 1 1 1 1 1 1 1 1 1 1 1 1 1 1 1 1 1 1 1 1 1 1 1 1 1 1 1 1 1 1 1 1 1 1 1 1 1 1 1 1 1 1 1 1 1 1 1 1 1 1 1 1 1 1 1 1 1 1 1 1 1 1 1 1 1 1 1 1 1 1 1 1 1 1 1 1 1 1 1 1 1 1 1 1 1 1 1 1 1 1 1 1 1 1 1 1 1 1 1 1 1 1 1 1 1 1 1 1 1 1 1 1 1 1 1 1 1 1 1 1 1 1 1 1 1 1 1 1 1 1 1 1 1 1 1 1 1 1 1 1 1 1 1 1 1 1 1 1 1 1 1 1 1 1 1 1 1 1 1 1 1 1 1 1 1 1 1 1 1 1 1 1 1 1 1 1 1 1 1 1 1 1 1 1 1 1 1 1 1 1 1 1 1 1 1 1 1 1 1 1 1 1 1 1 1 1 1 1 1 1 1 1 1 1 1 1 1 1 1 1 1 1 1 1 1 1 1 1 1 1 1 1 1 1 1 1 1 1 1 1 1 1 1 1 1 1 1 1 1 1 1 1 1 1 1 1 1 1 1 1 1 1 1 1 1 1 1 1 1 1 1 1 1 1 1 1 1 1 1 1 1 1 1 1 1 1 1 1 1 1 1 1 1 1 1 1 1 1 1 1 1 1 1 1 1 1 1 1 1 1 1 1 1 1 1 1 1 1 1 1 1 1 1 1 1 1 1 1 1 1 1 1 1 1 1 1 1 1 1 1 1 1 1 1 1 1 1 1 1 1 1 1 1 1 1 1 1 1 1 1 1 1 1 1 1 1 1 1 1 1 1 1 1 1 1 1 1 1 1 1 1 1 1 1 1 1 1 1 1 1 1 1 1 1 1 1 1 1 1 1 1 1 1 1 1 1 1 1 1 1 1 1 1 1 1 1 1 1 1 1 1 1 1 1 1 1 1 1 1 1 1 1 1 1 1 1 1 1 1 1 1 1 1 1 1 1 1 1 1 1 1 1 1 1 1 1 1 1 1 1 1 1 1 1 1 1 1 1 1 1 1 1 1 1 1 1 1 1 1 1 1 1 1 1 1 1 1 1 1 1 1 1 1 1 1 1 1 1 1 1 1 1 1 1 1 1 1 1 1 1 1 1 1 1 1 1 1 1 1 1 1 1 1 1 1 1 1 1 1 1 1 1 1 1 1 1 1 1 1 1 1 1 1 1 1 1 1 1 1 1 1 1 1 1 1 1 1 1 1 1 1 1 1 1 1 1 1 1 1 1 1 1 1 1 1 1 1 1 1 1 1 1 1 1 1 1 1 1 1 1 1 1 1 1 1 1 1 1 1 1 1 1 1 1 1 1 1 1 1 1 1 1 1 1 1 1 1 1 1 1 1 1 1 1 1 1 1 1 1 1 1 1 1 1 1 1 1 1 1 1 1 1 1 1 1 1 1 1 1 1 1 1 1 1 1 1 1 1 1 1 1 1 1 1 1 1 1 1 1 1 1 1 1 1 1 1 1 1 1 1 1 1 1 1 1 1 1 1 1 1 1 1 1 1 1 1 1 1 1 1 1 1 1 1 1 1 1 1 1 1 1 1 1 1 1 1 1 1 1 1 1 1 1 1 1 1 1 1 1 1 1 1 1 1 1 1 1 1 1 1 1 1 1 1 1 1 1 1 1 1 1 1 1 1 1 1 1 1 1 1 1 1 1 1 1 1 1 1 1 1 1 1 1 1 1 1 1 1 1 1 1 1 1 1 1 1 1 1 1 1 1 1 1 1 1 1 1 1 1 1 1 1 1 1 1 1 1 1 1 1 1 1 1 1 1 1 1 1 1 1 1 1 1 1 1 1 1 1 1 1 1 1 1 1 1 1 1 1 1 1 1 1 1 1 1 1 1 1 1 1 1 1 1 1 1 1 1 1 1 1 1 1 1 1 1 1 1 1 1 1 1 1 1 1 1 1 1 1 1 1 1 1 1 1 1 1 1 1 1 1 1 1 1 1 1 1 1 1 1 1 1 1 1 1 1 1 1 1 1 1 1 1 1 1 1 1 1 1 1 1 1 1 1 1 1 1 1 1 1 1 1 1 1 1 1 1 1 1 1 1 1 1 1 1 1 1 1 1 1 1 1 1 1 1 1 1 1 1 1 1 1 1 1 1 1 1 1 1 1 1 1 1 1 1 1 1 1 1 1 1 1 1 1 1 1 1 1 1 1 1 1 1 1 1 1 1 1 1 1 1 1 1 1 1 1 1 1 1 1 1 1 1 1 1 1 1 1 1 1 1 1 1 1 1 1 1 1 1 1 1 1 1 1 1 1 1 1 1 1 1 1 1 1 1 1 1 1 1 1 1 1 1 1 1 1 1 1 1 1 1 1 1 1 1 1 1 1 1 1 1 1 1 1 1 1 1 1 1 1 1 1 1 1 1 1 1 1 1 1 1 1 1 1 1 1 1 1 1 1 1 1 1 1 1 1 1 1 1 1 1 1 1 1 1 1 1 1 1 1 1 1 1 1 1 1 1 1 1 1 1 1 1 1 1 1 1 1 1 1 1 1 1 1 1 1 1 1 1 1 1 1 1 1 1 1 1 1 1 1 1 1 1 1 1 1 1 1 1 1 1 1 1 1 1 1 1 1 1 1 1 1 1 1 1 1 1 1 1 1 1 1 1 1 1 1 1 1 1 1 1 1 1 1 1 1 1 1 1 1 1 1 1 1 1 1 1 1 1 1 1 1 1 1 1 1 1 1 1 1 1 1 1 1 1 1 1 1 1 1 1 1 1 1 1 1 1 1 1 1 1 1 1 1 1 1 1 1 1 1 1 1 1 1 1 1 1 1 1 1 1 1 1 1 1 1 1 1 1 1 1 1 1 1 1 1 1 1 1 1 1 1 1 1 1 1 1 1 1 1 1 1 1 1 1 1 1 1 1 1 1 1 1 1 1 1 1 1 1 1 1 1 1 1 1 1 1 1 1 1 1 1 1 1 1 1 1 1 1 1 1 1 1 1 1 1 1 1 1 1 1 1 1 1 1 1 1 1 1 1 1 1 1 1 1 1 1 1 1 1 1 1 1 1 1 1 1 1 1 1 1 1 1 1 1 1 1 1 1 1 1 1 1 1 1 1 1 1 1 1 1 1 1 1 1 1 1 1 1 1 1 1 1 1 1 1 1 1 1 1 1 1 1 1 1 1 1 1 1 1 1 1 1 1 1 1 1 1 1 1 1 1 1 1 1 1 1 1 1 1 1 1 1 1 1 1 1 1 1 1 1 1 1 1 1 1 1 1 1 1 1 1 1 1 1 1 1 1 1 1 1 1 1 1 1 1 1 1 1 1 1 1 1 1 1 1 1 1 1 1 1 1 1 1 1 1 1 1 1 1 1 1 1 1 1 1 1 1 1 1 1 1 1 1 1 1 1 1 1 1 1 1 1 1 1 1 1 1 1 1 1 1 1 1 1 1 1 1 1 1 1 1 1 1 1 1 1 1 1 1 1 1 1 1 1 1 1 1 1 1 1 1 1 1 1 1 1 1 1 1 1 1 1 1 1 1 1 1 1 1 1 1 1 1 1 1 1 1 1 1 1 1 1 1 1 1 1 1 1 1 1 1 1 1 1 1 1 1 1 1 1 1 1 1 1 1 1 1 1 1 1 1 1 1 1 1 1 1 1 1 1 1 1 1 1 1 1 1 1 1 1 1 1 1 1 1 1 1 1 1 1 1 1 1 1 1 1 1 1 1 1 1 1 1 1 1 1 1 1 1 1 1 1 1 1 1 1 1 1 1 1 1 1 1 1 1 1 1 1 1 1 1 1 1 1 1 1 1 1 1 1 1 1 1 1 1 1 1 1 1 1 1 1 1 1 1 1 1 1 1 1 1 1 1 1 1 1 1 1 1 1 1 1 1 1 1 1 1 1 1 1 1 1 1 1 1 1 1 1 1 1 1 1 1 1 1 1 1 1 1 1 1 1 1 1 1 1 1 1 1 1 1 1 1 1 1 1 1 1 1 1 1 1 1 1 1 1 1 1 1 1 1 1 1 1 1 1 1 1 1 1 1 1 1 1 1 1 1 1 1 1 1 1 1 1 1 1 1 1 1 1 1 1 1 1 1 1 1 1 1 1 1 1 1 1 1 1 1 1 1 1 1 1 1 1 1 1 1 1 1 1 1 1 1 1 1 1 1 1 1 1 1 1 1 1 1 1 1 1 1 1 1 1 1 1 1 1 1 1 1 1 1 1 1 1 1 1 1 1 1 1 1 1 1 1 1 1 1 1 1 1 1 1 1 1 1 1 1 1 1 1 1 1 1 1 1 1 1 1 1 1 1 1 1 1 1 1 1</float_array>
          <technique_common>
            <accessor source="#tire_01a_19x9_25Mesh-mesh-colors-tire_01a_19x9_25-VERTEX_COLOR0-array" count="1344" stride="4">
              <param name="R" type="float"/>
              <param name="G" type="float"/>
              <param name="B" type="float"/>
              <param name="A" type="float"/>
            </accessor>
          </technique_common>
        </source>
        <vertices id="tire_01a_19x9_25Mesh-mesh-vertices">
          <input semantic="POSITION" source="#tire_01a_19x9_25Mesh-mesh-positions"/>
        </vertices>
        <triangles material="tire_01a-material" count="448">
          <input semantic="VERTEX" source="#tire_01a_19x9_25Mesh-mesh-vertices" offset="0"/>
          <input semantic="NORMAL" source="#tire_01a_19x9_25Mesh-mesh-normals" offset="1"/>
          <input semantic="TEXCOORD" source="#tire_01a_19x9_25Mesh-mesh-map-0" offset="2" set="0"/>
          <input semantic="COLOR" source="#tire_01a_19x9_25Mesh-mesh-colors-tire_01a_19x9_25-VERTEX_COLOR0" offset="3" set="0"/>
          <p>2 0 0 0 1 1 1 1 0 2 2 2 0 2 3 3 3 3 4 4 2 0 5 5 5 4 6 6 4 5 7 7 1 1 8 8 1 1 9 9 2 0 10 10 5 4 11 11 7 6 12 12 6 7 13 13 4 5 14 14 4 5 15 15 5 4 16 16 7 6 17 17 9 8 18 18 8 9 19 19 6 7 20 20 6 7 21 21 7 6 22 22 9 8 23 23 11 10 24 24 10 11 25 25 8 9 26 26 8 9 27 27 9 8 28 28 11 10 29 29 13 12 30 30 12 13 31 31 10 11 32 32 10 11 33 33 11 10 34 34 13 12 35 35 15 14 36 36 14 15 37 37 12 13 38 38 12 13 39 39 13 12 40 40 15 14 41 41 16 16 42 42 2 0 43 43 3 3 44 44 3 3 45 45 17 17 46 46 16 16 47 47 18 18 48 48 5 4 49 49 2 0 50 50 2 0 51 51 16 16 52 52 18 18 53 53 19 19 54 54 7 6 55 55 5 4 56 56 5 4 57 57 18 18 58 58 19 19 59 59 20 20 60 60 9 8 61 61 7 6 62 62 7 6 63 63 19 19 64 64 20 20 65 65 21 21 66 66 11 10 67 67 9 8 68 68 9 8 69 69 20 20 70 70 21 21 71 71 22 22 72 72 13 12 73 73 11 10 74 74 11 10 75 75 21 21 76 76 22 22 77 77 23 23 78 78 15 14 79 79 13 12 80 80 13 12 81 81 22 22 82 82 23 23 83 83 24 24 84 84 16 16 85 85 17 17 86 86 17 17 87 87 25 25 88 88 24 24 89 89 26 26 90 90 18 18 91 91 16 16 92 92 16 16 93 93 24 24 94 94 26 26 95 95 27 27 96 96 19 19 97 97 18 18 98 98 18 18 99 99 26 26 100 100 27 27 101 101 28 28 102 102 20 20 103 103 19 19 104 104 19 19 105 105 27 27 106 106 28 28 107 107 29 29 108 108 21 21 109 109 20 20 110 110 20 20 111 111 28 28 112 112 29 29 113 113 30 30 114 114 22 22 115 115 21 21 116 116 21 21 117 117 29 29 118 118 30 30 119 119 31 31 120 120 23 23 121 121 22 22 122 122 22 22 123 123 30 30 124 124 31 31 125 125 32 32 126 126 24 24 127 127 25 25 128 128 25 25 129 129 33 33 130 130 32 32 131 131 34 34 132 132 26 26 133 133 24 24 134 134 24 24 135 135 32 32 136 136 34 34 137 137 35 35 138 138 27 27 139 139 26 26 140 140 26 26 141 141 34 34 142 142 35 35 143 143 36 36 144 144 28 28 145 145 27 27 146 146 27 27 147 147 35 35 148 148 36 36 149 149 37 37 150 150 29 29 151 151 28 28 152 152 28 28 153 153 36 36 154 154 37 37 155 155 38 38 156 156 30 30 157 157 29 29 158 158 29 29 159 159 37 37 160 160 38 38 161 161 39 39 162 162 31 31 163 163 30 30 164 164 30 30 165 165 38 38 166 166 39 39 167 167 40 40 168 168 32 32 169 169 33 33 170 170 33 33 171 171 41 41 172 172 40 40 173 173 42 42 174 174 34 34 175 175 32 32 176 176 32 32 177 177 40 40 178 178 42 42 179 179 43 43 180 180 35 35 181 181 34 34 182 182 34 34 183 183 42 42 184 184 43 43 185 185 44 44 186 186 36 36 187 187 35 35 188 188 35 35 189 189 43 43 190 190 44 44 191 191 45 45 192 192 37 37 193 193 36 36 194 194 36 36 195 195 44 44 196 196 45 45 197 197 46 46 198 198 38 38 199 199 37 37 200 200 37 37 201 201 45 45 202 202 46 46 203 203 47 47 204 204 39 39 205 205 38 38 206 206 38 38 207 207 46 46 208 208 47 47 209 209 48 48 210 210 40 40 211 211 41 41 212 212 41 41 213 213 49 49 214 214 48 48 215 215 50 50 216 216 42 42 217 217 40 40 218 218 40 40 219 219 48 48 220 220 50 50 221 221 51 51 222 222 43 43 223 223 42 42 224 224 42 42 225 225 50 50 226 226 51 51 227 227 52 52 228 228 44 44 229 229 43 43 230 230 43 43 231 231 51 51 232 232 52 52 233 233 53 53 234 234 45 45 235 235 44 44 236 236 44 44 237 237 52 52 238 238 53 53 239 239 54 54 240 240 46 46 241 241 45 45 242 242 45 45 243 243 53 53 244 244 54 54 245 245 55 55 246 246 47 47 247 247 46 46 248 248 46 46 249 249 54 54 250 250 55 55 251 251 56 56 252 252 48 48 253 253 49 49 254 254 49 49 255 255 57 57 256 256 56 56 257 257 58 58 258 258 50 50 259 259 48 48 260 260 48 48 261 261 56 56 262 262 58 58 263 263 59 59 264 264 51 51 265 265 50 50 266 266 50 50 267 267 58 58 268 268 59 59 269 269 60 60 270 270 52 52 271 271 51 51 272 272 51 51 273 273 59 59 274 274 60 60 275 275 61 61 276 276 53 53 277 277 52 52 278 278 52 52 279 279 60 60 280 280 61 61 281 281 62 62 282 282 54 54 283 283 53 53 284 284 53 53 285 285 61 61 286 286 62 62 287 287 63 63 288 288 55 55 289 289 54 54 290 290 54 54 291 291 62 62 292 292 63 63 293 293 64 64 294 294 56 56 295 295 57 57 296 296 57 57 297 297 65 65 298 298 64 64 299 299 66 66 300 300 58 58 301 301 56 56 302 302 56 56 303 303 64 64 304 304 66 66 305 305 67 67 306 306 59 59 307 307 58 58 308 308 58 58 309 309 66 66 310 310 67 67 311 311 68 68 312 312 60 60 313 313 59 59 314 314 59 59 315 315 67 67 316 316 68 68 317 317 69 69 318 318 61 61 319 319 60 60 320 320 60 60 321 321 68 68 322 322 69 69 323 323 70 70 324 324 62 62 325 325 61 61 326 326 61 61 327 327 69 69 328 328 70 70 329 329 71 71 330 330 63 63 331 331 62 62 332 332 62 62 333 333 70 70 334 334 71 71 335 335 72 72 336 336 64 64 337 337 65 65 338 338 65 65 339 339 73 73 340 340 72 72 341 341 74 74 342 342 66 66 343 343 64 64 344 344 64 64 345 345 72 72 346 346 74 74 347 347 75 75 348 348 67 67 349 349 66 66 350 350 66 66 351 351 74 74 352 352 75 75 353 353 76 76 354 354 68 68 355 355 67 67 356 356 67 67 357 357 75 75 358 358 76 76 359 359 77 77 360 360 69 69 361 361 68 68 362 362 68 68 363 363 76 76 364 364 77 77 365 365 78 78 366 366 70 70 367 367 69 69 368 368 69 69 369 369 77 77 370 370 78 78 371 371 79 79 372 372 71 71 373 373 70 70 374 374 70 70 375 375 78 78 376 376 79 79 377 377 80 80 378 378 72 72 379 379 73 73 380 380 73 73 381 381 81 81 382 382 80 80 383 383 82 82 384 384 74 74 385 385 72 72 386 386 72 72 387 387 80 80 388 388 82 82 389 389 83 83 390 390 75 75 391 391 74 74 392 392 74 74 393 393 82 82 394 394 83 83 395 395 84 84 396 396 76 76 397 397 75 75 398 398 75 75 399 399 83 83 400 400 84 84 401 401 85 85 402 402 77 77 403 403 76 76 404 404 76 76 405 405 84 84 406 406 85 85 407 407 86 86 408 408 78 78 409 409 77 77 410 410 77 77 411 411 85 85 412 412 86 86 413 413 87 87 414 414 79 79 415 415 78 78 416 416 78 78 417 417 86 86 418 418 87 87 419 419 88 88 420 420 80 80 421 421 81 81 422 422 81 81 423 423 89 89 424 424 88 88 425 425 90 90 426 426 82 82 427 427 80 80 428 428 80 80 429 429 88 88 430 430 90 90 431 431 91 91 432 432 83 83 433 433 82 82 434 434 82 82 435 435 90 90 436 436 91 91 437 437 92 92 438 438 84 84 439 439 83 83 440 440 83 83 441 441 91 91 442 442 92 92 443 443 93 93 444 444 85 85 445 445 84 84 446 446 84 84 447 447 92 92 448 448 93 93 449 449 94 94 450 450 86 86 451 451 85 85 452 452 85 85 453 453 93 93 454 454 94 94 455 455 95 95 456 456 87 87 457 457 86 86 458 458 86 86 459 459 94 94 460 460 95 95 461 461 96 96 462 462 88 88 463 463 89 89 464 464 89 89 465 465 97 97 466 466 96 96 467 467 98 98 468 468 90 90 469 469 88 88 470 470 88 88 471 471 96 96 472 472 98 98 473 473 99 99 474 474 91 91 475 475 90 90 476 476 90 90 477 477 98 98 478 478 99 99 479 479 100 100 480 480 92 92 481 481 91 91 482 482 91 91 483 483 99 99 484 484 100 100 485 485 101 101 486 486 93 93 487 487 92 92 488 488 92 92 489 489 100 100 490 490 101 101 491 491 102 102 492 492 94 94 493 493 93 93 494 494 93 93 495 495 101 101 496 496 102 102 497 497 103 103 498 498 95 95 499 499 94 94 500 500 94 94 501 501 102 102 502 502 103 103 503 503 104 104 504 504 96 96 505 505 97 97 506 506 97 97 507 507 105 105 508 508 104 104 509 509 106 106 510 510 98 98 511 511 96 96 512 512 96 96 513 513 104 104 514 514 106 106 515 515 107 107 516 516 99 99 517 517 98 98 518 518 98 98 519 519 106 106 520 520 107 107 521 521 108 108 522 522 100 100 523 523 99 99 524 524 99 99 525 525 107 107 526 526 108 108 527 527 109 109 528 528 101 101 529 529 100 100 530 530 100 100 531 531 108 108 532 532 109 109 533 533 110 110 534 534 102 102 535 535 101 101 536 536 101 101 537 537 109 109 538 538 110 110 539 539 111 111 540 540 103 103 541 541 102 102 542 542 102 102 543 543 110 110 544 544 111 111 545 545 112 112 546 546 104 104 547 547 105 105 548 548 105 105 549 549 113 113 550 550 112 112 551 551 114 114 552 552 106 106 553 553 104 104 554 554 104 104 555 555 112 112 556 556 114 114 557 557 115 115 558 558 107 107 559 559 106 106 560 560 106 106 561 561 114 114 562 562 115 115 563 563 116 116 564 564 108 108 565 565 107 107 566 566 107 107 567 567 115 115 568 568 116 116 569 569 117 117 570 570 109 109 571 571 108 108 572 572 108 108 573 573 116 116 574 574 117 117 575 575 118 118 576 576 110 110 577 577 109 109 578 578 109 109 579 579 117 117 580 580 118 118 581 581 119 119 582 582 111 111 583 583 110 110 584 584 110 110 585 585 118 118 586 586 119 119 587 587 120 120 588 588 112 112 589 589 113 113 590 590 113 113 591 591 121 121 592 592 120 120 593 593 122 122 594 594 114 114 595 595 112 112 596 596 112 112 597 597 120 120 598 598 122 122 599 599 123 123 600 600 115 115 601 601 114 114 602 602 114 114 603 603 122 122 604 604 123 123 605 605 124 124 606 606 116 116 607 607 115 115 608 608 115 115 609 609 123 123 610 610 124 124 611 611 125 125 612 612 117 117 613 613 116 116 614 614 116 116 615 615 124 124 616 616 125 125 617 617 126 126 618 618 118 118 619 619 117 117 620 620 117 117 621 621 125 125 622 622 126 126 623 623 127 127 624 624 119 119 625 625 118 118 626 626 118 118 627 627 126 126 628 628 127 127 629 629 128 128 630 630 120 120 631 631 121 121 632 632 121 121 633 633 129 129 634 634 128 128 635 635 130 130 636 636 122 122 637 637 120 120 638 638 120 120 639 639 128 128 640 640 130 130 641 641 131 131 642 642 123 123 643 643 122 122 644 644 122 122 645 645 130 130 646 646 131 131 647 647 132 132 648 648 124 124 649 649 123 123 650 650 123 123 651 651 131 131 652 652 132 132 653 653 133 133 654 654 125 125 655 655 124 124 656 656 124 124 657 657 132 132 658 658 133 133 659 659 134 134 660 660 126 126 661 661 125 125 662 662 125 125 663 663 133 133 664 664 134 134 665 665 135 135 666 666 127 127 667 667 126 126 668 668 126 126 669 669 134 134 670 670 135 135 671 671 136 136 672 672 128 128 673 673 129 129 674 674 129 129 675 675 137 137 676 676 136 136 677 677 138 138 678 678 130 130 679 679 128 128 680 680 128 128 681 681 136 136 682 682 138 138 683 683 139 139 684 684 131 131 685 685 130 130 686 686 130 130 687 687 138 138 688 688 139 139 689 689 140 140 690 690 132 132 691 691 131 131 692 692 131 131 693 693 139 139 694 694 140 140 695 695 141 141 696 696 133 133 697 697 132 132 698 698 132 132 699 699 140 140 700 700 141 141 701 701 142 142 702 702 134 134 703 703 133 133 704 704 133 133 705 705 141 141 706 706 142 142 707 707 143 143 708 708 135 135 709 709 134 134 710 710 134 134 711 711 142 142 712 712 143 143 713 713 144 144 714 714 136 136 715 715 137 137 716 716 137 137 717 717 145 145 718 718 144 144 719 719 146 146 720 720 138 138 721 721 136 136 722 722 136 136 723 723 144 144 724 724 146 146 725 725 147 147 726 726 139 139 727 727 138 138 728 728 138 138 729 729 146 146 730 730 147 147 731 731 148 148 732 732 140 140 733 733 139 139 734 734 139 139 735 735 147 147 736 736 148 148 737 737 149 149 738 738 141 141 739 739 140 140 740 740 140 140 741 741 148 148 742 742 149 149 743 743 150 150 744 744 142 142 745 745 141 141 746 746 141 141 747 747 149 149 748 748 150 150 749 749 151 151 750 750 143 143 751 751 142 142 752 752 142 142 753 753 150 150 754 754 151 151 755 755 152 152 756 756 144 144 757 757 145 145 758 758 145 145 759 759 153 153 760 760 152 152 761 761 154 154 762 762 146 146 763 763 144 144 764 764 144 144 765 765 152 152 766 766 154 154 767 767 155 155 768 768 147 147 769 769 146 146 770 770 146 146 771 771 154 154 772 772 155 155 773 773 156 156 774 774 148 148 775 775 147 147 776 776 147 147 777 777 155 155 778 778 156 156 779 779 157 157 780 780 149 149 781 781 148 148 782 782 148 148 783 783 156 156 784 784 157 157 785 785 158 158 786 786 150 150 787 787 149 149 788 788 149 149 789 789 157 157 790 790 158 158 791 791 159 159 792 792 151 151 793 793 150 150 794 794 150 150 795 795 158 158 796 796 159 159 797 797 160 160 798 798 152 152 799 799 153 153 800 800 153 153 801 801 161 161 802 802 160 160 803 803 162 162 804 804 154 154 805 805 152 152 806 806 152 152 807 807 160 160 808 808 162 162 809 809 163 163 810 810 155 155 811 811 154 154 812 812 154 154 813 813 162 162 814 814 163 163 815 815 164 164 816 816 156 156 817 817 155 155 818 818 155 155 819 819 163 163 820 820 164 164 821 821 165 165 822 822 157 157 823 823 156 156 824 824 156 156 825 825 164 164 826 826 165 165 827 827 166 166 828 828 158 158 829 829 157 157 830 830 157 157 831 831 165 165 832 832 166 166 833 833 167 167 834 834 159 159 835 835 158 158 836 836 158 158 837 837 166 166 838 838 167 167 839 839 168 168 840 840 160 160 841 841 161 161 842 842 161 161 843 843 169 169 844 844 168 168 845 845 170 170 846 846 162 162 847 847 160 160 848 848 160 160 849 849 168 168 850 850 170 170 851 851 171 171 852 852 163 163 853 853 162 162 854 854 162 162 855 855 170 170 856 856 171 171 857 857 172 172 858 858 164 164 859 859 163 163 860 860 163 163 861 861 171 171 862 862 172 172 863 863 173 173 864 864 165 165 865 865 164 164 866 866 164 164 867 867 172 172 868 868 173 173 869 869 174 174 870 870 166 166 871 871 165 165 872 872 165 165 873 873 173 173 874 874 174 174 875 875 175 175 876 876 167 167 877 877 166 166 878 878 166 166 879 879 174 174 880 880 175 175 881 881 176 176 882 882 168 168 883 883 169 169 884 884 169 169 885 885 177 177 886 886 176 176 887 887 178 178 888 888 170 170 889 889 168 168 890 890 168 168 891 891 176 176 892 892 178 178 893 893 179 179 894 894 171 171 895 895 170 170 896 896 170 170 897 897 178 178 898 898 179 179 899 899 180 180 900 900 172 172 901 901 171 171 902 902 171 171 903 903 179 179 904 904 180 180 905 905 181 181 906 906 173 173 907 907 172 172 908 908 172 172 909 909 180 180 910 910 181 181 911 911 182 182 912 912 174 174 913 913 173 173 914 914 173 173 915 915 181 181 916 916 182 182 917 917 183 183 918 918 175 175 919 919 174 174 920 920 174 174 921 921 182 182 922 922 183 183 923 923 184 184 924 924 176 176 925 925 177 177 926 926 177 177 927 927 185 185 928 928 184 184 929 929 186 186 930 930 178 178 931 931 176 176 932 932 176 176 933 933 184 184 934 934 186 186 935 935 187 187 936 936 179 179 937 937 178 178 938 938 178 178 939 939 186 186 940 940 187 187 941 941 188 188 942 942 180 180 943 943 179 179 944 944 179 179 945 945 187 187 946 946 188 188 947 947 189 189 948 948 181 181 949 949 180 180 950 950 180 180 951 951 188 188 952 952 189 189 953 953 190 190 954 954 182 182 955 955 181 181 956 956 181 181 957 957 189 189 958 958 190 190 959 959 191 191 960 960 183 183 961 961 182 182 962 962 182 182 963 963 190 190 964 964 191 191 965 965 192 192 966 966 184 184 967 967 185 185 968 968 185 185 969 969 193 193 970 970 192 192 971 971 194 194 972 972 186 186 973 973 184 184 974 974 184 184 975 975 192 192 976 976 194 194 977 977 195 195 978 978 187 187 979 979 186 186 980 980 186 186 981 981 194 194 982 982 195 195 983 983 196 196 984 984 188 188 985 985 187 187 986 986 187 187 987 987 195 195 988 988 196 196 989 989 197 197 990 990 189 189 991 991 188 188 992 992 188 188 993 993 196 196 994 994 197 197 995 995 198 198 996 996 190 190 997 997 189 189 998 998 189 189 999 999 197 197 1000 1000 198 198 1001 1001 199 199 1002 1002 191 191 1003 1003 190 190 1004 1004 190 190 1005 1005 198 198 1006 1006 199 199 1007 1007 200 200 1008 1008 192 192 1009 1009 193 193 1010 1010 193 193 1011 1011 201 201 1012 1012 200 200 1013 1013 202 202 1014 1014 194 194 1015 1015 192 192 1016 1016 192 192 1017 1017 200 200 1018 1018 202 202 1019 1019 203 203 1020 1020 195 195 1021 1021 194 194 1022 1022 194 194 1023 1023 202 202 1024 1024 203 203 1025 1025 204 204 1026 1026 196 196 1027 1027 195 195 1028 1028 195 195 1029 1029 203 203 1030 1030 204 204 1031 1031 205 205 1032 1032 197 197 1033 1033 196 196 1034 1034 196 196 1035 1035 204 204 1036 1036 205 205 1037 1037 206 206 1038 1038 198 198 1039 1039 197 197 1040 1040 197 197 1041 1041 205 205 1042 1042 206 206 1043 1043 207 207 1044 1044 199 199 1045 1045 198 198 1046 1046 198 198 1047 1047 206 206 1048 1048 207 207 1049 1049 208 208 1050 1050 200 200 1051 1051 201 201 1052 1052 201 201 1053 1053 209 209 1054 1054 208 208 1055 1055 210 210 1056 1056 202 202 1057 1057 200 200 1058 1058 200 200 1059 1059 208 208 1060 1060 210 210 1061 1061 211 211 1062 1062 203 203 1063 1063 202 202 1064 1064 202 202 1065 1065 210 210 1066 1066 211 211 1067 1067 212 212 1068 1068 204 204 1069 1069 203 203 1070 1070 203 203 1071 1071 211 211 1072 1072 212 212 1073 1073 213 213 1074 1074 205 205 1075 1075 204 204 1076 1076 204 204 1077 1077 212 212 1078 1078 213 213 1079 1079 214 214 1080 1080 206 206 1081 1081 205 205 1082 1082 205 205 1083 1083 213 213 1084 1084 214 214 1085 1085 215 215 1086 1086 207 207 1087 1087 206 206 1088 1088 206 206 1089 1089 214 214 1090 1090 215 215 1091 1091 216 216 1092 1092 208 208 1093 1093 209 209 1094 1094 209 209 1095 1095 217 217 1096 1096 216 216 1097 1097 218 218 1098 1098 210 210 1099 1099 208 208 1100 1100 208 208 1101 1101 216 216 1102 1102 218 218 1103 1103 219 219 1104 1104 211 211 1105 1105 210 210 1106 1106 210 210 1107 1107 218 218 1108 1108 219 219 1109 1109 220 220 1110 1110 212 212 1111 1111 211 211 1112 1112 211 211 1113 1113 219 219 1114 1114 220 220 1115 1115 221 221 1116 1116 213 213 1117 1117 212 212 1118 1118 212 212 1119 1119 220 220 1120 1120 221 221 1121 1121 222 222 1122 1122 214 214 1123 1123 213 213 1124 1124 213 213 1125 1125 221 221 1126 1126 222 222 1127 1127 223 223 1128 1128 215 215 1129 1129 214 214 1130 1130 214 214 1131 1131 222 222 1132 1132 223 223 1133 1133 224 224 1134 1134 216 216 1135 1135 217 217 1136 1136 217 217 1137 1137 225 225 1138 1138 224 224 1139 1139 226 226 1140 1140 218 218 1141 1141 216 216 1142 1142 216 216 1143 1143 224 224 1144 1144 226 226 1145 1145 227 227 1146 1146 219 219 1147 1147 218 218 1148 1148 218 218 1149 1149 226 226 1150 1150 227 227 1151 1151 228 228 1152 1152 220 220 1153 1153 219 219 1154 1154 219 219 1155 1155 227 227 1156 1156 228 228 1157 1157 229 229 1158 1158 221 221 1159 1159 220 220 1160 1160 220 220 1161 1161 228 228 1162 1162 229 229 1163 1163 230 230 1164 1164 222 222 1165 1165 221 221 1166 1166 221 221 1167 1167 229 229 1168 1168 230 230 1169 1169 231 231 1170 1170 223 223 1171 1171 222 222 1172 1172 222 222 1173 1173 230 230 1174 1174 231 231 1175 1175 232 232 1176 1176 224 224 1177 1177 225 225 1178 1178 225 225 1179 1179 233 233 1180 1180 232 232 1181 1181 234 234 1182 1182 226 226 1183 1183 224 224 1184 1184 224 224 1185 1185 232 232 1186 1186 234 234 1187 1187 235 235 1188 1188 227 227 1189 1189 226 226 1190 1190 226 226 1191 1191 234 234 1192 1192 235 235 1193 1193 236 236 1194 1194 228 228 1195 1195 227 227 1196 1196 227 227 1197 1197 235 235 1198 1198 236 236 1199 1199 237 237 1200 1200 229 229 1201 1201 228 228 1202 1202 228 228 1203 1203 236 236 1204 1204 237 237 1205 1205 238 238 1206 1206 230 230 1207 1207 229 229 1208 1208 229 229 1209 1209 237 237 1210 1210 238 238 1211 1211 239 239 1212 1212 231 231 1213 1213 230 230 1214 1214 230 230 1215 1215 238 238 1216 1216 239 239 1217 1217 240 240 1218 1218 232 232 1219 1219 233 233 1220 1220 233 233 1221 1221 241 241 1222 1222 240 240 1223 1223 242 242 1224 1224 234 234 1225 1225 232 232 1226 1226 232 232 1227 1227 240 240 1228 1228 242 242 1229 1229 243 243 1230 1230 235 235 1231 1231 234 234 1232 1232 234 234 1233 1233 242 242 1234 1234 243 243 1235 1235 244 244 1236 1236 236 236 1237 1237 235 235 1238 1238 235 235 1239 1239 243 243 1240 1240 244 244 1241 1241 245 245 1242 1242 237 237 1243 1243 236 236 1244 1244 236 236 1245 1245 244 244 1246 1246 245 245 1247 1247 246 246 1248 1248 238 238 1249 1249 237 237 1250 1250 237 237 1251 1251 245 245 1252 1252 246 246 1253 1253 247 247 1254 1254 239 239 1255 1255 238 238 1256 1256 238 238 1257 1257 246 246 1258 1258 247 247 1259 1259 248 248 1260 1260 240 240 1261 1261 241 241 1262 1262 241 241 1263 1263 249 249 1264 1264 248 248 1265 1265 250 250 1266 1266 242 242 1267 1267 240 240 1268 1268 240 240 1269 1269 248 248 1270 1270 250 250 1271 1271 251 251 1272 1272 243 243 1273 1273 242 242 1274 1274 242 242 1275 1275 250 250 1276 1276 251 251 1277 1277 252 252 1278 1278 244 244 1279 1279 243 243 1280 1280 243 243 1281 1281 251 251 1282 1282 252 252 1283 1283 253 253 1284 1284 245 245 1285 1285 244 244 1286 1286 244 244 1287 1287 252 252 1288 1288 253 253 1289 1289 254 254 1290 1290 246 246 1291 1291 245 245 1292 1292 245 245 1293 1293 253 253 1294 1294 254 254 1295 1295 255 255 1296 1296 247 247 1297 1297 246 246 1298 1298 246 246 1299 1299 254 254 1300 1300 255 255 1301 1301 1 1 1302 1302 248 248 1303 1303 249 249 1304 1304 249 249 1305 1305 0 2 1306 1306 1 1 1307 1307 4 5 1308 1308 250 250 1309 1309 248 248 1310 1310 248 248 1311 1311 1 1 1312 1312 4 5 1313 1313 6 7 1314 1314 251 251 1315 1315 250 250 1316 1316 250 250 1317 1317 4 5 1318 1318 6 7 1319 1319 8 9 1320 1320 252 252 1321 1321 251 251 1322 1322 251 251 1323 1323 6 7 1324 1324 8 9 1325 1325 10 11 1326 1326 253 253 1327 1327 252 252 1328 1328 252 252 1329 1329 8 9 1330 1330 10 11 1331 1331 12 13 1332 1332 254 254 1333 1333 253 253 1334 1334 253 253 1335 1335 10 11 1336 1336 12 13 1337 1337 14 15 1338 1338 255 255 1339 1339 254 254 1340 1340 254 254 1341 1341 12 13 1342 1342 14 15 1343 1343</p>
        </triangles>
      </mesh>
    </geometry>
  </library_geometries>
  <library_visual_scenes>
    <visual_scene id="Scene" name="Scene">
      <node id="Cylinder" name="Cylinder" type="NODE">
        <matrix sid="transform">1 0 0 0 0 1 0 0 0 0 1 0 0 0 0 1</matrix>
        <instance_geometry url="#Cylinder-mesh" name="Cylinder"/>
      </node>
      <node id="tire_01a_15x7_65_old" name="tire_01a_15x7_65_old" type="NODE">
        <matrix sid="transform">0.01 0 0 0 0 0.01 -4.37114e-10 0 0 4.37114e-10 0.01 0 0 0 0 1</matrix>
        <instance_geometry url="#tire_01a_19x9_25Mesh_002-mesh" name="tire_01a_15x7_65_old">
          <bind_material>
            <technique_common>
              <instance_material symbol="tire_01a_old-material" target="#tire_01a_old-material">
                <bind_vertex_input semantic="tire_01a_19x9_25-UV0" input_semantic="TEXCOORD" input_set="0"/>
              </instance_material>
            </technique_common>
          </bind_material>
        </instance_geometry>
      </node>
      <node id="tire_01a_19x9_55" name="tire_01a_19x9_55" type="NODE">
        <matrix sid="transform">0.01 0 0 0 0 0.01 -4.37114e-10 0 0 4.37114e-10 0.01 0 0 0 0 1</matrix>
        <instance_geometry url="#tire_01a_19x9_25Mesh-mesh" name="tire_01a_19x9_55">
          <bind_material>
            <technique_common>
              <instance_material symbol="tire_01a-material" target="#tire_01a-material">
                <bind_vertex_input semantic="tire_01a_19x9_25-UV0" input_semantic="TEXCOORD" input_set="0"/>
              </instance_material>
            </technique_common>
          </bind_material>
        </instance_geometry>
      </node>
      <node id="Camera" name="Camera" type="NODE">
        <matrix sid="transform">0.6859207 -0.3240135 0.6515582 7.358891 0.7276763 0.3054208 -0.6141704 -6.925791 0 0.8953956 0.4452714 4.958309 0 0 0 1</matrix>
        <instance_camera url="#Camera-camera"/>
      </node>
      <node id="Light" name="Light" type="NODE">
        <matrix sid="transform">-0.2908646 -0.7711008 0.5663932 4.076245 0.9551712 -0.1998834 0.2183912 1.005454 -0.05518906 0.6045247 0.7946723 5.903862 0 0 0 1</matrix>
        <instance_light url="#Light-light"/>
      </node>
    </visual_scene>
  </library_visual_scenes>
  <scene>
    <instance_visual_scene url="#Scene"/>
  </scene>
</COLLADA>