<?xml version="1.0" encoding="utf-8"?>
<COLLADA xmlns="http://www.collada.org/2005/11/COLLADASchema" version="1.4.1" xmlns:xsi="http://www.w3.org/2001/XMLSchema-instance">
  <asset>
    <contributor>
      <author>Blender User</author>
      <authoring_tool>Blender 2.83.1 commit date:2020-06-25, commit time:09:47, hash:8289fc688b3e</authoring_tool>
    </contributor>
    <created>2021-02-13T23:41:54</created>
    <modified>2021-02-13T23:41:54</modified>
    <unit name="meter" meter="1"/>
    <up_axis>Z_UP</up_axis>
  </asset>
  <library_effects>
    <effect id="wheel_25a-effect">
      <profile_COMMON>
        <technique sid="common">
          <lambert>
            <emission>
              <color sid="emission">0 0 0 1</color>
            </emission>
            <diffuse>
              <color sid="diffuse">1 1 1 1</color>
            </diffuse>
            <index_of_refraction>
              <float sid="ior">1.45</float>
            </index_of_refraction>
          </lambert>
        </technique>
      </profile_COMMON>
    </effect>
    <effect id="ibishu_wheel_07b-effect">
      <profile_COMMON>
        <technique sid="common">
          <lambert>
            <emission>
              <color sid="emission">0 0 0 1</color>
            </emission>
            <diffuse>
              <color sid="diffuse">0.588 0.588 0.588 1</color>
            </diffuse>
            <index_of_refraction>
              <float sid="ior">1.45</float>
            </index_of_refraction>
          </lambert>
        </technique>
      </profile_COMMON>
    </effect>
    <effect id="rollcage_01a-effect">
      <profile_COMMON>
        <technique sid="common">
          <lambert>
            <emission>
              <color sid="emission">0 0 0 1</color>
            </emission>
            <diffuse>
              <color sid="diffuse">0.8000001 0.006301074 0 1</color>
            </diffuse>
            <index_of_refraction>
              <float sid="ior">1.45</float>
            </index_of_refraction>
          </lambert>
        </technique>
      </profile_COMMON>
    </effect>
  </library_effects>
  <library_images/>
  <library_materials>
    <material id="wheel_25a-material" name="wheel_25a">
      <instance_effect url="#wheel_25a-effect"/>
    </material>
    <material id="ibishu_wheel_07b-material" name="ibishu_wheel_07b">
      <instance_effect url="#ibishu_wheel_07b-effect"/>
    </material>
    <material id="rollcage_01a-material" name="rollcage_01a">
      <instance_effect url="#rollcage_01a-effect"/>
    </material>
  </library_materials>
  <library_geometries>
    <geometry id="Circle_023-mesh" name="Circle.023">
      <mesh>
        <source id="Circle_023-mesh-positions">
          <float_array id="Circle_023-mesh-positions-array" count="2409">0.09116637 9.35554e-7 0.205537 0.09116637 -0.04296672 0.2010455 0.09116637 -0.08405721 0.1877677 0.09116637 0.1214758 0.1662835 0.09116637 0.08405941 0.1877676 0.09116637 0.04296928 0.2010455 0.07104098 0.02674567 0.1251364 0.07130521 0.05112648 0.1171198 0.06962591 -0.004124164 0.1268439 0.07146906 0.07544374 0.1033084 0.07676953 1.63045e-5 0.09941095 0.07692652 -0.02073812 0.09718281 0.07753521 -0.04049146 0.09055781 0.07757216 0.05854696 0.08019322 0.07735657 0.04055249 0.09062105 0.07707494 0.02075976 0.09712886 0.07891929 1.63048e-5 0.04295504 0.07905542 -0.008944153 0.04199945 0.07934308 -0.0174961 0.03919267 0.07937568 0.02532196 0.03471297 0.07932126 0.01753062 0.03919559 0.07913893 0.008974611 0.04198807 0.07830083 1.63049e-5 7.4026e-5 0.09095323 9.35554e-7 0.1999208 0.08011245 9.35554e-7 0.1964038 0.08011245 -0.0410577 0.1921121 0.09095323 -0.04179269 0.1955522 0.08011341 -0.0803219 0.1794242 0.09095323 -0.08176028 0.182637 0.08012211 0.1160778 0.1588947 0.09095323 0.1181564 0.16174 0.08011245 0.08032423 0.179424 0.09095323 0.08176261 0.1826369 0.08011245 0.04105979 0.192112 0.09095323 0.04179531 0.1955521 0.07865709 9.35554e-7 0.1878381 0.074799 9.35554e-7 0.1814564 0.074799 -0.03793251 0.1774912 0.07865709 -0.03926694 0.1837336 0.0750398 -0.0660873 0.1687467 0.07867026 -0.07124692 0.1734856 0.07507812 0.1074632 0.1471025 0.07874065 0.1110856 0.152061 0.07481473 0.07198542 0.1668079 0.0786572 0.07679861 0.1716004 0.07479953 0.03793662 0.1774985 0.07865709 0.03926903 0.1837336 0.05973327 -0.05635333 0.1409903 0.05992799 -0.05654764 0.1480547 0.05980998 0.09003621 0.1232586 0.06000632 0.09407806 0.1287863 0.05971121 0.05358839 0.1420693 0.05971103 0.0648207 0.1447961 0.07145923 -0.05080288 0.1178535 0.05948561 0.04147917 0.1458116 0.05582177 0.05653405 0.1600964 0.05009818 -0.04498881 0.1288694 0.06364589 0.02433139 0.1397351 0.07433694 -0.03540402 0.107827 0.06674343 -0.05347687 0.1278104 0.07459479 -0.04374462 0.1063796 0.05983102 0.05188226 0.1496583 0.05482321 0.03523826 0.1676149 0.05675745 0.05657482 0.1628097 0.05451488 -2.98761e-4 0.1698634 0.05476498 -0.03572916 0.1670051 0.04988265 -0.05035001 0.1467271 0.0729407 -0.04919958 0.1116483 0.05992203 -0.06547427 0.1442599 0.07500255 0.09436869 0.1545149 0.05976742 -0.06581777 0.1364503 0.07055038 0.01025348 0.1265392 0.07657879 -0.04202282 0.09580296 0.06619507 0.02895408 0.1354697 0.07217508 1.35517e-5 0.1220598 0.07123327 -0.06104272 0.1111302 0.04878127 -0.01258593 0.1341537 0.07309502 -0.05735081 0.103777 0.04939019 0.01174134 0.1452798 0.0512613 -0.03168833 0.126754 0.05129814 -0.03975588 0.1259683 0.07356554 0.07938486 0.1600456 0.07491463 0.07953917 0.1626598 0.07494926 -0.05129796 0.1734048 0.07350242 -0.05403542 0.1701472 0.05369544 -0.05009305 0.1609705 0.05419337 -0.04731273 0.1641312 -0.08945363 9.35554e-7 0.2071281 -0.08945363 -0.04329937 0.202602 -0.08945363 -0.08470791 0.1892213 -0.08945369 0.1224161 0.1675707 -0.08945369 0.08471024 0.1892212 -0.08945363 0.04330193 0.202602 -0.07352459 9.35554e-7 0.16769 -0.07352459 -0.03505456 0.1640257 -0.07352459 -0.06857866 0.1531928 -0.07352459 0.09910738 0.1356647 -0.07352459 0.06858086 0.1531926 -0.07352459 0.035057 0.1640257 0.04831808 -0.001179218 0.1537694 0.04891949 -0.03268808 0.150946 0.0518682 0.03375554 0.1538091 0.03226804 -0.04438185 0.1270983 0.03225541 -0.05270296 0.148256 0.03144693 -0.01243245 0.1324515 0.03145658 0.01170492 0.1448507 0.03352093 -0.03118282 0.1246852 0.03353929 -0.03897267 0.1234408 0.03528493 0.03368002 0.1539486 0.03132438 -0.03339588 0.15446 0.03208279 -0.001048326 0.1555606 0.03127717 0.06428933 0.1457577 0.03118705 0.09350925 0.1282567 0.007619798 0.05256223 0.07195299 0.08451676 -0.08470791 0.1892213 0.08451676 0.08471024 0.1892212 0.08451676 0.1224161 0.1675707 0.08451676 0.04330193 0.202602 0.08451676 9.35554e-7 0.2071281 0.08451676 -0.04329937 0.202602 0.05921006 0.08040732 0.1796097 0.05921006 0.04110223 0.1923107 0.05921006 9.35554e-7 0.1966071 0.05921006 -0.04110008 0.1923108 0.05921006 -0.08040505 0.1796098 0.05921006 0.116198 0.1590589 -0.06101286 0.08040732 0.1796097 -0.06101286 0.04110223 0.1923107 -0.06101286 9.35554e-7 0.1966071 -0.06101286 -0.04110008 0.1923108 -0.06101286 -0.08040505 0.1796098 -0.06101286 0.116198 0.1590589 -0.08159458 0.08471024 0.1892212 -0.08159458 0.04330193 0.202602 -0.08159458 9.35554e-7 0.2071281 -0.08159458 -0.04329937 0.202602 -0.08159458 -0.08470791 0.1892213 -0.08159458 0.1224161 0.1675707 -0.0929628 -0.08192902 0.183014 -0.0929628 0.08193129 0.1830139 -0.0929628 0.1184003 0.1620737 -0.0929628 0.04188126 0.1959556 -0.0929628 9.35554e-7 0.2003335 -0.0929628 -0.04187905 0.1959557 -0.02362596 9.35554e-7 0.08954304 -0.02362596 0.0529201 0.07244271 0.007619798 9.35554e-7 0.08893764 0.0455293 -8.82401e-4 0.1781854 0.07284653 -8.824e-4 0.1743593 0.04537147 0.001960456 0.1770253 0.07268869 0.001960456 0.1731992 0.04499 0.003138124 0.1742244 0.0723074 0.003138124 0.1703984 0.04460895 0.001960456 0.1714234 0.07192623 0.001960456 0.1675974 0.04445093 -8.82404e-4 0.1702632 0.07176834 -8.82403e-4 0.1664373 0.04460895 -0.003725349 0.1714234 0.07192623 -0.003725349 0.1675974 0.04499 -0.004903018 0.1742244 0.0723074 -0.004903018 0.1703984 0.04537147 -0.003725349 0.1770253 0.07268869 -0.003725349 0.1731992 0.09116637 0.1965509 0.06351727 0.09116637 0.178978 0.1027705 0.09116637 0.1535828 0.1375324 0.09116637 0.1965507 -0.06350916 0.09116637 0.2055335 -0.02148014 0.09116637 0.2055337 0.02148771 0.07104122 0.1278691 0.01341897 0.07130533 0.1277388 -0.01211488 0.06962621 0.119969 0.04314172 0.07146918 0.122052 -0.03938156 0.07676953 0.09501171 0.03077042 0.07692652 0.08646738 0.04971271 0.07753521 0.07402789 0.0663492 0.07757216 0.09472101 -0.03052884 0.07735657 0.09913253 -0.01028662 0.077075 0.09923952 0.01044499 0.07891929 0.04102355 0.01332461 0.07905542 0.03734022 0.02150487 0.07934308 0.03201359 0.02872651 0.07937562 0.04096144 -0.01315689 0.07932126 0.04284042 -0.004402399 0.07913893 0.0428667 0.004552721 0.09095323 0.1911803 0.06178176 0.08011245 0.1878169 0.06069499 0.08011245 0.1710249 0.09820395 0.09095323 0.1740874 0.09996253 0.08011341 0.146758 0.1314211 0.09095323 0.1493862 0.1337745 0.08012211 0.1878167 -0.06068676 0.09095323 0.1911801 -0.06177365 0.08011245 0.1964005 -0.02052545 0.09095323 0.1999174 -0.02089297 0.08011245 0.1964006 0.02053278 0.09095323 0.1999177 0.02090072 0.07865709 0.1796257 0.058048 0.074799 0.1735227 0.05607569 0.074799 0.1580086 0.09073024 0.07865709 0.1635659 0.09392124 0.07503908 0.1409384 0.1146515 0.07866984 0.1438798 0.1209994 0.07507741 0.1738674 -0.05617928 0.07874 0.1797323 -0.05807417 0.07481449 0.1817556 -0.01653635 0.07865715 0.1878284 -0.01960831 0.07479941 0.1814582 0.01897096 0.07865709 0.187835 0.01963752 0.05973517 0.1173787 0.09687089 0.05992996 0.1240774 0.09922945 0.05981189 0.1456524 -0.04704511 0.06000804 0.1521921 -0.04916584 0.05971449 0.15236 -0.006765246 0.05971294 0.1584604 -0.01655465 0.07145935 0.09695363 0.08451193 0.05948841 0.1522054 0.005839586 0.05582404 0.1705326 -0.003994822 0.0501011 0.1093004 0.08238643 0.0636478 0.1410892 0.02018994 0.07433688 0.09211629 0.06686228 0.06674408 0.1056548 0.09010004 0.07459473 0.08815461 0.07430642 0.059834 0.1590957 -0.002814292 0.05482423 0.1711555 0.01846706 0.0567587 0.173146 -0.003195822 0.05451494 0.1623427 0.05277663 0.05476534 0.1486552 0.08540183 0.04988521 0.1247318 0.09295904 0.07294064 0.0915125 0.08108723 0.05992305 0.1177024 0.1065063 0.07500171 0.1769083 -0.04150378 0.05976819 0.1101256 0.1044275 0.07055056 0.1241235 0.02944797 0.07657879 0.0785709 0.06941741 0.06619644 0.1384318 0.01450818 0.07217508 0.1166689 0.03775703 0.07123321 0.08737117 0.09212863 0.04878395 0.1243668 0.05337572 0.07309502 0.08147305 0.08637315 0.04939419 0.1425208 0.03379583 0.0512647 0.1113789 0.06915557 0.05130147 0.108134 0.07654547 0.07356488 0.1775683 -0.02562367 0.07491403 0.1801174 -0.02496176 0.07494854 0.1499618 0.1021028 0.07350158 0.1459988 0.103684 0.05369651 0.1384373 0.0971167 0.05419415 0.1423214 0.09546566 -0.08945369 0.1980726 0.06400901 -0.08945369 0.1803635 0.1035661 -0.08945369 0.1547719 0.1385971 -0.08945369 0.1980725 -0.0640009 -0.08945369 0.2071247 -0.02164644 -0.08945369 0.2071248 0.02165395 -0.07352459 0.160358 0.05182182 -0.07352459 0.146021 0.0838471 -0.07352459 0.1253021 0.1122079 -0.07352459 0.160358 -0.05181354 -0.07352459 0.1676867 -0.017524 -0.07352459 0.1676867 0.01753175 0.04831814 0.1466796 0.04863607 0.04891997 0.1342393 0.07756394 0.05187183 0.1574763 0.01560658 0.03226953 0.1078197 0.0812537 0.03225535 0.1254869 0.09566646 0.03144866 0.1228107 0.05269014 0.03145909 0.142123 0.03369092 0.03352046 0.1095974 0.06802845 0.03354156 0.105991 0.07500559 0.03528714 0.1576111 0.01571887 0.03132438 0.1373859 0.07932221 0.03208279 0.1484345 0.049066 0.03127747 0.159249 -0.01576203 0.03118789 0.1515406 -0.0488069 0.007619798 0.08504754 -0.02747738 0.08451676 0.1547719 0.1385971 0.08451676 0.2071247 -0.02164644 0.08451676 0.1980725 -0.0640009 0.08451676 0.2071248 0.02165395 0.08451676 0.1980726 0.06400901 0.08451676 0.1803635 0.1035661 0.05921006 0.1966037 -0.02054673 0.05921006 0.1966038 0.02055418 0.05921006 0.1880112 0.06075769 0.05921006 0.1712018 0.09830552 0.05921006 0.14691 0.1315571 0.05921006 0.1880112 -0.06074965 -0.06101286 0.1966037 -0.02054673 -0.06101286 0.1966038 0.02055418 -0.06101286 0.1880112 0.06075769 -0.06101286 0.1712018 0.09830552 -0.06101286 0.14691 0.1315571 -0.06101286 0.1880112 -0.06074965 -0.08159458 0.2071247 -0.02164644 -0.08159458 0.2071248 0.02165395 -0.08159458 0.1980726 0.06400901 -0.08159458 0.1803635 0.1035661 -0.08159458 0.1547719 0.1385971 -0.08159458 0.1980725 -0.0640009 -0.0929628 0.1496946 0.1340505 -0.0929628 0.2003301 -0.02093619 -0.0929628 0.1915746 -0.06190121 -0.0929628 0.2003301 0.02094364 -0.0929628 0.1915748 0.06190925 -0.0929628 0.1744467 0.1001688 -0.02362596 0.08562642 0.02767318 -0.02362596 0.08562648 -0.02766472 0.007619798 0.08504748 0.02748584 0.09116637 0.1214755 -0.1662753 0.09116637 0.1535828 -0.137524 0.09116637 0.1789778 -0.102762 0.09116637 5.52156e-7 -0.2055284 0.09116637 0.04296839 -0.2010372 0.09116637 0.08405864 -0.1877593 0.07104104 0.05230885 -0.1167636 0.07130515 0.02784752 -0.1245339 0.06962609 0.07828903 -0.100097 0.071469 1.17768e-5 -0.1275808 0.07676953 0.05872654 -0.08029121 0.07692652 0.07420068 -0.06635612 0.07753527 0.0862658 -0.04944944 0.07757216 1.60356e-5 -0.09895896 0.07735657 0.02073687 -0.09687644 0.07707494 0.04059594 -0.09057104 0.07891929 0.02535992 -0.03461754 0.07905542 0.03204441 -0.02860635 0.07934308 0.03730458 -0.02133649 0.07937568 1.61114e-5 -0.04274249 0.07932126 0.00896877 -0.0418145 0.07913893 0.01754069 -0.03907173 0.09095323 0.1181561 -0.1617317 0.08011245 0.1160776 -0.1588864 0.08011245 0.146758 -0.1314127 0.09095323 0.1493862 -0.1337662 0.08011341 0.1710249 -0.09819567 0.09095323 0.1740874 -0.099954 0.08012211 5.6785e-7 -0.1963956 0.09095323 5.68292e-7 -0.1999124 0.08011245 0.04105907 -0.1921036 0.09095323 0.04179435 -0.1955438 0.08011245 0.08032339 -0.179416 0.09095323 0.08176177 -0.1826288 0.07865709 0.1110151 -0.1519566 0.074799 0.1072432 -0.1467936 0.074799 0.1355888 -0.121411 0.07865709 0.1403577 -0.1256814 0.07503908 0.1531895 -0.09787291 0.07866978 0.1601684 -0.09869325 0.07507866 5.7788e-7 -0.1818263 0.07874101 5.73374e-7 -0.1879529 0.07481473 0.04034882 -0.1770223 0.0786572 0.03928726 -0.1837133 0.07479947 0.07421326 -0.1657673 0.07865709 0.07682037 -0.1715909 0.05973511 0.1288944 -0.08107072 0.05992972 0.133228 -0.08668577 0.05980867 4.05754e-6 -0.1523287 0.06000506 2.48832e-6 -0.1591778 0.05971145 0.04060745 -0.1462216 0.05971086 0.03313541 -0.1550194 0.07145935 0.1107347 -0.06553918 0.05948537 0.0526176 -0.1421791 0.05582201 0.04888164 -0.1625564 0.05010008 0.1125468 -0.07790398 0.06364637 0.06289279 -0.1272042 0.07433694 0.09235829 -0.06641125 0.06674408 0.1187795 -0.07205575 0.07459473 0.09824711 -0.06035876 0.05983144 0.04647344 -0.151376 0.05482333 0.07055377 -0.1561923 0.05675756 0.05045247 -0.1647765 0.05451488 0.1006336 -0.1372388 0.05476522 0.1276057 -0.1142129 0.04988467 0.1274377 -0.08924657 0.07294064 0.1057724 -0.06144428 0.05992347 0.1382086 -0.07840311 0.07500267 0.01497519 -0.1801648 0.05976921 0.1338686 -0.07187008 0.07055056 0.06647557 -0.1082551 0.07657879 0.09060436 -0.05279868 0.06619524 0.0566318 -0.1264417 0.07217508 0.07211464 -0.09863364 0.07123339 0.1150475 -0.05411756 0.04878324 0.08945751 -0.1011188 0.07309502 0.1077171 -0.05031096 0.04939085 0.07636004 -0.1243652 0.05126178 0.100543 -0.08396351 0.05129963 0.1065995 -0.07860273 0.07356566 0.0303663 -0.1758797 0.07491475 0.03178662 -0.1780844 0.07494878 0.1439809 -0.110288 0.07350182 0.1442686 -0.106051 0.05369609 0.1356534 -0.1009298 0.05419385 0.1352747 -0.1051138 -0.08945369 0.1224159 -0.1675624 -0.08945369 0.1547719 -0.1385887 -0.08945369 0.1803635 -0.1035577 -0.08945363 5.39321e-7 -0.2071197 -0.08945363 0.04330092 -0.2025936 -0.08945369 0.0847094 -0.189213 -0.07352459 0.09910708 -0.1356564 -0.07352465 0.1253021 -0.1121995 -0.07352459 0.146021 -0.0838387 -0.07352459 6.16343e-7 -0.1676815 -0.07352459 0.03505623 -0.1640174 -0.07352459 0.06858015 -0.1531845 0.04831802 0.0918349 -0.1237049 0.04891985 0.1156541 -0.1029984 0.05186843 0.06359285 -0.1441462 0.03226834 0.1110219 -0.07687151 0.03225541 0.1302596 -0.08912497 0.03144842 0.08833527 -0.09987491 0.03145694 0.07613867 -0.1240196 0.033522 0.09891408 -0.08263218 0.03353965 0.1044842 -0.07707458 0.03528517 0.0637381 -0.1442258 0.03132438 0.1183067 -0.1054303 0.03208279 0.0927872 -0.1252301 0.03127729 0.03413385 -0.1554933 0.03118664 1.51292e-4 -0.1584181 0.007619798 9.35554e-7 -0.08892929 0.08451676 0.1803635 -0.1035577 0.08451676 0.04330092 -0.2025936 0.08451676 5.48927e-7 -0.2071197 0.08451676 0.0847094 -0.189213 0.08451676 0.1224159 -0.1675624 0.08451676 0.1547719 -0.1385887 0.05921006 0.04110163 -0.1923024 0.05921006 0.08040654 -0.1796015 0.05921006 0.1161977 -0.1590508 0.05921006 0.14691 -0.1315488 0.05921006 0.1712017 -0.09829711 0.05921006 5.73376e-7 -0.1965987 -0.06101286 0.04110163 -0.1923024 -0.06101286 0.08040654 -0.1796015 -0.06101286 0.1161977 -0.1590508 -0.06101286 0.14691 -0.1315488 -0.06101286 0.1712017 -0.09829711 -0.06101286 5.66206e-7 -0.1965987 -0.08159458 0.04330092 -0.2025936 -0.08159458 0.0847094 -0.189213 -0.08159458 0.1224159 -0.1675624 -0.08159458 0.1547719 -0.1385887 -0.08159458 0.1803635 -0.1035577 -0.08159458 5.39652e-7 -0.2071197 -0.0929628 0.1744467 -0.1001604 -0.0929628 0.04188066 -0.1959474 -0.0929628 5.52049e-7 -0.200325 -0.0929628 0.08193051 -0.1830058 -0.0929628 0.1184 -0.1620655 -0.0929628 0.1496945 -0.1340422 -0.02362596 0.0529201 -0.07243418 -0.02362596 9.35554e-7 -0.08953464 0.007619798 0.05256223 -0.07194441 0.09116637 -0.1214737 -0.1662753 0.09116637 -0.08405727 -0.1877592 0.09116637 -0.04296678 -0.2010371 0.09116637 -0.1965491 -0.06350851 0.09116637 -0.1789762 -0.1027617 0.09116637 -0.1535813 -0.1375236 0.07104122 -0.0955345 -0.08550399 0.07130533 -0.1105186 -0.06476688 0.06962597 -0.07157528 -0.1049358 0.07146924 -0.1220282 -0.03938084 0.07676953 -0.05869412 -0.08029115 0.07692646 -0.04058593 -0.09062105 0.07753521 -0.0206899 -0.09680837 0.07757216 -0.09468859 -0.03052854 0.07735657 -0.08629375 -0.04948377 0.077075 -0.07412731 -0.06631904 0.07900667 -0.02532017 -0.03460752 0.07928919 -0.01749968 -0.03905189 0.07934308 -0.008935689 -0.04181116 0.07937562 -0.04092872 -0.01315653 0.07932126 -0.03727471 -0.02133792 0.07913893 -0.03200304 -0.0285983 0.09095323 -0.1181543 -0.1617317 0.08011251 -0.1160758 -0.1588864 0.08011251 -0.08032202 -0.1794157 0.09095323 -0.0817604 -0.1826286 0.08011341 -0.0410577 -0.1921036 0.09095323 -0.04179275 -0.1955438 0.08012211 -0.1878152 -0.06068623 0.09095323 -0.1911785 -0.061773 0.08011251 -0.1710233 -0.09819507 0.09095323 -0.1740857 -0.09995371 0.08011251 -0.1467567 -0.1314123 0.09095323 -0.1493847 -0.1337656 0.07865715 -0.1110133 -0.1519566 0.074799 -0.1072414 -0.1467935 0.074799 -0.07420885 -0.1657605 0.07865709 -0.07681894 -0.1715906 0.0750398 -0.04626315 -0.1751443 0.07867026 -0.04488956 -0.1819946 0.07507741 -0.1738657 -0.05617833 0.07874 -0.1797307 -0.05807375 0.07481455 -0.1568187 -0.09286206 0.07865726 -0.1635463 -0.09392637 0.07479947 -0.1355919 -0.1214148 0.07865715 -0.1403561 -0.1256809 0.05966597 -0.03785437 -0.1475033 0.05987316 -0.04186791 -0.1532688 0.05981189 -0.145644 -0.04704469 0.0600081 -0.1521866 -0.0491653 0.05971324 -0.1272796 -0.08356338 0.05971235 -0.1379917 -0.07922476 0.07143509 -0.02860182 -0.1253966 0.05948752 -0.1196984 -0.0936712 0.05582296 -0.1403375 -0.09645408 0.0499891 -0.03989636 -0.1310154 0.06364685 -0.1022289 -0.09876132 0.07432734 -0.03510576 -0.1080815 0.06669688 -0.03236651 -0.1351384 0.0745871 -0.02747327 -0.1117545 0.05983263 -0.1303936 -0.09071373 0.05482369 -0.1275606 -0.1149896 0.0567581 -0.1419774 -0.0986281 0.05451488 -0.1001471 -0.1375896 0.05476516 -0.06979304 -0.1559869 0.04981637 -0.04608333 -0.1484664 0.07292491 -0.02620124 -0.1193397 0.05987042 -0.03237116 -0.1554009 0.07500183 -0.1676551 -0.0698297 0.05970126 -0.0274775 -0.1493677 0.07055038 -0.08303165 -0.09629136 0.07657802 -0.02256268 -0.1019964 0.06619584 -0.1034377 -0.09259295 0.07217508 -0.0720877 -0.09863364 0.07120805 -0.01630258 -0.1259593 0.04878157 -0.06908011 -0.1158474 0.07308036 -0.0149185 -0.1177203 0.04939234 -0.09533828 -0.1106339 0.05115479 -0.04944133 -0.1214909 0.05118978 -0.04242324 -0.1255921 0.07356506 -0.1588029 -0.08306312 0.07491415 -0.160474 -0.08508837 0.07494908 -0.06098014 -0.170265 0.07350224 -0.05683988 -0.1692299 0.05367726 -0.05464625 -0.1596187 0.05419087 -0.05872929 -0.1604496 -0.08945363 -0.1224141 -0.1675624 -0.08945363 -0.08470803 -0.1892129 -0.08945363 -0.04329943 -0.2025935 -0.08945363 -0.1980708 -0.06400012 -0.08945363 -0.180362 -0.1035573 -0.08945363 -0.1547701 -0.1385883 -0.07352459 -0.09910529 -0.1356564 -0.07352459 -0.06857877 -0.1531844 -0.07352459 -0.03505462 -0.1640173 -0.07352453 -0.1603564 -0.05181318 -0.07352459 -0.1460193 -0.08383834 -0.07352453 -0.1253006 -0.1121991 0.0483182 -0.08992218 -0.1250834 0.04891955 -0.06276249 -0.1412184 0.05187016 -0.11819 -0.1046736 0.032269 -0.03920692 -0.1287583 0.03225541 -0.04498046 -0.150743 0.03144711 -0.06821894 -0.1144155 0.03145796 -0.09507179 -0.1103327 0.0335201 -0.04846143 -0.1190977 0.03354036 -0.0414204 -0.1226354 0.03528618 -0.118225 -0.1048467 0.03132438 -0.06426703 -0.1444759 0.03208279 -0.09108746 -0.1264569 0.03127735 -0.1381525 -0.08033156 0.03118789 -0.151446 -0.04909133 0.007619798 -0.08504575 -0.02747774 0.08451676 -0.04329943 -0.2025935 0.08451676 -0.180362 -0.1035573 0.08451676 -0.1980708 -0.06400012 0.08451676 -0.1547701 -0.1385883 0.08451676 -0.1224141 -0.1675624 0.08451676 -0.08470803 -0.1892129 0.05921006 -0.1712002 -0.09829676 0.05921006 -0.1469085 -0.1315484 0.05921006 -0.1161959 -0.1590507 0.05921006 -0.08040517 -0.1796013 0.05921006 -0.0411002 -0.1923022 0.05921006 -0.1880094 -0.06074899 -0.06101286 -0.1712002 -0.09829676 -0.06101286 -0.1469085 -0.1315484 -0.06101286 -0.1161959 -0.1590507 -0.06101286 -0.08040517 -0.1796013 -0.06101286 -0.0411002 -0.1923022 -0.06101286 -0.1880094 -0.06074899 -0.08159458 -0.180362 -0.1035573 -0.08159458 -0.1547701 -0.1385883 -0.08159458 -0.1224141 -0.1675624 -0.08159458 -0.08470803 -0.1892129 -0.08159458 -0.04329943 -0.2025935 -0.08159458 -0.1980708 -0.06400012 -0.0929628 -0.04187917 -0.1959472 -0.0929628 -0.174445 -0.10016 -0.0929628 -0.191573 -0.06190043 -0.0929628 -0.149693 -0.1340419 -0.0929628 -0.1183981 -0.1620654 -0.0929628 -0.08192914 -0.1830055 -0.02362596 -0.05291831 -0.07243418 -0.02362596 -0.08562469 -0.02766478 0.007619798 -0.05256062 -0.07194441 0.09116637 -0.1965489 0.06351739 0.09116637 -0.2055318 0.02148801 0.09116637 -0.2055318 -0.02147936 0.09116637 -0.1214733 0.166284 0.09116637 -0.1535806 0.1375328 0.09116637 -0.1789758 0.1027711 0.07104122 -0.1113293 0.06398594 0.07130527 -0.09613442 0.08457052 0.06962621 -0.1224989 0.03531712 0.07146906 -0.07541918 0.1033087 0.07676953 -0.09497904 0.03077054 0.07692652 -0.09926187 0.01045137 0.07753521 -0.09903043 -0.01027882 0.07757216 -0.05851417 0.08019357 0.07735657 -0.0740469 0.06639593 0.077075 -0.08638668 0.04968565 0.07900667 -0.04097896 0.01332134 0.07928919 -0.0428124 0.004550755 0.07934308 -0.04280447 -0.004401803 0.07937562 -0.02528882 0.03471314 0.07932126 -0.03198325 0.0287292 0.07913893 -0.0372973 0.02149933 0.09095323 -0.1911785 0.06178188 0.08011251 -0.187815 0.06069505 0.08011251 -0.1963986 0.02053356 0.09095323 -0.1999156 0.02090102 0.08011341 -0.1963986 -0.02052491 0.09095323 -0.1999156 -0.0208925 0.08012211 -0.1160755 0.1588951 0.09095323 -0.118154 0.1617404 0.08011251 -0.1467559 0.1314215 0.09095323 -0.1493841 0.1337749 0.08011251 -0.1710227 0.09820443 0.09095323 -0.1740854 0.09996289 0.07865715 -0.1796239 0.05804812 0.074799 -0.1735208 0.05607581 0.074799 -0.1814512 0.0189709 0.07865715 -0.1878332 0.01963824 0.07503873 -0.181773 -0.01035952 0.07866948 -0.1879068 -0.01377582 0.07507812 -0.1074607 0.147103 0.07874065 -0.1110832 0.1520615 0.07481455 -0.1372665 0.1196342 0.07865726 -0.1403633 0.125669 0.07479947 -0.1580117 0.09073352 0.07865715 -0.1635639 0.09392166 0.05973643 -0.1521801 -0.009721457 0.05993092 -0.1590014 -0.007726192 0.05980998 -0.09002697 0.1232591 0.06000632 -0.09407186 0.1287868 0.05971354 -0.119255 0.09457921 0.05971211 -0.1184148 0.1060486 0.07145935 -0.1283259 -0.01160591 0.05948716 -0.1265846 0.08428913 0.05582332 -0.1356055 0.1029333 0.05010187 -0.1370887 -0.002717435 0.06364756 -0.1260501 0.0661965 0.07433694 -0.1139786 -1.35357e-4 0.0667445 -0.138678 -0.01106464 0.07459467 -0.1151671 -0.008469581 0.05983322 -0.1270449 0.0953052 0.05482393 -0.1493824 0.08512091 0.0567584 -0.1381911 0.1038125 0.05451494 -0.1625259 0.05220961 0.0547654 -0.1707339 0.01781398 0.0498864 -0.1558343 -0.002278149 0.07294064 -0.121895 -0.01200377 0.05992406 -0.1581435 -0.01734095 0.07500225 -0.1185926 0.1370049 0.05976969 -0.1507756 -0.02007538 0.07055068 -0.1177639 0.04881811 0.07657885 -0.1045198 -0.01010668 0.06619614 -0.1205364 0.0692557 0.07217508 -0.1166417 0.03775709 0.07123339 -0.125073 -0.02336966 0.04878491 -0.1321313 0.02955776 0.07309502 -0.1168949 -0.02214604 0.04939311 -0.1352673 0.0559991 0.05126392 -0.1309568 0.009209394 0.05130159 -0.1326895 0.001338303 0.07356524 -0.1285122 0.1245421 0.07491433 -0.1309646 0.125496 0.07494837 -0.1816599 0.005066454 0.07350134 -0.1793869 0.001470804 0.05369687 -0.1693875 0.002363622 0.05419439 -0.1715556 0.005969703 -0.08945363 -0.1980707 0.06400907 -0.08945363 -0.2071229 0.0216543 -0.08945363 -0.2071229 -0.02164578 -0.08945363 -0.1224138 0.1675712 -0.08945363 -0.1547697 0.1385975 -0.08945363 -0.1803614 0.1035666 -0.07352459 -0.1603562 0.05182182 -0.07352453 -0.1676848 0.01753211 -0.07352465 -0.1676848 -0.01752352 -0.07352459 -0.099105 0.1356651 -0.07352459 -0.1253001 0.1122082 -0.07352459 -0.146019 0.08384746 0.04831814 -0.1474083 0.0464037 0.04892027 -0.1544378 0.01572757 0.05187088 -0.1366248 0.07944935 0.03226929 -0.135248 -0.002700746 0.03225541 -0.158058 -0.004033148 0.03144943 -0.1304896 0.02916979 0.03145843 -0.1348904 0.05583125 0.03352195 -0.1288623 0.009037315 0.03354096 -0.130077 0.001284897 0.03528666 -0.1367997 0.07942622 0.03132438 -0.1580246 0.01614505 0.03208279 -0.1490811 0.04708117 0.03127747 -0.1195152 0.1058508 0.03118705 -0.09375065 0.128081 0.007619798 -0.05256068 0.07195293 0.08451676 -0.2071229 -0.02164578 0.08451676 -0.1547697 0.1385975 0.08451676 -0.1224138 0.1675712 0.08451676 -0.1803614 0.1035666 0.08451676 -0.1980707 0.06400907 0.08451676 -0.2071229 0.0216543 0.05921006 -0.1469079 0.1315575 0.05921006 -0.1711996 0.09830594 0.05921006 -0.1880094 0.06075781 0.05921006 -0.1966018 0.02055484 0.05921006 -0.1966018 -0.02054625 0.05921006 -0.1161954 0.1590594 -0.06101286 -0.1469079 0.1315575 -0.06101286 -0.1711996 0.09830594 -0.06101286 -0.1880094 0.06075781 -0.06101286 -0.1966018 0.02055484 -0.06101286 -0.1966018 -0.02054625 -0.06101286 -0.1161954 0.1590594 -0.08159458 -0.1547697 0.1385975 -0.08159458 -0.1803614 0.1035666 -0.08159458 -0.1980707 0.06400907 -0.08159458 -0.2071229 0.0216543 -0.08159458 -0.2071229 -0.02164578 -0.08159458 -0.1224138 0.1675712 -0.0929628 -0.2003282 -0.02093577 -0.0929628 -0.1496924 0.1340509 -0.0929628 -0.1183978 0.1620742 -0.0929628 -0.1744446 0.1001691 -0.0929628 -0.191573 0.06190937 -0.0929628 -0.2003283 0.02094429 -0.02362596 -0.08562463 0.02767318 -0.02362596 -0.05291837 0.07244271 0.007619798 -0.08504569 0.02748584 0.03454768 -0.03114086 0.1245319 0.03452891 -0.03901958 0.1236045 0.03262794 0.01159727 0.1435179 0.03237736 -0.01237285 0.1318303 0.03336852 -0.04423022 0.1266715 0.03353673 -0.05212509 0.1466305 0.03388941 0.03404957 0.1556378 0.03078854 -0.001063466 0.1578296 0.03264844 -0.03291833 0.152251 0.03455173 0.109444 0.06793963 0.03453367 0.1061196 0.07510405 0.03263098 0.1408125 0.03338098 0.03238046 0.122228 0.05244404 0.03337216 0.1074502 0.08097869 0.03353828 0.1241043 0.09461241 0.03388941 0.1593542 0.0158925 0.03078854 0.1505995 0.04978185 0.03264874 0.1354199 0.07818716 0.03454929 0.09878748 -0.08251756 0.03453093 0.1046118 -0.07715827 0.03262841 0.0754379 -0.1228775 0.0323798 0.08791738 -0.09939706 0.03337103 0.1106402 -0.07660239 0.03353804 0.1288256 -0.08814376 0.03388941 0.06443792 -0.1458097 0.03078854 0.09414058 -0.1270568 0.03264862 0.1166139 -0.1039217 0.03441888 -0.04853737 -0.1192779 0.03439289 -0.04160004 -0.1231619 0.0326296 -0.09419566 -0.1093156 0.03237766 -0.06789547 -0.1138703 0.03325855 -0.03916889 -0.1286315 0.03353691 -0.04448717 -0.149089 0.03388941 -0.1195281 -0.1060024 0.03078854 -0.0924161 -0.1283015 0.03264844 -0.06334781 -0.1424095 0.03455203 -0.1286836 0.009032428 0.03453391 -0.1302267 0.001295149 0.03263032 -0.1336473 0.05531716 0.03238177 -0.1298676 0.02903503 0.03337293 -0.1347773 -0.002687156 0.03353881 -0.1563128 -0.003988564 0.03388941 -0.1383091 0.08030253 0.03078854 -0.1512557 0.04776781 0.0326488 -0.1557627 0.01591378 -0.02362596 9.35554e-7 0.08954304 -0.02362596 0.0529201 0.07244271 -0.02362596 9.35554e-7 4.24055e-6 -0.02362596 0.08562642 0.02767318 -0.02362596 0.08562648 -0.02766472 -0.02362596 0.0529201 -0.07243418 -0.02362596 9.35554e-7 -0.08953464 -0.02362596 -0.05291831 -0.07243418 -0.02362596 -0.08562469 -0.02766478 -0.02362596 -0.08562463 0.02767318 -0.02362596 -0.05291837 0.07244271</float_array>
          <technique_common>
            <accessor source="#Circle_023-mesh-positions-array" count="803" stride="3">
              <param name="X" type="float"/>
              <param name="Y" type="float"/>
              <param name="Z" type="float"/>
            </accessor>
          </technique_common>
        </source>
        <source id="Circle_023-mesh-normals">
          <float_array id="Circle_023-mesh-normals-array" count="2394">0.944623 0.1276303 0.3023208 0.9824414 0.1078241 0.1522599 0.978664 0.07284969 0.1921193 0.9824577 -0.1108438 0.1499688 0.9446932 -0.1712741 0.2796785 0.9773074 -0.1011702 0.1861044 0.8161106 0.1195432 -0.5653963 0.776782 0 0.6297696 0.7768089 -0.130226 0.6161245 0.8162062 -0.2339909 -0.5282573 0.776826 0.3687894 0.5104272 0.7768183 0.2549312 0.5758154 0.8162062 0.2339909 -0.5282573 0.7768047 -0.2549267 0.5758359 0.8161106 -0.1195432 -0.5653963 0.7768089 0.130226 0.6161245 0.8163952 0.3382775 -0.4680463 0.7768347 -0.368763 0.510433 0.8160797 0 -0.5779395 0.9412903 0 -0.3375986 0.7399758 -0.1391078 -0.658092 0.7399387 0 -0.6726743 0.7402505 -0.2725697 -0.6146017 0.9440711 -0.1957786 -0.2653312 0.742163 -0.3925364 -0.5432397 0.946116 0.127691 -0.2975897 0.7399609 0.139105 -0.6581093 0.7439407 0.2725381 -0.6101436 0.941478 -0.1409363 -0.3061963 0.9440593 0.1905941 -0.2691209 0.742163 0.3925364 -0.5432397 0.9918079 0.04171949 0.1207333 0.9448329 0.1967855 0.2618517 0.9916818 0.01413023 0.1279353 0.946984 0.04550427 0.3180419 0.9448302 -0.1867442 0.2691144 0.9918462 -0.07785469 0.1008967 0.9759848 -0.1184158 0.1828426 0.8685711 -0.1071217 0.4838484 0.9478309 -0.02719247 0.317612 0.7272757 -0.2179386 0.6508248 0.9998287 0.01388603 0.01223802 0.9915703 -0.009125232 0.129249 0.9941793 -0.0310986 0.1031534 0.9996998 -0.01919621 0.0152288 0.9999857 -0.004120051 0.003418087 0.9998893 -0.003967404 0.01434385 0.9922009 -0.003204464 0.1246088 0.9996688 0.02023386 0.01590019 0.9998835 -0.009399712 0.01202434 0.9918383 0.07132297 0.1056874 0.9999998 7.01947e-4 3.35714e-4 0.9999856 0.001953184 0.005005061 0.8163952 -0.3382775 -0.4680463 0.6977832 0.1436827 -0.7017506 0.9413691 0.06985872 -0.3300667 0.7671026 0.5869777 -0.2588647 0.8498368 0.1969707 -0.488856 0.950104 0.1379483 -0.2797726 0.846957 0.3050046 -0.4354723 0.7024859 -0.2916393 -0.6491997 0.7369382 -0.3632046 -0.5700917 0.8152105 -0.3411182 -0.4680494 0.9410384 -0.06924873 -0.3311366 0.6871415 -0.1438679 -0.7121368 0.9465771 0.1852502 -0.2639588 0.9500818 -0.1248525 -0.2859309 0.9465787 -0.1924225 -0.258771 0.9817053 -0.06946128 0.177285 0.8367825 -0.379601 -0.3945861 0.9048707 -0.4187877 0.07632911 0.9555609 -0.2267893 0.1883349 0.9263017 -0.01071202 0.3766305 0.9171597 -0.007080376 0.3984572 0.901951 0.1778632 0.3935087 0.8702943 -0.04425323 0.49054 0.752076 -0.1354121 0.6450158 0.8872742 0.04980671 0.4585455 0.3223402 0.1685556 0.9314966 0.8694362 0.4410051 0.2226999 0.8453039 -0.2632934 -0.4649065 0.837665 0.3775551 0.3946764 0.8142419 0.3280772 0.4789317 0.7200161 0.264482 -0.6415809 0.7221342 0.573447 -0.386886 0.6978292 0.4072222 -0.5892407 0.2762927 0.7520301 0.5984256 0.75678 -0.004181087 -0.6536563 0.7036427 0.004455745 -0.71054 0.787669 -0.1238772 -0.6035164 0.5231602 0.8200205 -0.2320985 0.2456496 -0.2482438 0.9370333 0.2288052 -0.3856453 0.8938266 0.8469977 -0.3177652 -0.4261692 0.7686009 0.285326 -0.5725747 0.7421979 0.1097167 -0.6611388 -0.5055454 -0.3494107 0.7888827 0.2309728 -0.5699242 0.7885671 0.2307829 -0.3940277 0.8896525 -0.5056791 0.5053739 0.6992038 0.2307891 0.3940384 0.889646 0.2309688 0.5699448 0.7885534 -0.5054557 0.1785056 0.8441862 0.2306649 0.2012748 0.9519886 0.2306329 0 0.9730409 -0.5054054 0 0.862882 0.2306649 -0.2012748 0.9519886 -0.999998 -7.01946e-4 0.001922667 -0.5465377 0.4903824 -0.6788384 -0.9999979 -0.001098692 0.001800596 -0.5465359 -0.4904723 -0.6787751 -0.999998 7.01946e-4 0.001922667 -0.9999979 0.001098692 0.001800596 -0.5443777 -0.3407816 -0.7664991 -0.999998 3.35713e-4 0.001983702 -0.545162 -0.1709372 -0.8207185 -0.999998 0 0.002014279 -0.5485438 -3.35706e-4 -0.8361218 -0.999998 -3.35713e-4 0.001983702 -0.547662 0.172615 -0.8187004 0.5210849 0.00778234 -0.8534694 -0.08539313 0.1828414 -0.9794269 -0.1093205 0.03363239 -0.9934374 0.5631471 0.1525368 -0.8121563 -0.113685 0.8909238 -0.4396938 -0.1618128 -0.9719145 -0.170877 0.9411589 -0.2579199 0.2183972 -0.1232047 0.2171418 0.9683337 -0.07101726 0.7733163 0.6300305 -0.1263186 -0.3960466 0.9095003 0.1414554 -0.375719 0.9158743 -0.1389226 -0.2479673 0.9587559 -0.08701008 0.01751798 -0.9960535 -0.7914009 -0.2953371 -0.5352203 -0.7865092 -0.3320484 -0.5207179 -0.547882 0.3383977 -0.7650572 -0.7869769 0.3893988 -0.478577 -0.5051231 0.3277761 -0.7983819 -0.9773273 0.01718193 -0.211036 -0.7215756 -0.1642872 -0.6725611 -0.9366791 -0.04333788 0.3474969 -0.6109751 0.4936571 0.6188797 -0.07794606 -0.4037387 0.911548 -0.07788431 0 0.9969625 -0.07791543 0.2062485 0.9753927 -0.07794606 0.4037387 0.911548 -0.1982852 -0.2027105 0.9589533 -0.07791543 -0.2062485 0.9753927 -0.198252 0 0.9801512 -0.1982852 0.2027105 0.9589533 -0.1984062 0.3968124 0.8962003 -0.198587 0.5740011 0.7944092 -0.07800644 0.5840106 0.8079892 -0.198587 -0.5740011 0.7944092 -0.07800644 -0.5840106 0.8079892 0.2377427 -0.2008758 0.9503301 -0.1984062 -0.3968124 0.8962003 0.2376854 0 0.9713422 0.2377427 0.2008758 0.9503301 0.2378655 0.393238 0.888135 0.2380819 0.5688208 0.7872483 0.2378655 -0.393238 0.888135 0.2380819 -0.5688208 0.7872483 -0.5054557 -0.1785056 0.8441862 -0.5055454 0.3494107 0.7888827 -0.5056791 -0.5053739 0.6992038 0.01937967 -0.5859688 0.8101019 -0.5819761 -0.03412073 0.8124898 0.01934921 0 0.9998129 0.01937967 0.5859688 0.8101019 -0.8789092 -0.2384124 0.4131322 -0.8765163 -0.1713967 0.449825 -0.9325831 -0.009460985 0.3608316 -0.6106045 -0.4327365 0.6632506 0.1387077 0 0.9903334 0.6996206 0.5476047 0.4589772 0.09833455 0.7051889 0.7021675 1.22078e-4 0.9999997 9.15583e-4 0.549159 0.5480909 -0.6308889 -0.09821116 0.7061561 -0.7012119 -0.1387077 0 -0.9903334 0.5491696 -0.5481014 -0.6308705 -0.09821116 -0.7061561 -0.7012119 1.22078e-4 -0.9999997 9.15583e-4 0.5185831 0 -0.8550273 0.6240645 0.7766625 -0.08566844 0.6995933 -0.5476378 0.4589794 0.09833246 -0.7052043 0.7021523 0.9451059 0.3255134 -0.02856558 0.9825812 0.1772528 -0.05581873 0.9788564 0.2042921 -0.01025426 0.9447211 0.2118335 0.2502572 0.9773407 0.1449958 0.1542125 0.8166107 -0.4992077 -0.2897218 0.7769034 0.5984866 0.1955381 0.7768874 0.544517 0.3161445 0.8167941 -0.5737366 0.06061178 0.7769034 0.5984866 -0.1955381 0.7769137 0.626121 -0.06616443 0.8164852 -0.4280649 -0.3874436 0.7768653 0.46676 0.4226294 0.8167941 -0.5737366 -0.06061178 0.7769016 0.6261358 0.06616604 0.740539 -0.6387892 -0.2086876 0.9416313 -0.3347012 -0.03613442 0.7406092 -0.6682177 -0.07059085 0.7407919 -0.6679732 0.07098758 0.9444305 -0.311453 0.1051096 0.7425314 -0.636691 0.2080187 0.9463703 -0.2420479 -0.2140007 0.7404347 -0.5812753 -0.3374546 0.7441791 -0.4937084 -0.4499439 0.9419899 -0.3332336 0.04013204 0.9918809 0.1271438 -0.00262463 0.9451799 0.3084271 -0.107275 0.9917573 0.1254651 0.02600246 0.9474524 0.3151766 0.05475223 0.9760049 0.1364209 0.1697174 0.8692812 0.4252254 0.2520589 0.9482759 0.2921246 0.1242414 0.728073 0.5492592 0.4101514 0.9998293 0.01586979 -0.009460806 0.9916391 0.1194838 0.04873961 0.9942131 0.08795535 0.06167858 0.9996978 0.008484125 0.02307206 0.9998895 0.01236009 0.008270561 0.9922652 0.1169489 0.04162794 0.999669 0.02130198 -0.01443529 0.9998838 0.008453667 0.01269572 0.9918904 0.122014 -0.03558486 0.9999856 0.005371332 -3.35709e-4 0.8167209 -0.5485193 -0.179147 0.8168106 -0.5483959 0.179116 0.6992031 -0.6204321 -0.3552171 0.9418311 -0.3194779 -0.104346 0.9417965 -0.2906967 -0.1688635 0.7661814 -0.06424266 -0.6394051 0.850628 -0.4015701 -0.3393722 0.9502453 -0.2222406 -0.2182732 0.7044739 -0.7053589 0.07864785 0.7385588 -0.652007 0.1715165 0.8160555 -0.548676 0.1816813 0.7053009 -0.6724927 -0.2242863 0.950468 -0.3092843 0.03088569 0.9469151 -0.3041835 0.1040395 0.9817767 0.1462792 0.1213144 0.837539 -0.4901692 0.2413765 0.9042794 -0.05679589 0.4231466 0.9555202 0.107488 0.2746407 0.9268431 0.3533534 0.1268996 0.9180828 0.3745028 0.1298903 0.9026672 0.4276049 -0.04843401 0.8715074 0.4504639 0.1937971 0.7532975 0.5693907 0.3291461 0.8883598 0.4494292 0.09396934 0.6891868 -0.7198587 -0.08261573 0.3246284 0.9373236 0.126653 0.8695594 0.3457545 -0.3525909 0.8465304 -0.5212306 0.1081891 0.8385884 0.4897183 -0.2386331 0.8155333 0.5544113 -0.1659327 0.721027 -0.525579 -0.4515383 0.7220031 -0.1885808 -0.6656944 0.6981032 -0.4313932 -0.5714473 0.2773002 0.7983291 -0.5345796 0.7580051 -0.6213402 -0.1984052 0.7888956 -0.6107539 -0.06799715 0.5203001 0.031771 -0.8533924 0.2464402 0.8122 0.5287708 0.2296893 0.7277666 0.6462187 0.8479108 -0.501428 0.1720969 0.7690608 -0.4533976 -0.4505288 0.743172 -0.5928041 -0.3102883 -0.5058322 0.6395691 0.5788656 0.2311847 0.7213268 0.6528717 -0.5060938 0.819858 -0.2677722 0.2316383 0.9674178 -0.1022077 0.2315453 0.9247468 -0.3020434 -0.5061543 0.8576698 -0.09061032 0.2316383 0.9674178 0.1022077 -0.5061543 0.8576698 0.09061032 0.2315474 0.9247553 0.3020157 -0.5060938 0.819858 0.2677722 0.231397 0.841416 0.4883387 -0.5059809 0.7460158 0.4329479 -0.9999976 0.00149542 0.001586973 -0.5473678 -0.7954915 0.2599653 -0.9999974 0.002288937 -2.74674e-4 -0.9999974 0.002136349 -7.93503e-4 -0.5455598 -0.8332942 0.08935999 -0.9999974 0.002288937 2.74674e-4 -0.5498383 -0.7940854 -0.259049 -0.9999974 0.002136349 7.93503e-4 -0.9999976 0.001831114 0.00125128 -0.5486816 -0.7232232 -0.4194005 0.5216366 -0.8085489 -0.2722936 -0.08600187 -0.8732947 -0.4795415 -0.1099286 -0.9337525 -0.3406201 0.5636001 -0.7234907 -0.3986431 -0.1132881 -0.1434413 -0.9831532 -0.1616304 -0.4665187 0.8696182 0.9407828 0.1262576 0.3146217 -0.1228686 0.988168 0.09180051 -0.06997978 0.8355462 -0.5449453 -0.1262581 0.7394818 0.6612304 0.1419439 0.751836 0.6438902 -0.1388628 0.8330854 0.5354306 -0.5465155 -0.8325456 -0.09049075 -0.08740633 -0.9412664 -0.3261563 -0.7907472 -0.6007665 0.1174676 -0.78654 -0.5969855 0.1579977 -0.5484373 -0.6200668 -0.5610114 -0.5032591 -0.6562816 -0.5621609 -0.9776281 -0.1938897 -0.08154785 -0.7203717 -0.6916838 -0.05136352 -0.9373048 0.3151715 0.1487504 -0.6113911 0.7396329 -0.281326 -0.07812964 0.8622643 0.5003959 -0.07819008 0.9476811 0.3094949 -0.07822114 0.9914217 0.1047119 -0.07822084 0.9914185 -0.1047421 -0.1990169 0.8475232 0.4920334 -0.07806771 0.7391715 0.6689777 -0.1992564 0.9745225 0.10297 -0.1992564 0.9745225 -0.10297 -0.07815974 0.9476833 -0.3094956 0.2385392 0.8398618 0.487577 -0.1988007 0.7265048 0.6577759 0.2387178 0.9230707 0.3015865 -0.1991688 0.9315096 0.3043383 0.2388126 0.9656879 -0.1020561 0.2387178 0.9230707 -0.3015865 -0.1991688 0.9315096 -0.3043383 0.2383238 0.7199463 0.6518276 0.2388126 0.9656879 0.1020561 -0.5832556 0.7608478 0.284471 0.01944041 0.950475 0.3101923 0.01947093 0.9504745 -0.3101921 -0.8791126 0.3174022 0.3555515 -0.8769603 0.3725135 0.3036019 -0.9333252 0.3380259 0.1210069 0.9448031 0.07336735 -0.3193189 0.9821253 0.002685606 -0.1882094 0.9787433 0.05331659 -0.1980376 0.9450812 0.3019853 -0.1250057 0.9774733 0.1905322 -0.09079498 0.8164852 -0.4280649 0.3874436 0.7768347 0.368763 -0.510433 0.7768653 0.46676 -0.4226294 0.7767942 0.1302236 -0.6161434 0.8161432 0 0.5778497 0.7767941 0 -0.6297547 0.8166281 -0.4991997 0.2896866 0.7768949 0.5445222 -0.3161171 0.8161829 -0.2339929 0.5282924 0.7768183 0.2549312 -0.5758154 0.816323 -0.338334 0.4681314 0.9414975 -0.1974245 0.2731411 0.7400564 -0.272291 0.6149588 0.7401678 -0.3938283 0.5450238 0.7401757 -0.138678 0.6579577 0.9438354 0.003204464 0.3304004 0.7419117 0 0.6704977 0.9464721 -0.27727 0.1652633 0.7403121 -0.4983533 0.4512007 0.744329 -0.5786411 0.33339 0.9413863 -0.06500524 0.3310081 0.9918255 0.03674441 -0.1221966 0.9452484 -0.002227902 -0.3263444 0.9917173 0.06329655 -0.1117608 0.9472759 0.1489322 -0.2837036 0.9761536 0.2026163 -0.07791525 0.8694139 0.3695932 -0.3279033 0.9481808 0.2075023 -0.240616 0.7288014 0.5572828 -0.3978499 0.9998275 -0.004058957 -0.01812815 0.9916142 0.08291935 -0.09912478 0.9942082 0.08551341 -0.06509637 0.9997015 0.02441495 -9.76599e-4 0.9998897 0.01162767 -0.009247183 0.9922399 0.07538241 -0.09888213 0.9996663 -0.007080256 -0.02484208 0.9998841 0.01464897 -0.004150509 0.9918864 0.004455685 -0.1270491 0.9999856 0.001312315 -0.005218744 0.8161136 -0.1195131 0.5653984 0.698765 -0.5273698 0.4833307 0.941677 -0.2495878 0.2257217 0.7676234 -0.6260135 -0.1373372 0.8508145 -0.4452753 0.2790066 0.9504207 -0.2751587 0.1448734 0.7022498 -0.1435629 0.6973056 0.7366869 -0.03970623 0.6750674 0.8145819 0.002410948 0.5800436 0.9411215 -0.1376112 0.3087936 0.7042728 -0.4193713 0.5728244 0.9500303 -0.06628757 0.3050388 0.946758 0.001159667 0.3219441 0.9818236 0.1598275 -0.1023604 0.8363465 0.07623678 0.5428745 0.9046962 0.3835589 0.1854926 0.9557207 0.2937205 -0.01806759 0.9268266 0.2285861 -0.2978944 0.9177195 0.2388451 -0.3174021 0.9021691 0.08588016 -0.4227477 0.8712679 0.322529 -0.3699562 0.7537147 0.4868199 -0.4414981 0.8880872 0.2274314 -0.3994699 0.6874197 -0.3000366 0.6613867 0.3245409 0.4080108 -0.8533466 0.8692737 -0.2263902 -0.4394436 0.8449974 -0.05878078 0.5315302 0.8380011 -0.07449775 -0.5405592 0.8148258 0.0144965 -0.5795246 0.7212628 -0.5899078 0.3630272 0.72266 -0.6907066 -0.02621579 0.6989556 -0.6750589 0.2361286 0.2771118 -0.2591057 -0.9252424 0.7572069 -0.379168 0.5318546 0.7878286 -0.2526704 0.5616796 0.5232304 -0.799434 -0.2951869 0.247358 0.7506804 -0.6126117 0.2303581 0.8371389 -0.4961184 0.8459028 0.006805777 0.5332939 0.7689672 -0.5672338 0.2948481 0.7428353 -0.4760982 0.4706658 -0.5059809 0.7460158 -0.4329479 0.231397 0.841416 -0.4883387 -0.5054054 0 -0.862882 0.2306649 0.2012748 -0.9519886 0.2306329 0 -0.9730409 -0.505433 0.1785084 -0.8441991 0.2307829 0.3940277 -0.8896525 -0.5055454 0.3494107 -0.7888827 0.2309728 0.5699242 -0.7885671 -0.5056791 0.5053739 -0.6992038 0.2311847 0.7213268 -0.6528717 -0.5058322 0.6395691 -0.5788656 -0.9999976 0.001831114 -0.00125128 -0.54605 3.05192e-5 0.8377526 -0.999998 3.35713e-4 -0.001983702 -0.999998 0 -0.002014279 -0.5441916 -0.172221 0.8210942 -0.999998 7.01946e-4 -0.001922667 -0.5453442 -0.3415993 0.7654473 -0.9999979 0.001098692 -0.001800596 -0.5484025 -0.6196041 0.5615563 -0.9999976 0.00149542 -0.001586973 0.5212351 -0.5060366 0.6871978 -0.08578956 -0.7225735 0.6859503 -0.1095046 -0.6092339 0.7853935 0.5634714 -0.59985 0.5680493 -0.1138043 -0.9793464 -0.1671206 -0.1611126 0.6868422 0.7087247 0.9411025 0.3372721 -0.02395784 -0.1213154 0.3912308 -0.9122615 -0.0690959 -0.2572786 -0.9638639 -0.1254956 0.8550611 -0.5031117 0.1430739 0.8419941 -0.5201691 -0.1378872 0.7636901 -0.630686 -0.08716374 -0.5976334 0.7970175 -0.5490396 -0.4891915 0.6776778 -0.7913357 -0.07358205 0.6069379 -0.7869371 -0.03570741 0.6159992 -0.5487077 -0.7228512 0.4200075 -0.505491 -0.7340499 0.4534861 -0.9773766 -0.1374278 0.160775 -0.7209759 -0.2606915 0.6420543 -0.9369364 0.2385983 -0.2553839 -0.6103499 -0.03766041 -0.7912362 -0.07812964 0.8622643 -0.5003959 -0.07806771 0.7391715 -0.6689777 -0.07800644 0.5840106 -0.8079892 -0.07791543 0.2062485 -0.9753927 -0.07788431 0 -0.9969625 -0.1988007 0.7265048 -0.6577759 -0.07794606 0.4037387 -0.911548 -0.198587 0.5740011 -0.7944092 -0.1982852 0.2027105 -0.9589533 -0.198252 0 -0.9801512 0.2383238 0.7199463 -0.6518276 -0.1990169 0.8475232 -0.4920334 0.2380819 0.5688208 -0.7872483 0.2378655 0.393238 -0.888135 -0.1984062 0.3968124 -0.8962003 0.2377427 0.2008758 -0.9503301 0.2385392 0.8398618 -0.487577 0.2376854 0 -0.9713422 0.01937967 0.5859688 -0.8101019 -0.5826795 0.5032982 -0.6381031 0.01934921 0 -0.9998129 -0.8795037 0.4348077 -0.193431 -0.8771964 0.401747 -0.2629178 -0.9328336 0.218361 -0.2866008 0.9450876 -0.2797388 -0.1689847 0.9825962 -0.1759737 -0.05948191 0.9788636 -0.1709975 -0.1121875 0.9447093 -0.02121055 -0.3272225 0.9778158 -0.02587974 -0.2078621 0.8161829 0.2339929 0.5282924 0.776826 -0.3687894 -0.5104272 0.7768183 -0.2549312 -0.5758154 0.8166281 0.4991997 0.2896866 0.7769034 -0.5984866 -0.1955381 0.7768949 -0.5445222 -0.3161171 0.7767942 -0.1302236 -0.6161434 0.8164744 0.4280898 0.3874385 0.7768653 -0.46676 -0.4226294 0.816323 0.338334 0.4681314 0.7401816 0.3938195 0.5450115 0.9413549 0.2496444 0.2269994 0.7403008 0.4983762 0.4511938 0.7406455 0.5812731 0.3369956 0.9444335 0.3134582 0.0989418 0.7425361 0.636695 0.2079895 0.9460396 0.0707134 0.3162418 0.7400426 0.2722971 0.6149727 0.7438542 0.1360869 0.6543403 0.9418482 0.2930744 0.1644061 0.9918639 -0.1043136 -0.07297062 0.945235 -0.312118 -0.09546345 0.9916923 -0.08655256 -0.09515899 0.9473989 -0.222544 -0.2300211 0.9763724 -0.009338855 -0.2158933 0.8708046 -0.1958112 -0.4509518 0.9482493 -0.1637027 -0.272075 0.729018 -0.207288 -0.6523531 0.994185 -0.034639 -0.1019638 0.9997952 -0.02023392 3.96744e-4 0.9914031 -0.06878936 -0.111302 0.9997934 0.003357052 -0.02005076 0.9920811 -0.07117027 -0.1034899 0.9998829 5.79855e-4 -0.01528984 0.9918939 -0.1194508 -0.04333674 0.9998751 -0.01464927 -0.005951225 0.9999857 -0.00451678 -0.002899289 0.999972 -0.005890071 -0.004638791 0.8161136 0.1195131 0.5653984 0.8168004 0.5484096 0.1791204 0.6980433 0.2940254 0.6529049 0.9414975 0.1974245 0.2731411 0.941435 0.1364832 0.3083385 0.7637082 -0.3164518 0.5626794 0.8471695 0.1278734 0.5157055 0.9479303 0.05130296 0.3143185 0.7038585 0.6163607 0.3531042 0.7381281 0.6280163 0.2465005 0.8161221 0.5500225 0.1772572 0.7042616 0.4122231 0.5780035 0.9503698 0.2682338 0.1576319 0.946931 0.3069049 0.09555679 0.9821416 -0.04715228 -0.1821392 0.8375757 0.5380883 0.0944882 0.9046468 0.2939599 -0.308548 0.9555076 0.07361328 -0.2856329 0.9267281 -0.2110736 -0.3108423 0.9194581 -0.2245312 -0.3227732 0.9029569 -0.3748917 -0.2100602 0.8712317 -0.250349 -0.4222332 0.7532786 -0.2670443 -0.6010481 0.8882941 -0.30797 -0.3407172 0.6882395 0.5334153 0.4917261 0.3237804 -0.6831771 -0.6545498 0.8705222 -0.4850986 0.08288943 0.846323 0.4849168 0.2204388 0.8386608 -0.5364012 -0.09445613 0.8157197 -0.5452882 -0.1930345 0.7197342 0.1612329 0.6752678 0.7205373 -0.2242885 0.6561409 0.6949227 0.01837253 0.7188498 0.2770221 -0.9601012 -0.03827095 0.7572961 0.3860031 0.5267868 0.7883698 0.4537277 0.4154567 0.5333516 -0.5134836 0.6722133 0.2445543 -0.3569278 -0.9015519 0.2304495 -0.2098796 -0.9501808 0.847954 0.5062881 0.1569923 0.7655217 0.1133801 0.6333416 0.7420505 0.2989687 0.5999823 -0.5054557 -0.1785056 -0.8441862 0.2306649 -0.2012748 -0.9519886 -0.5060938 -0.819858 -0.2677722 0.231397 -0.841416 -0.4883387 0.2315474 -0.9247553 -0.3020157 -0.5059809 -0.7460158 -0.4329479 0.2311847 -0.7213268 -0.6528717 -0.5058322 -0.6395691 -0.5788656 0.2309688 -0.5699448 -0.7885534 -0.5056791 -0.5053739 -0.6992038 0.2307829 -0.3940277 -0.8896525 -0.5055454 -0.3494107 -0.7888827 -0.999998 -3.35713e-4 -0.001983702 -0.5473542 0.7955328 0.2598673 -0.9999976 -0.001831114 -0.00125128 -0.9999974 -0.002136349 -7.93503e-4 -0.5452252 0.7256241 0.4197608 -0.9999976 -0.00149542 -0.001586973 -0.5458934 0.6194137 0.5642048 -0.9999979 -0.001098692 -0.001800596 -0.5478512 0.3390689 0.7647821 -0.999998 -7.01946e-4 -0.001922667 0.5213313 0.493467 0.696207 -0.08554506 0.4250091 0.9011378 -0.1095632 0.5545611 0.8248987 0.5634778 0.3556719 0.7456476 -0.1062065 -0.4670647 0.8778216 -0.1605923 0.8886596 -0.4295279 0.9410477 0.08194297 -0.3281993 -0.1290352 -0.7420746 -0.6577806 -0.07535177 -0.995352 -0.05997014 -0.124945 -0.220317 -0.967393 0.1419133 -0.2421987 -0.9597919 -0.1428 -0.3713595 -0.9174423 -0.08716291 0.5690922 0.8176409 -0.5490427 0.4897741 0.6772543 -0.7910371 0.5539 0.2597216 -0.7862622 0.575345 0.2253221 -0.5476989 0.1733189 0.818527 -0.5037527 0.2016414 0.8399845 -0.9774943 0.1091666 0.1805201 -0.7211981 0.5278288 0.4486315 -0.9369077 -0.1681606 -0.3064734 -0.6116336 -0.7628864 -0.2095443 -0.07791543 -0.2062485 -0.9753927 -0.07800644 -0.5840106 -0.8079892 -0.07806771 -0.7391715 -0.6689777 -0.07812964 -0.8622643 -0.5003959 -0.1984062 -0.3968124 -0.8962003 -0.07794606 -0.4037387 -0.911548 -0.198587 -0.5740011 -0.7944092 -0.1990169 -0.8475232 -0.4920334 -0.1991688 -0.9315096 -0.3043383 -0.07819008 -0.9476811 -0.3094949 0.2377427 -0.2008758 -0.9503301 -0.1982852 -0.2027105 -0.9589533 0.2380819 -0.5688208 -0.7872483 0.2383238 -0.7199463 -0.6518276 -0.1988007 -0.7265048 -0.6577759 0.2385392 -0.8398618 -0.487577 0.2387178 -0.9230707 -0.3015865 0.2378655 -0.393238 -0.888135 0.01937967 -0.5859688 -0.8101019 -0.5823454 -0.4480895 -0.6782992 0.01944041 -0.950475 -0.3101923 -0.8786674 -0.04879957 -0.4749339 -0.876385 -0.1238462 -0.4654155 -0.9328848 -0.2027094 -0.2977162 0.944864 -0.2465924 0.2154631 0.9787583 -0.1593419 0.1290056 0.9451416 -0.3173971 -0.07724344 0.9775161 -0.2072224 -0.03900295 0.8167798 0.5737571 -0.06061071 0.7769034 -0.5984866 0.1955381 0.7769016 -0.6261358 0.06616604 0.7768653 -0.46676 0.4226294 0.7769016 -0.6261358 -0.06616604 0.8166209 0.4991953 -0.2897146 0.7768874 -0.544517 0.3161445 0.8167346 0.548498 -0.1791499 0.9418249 0.3195063 -0.1043149 0.7404485 0.5812621 -0.337447 0.740539 0.6387892 -0.2086876 0.7405255 0.4979259 -0.4513226 0.9466331 0.3209055 0.03009152 0.7405804 0.6682498 -0.07059103 0.7444607 0.6637368 0.07233107 0.9417007 0.2461374 -0.2293823 0.9918539 -0.1012638 0.07727539 0.9917137 -0.1168265 0.05343866 0.9474058 -0.28688 0.1418529 0.9761834 -0.2094219 -0.05664336 0.8697271 -0.491293 0.04696851 0.9483585 -0.3088864 0.07214772 0.7291929 -0.6842688 -0.007355093 0.9941557 -0.1079456 0.001525938 0.9997927 -0.005859553 0.01950144 0.9914212 -0.1268994 0.03131282 0.9997951 -0.01794499 -0.009369254 0.999874 -0.0101934 0.01217716 0.9921149 -0.1200011 0.03616511 0.9998843 -0.0142827 -0.005249202 0.9999718 -0.006225764 0.004211544 0.8167941 0.5737366 0.06061178 0.8164852 0.4280649 -0.3874436 0.9419409 0.3339398 -0.03509694 0.7053235 0.6752012 -0.2159215 0.7671054 0.4252269 0.480345 0.8512892 0.5233656 0.03735488 0.9505082 0.3073854 0.04525935 0.703478 0.524236 -0.479891 0.7376282 0.4269997 -0.5230449 0.8150863 0.3373634 -0.4709781 0.9414803 0.2919141 -0.1685258 0.6886907 0.6303079 -0.3583535 0.9502537 0.232131 -0.2076849 0.9818663 -0.1892195 -0.01159727 0.8367411 0.2554445 -0.484368 0.9043421 -0.2015176 -0.3762395 0.9556881 -0.2476658 -0.1591287 0.9270011 -0.359734 0.1061165 0.9179891 -0.3793545 0.1156985 0.9021357 -0.3177922 0.2918207 0.8717257 -0.4777202 0.1089848 0.7541912 -0.6529284 0.06985849 0.8883376 -0.4183804 0.1892462 0.3242004 -0.8319709 0.4502427 0.8688727 -0.07467967 0.4893703 0.8456795 0.3584448 -0.3954032 0.8377577 -0.2570039 0.4817793 0.814738 -0.3518548 0.460869 0.7218946 0.6898192 0.05493402 0.72249 0.542394 0.428739 0.6991749 0.6840371 0.2079609 0.2751896 -0.3333588 0.9017443 0.6996443 0.7100818 -0.07925742 0.7579382 0.6187413 -0.2066133 0.7885552 0.5336282 -0.3056498 0.5210307 0.4735422 0.7101302 0.2475372 -0.9674736 0.05215644 0.2308469 -0.9684951 -0.09341913 0.7692447 0.6315406 0.09705209 0.7434446 0.6613788 -0.09933954 -0.5061543 -0.8576698 -0.09061032 0.2316383 -0.9674178 -0.1022077 0.2311847 -0.7213268 0.6528717 -0.5058322 -0.6395691 0.5788656 0.231397 -0.841416 0.4883387 -0.5059809 -0.7460158 0.4329479 0.2315453 -0.9247468 0.3020434 -0.5060938 -0.819858 0.2677722 0.2316383 -0.9674178 0.1022077 -0.5061543 -0.8576698 0.09061032 -0.9999974 -0.002288937 -2.74674e-4 -0.9999976 -0.00149542 0.001586973 -0.544925 0.6206743 -0.5637555 -0.9999975 -0.001861631 0.00125128 -0.5461726 0.7256868 -0.4184189 -0.9999974 -0.002136349 7.93503e-4 -0.5490174 0.8311408 -0.08823221 -0.9999974 -0.002288937 2.74674e-4 0.5216035 0.8133669 -0.2576125 -0.08615666 0.9880092 -0.128121 -0.1098991 0.9547882 -0.2762278 0.5637434 0.8192468 -0.1050152 -0.1139895 0.6940086 0.7108858 -0.1605313 -0.1366042 -0.9775321 0.9408563 -0.2868226 -0.1803399 -0.1227169 -0.8523955 0.5082938 -0.07059168 -0.3566209 0.9315785 -0.1254643 -0.9872038 -0.09842431 0.143288 -0.9866882 -0.07690858 -0.1383144 -0.9886189 0.05917733 -0.08743655 0.9522807 -0.2924319 -0.5498315 0.7938618 -0.2597478 -0.7909324 0.4157919 -0.4489356 -0.5490661 0.8311831 0.08752828 -0.5043378 0.8608993 0.0670517 -0.9775732 0.204878 -0.04873979 -0.7202258 0.5888705 -0.3667508 -0.9373317 -0.3422101 0.06558543 -0.07822084 -0.9914185 0.1047421 -0.07815974 -0.9476833 0.3094956 -0.07806771 -0.7391715 0.6689777 -0.07822114 -0.9914217 -0.1047119 -0.1992564 -0.9745225 0.10297 -0.1991688 -0.9315096 0.3043383 -0.1990169 -0.8475232 0.4920334 -0.07812964 -0.8622643 0.5003959 -0.1988007 -0.7265048 0.6577759 -0.1992564 -0.9745225 -0.10297 0.2388126 -0.9656879 0.1020561 0.2387178 -0.9230707 0.3015865 0.2383238 -0.7199463 0.6518276 0.2388126 -0.9656879 -0.1020561 0.2385392 -0.8398618 0.487577 0.01944041 -0.950475 0.3101923 -0.5834656 -0.7819318 0.2194328 -0.8796287 -0.4649623 -0.1003171 -0.8774777 -0.4789627 -0.02505594 -0.9332907 -0.3441892 0.1024816 -0.09088683 -0.4267225 0.8998042 -0.09213846 0.2043588 -0.9745501 0.7307914 0 0.682601 0.6240645 -0.7766625 -0.08566844 -0.09042817 0.7205569 0.6874741 -0.09247231 -0.8619459 -0.498496 -0.09042769 0.8742161 -0.4770421 -0.09238183 -0.7370713 0.6694712 -0.08932954 -0.1804902 -0.979512 -0.0921998 0.4046294 0.909821 -0.0900622 -0.9872967 -0.1308969 -0.09259593 0.99002 -0.1062381 -1 0 0 -1 0 0 -1 0 0 -1 0 0 -1 0 0 -1 0 0</float_array>
          <technique_common>
            <accessor source="#Circle_023-mesh-normals-array" count="798" stride="3">
              <param name="X" type="float"/>
              <param name="Y" type="float"/>
              <param name="Z" type="float"/>
            </accessor>
          </technique_common>
        </source>
        <source id="Circle_023-mesh-map-0">
          <float_array id="Circle_023-mesh-map-0-array" count="9012">0.6852064 0.5707011 0.6697696 0.6400238 0.7262508 0.6029357 0.8188521 0.3898782 0.7670387 0.4207484 0.8181114 0.4357052 0.9152091 0.5291234 0.8965358 0.6041451 0.9275957 0.5330051 0.7821232 0.7054525 0.7197996 0.7539862 0.7894421 0.7163469 0.9296898 0.4547458 0.9275957 0.5330051 0.9426954 0.4560436 0.8403614 0.6570467 0.7894421 0.7163469 0.8497201 0.6660402 0.9296106 0.3786628 0.9426954 0.4560436 0.9426954 0.3774967 0.8854128 0.5976009 0.8497201 0.6660402 0.8965358 0.6041451 0.8564883 0.5807963 0.8268337 0.6440939 0.8693493 0.5882726 0.7712546 0.6892368 0.7009966 0.7103364 0.7072489 0.7247498 0.8934161 0.4616608 0.8972576 0.5236659 0.9107806 0.4529682 0.8268337 0.6440939 0.7627028 0.6763278 0.7712546 0.6892368 0.8953725 0.3818987 0.9107806 0.4529682 0.9110122 0.3804041 0.6557268 0.5330634 0.6483755 0.5924764 0.6852064 0.5707011 0.6786007 0.512876 0.6852064 0.5707011 0.7133181 0.5444548 0.7670211 0.3955358 0.7188376 0.400387 0.7519894 0.4201404 0.7378089 0.4523054 0.7273551 0.5076254 0.7379501 0.5072054 0.6345153 0.4204744 0.710381 0.4612652 0.7181874 0.4313423 0.6178445 0.4555339 0.6557268 0.5330634 0.6786007 0.512876 0.6348447 0.4073142 0.7181874 0.4313423 0.7188376 0.400387 0.6258092 0.4451024 0.6786007 0.512876 0.6969162 0.4886789 0.6314485 0.4332532 0.6969162 0.4886789 0.710381 0.4612652 0.6078792 0.4640997 0.628874 0.5481494 0.6557268 0.5330634 0.6314485 0.4332532 0.5721675 0.4123567 0.6258092 0.4451024 0.6078792 0.4640997 0.5721675 0.4123567 0.5963316 0.4704077 0.6345153 0.4204744 0.5721675 0.4123567 0.6314485 0.4332532 0.6178445 0.4555339 0.5721675 0.4123567 0.6078792 0.4640997 0.6348447 0.4073142 0.5721675 0.4123567 0.6345153 0.4204744 0.6258092 0.4451024 0.5721675 0.4123567 0.6178445 0.4555339 0.8972576 0.5236659 0.8854128 0.5976009 0.9152091 0.5291234 0.9107806 0.4529682 0.9152091 0.5291234 0.9296898 0.4547458 0.9110122 0.3804041 0.9296898 0.4547458 0.9296106 0.3786628 0.7821232 0.7054525 0.7072489 0.7247498 0.7146494 0.7419012 0.8268337 0.6440939 0.7821232 0.7054525 0.8403614 0.6570467 0.8693493 0.5882726 0.8403614 0.6570467 0.8854128 0.5976009 0.8708364 0.5158993 0.8564883 0.5807963 0.8827946 0.5193376 0.8292838 0.4602228 0.8799107 0.4653498 0.8318055 0.4434315 0.8826228 0.3831359 0.8934161 0.4616608 0.8953725 0.3818987 0.7593892 0.6633267 0.7615773 0.6247963 0.7452942 0.670374 0.816189 0.6337157 0.7593892 0.6633267 0.7627028 0.6763278 0.8564883 0.5807963 0.8074014 0.6250424 0.816189 0.6337157 0.8827946 0.5193376 0.8693493 0.5882726 0.8972576 0.5236659 0.8826228 0.3831359 0.8318055 0.4434315 0.8799107 0.4653498 0.832613 0.3883789 0.8181114 0.4357052 0.8318055 0.4434315 0.7236423 0.6240083 0.6697696 0.6400238 0.6754467 0.6526483 0.7188376 0.400387 0.7265476 0.4336291 0.7519894 0.4201404 0.7410458 0.6670479 0.7574834 0.6221964 0.7403595 0.608165 0.7273551 0.5076254 0.7275306 0.5249557 0.7379501 0.5072054 0.7431645 0.4405016 0.7565339 0.4377253 0.7519894 0.4201404 0.7262508 0.6029357 0.7403595 0.608165 0.7409291 0.588128 0.7401611 0.5565404 0.7275306 0.5249557 0.7288429 0.5578944 0.8074014 0.6250424 0.7615773 0.6247963 0.7593892 0.6633267 0.7431645 0.4405016 0.7265476 0.4336291 0.7378089 0.4523054 0.7808833 0.4710934 0.7565339 0.4377253 0.7431645 0.4405016 0.7409291 0.588128 0.7288429 0.5578944 0.7262508 0.6029357 0.8156785 0.4536329 0.8318055 0.4434315 0.8181114 0.4357052 0.6754467 0.6526483 0.7191451 0.6855871 0.7236423 0.6240083 0.7265476 0.4336291 0.7431645 0.4405016 0.7519894 0.4201404 0.7288429 0.5578944 0.6852064 0.5707011 0.7262508 0.6029357 0.7265476 0.4336291 0.7181874 0.4313423 0.710381 0.4612652 0.7378089 0.4523054 0.7808833 0.4710934 0.7431645 0.4405016 0.7275306 0.5249557 0.7133181 0.5444548 0.7288429 0.5578944 0.7670387 0.4207484 0.7565339 0.4377253 0.768423 0.4393033 0.7265476 0.4336291 0.710381 0.4612652 0.7273551 0.5076254 0.6786007 0.512876 0.7133181 0.5444548 0.7275306 0.5249557 0.7670387 0.4207484 0.768423 0.4393033 0.7877451 0.4437241 0.8934161 0.4616608 0.8749718 0.4917784 0.8827946 0.5193376 0.7519894 0.4201404 0.7670387 0.4207484 0.7670211 0.3955358 0.8292838 0.4602228 0.8377216 0.4857188 0.8712863 0.4847306 0.7565339 0.4377253 0.7896051 0.4677612 0.768423 0.4393033 0.7877451 0.4437241 0.8156785 0.4536329 0.8181114 0.4357052 0.7877451 0.4437241 0.8181114 0.4357052 0.7670387 0.4207484 0.8708364 0.5158993 0.8157699 0.5563721 0.845909 0.5746212 0.845909 0.5746212 0.7834883 0.6001811 0.8074014 0.6250424 0.8156785 0.4536329 0.8186418 0.4747561 0.8292838 0.4602228 0.768423 0.4393033 0.7896051 0.4677612 0.7877451 0.4437241 0.7627028 0.6763278 0.7191451 0.6855871 0.7009966 0.7103364 0.7379501 0.5072054 0.7761078 0.4815015 0.7378089 0.4523054 0.7687277 0.5481692 0.7379501 0.5072054 0.7401611 0.5565404 0.7236423 0.6240083 0.7410458 0.6670479 0.7403595 0.608165 0.7191451 0.6855871 0.6958818 0.6985922 0.7009966 0.7103364 0.7410458 0.6670479 0.7191451 0.6855871 0.7452942 0.670374 0.7615773 0.6247963 0.7410458 0.6670479 0.7452942 0.670374 0.7452942 0.670374 0.7627028 0.6763278 0.7593892 0.6633267 0.8749718 0.4917784 0.8799107 0.4653498 0.8712863 0.4847306 0.8403781 0.4915597 0.8712863 0.4847306 0.8377216 0.4857188 0.8749718 0.4917784 0.8374551 0.5082334 0.8708364 0.5158993 0.8749718 0.4917784 0.8708364 0.5158993 0.8827946 0.5193376 0.1859018 0.8022632 0.1828235 0.7675485 0.1802796 0.8017992 0.189563 0.9646587 0.1802947 0.9311621 0.1828964 0.9653914 0.1802947 0.9311621 0.1840246 0.8983728 0.1785217 0.8985986 0.1840246 0.8983728 0.1779419 0.8664989 0.1785217 0.8985986 0.1834312 0.8665002 0.1785084 0.8343934 0.1779419 0.8664989 0.1785084 0.8343934 0.1859018 0.8022632 0.1802796 0.8017992 0.19097 0.8027106 0.2282868 0.77771 0.1954231 0.7696962 0.2282735 0.9551249 0.1909577 0.9302324 0.1954687 0.9632046 0.2246063 0.9261524 0.1889958 0.8981525 0.1909577 0.9302324 0.2225447 0.8963368 0.1883952 0.8664965 0.1889958 0.8981525 0.2218497 0.8663209 0.188973 0.8348356 0.1883952 0.8664965 0.222503 0.8363476 0.19097 0.8027106 0.188973 0.8348356 0.8770372 0.9092794 0.7830087 0.9602931 0.8894637 0.9469901 0.7906317 0.9178994 0.7155112 0.9264344 0.7830087 0.9602931 0.710381 0.4612652 0.6969162 0.4886789 0.7273551 0.5076254 0.9611892 0.8849183 0.8770372 0.9092794 0.8894637 0.9469901 0.7635682 0.5850558 0.7401611 0.5565404 0.7409291 0.588128 0.7834883 0.6001811 0.7574834 0.6221964 0.7615773 0.6247963 0.7635682 0.5850558 0.8157699 0.5563721 0.794145 0.541655 0.794145 0.541655 0.8374551 0.5082334 0.8130686 0.4999659 0.8186418 0.4747561 0.8130686 0.4999659 0.8377216 0.4857188 0.7896051 0.4677612 0.8156785 0.4536329 0.7877451 0.4437241 0.7403595 0.608165 0.7635682 0.5850558 0.7409291 0.588128 0.8374551 0.5082334 0.8377216 0.4857188 0.8130686 0.4999659 0.7275306 0.5249557 0.7401611 0.5565404 0.7379501 0.5072054 0.7373363 0.8314918 0.7505846 0.8611581 0.7584249 0.8558682 0.9611892 0.8849183 0.8997417 0.8730452 0.9409835 0.8825724 0.7182027 0.8521074 0.7498158 0.9066231 0.7505846 0.8611581 0.8997417 0.8730452 0.8380888 0.8138008 0.8310877 0.857183 0.7653141 0.8175676 0.7584249 0.8558682 0.7724147 0.8548672 0.8310877 0.857183 0.7653141 0.8175676 0.7724147 0.8548672 0.2225447 0.8963368 0.3000594 0.8653141 0.2218497 0.8663209 0.3024258 0.919511 0.2225447 0.8963368 0.2246063 0.9261524 0.3049415 0.9469262 0.2246063 0.9261524 0.2282735 0.9551249 0.2246072 0.8066505 0.3049415 0.7859138 0.2282868 0.77771 0.222503 0.8363476 0.3026505 0.8229288 0.2246072 0.8066505 0.3000594 0.8653141 0.222503 0.8363476 0.2218497 0.8663209 0.07287186 0.7031167 0.07925605 0.6818737 0.03693538 0.6829714 0.1510627 0.7075473 0.1781052 0.6994717 0.1316501 0.6964582 0.1316501 0.6964582 0.1781052 0.6994717 0.1682147 0.6291611 0.2049791 0.6852312 0.1682147 0.6291611 0.1781052 0.6994717 0.04095 0.8315995 0.04747027 0.7965385 0.04179978 0.7962794 0.04629993 0.8665924 0.04095 0.8315995 0.04072386 0.866596 0.04099673 0.9015868 0.04629993 0.8665924 0.04072386 0.866596 0.04189378 0.9368831 0.04659456 0.9014896 0.04099673 0.9015868 0.04421371 0.9728275 0.04755795 0.9366182 0.04189378 0.9368831 0.04747027 0.7965385 0.04408735 0.7602753 0.04179978 0.7962794 0.06762582 0.8320658 0.04747027 0.7965385 0.04655057 0.8316895 0.06731319 0.8665617 0.04655057 0.8316895 0.04629993 0.8665924 0.06766057 0.9010535 0.04629993 0.8665924 0.04659456 0.9014896 0.06871426 0.9355234 0.04659456 0.9014896 0.04755795 0.9366182 0.07057601 0.9695897 0.04755795 0.9366182 0.04989773 0.9721472 0.04747027 0.7965385 0.07046943 0.7635017 0.04978156 0.7609506 0.1580387 0.8337467 0.06864428 0.7975843 0.06762582 0.8320658 0.1575935 0.8665305 0.06762582 0.8320658 0.06731319 0.8665617 0.1580514 0.8993074 0.06731319 0.8665617 0.06766057 0.9010535 0.1593213 0.9323544 0.06766057 0.9010535 0.06871426 0.9355234 0.160938 0.965835 0.06871426 0.9355234 0.07057601 0.9695897 0.1592968 0.8006743 0.07046943 0.7635017 0.06864428 0.7975843 0.1580387 0.8337467 0.1802796 0.8017992 0.1592968 0.8006743 0.1575935 0.8665305 0.1785084 0.8343934 0.1580387 0.8337467 0.1785217 0.8985986 0.1575935 0.8665305 0.1580514 0.8993074 0.1593213 0.9323544 0.1785217 0.8985986 0.1580514 0.8993074 0.160938 0.965835 0.1802947 0.9311621 0.1593213 0.9323544 0.1802796 0.8017992 0.1608769 0.7671582 0.1592968 0.8006743 0.188973 0.8348356 0.1859018 0.8022632 0.1840063 0.8346223 0.1883952 0.8664965 0.1840063 0.8346223 0.1834312 0.8665002 0.1889958 0.8981525 0.1834312 0.8665002 0.1840246 0.8983728 0.1909577 0.9302324 0.1840246 0.8983728 0.1859052 0.930693 0.1954687 0.9632046 0.1859052 0.930693 0.189563 0.9646587 0.1859018 0.8022632 0.1954231 0.7696962 0.1894938 0.7682576 0.08294171 0.6034356 0.1222637 0.6400036 0.1225277 0.6151612 0.1225277 0.6151612 0.1682147 0.6291611 0.1623463 0.6043369 0.110727 0.6855128 0.1316501 0.6964582 0.1222637 0.6400036 0.1222637 0.6400036 0.0917254 0.6787347 0.110727 0.6855128 0.08438605 0.6784025 0.0917254 0.6787347 0.07648634 0.628139 0.08438605 0.6784025 0.03693538 0.6829714 0.07925605 0.6818737 0.1682147 0.6291611 0.1222637 0.6400036 0.1316501 0.6964582 0.1342595 0.1493357 0.1246098 0.1126648 0.1595181 0.1244873 0.1246098 0.1126648 0.1595181 0.08908599 0.1595181 0.1244873 0.1595181 0.08908599 0.1183139 0.0981962 0.1327205 0.06558537 0.1183139 0.0981962 0.09665381 0.06582134 0.1327205 0.06558537 0.09665381 0.06582134 0.1063035 0.1024923 0.07139551 0.09066975 0.1063035 0.1024923 0.07139551 0.126071 0.07139551 0.09066975 0.1106673 0.0965721 0.1183139 0.0981962 0.1266123 0.1035879 0.07139551 0.126071 0.1125994 0.1169608 0.09819281 0.1495717 0.1125994 0.1169608 0.1342595 0.1493357 0.09819281 0.1495717 0.4565067 0.5687922 0.38581 0.5755354 0.4385358 0.6177868 0.6697696 0.6400238 0.6244022 0.6002829 0.6259564 0.6534768 0.5671073 0.7746735 0.4900014 0.7800875 0.5672414 0.7876516 0.3583146 0.7026013 0.2928979 0.6583373 0.3502171 0.7129282 0.6423131 0.7654745 0.5672414 0.7876516 0.6450953 0.7782441 0.4223424 0.7430198 0.3502171 0.7129282 0.416683 0.7546981 0.7146494 0.7419012 0.6450953 0.7782441 0.7197996 0.7539862 0.4900014 0.7800875 0.4223424 0.7430198 0.416683 0.7546981 0.4966955 0.7493336 0.4370583 0.7128248 0.430479 0.7261539 0.3703753 0.6872544 0.3285952 0.626964 0.3168209 0.6373648 0.6245331 0.7331125 0.5667528 0.7559168 0.6381634 0.7469421 0.430479 0.7261539 0.3800081 0.6751323 0.3703753 0.6872544 0.7009966 0.7103364 0.6381634 0.7469421 0.7072489 0.7247498 0.4831911 0.5291254 0.424416 0.5404949 0.4565067 0.5687922 0.5094584 0.5446411 0.4565067 0.5687922 0.4901545 0.5874159 0.6483755 0.5924764 0.628874 0.5481494 0.6203305 0.5857823 0.5853583 0.5822342 0.5295173 0.5893853 0.5331903 0.5993314 0.5837138 0.474161 0.5683624 0.5589176 0.5992328 0.5570959 0.5452186 0.4691401 0.4831911 0.5291254 0.5094584 0.5446411 0.5963316 0.4704077 0.5992328 0.5570959 0.628874 0.5481494 0.5576007 0.4734914 0.5094584 0.5446411 0.5381302 0.5545827 0.5706128 0.4751931 0.5381302 0.5545827 0.5683624 0.5589176 0.5339926 0.4623094 0.4605454 0.5082498 0.4831911 0.5291254 0.5706128 0.4751931 0.5721675 0.4123567 0.5576007 0.4734914 0.5339926 0.4623094 0.5721675 0.4123567 0.524425 0.4532765 0.5837138 0.474161 0.5721675 0.4123567 0.5706128 0.4751931 0.5452186 0.4691401 0.5721675 0.4123567 0.5339926 0.4623094 0.5963316 0.4704077 0.5721675 0.4123567 0.5837138 0.474161 0.5576007 0.4734914 0.5721675 0.4123567 0.5452186 0.4691401 0.5667528 0.7559168 0.4927879 0.7674897 0.5671073 0.7746735 0.6381634 0.7469421 0.5671073 0.7746735 0.6423131 0.7654745 0.7072489 0.7247498 0.6423131 0.7654745 0.7146494 0.7419012 0.3583146 0.7026013 0.3168209 0.6373648 0.3027983 0.6497038 0.430479 0.7261539 0.3583146 0.7026013 0.4223424 0.7430198 0.4966955 0.7493336 0.4223424 0.7430198 0.4927879 0.7674897 0.5659776 0.7283921 0.4998316 0.7347948 0.5664016 0.7408261 0.6060906 0.6716762 0.6168534 0.7214083 0.6228387 0.6688872 0.6958818 0.6985922 0.6245331 0.7331125 0.7009966 0.7103364 0.3913472 0.6679633 0.4286637 0.6581368 0.3802894 0.6567378 0.4370583 0.7128248 0.3913472 0.6679633 0.3800081 0.6751323 0.5024352 0.7228273 0.4370583 0.7128248 0.4998316 0.7347948 0.5664016 0.7408261 0.4966955 0.7493336 0.5667528 0.7559168 0.6958818 0.6985922 0.6228387 0.6688872 0.6168534 0.7214083 0.6754467 0.6526483 0.6259564 0.6534768 0.6228387 0.6688872 0.41769 0.6218183 0.38581 0.5755354 0.3755587 0.5848361 0.628874 0.5481494 0.5996409 0.5657535 0.6203305 0.5857823 0.3821392 0.6516697 0.4298712 0.6534402 0.4379228 0.6328197 0.5295173 0.5893853 0.5130901 0.5949071 0.5331903 0.5993314 0.5982391 0.5836806 0.6050105 0.5955377 0.6203305 0.5857823 0.4385358 0.6177868 0.4379228 0.6328197 0.4571536 0.6271695 0.4869558 0.6166783 0.5130901 0.5949071 0.4821708 0.6063332 0.4425902 0.7017886 0.4286637 0.6581368 0.3913472 0.6679633 0.5982391 0.5836806 0.5996409 0.5657535 0.5853583 0.5822342 0.5807992 0.6290045 0.6050105 0.5955377 0.5982391 0.5836806 0.4571536 0.6271695 0.4821708 0.6063332 0.4385358 0.6177868 0.6081547 0.6567013 0.6228387 0.6688872 0.6259564 0.6534768 0.3755587 0.5848361 0.3577401 0.636573 0.41769 0.6218183 0.5996409 0.5657535 0.5982391 0.5836806 0.6203305 0.5857823 0.4821708 0.6063332 0.4565067 0.5687922 0.4385358 0.6177868 0.5996409 0.5657535 0.5992328 0.5570959 0.5683624 0.5589176 0.5853583 0.5822342 0.5807992 0.6290045 0.5982391 0.5836806 0.5130901 0.5949071 0.4901545 0.5874159 0.4821708 0.6063332 0.6244022 0.6002829 0.6050105 0.5955377 0.6071829 0.6073322 0.5996409 0.5657535 0.5683624 0.5589176 0.5295173 0.5893853 0.5094584 0.5446411 0.4901545 0.5874159 0.5130901 0.5949071 0.6244022 0.6002829 0.6071829 0.6073322 0.6089483 0.6270744 0.6245331 0.7331125 0.5901938 0.7248742 0.5664016 0.7408261 0.6203305 0.5857823 0.6244022 0.6002829 0.6483755 0.5924764 0.6060906 0.6716762 0.5844497 0.6875771 0.5957579 0.7191926 0.6050105 0.5955377 0.5866628 0.6362695 0.6071829 0.6073322 0.6089483 0.6270744 0.6081547 0.6567013 0.6259564 0.6534768 0.6089483 0.6270744 0.6259564 0.6534768 0.6244022 0.6002829 0.5659776 0.7283921 0.5104776 0.6885287 0.5024352 0.7228273 0.5024352 0.7228273 0.4588427 0.6713664 0.4425902 0.7017886 0.6081547 0.6567013 0.5889812 0.6660452 0.6060906 0.6716762 0.6071829 0.6073322 0.5866628 0.6362695 0.6089483 0.6270744 0.3800081 0.6751323 0.3577401 0.636573 0.3285952 0.626964 0.5331903 0.5993314 0.5694254 0.6276785 0.5853583 0.5822342 0.5037437 0.6412584 0.5331903 0.5993314 0.4869558 0.6166783 0.41769 0.6218183 0.3821392 0.6516697 0.4379228 0.6328197 0.3577401 0.636573 0.3381824 0.61847 0.3285952 0.626964 0.3821392 0.6516697 0.3577401 0.636573 0.3802894 0.6567378 0.4286637 0.6581368 0.3821392 0.6516697 0.3802894 0.6567378 0.3802894 0.6567378 0.3800081 0.6751323 0.3913472 0.6679633 0.5901938 0.7248742 0.6168534 0.7214083 0.5957579 0.7191926 0.5797156 0.6919078 0.5957579 0.7191926 0.5844497 0.6875771 0.5901938 0.7248742 0.5629558 0.694279 0.5659776 0.7283921 0.5901938 0.7248742 0.5659776 0.7283921 0.5664016 0.7408261 0.1859018 0.8022632 0.1828235 0.7675485 0.1802796 0.8017992 0.189563 0.9646587 0.1802947 0.9311621 0.1828964 0.9653914 0.1859052 0.930693 0.1785217 0.8985986 0.1802947 0.9311621 0.1840246 0.8983728 0.1779419 0.8664989 0.1785217 0.8985986 0.1834312 0.8665002 0.1785084 0.8343934 0.1779419 0.8664989 0.1840063 0.8346223 0.1802796 0.8017992 0.1785084 0.8343934 0.19097 0.8027106 0.2282868 0.77771 0.1954231 0.7696962 0.2282735 0.9551249 0.1909577 0.9302324 0.1954687 0.9632046 0.2246063 0.9261524 0.1889958 0.8981525 0.1909577 0.9302324 0.1889958 0.8981525 0.2218497 0.8663209 0.1883952 0.8664965 0.2218497 0.8663209 0.188973 0.8348356 0.1883952 0.8664965 0.222503 0.8363476 0.19097 0.8027106 0.188973 0.8348356 0.8770372 0.9092794 0.7830087 0.9602931 0.8894637 0.9469901 0.7906317 0.9178994 0.7155112 0.9264344 0.7830087 0.9602931 0.5683624 0.5589176 0.5381302 0.5545827 0.5295173 0.5893853 0.9611892 0.8849183 0.8770372 0.9092794 0.8894637 0.9469901 0.4670709 0.6477494 0.4869558 0.6166783 0.4571536 0.6271695 0.4588427 0.6713664 0.4298712 0.6534402 0.4286637 0.6581368 0.4670709 0.6477494 0.5104776 0.6885287 0.517792 0.6634171 0.517792 0.6634171 0.5629558 0.694279 0.5632846 0.6685334 0.5889812 0.6660452 0.5632846 0.6685334 0.5844497 0.6875771 0.5866628 0.6362695 0.6081547 0.6567013 0.6089483 0.6270744 0.4379228 0.6328197 0.4670709 0.6477494 0.4571536 0.6271695 0.5629558 0.694279 0.5844497 0.6875771 0.5632846 0.6685334 0.5130901 0.5949071 0.4869558 0.6166783 0.5331903 0.5993314 0.7373363 0.8314918 0.7505846 0.8611581 0.7584249 0.8558682 0.9611892 0.8849183 0.8997417 0.8730452 0.9409835 0.8825724 0.7182027 0.8521074 0.7498158 0.9066231 0.7505846 0.8611581 0.8997417 0.8730452 0.8380888 0.8138008 0.8310877 0.857183 0.7653141 0.8175676 0.7584249 0.8558682 0.7724147 0.8548672 0.8310877 0.857183 0.7653141 0.8175676 0.7724147 0.8548672 0.2225447 0.8963368 0.3000594 0.8653141 0.2218497 0.8663209 0.3024258 0.919511 0.2225447 0.8963368 0.2246063 0.9261524 0.3049415 0.9469262 0.2246063 0.9261524 0.2282735 0.9551249 0.2246072 0.8066505 0.3049415 0.7859138 0.2282868 0.77771 0.222503 0.8363476 0.3026505 0.8229288 0.2246072 0.8066505 0.3000594 0.8653141 0.222503 0.8363476 0.2218497 0.8663209 0.07287186 0.7031167 0.07925605 0.6818737 0.03693538 0.6829714 0.1510627 0.7075473 0.1781052 0.6994717 0.1316501 0.6964582 0.1316501 0.6964582 0.1781052 0.6994717 0.1682147 0.6291611 0.2049791 0.6852312 0.1682147 0.6291611 0.1781052 0.6994717 0.04655057 0.8316895 0.04179978 0.7962794 0.04095 0.8315995 0.04629993 0.8665924 0.04095 0.8315995 0.04072386 0.866596 0.04659456 0.9014896 0.04072386 0.866596 0.04099673 0.9015868 0.04755795 0.9366182 0.04099673 0.9015868 0.04189378 0.9368831 0.04421371 0.9728275 0.04755795 0.9366182 0.04189378 0.9368831 0.04179978 0.7962794 0.04978156 0.7609506 0.04408735 0.7602753 0.06762582 0.8320658 0.04747027 0.7965385 0.04655057 0.8316895 0.04629993 0.8665924 0.06762582 0.8320658 0.04655057 0.8316895 0.06766057 0.9010535 0.04629993 0.8665924 0.04659456 0.9014896 0.06871426 0.9355234 0.04659456 0.9014896 0.04755795 0.9366182 0.04989773 0.9721472 0.06871426 0.9355234 0.04755795 0.9366182 0.04747027 0.7965385 0.07046943 0.7635017 0.04978156 0.7609506 0.1580387 0.8337467 0.06864428 0.7975843 0.06762582 0.8320658 0.1575935 0.8665305 0.06762582 0.8320658 0.06731319 0.8665617 0.06766057 0.9010535 0.1575935 0.8665305 0.06731319 0.8665617 0.1593213 0.9323544 0.06766057 0.9010535 0.06871426 0.9355234 0.160938 0.965835 0.06871426 0.9355234 0.07057601 0.9695897 0.1592968 0.8006743 0.07046943 0.7635017 0.06864428 0.7975843 0.1580387 0.8337467 0.1802796 0.8017992 0.1592968 0.8006743 0.1779419 0.8664989 0.1580387 0.8337467 0.1575935 0.8665305 0.1580514 0.8993074 0.1779419 0.8664989 0.1575935 0.8665305 0.1802947 0.9311621 0.1580514 0.8993074 0.1593213 0.9323544 0.1828964 0.9653914 0.1593213 0.9323544 0.160938 0.965835 0.1802796 0.8017992 0.1608769 0.7671582 0.1592968 0.8006743 0.1840063 0.8346223 0.19097 0.8027106 0.1859018 0.8022632 0.1834312 0.8665002 0.188973 0.8348356 0.1840063 0.8346223 0.1889958 0.8981525 0.1834312 0.8665002 0.1840246 0.8983728 0.1909577 0.9302324 0.1840246 0.8983728 0.1859052 0.930693 0.189563 0.9646587 0.1909577 0.9302324 0.1859052 0.930693 0.1859018 0.8022632 0.1954231 0.7696962 0.1894938 0.7682576 0.08294171 0.6034356 0.1222637 0.6400036 0.1225277 0.6151612 0.1222637 0.6400036 0.1623463 0.6043369 0.1225277 0.6151612 0.110727 0.6855128 0.1316501 0.6964582 0.1222637 0.6400036 0.1222637 0.6400036 0.0917254 0.6787347 0.110727 0.6855128 0.08438605 0.6784025 0.0917254 0.6787347 0.07648634 0.628139 0.08438605 0.6784025 0.03693538 0.6829714 0.07925605 0.6818737 0.1682147 0.6291611 0.1222637 0.6400036 0.1316501 0.6964582 0.3876442 0.3506972 0.3593829 0.2855405 0.3354911 0.3487467 0.38581 0.5755354 0.4095829 0.5201083 0.3594746 0.5380265 0.2260226 0.5195225 0.1970362 0.4478645 0.2137213 0.5236623 0.2176985 0.2941499 0.2631808 0.229501 0.2519083 0.2227513 0.2580198 0.5882005 0.2137213 0.5236623 0.2467362 0.5947939 0.2113741 0.3720547 0.2176985 0.2941499 0.198517 0.3702821 0.3027983 0.6497038 0.2467362 0.5947939 0.2928979 0.6583373 0.2098792 0.4466199 0.198517 0.3702821 0.1970362 0.4478645 0.243152 0.4432119 0.2299309 0.3745796 0.228355 0.4447235 0.2483503 0.3053877 0.2927843 0.2470121 0.279252 0.2390266 0.2833001 0.5612879 0.2437513 0.513387 0.2743616 0.5785253 0.2299309 0.3745796 0.2628579 0.3108032 0.2483503 0.3053877 0.3285952 0.626964 0.2743616 0.5785253 0.3168209 0.6373648 0.4336172 0.3638181 0.4046408 0.3114312 0.3876442 0.3506972 0.4269781 0.3935951 0.3876442 0.3506972 0.3803299 0.3884548 0.424416 0.5404949 0.4605454 0.5082498 0.4221151 0.5117545 0.4146814 0.4773982 0.3906223 0.4265004 0.3822981 0.4330676 0.5169562 0.442436 0.4316041 0.4540283 0.4428768 0.4828246 0.5098356 0.4042735 0.4336172 0.3638181 0.4269781 0.3935951 0.524425 0.4532765 0.4428768 0.4828246 0.4605454 0.5082498 0.5095235 0.4173942 0.4269781 0.3935951 0.4263838 0.4239361 0.511926 0.4302951 0.4263838 0.4239361 0.4316041 0.4540283 0.5128629 0.3914862 0.4464736 0.3358291 0.4336172 0.3638181 0.511926 0.4302951 0.5721675 0.4123567 0.5095235 0.4173942 0.5128629 0.3914862 0.5721675 0.4123567 0.518497 0.3795954 0.5169562 0.442436 0.5721675 0.4123567 0.511926 0.4302951 0.5098356 0.4042735 0.5721675 0.4123567 0.5128629 0.3914862 0.524425 0.4532765 0.5721675 0.4123567 0.5169562 0.442436 0.5095235 0.4173942 0.5721675 0.4123567 0.5098356 0.4042735 0.2437513 0.513387 0.2098792 0.4466199 0.2260226 0.5195225 0.2743616 0.5785253 0.2260226 0.5195225 0.2580198 0.5882005 0.3168209 0.6373648 0.2580198 0.5882005 0.3027983 0.6497038 0.2300246 0.2986599 0.279252 0.2390266 0.2631808 0.229501 0.2113741 0.3720547 0.2483503 0.3053877 0.2300246 0.2986599 0.2098792 0.4466199 0.2299309 0.3745796 0.2113741 0.3720547 0.2696887 0.5041412 0.243152 0.4432119 0.2579946 0.5083881 0.3360263 0.5247588 0.2920573 0.5503664 0.3438553 0.5398246 0.3381824 0.61847 0.2833001 0.5612879 0.3285952 0.626964 0.2731818 0.3193725 0.2940624 0.3518282 0.2804413 0.3053851 0.2446423 0.3767169 0.2731818 0.3193725 0.2628579 0.3108032 0.2553388 0.4419885 0.2446423 0.3767169 0.243152 0.4432119 0.2579946 0.5083881 0.228355 0.4447235 0.2437513 0.513387 0.3381824 0.61847 0.3438553 0.5398246 0.2920573 0.5503664 0.3755587 0.5848361 0.3594746 0.5380265 0.3438553 0.5398246 0.325214 0.3301658 0.3593829 0.2855405 0.3473685 0.2786641 0.4605454 0.5082498 0.4347692 0.4858883 0.4221151 0.5117545 0.2858335 0.3055781 0.2989026 0.351525 0.3210037 0.3528098 0.3906223 0.4265004 0.3802937 0.4125835 0.3822981 0.4330676 0.4172868 0.4900953 0.4081028 0.5001996 0.4221151 0.5117545 0.3354911 0.3487467 0.3210037 0.3528098 0.3323214 0.3693541 0.3515104 0.3944563 0.3802937 0.4125835 0.3598706 0.3867081 0.2568492 0.378567 0.2940624 0.3518282 0.2731818 0.3193725 0.4172868 0.4900953 0.4347692 0.4858883 0.4146814 0.4773982 0.3687917 0.4875169 0.4081028 0.5001996 0.4172868 0.4900953 0.3323214 0.3693541 0.3598706 0.3867081 0.3354911 0.3487467 0.3509057 0.5220932 0.3438553 0.5398246 0.3594746 0.5380265 0.3473685 0.2786641 0.2926523 0.2777045 0.325214 0.3301658 0.4347692 0.4858883 0.4172868 0.4900953 0.4221151 0.5117545 0.3598706 0.3867081 0.3876442 0.3506972 0.3354911 0.3487467 0.4347692 0.4858883 0.4428768 0.4828246 0.4316041 0.4540283 0.4146814 0.4773982 0.3687917 0.4875169 0.4172868 0.4900953 0.3802937 0.4125835 0.3803299 0.3884548 0.3598706 0.3867081 0.4095829 0.5201083 0.4081028 0.5001996 0.397557 0.5059108 0.4347692 0.4858883 0.4316041 0.4540283 0.3906223 0.4265004 0.4269781 0.3935951 0.3803299 0.3884548 0.3802937 0.4125835 0.4095829 0.5201083 0.397557 0.5059108 0.3793273 0.5136912 0.2833001 0.5612879 0.28052 0.526084 0.2579946 0.5083881 0.4221151 0.5117545 0.4095829 0.5201083 0.424416 0.5404949 0.3360263 0.5247588 0.3142151 0.5090925 0.2876434 0.5296194 0.4081028 0.5001996 0.3636946 0.495339 0.397557 0.5059108 0.3793273 0.5136912 0.3509057 0.5220932 0.3594746 0.5380265 0.3793273 0.5136912 0.3594746 0.5380265 0.4095829 0.5201083 0.2696887 0.5041412 0.2904452 0.4390352 0.2553388 0.4419885 0.2553388 0.4419885 0.2908076 0.384621 0.2568492 0.378567 0.3509057 0.5220932 0.3360934 0.5067468 0.3360263 0.5247588 0.397557 0.5059108 0.3636946 0.495339 0.3793273 0.5136912 0.2628579 0.3108032 0.2926523 0.2777045 0.2927843 0.2470121 0.3822981 0.4330676 0.3665374 0.4762901 0.4146814 0.4773982 0.3333215 0.4180199 0.3822981 0.4330676 0.3515104 0.3944563 0.325214 0.3301658 0.2858335 0.3055781 0.3210037 0.3528098 0.2926523 0.2777045 0.3038271 0.2535067 0.2927843 0.2470121 0.2858335 0.3055781 0.2926523 0.2777045 0.2804413 0.3053851 0.2940624 0.3518282 0.2858335 0.3055781 0.2804413 0.3053851 0.2804413 0.3053851 0.2628579 0.3108032 0.2731818 0.3193725 0.28052 0.526084 0.2920573 0.5503664 0.2876434 0.5296194 0.3086332 0.5059288 0.2876434 0.5296194 0.3142151 0.5090925 0.28052 0.526084 0.3011975 0.4907225 0.2696887 0.5041412 0.28052 0.526084 0.2696887 0.5041412 0.2579946 0.5083881 0.1859018 0.8022632 0.1828235 0.7675485 0.1802796 0.8017992 0.189563 0.9646587 0.1802947 0.9311621 0.1828964 0.9653914 0.1859052 0.930693 0.1785217 0.8985986 0.1802947 0.9311621 0.1840246 0.8983728 0.1779419 0.8664989 0.1785217 0.8985986 0.1834312 0.8665002 0.1785084 0.8343934 0.1779419 0.8664989 0.1840063 0.8346223 0.1802796 0.8017992 0.1785084 0.8343934 0.19097 0.8027106 0.2282868 0.77771 0.1954231 0.7696962 0.2282735 0.9551249 0.1909577 0.9302324 0.1954687 0.9632046 0.2246063 0.9261524 0.1889958 0.8981525 0.1909577 0.9302324 0.2225447 0.8963368 0.1883952 0.8664965 0.1889958 0.8981525 0.1883952 0.8664965 0.222503 0.8363476 0.188973 0.8348356 0.222503 0.8363476 0.19097 0.8027106 0.188973 0.8348356 0.8770372 0.9092794 0.7830087 0.9602931 0.8894637 0.9469901 0.7906317 0.9178994 0.7155112 0.9264344 0.7830087 0.9602931 0.4316041 0.4540283 0.4263838 0.4239361 0.3906223 0.4265004 0.9611892 0.8849183 0.8770372 0.9092794 0.8894637 0.9469901 0.3158131 0.3851472 0.3515104 0.3944563 0.3323214 0.3693541 0.2908076 0.384621 0.2989026 0.351525 0.2940624 0.3518282 0.3158131 0.3851472 0.2904452 0.4390352 0.3165891 0.4382298 0.3165891 0.4382298 0.3011975 0.4907225 0.3257845 0.4830773 0.3360934 0.5067468 0.3257845 0.4830773 0.3142151 0.5090925 0.3636946 0.495339 0.3509057 0.5220932 0.3793273 0.5136912 0.3210037 0.3528098 0.3158131 0.3851472 0.3323214 0.3693541 0.3011975 0.4907225 0.3142151 0.5090925 0.3257845 0.4830773 0.3802937 0.4125835 0.3515104 0.3944563 0.3822981 0.4330676 0.7373363 0.8314918 0.7505846 0.8611581 0.7584249 0.8558682 0.9611892 0.8849183 0.8997417 0.8730452 0.9409835 0.8825724 0.7182027 0.8521074 0.7498158 0.9066231 0.7505846 0.8611581 0.8997417 0.8730452 0.8380888 0.8138008 0.8310877 0.857183 0.7653141 0.8175676 0.7584249 0.8558682 0.7724147 0.8548672 0.8310877 0.857183 0.7653141 0.8175676 0.7724147 0.8548672 0.2225447 0.8963368 0.3000594 0.8653141 0.2218497 0.8663209 0.3024258 0.919511 0.2225447 0.8963368 0.2246063 0.9261524 0.3049415 0.9469262 0.2246063 0.9261524 0.2282735 0.9551249 0.2246072 0.8066505 0.3049415 0.7859138 0.2282868 0.77771 0.222503 0.8363476 0.3026505 0.8229288 0.2246072 0.8066505 0.3000594 0.8653141 0.222503 0.8363476 0.2218497 0.8663209 0.07287186 0.7031167 0.07925605 0.6818737 0.03693538 0.6829714 0.1510627 0.7075473 0.1781052 0.6994717 0.1316501 0.6964582 0.1316501 0.6964582 0.1781052 0.6994717 0.1682147 0.6291611 0.2049791 0.6852312 0.1682147 0.6291611 0.1781052 0.6994717 0.04095 0.8315995 0.04747027 0.7965385 0.04179978 0.7962794 0.04072386 0.866596 0.04655057 0.8316895 0.04095 0.8315995 0.04099673 0.9015868 0.04629993 0.8665924 0.04072386 0.866596 0.04755795 0.9366182 0.04099673 0.9015868 0.04189378 0.9368831 0.04989773 0.9721472 0.04189378 0.9368831 0.04421371 0.9728275 0.04747027 0.7965385 0.04408735 0.7602753 0.04179978 0.7962794 0.06762582 0.8320658 0.04747027 0.7965385 0.04655057 0.8316895 0.04629993 0.8665924 0.06762582 0.8320658 0.04655057 0.8316895 0.04659456 0.9014896 0.06731319 0.8665617 0.04629993 0.8665924 0.06871426 0.9355234 0.04659456 0.9014896 0.04755795 0.9366182 0.07057601 0.9695897 0.04755795 0.9366182 0.04989773 0.9721472 0.04747027 0.7965385 0.07046943 0.7635017 0.04978156 0.7609506 0.1580387 0.8337467 0.06864428 0.7975843 0.06762582 0.8320658 0.1575935 0.8665305 0.06762582 0.8320658 0.06731319 0.8665617 0.1580514 0.8993074 0.06731319 0.8665617 0.06766057 0.9010535 0.1593213 0.9323544 0.06766057 0.9010535 0.06871426 0.9355234 0.07057601 0.9695897 0.1593213 0.9323544 0.06871426 0.9355234 0.1592968 0.8006743 0.07046943 0.7635017 0.06864428 0.7975843 0.1785084 0.8343934 0.1592968 0.8006743 0.1580387 0.8337467 0.1779419 0.8664989 0.1580387 0.8337467 0.1575935 0.8665305 0.1785217 0.8985986 0.1575935 0.8665305 0.1580514 0.8993074 0.1802947 0.9311621 0.1580514 0.8993074 0.1593213 0.9323544 0.160938 0.965835 0.1802947 0.9311621 0.1593213 0.9323544 0.1802796 0.8017992 0.1608769 0.7671582 0.1592968 0.8006743 0.1840063 0.8346223 0.19097 0.8027106 0.1859018 0.8022632 0.1834312 0.8665002 0.188973 0.8348356 0.1840063 0.8346223 0.1889958 0.8981525 0.1834312 0.8665002 0.1840246 0.8983728 0.1909577 0.9302324 0.1840246 0.8983728 0.1859052 0.930693 0.1954687 0.9632046 0.1859052 0.930693 0.189563 0.9646587 0.1859018 0.8022632 0.1954231 0.7696962 0.1894938 0.7682576 0.07648634 0.628139 0.1225277 0.6151612 0.08294171 0.6034356 0.1222637 0.6400036 0.1623463 0.6043369 0.1225277 0.6151612 0.110727 0.6855128 0.1316501 0.6964582 0.1222637 0.6400036 0.1222637 0.6400036 0.0917254 0.6787347 0.110727 0.6855128 0.08438605 0.6784025 0.0917254 0.6787347 0.07648634 0.628139 0.08438605 0.6784025 0.03693538 0.6829714 0.07925605 0.6818737 0.1682147 0.6291611 0.1222637 0.6400036 0.1316501 0.6964582 0.5737899 0.217813 0.6270227 0.1708044 0.5595315 0.1676115 0.3593829 0.2855405 0.419447 0.2910237 0.3869209 0.2489016 0.3632916 0.1162517 0.4224956 0.06654894 0.3555544 0.1058298 0.5745847 0.0518409 0.6535264 0.04920536 0.5750665 0.03872627 0.2980918 0.1592065 0.3632916 0.1162517 0.3555544 0.1058298 0.4990251 0.05677181 0.5750665 0.03872627 0.4967402 0.04399681 0.2631808 0.229501 0.2980918 0.1592065 0.2519083 0.2227513 0.4276458 0.07837957 0.4967402 0.04399681 0.4224956 0.06654894 0.4351561 0.09536629 0.5048666 0.08985143 0.5023553 0.07520002 0.5738469 0.07134628 0.6430848 0.09556847 0.6464977 0.08023357 0.3412591 0.1836348 0.3746038 0.1312193 0.3221015 0.180458 0.5023553 0.07520002 0.5731782 0.08681535 0.5738469 0.07134628 0.2927843 0.2470121 0.3221015 0.180458 0.279252 0.2390266 0.5755165 0.2655891 0.6163847 0.2218446 0.5737899 0.217813 0.5451457 0.2684758 0.5737899 0.217813 0.5356209 0.2225229 0.4046408 0.3114312 0.4464736 0.3358291 0.4312646 0.3003616 0.4616435 0.2826753 0.5026174 0.2440665 0.4937994 0.2381786 0.4651952 0.3111683 0.5364912 0.3606066 0.4890993 0.2915489 0.5605933 0.3505774 0.5755165 0.2655891 0.5451457 0.2684758 0.518497 0.3795954 0.4651952 0.3111683 0.4464736 0.3358291 0.516106 0.2772858 0.5605933 0.3505774 0.5451457 0.2684758 0.5364912 0.3606066 0.516106 0.2772858 0.4890993 0.2915489 0.5736903 0.3495051 0.6061078 0.2691676 0.5755165 0.2655891 0.5364912 0.3606066 0.5721675 0.4123567 0.5480183 0.3543352 0.5736903 0.3495051 0.5721675 0.4123567 0.5867402 0.3511892 0.526499 0.3691423 0.5721675 0.4123567 0.5364912 0.3606066 0.5605933 0.3505774 0.5721675 0.4123567 0.5736903 0.3495051 0.518497 0.3795954 0.5721675 0.4123567 0.526499 0.3691423 0.5480183 0.3543352 0.5721675 0.4123567 0.5605933 0.3505774 0.3746038 0.1312193 0.4276458 0.07837957 0.3632916 0.1162517 0.3221015 0.180458 0.3632916 0.1162517 0.3078495 0.1679027 0.279252 0.2390266 0.3078495 0.1679027 0.2631808 0.229501 0.5745847 0.0518409 0.6464977 0.08023357 0.6505907 0.06200855 0.5023553 0.07520002 0.5745847 0.0518409 0.4990251 0.05677181 0.4351561 0.09536629 0.4990251 0.05677181 0.4276458 0.07837957 0.3914105 0.1530337 0.4411644 0.1089729 0.3837586 0.1432228 0.3922951 0.2224996 0.354353 0.1885902 0.3803846 0.2346011 0.3038271 0.2535067 0.3412591 0.1836348 0.2927843 0.2470121 0.5682178 0.09928023 0.5438022 0.1291636 0.583762 0.101863 0.5048666 0.08985143 0.5682178 0.09928023 0.5731782 0.08681535 0.4460923 0.1201858 0.5048666 0.08985143 0.4411644 0.1089729 0.3837586 0.1432228 0.4351561 0.09536629 0.3746038 0.1312193 0.3038271 0.2535067 0.3803846 0.2346011 0.354353 0.1885902 0.3473685 0.2786641 0.3869209 0.2489016 0.3803846 0.2346011 0.5740273 0.1520975 0.6270227 0.1708044 0.6298499 0.1572545 0.4464736 0.3358291 0.4597759 0.3044038 0.4312646 0.3003616 0.5852441 0.1070507 0.5455858 0.1336732 0.5511916 0.1550888 0.5026174 0.2440665 0.512662 0.2299435 0.4937994 0.2381786 0.4503725 0.2890766 0.4379246 0.283464 0.4312646 0.3003616 0.5595315 0.1676115 0.5511916 0.1550888 0.5389538 0.1709634 0.5210091 0.1969683 0.512662 0.2299435 0.5309609 0.2025254 0.5068775 0.1020321 0.5438022 0.1291636 0.5682178 0.09928023 0.4503725 0.2890766 0.4597759 0.3044038 0.4616435 0.2826753 0.4378402 0.2421566 0.4379246 0.283464 0.4503725 0.2890766 0.5389538 0.1709634 0.5309609 0.2025254 0.5595315 0.1676115 0.3994278 0.2358283 0.3803846 0.2346011 0.3869209 0.2489016 0.6298499 0.1572545 0.6138574 0.1049243 0.5740273 0.1520975 0.4597759 0.3044038 0.4503725 0.2890766 0.4312646 0.3003616 0.5309609 0.2025254 0.5737899 0.217813 0.5595315 0.1676115 0.4597759 0.3044038 0.4651952 0.3111683 0.4890993 0.2915489 0.4616435 0.2826753 0.4378402 0.2421566 0.4503725 0.2890766 0.512662 0.2299435 0.5356209 0.2225229 0.5309609 0.2025254 0.419447 0.2910237 0.4379246 0.283464 0.429234 0.2751988 0.4597759 0.3044038 0.4890993 0.2915489 0.5026174 0.2440665 0.5451457 0.2684758 0.5356209 0.2225229 0.512662 0.2299435 0.419447 0.2910237 0.429234 0.2751988 0.4162011 0.2602645 0.3412591 0.1836348 0.3738854 0.1701146 0.3837586 0.1432228 0.4312646 0.3003616 0.419447 0.2910237 0.4046408 0.3114312 0.3922951 0.2224996 0.400457 0.1969141 0.3727234 0.1779822 0.4379246 0.283464 0.4288259 0.2397254 0.429234 0.2751988 0.4162011 0.2602645 0.3994278 0.2358283 0.3869209 0.2489016 0.4162011 0.2602645 0.3869209 0.2489016 0.419447 0.2910237 0.3914105 0.1530337 0.4597458 0.1526631 0.4460923 0.1201858 0.4460923 0.1201858 0.5116094 0.1361984 0.5068775 0.1020321 0.3994278 0.2358283 0.4094476 0.2169983 0.3922951 0.2224996 0.429234 0.2751988 0.4288259 0.2397254 0.4162011 0.2602645 0.5731782 0.08681535 0.6138574 0.1049243 0.6430848 0.09556847 0.4937994 0.2381786 0.4478216 0.2365438 0.4616435 0.2826753 0.4929791 0.1869495 0.4937994 0.2381786 0.5210091 0.1969683 0.5740273 0.1520975 0.5852441 0.1070507 0.5511916 0.1550888 0.6138574 0.1049243 0.6403206 0.1080754 0.6430848 0.09556847 0.5852441 0.1070507 0.6138574 0.1049243 0.583762 0.101863 0.5438022 0.1291636 0.5852441 0.1070507 0.583762 0.101863 0.583762 0.101863 0.5731782 0.08681535 0.5682178 0.09928023 0.3738854 0.1701146 0.354353 0.1885902 0.3727234 0.1779822 0.4017413 0.1906273 0.3727234 0.1779822 0.400457 0.1969141 0.3738854 0.1701146 0.4139074 0.1788574 0.3914105 0.1530337 0.3738854 0.1701146 0.3914105 0.1530337 0.3837586 0.1432228 0.1859018 0.8022632 0.1828235 0.7675485 0.1802796 0.8017992 0.189563 0.9646587 0.1802947 0.9311621 0.1828964 0.9653914 0.1859052 0.930693 0.1785217 0.8985986 0.1802947 0.9311621 0.1840246 0.8983728 0.1779419 0.8664989 0.1785217 0.8985986 0.1834312 0.8665002 0.1785084 0.8343934 0.1779419 0.8664989 0.1840063 0.8346223 0.1802796 0.8017992 0.1785084 0.8343934 0.19097 0.8027106 0.2282868 0.77771 0.1954231 0.7696962 0.2282735 0.9551249 0.1909577 0.9302324 0.1954687 0.9632046 0.2246063 0.9261524 0.1889958 0.8981525 0.1909577 0.9302324 0.2225447 0.8963368 0.1883952 0.8664965 0.1889958 0.8981525 0.1883952 0.8664965 0.222503 0.8363476 0.188973 0.8348356 0.222503 0.8363476 0.19097 0.8027106 0.188973 0.8348356 0.8770372 0.9092794 0.7830087 0.9602931 0.8894637 0.9469901 0.7906317 0.9178994 0.7155112 0.9264344 0.7830087 0.9602931 0.4890993 0.2915489 0.516106 0.2772858 0.5026174 0.2440665 0.9611892 0.8849183 0.8770372 0.9092794 0.8894637 0.9469901 0.5188339 0.1601424 0.5210091 0.1969683 0.5389538 0.1709634 0.5116094 0.1361984 0.5455858 0.1336732 0.5438022 0.1291636 0.5188339 0.1601424 0.4597458 0.1526631 0.4685886 0.1772794 0.4685886 0.1772794 0.4139074 0.1788574 0.428775 0.1998804 0.4094476 0.2169983 0.428775 0.1998804 0.400457 0.1969141 0.4288259 0.2397254 0.3994278 0.2358283 0.4162011 0.2602645 0.5511916 0.1550888 0.5188339 0.1601424 0.5389538 0.1709634 0.4139074 0.1788574 0.400457 0.1969141 0.428775 0.1998804 0.512662 0.2299435 0.5210091 0.1969683 0.4937994 0.2381786 0.7373363 0.8314918 0.7505846 0.8611581 0.7584249 0.8558682 0.9611892 0.8849183 0.8997417 0.8730452 0.9409835 0.8825724 0.7182027 0.8521074 0.7498158 0.9066231 0.7505846 0.8611581 0.8997417 0.8730452 0.8380888 0.8138008 0.8310877 0.857183 0.7653141 0.8175676 0.7584249 0.8558682 0.7724147 0.8548672 0.8310877 0.857183 0.7653141 0.8175676 0.7724147 0.8548672 0.2225447 0.8963368 0.3000594 0.8653141 0.2218497 0.8663209 0.3024258 0.919511 0.2225447 0.8963368 0.2246063 0.9261524 0.3049415 0.9469262 0.2246063 0.9261524 0.2282735 0.9551249 0.2246072 0.8066505 0.3049415 0.7859138 0.2282868 0.77771 0.222503 0.8363476 0.3026505 0.8229288 0.2246072 0.8066505 0.3000594 0.8653141 0.222503 0.8363476 0.2218497 0.8663209 0.07287186 0.7031167 0.07925605 0.6818737 0.03693538 0.6829714 0.1510627 0.7075473 0.1781052 0.6994717 0.1316501 0.6964582 0.1316501 0.6964582 0.1781052 0.6994717 0.1682147 0.6291611 0.2049791 0.6852312 0.1682147 0.6291611 0.1781052 0.6994717 0.04095 0.8315995 0.04747027 0.7965385 0.04179978 0.7962794 0.04629993 0.8665924 0.04095 0.8315995 0.04072386 0.866596 0.04099673 0.9015868 0.04629993 0.8665924 0.04072386 0.866596 0.04189378 0.9368831 0.04659456 0.9014896 0.04099673 0.9015868 0.04421371 0.9728275 0.04755795 0.9366182 0.04189378 0.9368831 0.04747027 0.7965385 0.04408735 0.7602753 0.04179978 0.7962794 0.06762582 0.8320658 0.04747027 0.7965385 0.04655057 0.8316895 0.04629993 0.8665924 0.06762582 0.8320658 0.04655057 0.8316895 0.04659456 0.9014896 0.06731319 0.8665617 0.04629993 0.8665924 0.06871426 0.9355234 0.04659456 0.9014896 0.04755795 0.9366182 0.07057601 0.9695897 0.04755795 0.9366182 0.04989773 0.9721472 0.04747027 0.7965385 0.07046943 0.7635017 0.04978156 0.7609506 0.06762582 0.8320658 0.1592968 0.8006743 0.06864428 0.7975843 0.1575935 0.8665305 0.06762582 0.8320658 0.06731319 0.8665617 0.1580514 0.8993074 0.06731319 0.8665617 0.06766057 0.9010535 0.1593213 0.9323544 0.06766057 0.9010535 0.06871426 0.9355234 0.160938 0.965835 0.06871426 0.9355234 0.07057601 0.9695897 0.06864428 0.7975843 0.1608769 0.7671582 0.07046943 0.7635017 0.1580387 0.8337467 0.1802796 0.8017992 0.1592968 0.8006743 0.1779419 0.8664989 0.1580387 0.8337467 0.1575935 0.8665305 0.1785217 0.8985986 0.1575935 0.8665305 0.1580514 0.8993074 0.1593213 0.9323544 0.1785217 0.8985986 0.1580514 0.8993074 0.1828964 0.9653914 0.1593213 0.9323544 0.160938 0.965835 0.1802796 0.8017992 0.1608769 0.7671582 0.1592968 0.8006743 0.188973 0.8348356 0.1859018 0.8022632 0.1840063 0.8346223 0.1834312 0.8665002 0.188973 0.8348356 0.1840063 0.8346223 0.1840246 0.8983728 0.1883952 0.8664965 0.1834312 0.8665002 0.1909577 0.9302324 0.1840246 0.8983728 0.1859052 0.930693 0.189563 0.9646587 0.1909577 0.9302324 0.1859052 0.930693 0.1859018 0.8022632 0.1954231 0.7696962 0.1894938 0.7682576 0.07648634 0.628139 0.1225277 0.6151612 0.08294171 0.6034356 0.1222637 0.6400036 0.1623463 0.6043369 0.1225277 0.6151612 0.110727 0.6855128 0.1316501 0.6964582 0.1222637 0.6400036 0.1222637 0.6400036 0.0917254 0.6787347 0.110727 0.6855128 0.08438605 0.6784025 0.0917254 0.6787347 0.07648634 0.628139 0.08438605 0.6784025 0.03693538 0.6829714 0.07925605 0.6818737 0.1682147 0.6291611 0.1222637 0.6400036 0.1316501 0.6964582 0.757691 0.3537796 0.8188521 0.3898782 0.8010282 0.3247031 0.6270227 0.1708044 0.6403676 0.2296195 0.6703751 0.1856715 0.7892161 0.1222073 0.8547809 0.1631435 0.796735 0.1116285 0.9284051 0.299637 0.9296106 0.3786628 0.9426954 0.3774967 0.7282196 0.07348424 0.7892161 0.1222073 0.796735 0.1116285 0.8877359 0.2328989 0.9284051 0.299637 0.8991784 0.2267767 0.6505907 0.06200855 0.7282196 0.07348424 0.6535264 0.04920536 0.8451222 0.1716982 0.8991784 0.2267767 0.8547809 0.1631435 0.8202078 0.1940104 0.8712399 0.2417625 0.83129 0.184091 0.8970053 0.3085613 0.8953725 0.3818987 0.9110122 0.3804041 0.7183306 0.1220813 0.7784792 0.1375905 0.7154314 0.1028823 0.8712399 0.2417625 0.8820869 0.3127073 0.8970053 0.3085613 0.6430848 0.09556847 0.7154314 0.1028823 0.6464977 0.08023357 0.7127869 0.370187 0.7670211 0.3955358 0.757691 0.3537796 0.7006555 0.3421949 0.757691 0.3537796 0.7414153 0.3189347 0.6163847 0.2218446 0.6061078 0.2691676 0.6351388 0.2437438 0.6613464 0.2671695 0.7107266 0.2942054 0.7136009 0.2839998 0.6353464 0.279352 0.6103601 0.3624348 0.6613919 0.2960228 0.6273466 0.3822581 0.7127869 0.370187 0.7006555 0.3421949 0.5867402 0.3511892 0.6353464 0.279352 0.6061078 0.2691676 0.6198868 0.3714598 0.7006555 0.3421949 0.6833026 0.3172994 0.6103601 0.3624348 0.6833026 0.3172994 0.6613919 0.2960228 0.6324138 0.3943826 0.7188376 0.400387 0.7127869 0.370187 0.6103601 0.3624348 0.5721675 0.4123567 0.6198868 0.3714598 0.6324138 0.3943826 0.5721675 0.4123567 0.6348447 0.4073142 0.5991545 0.3555692 0.5721675 0.4123567 0.6103601 0.3624348 0.6273466 0.3822581 0.5721675 0.4123567 0.6324138 0.3943826 0.5867402 0.3511892 0.5721675 0.4123567 0.5991545 0.3555692 0.6198868 0.3714598 0.5721675 0.4123567 0.6273466 0.3822581 0.7784792 0.1375905 0.8451222 0.1716982 0.7892161 0.1222073 0.7154314 0.1028823 0.7892161 0.1222073 0.722966 0.08545023 0.6464977 0.08023357 0.722966 0.08545023 0.6505907 0.06200855 0.9157838 0.303233 0.9110122 0.3804041 0.9296106 0.3786628 0.8712399 0.2417625 0.9157838 0.303233 0.8877359 0.2328989 0.83129 0.184091 0.8877359 0.2328989 0.8451222 0.1716982 0.7698942 0.1500059 0.8110677 0.2021627 0.8202078 0.1940104 0.6971433 0.1826238 0.7176649 0.1360641 0.6819546 0.1750366 0.6403206 0.1080754 0.7183306 0.1220813 0.6430848 0.09556847 0.8686989 0.3118429 0.8327315 0.2978601 0.8710475 0.3274246 0.8580829 0.2486798 0.8686989 0.3118429 0.8820869 0.3127073 0.8202078 0.1940104 0.8471204 0.2543575 0.8580829 0.2486798 0.7698942 0.1500059 0.83129 0.184091 0.7784792 0.1375905 0.6403206 0.1080754 0.6819546 0.1750366 0.7176649 0.1360641 0.6298499 0.1572545 0.6703751 0.1856715 0.6819546 0.1750366 0.8202632 0.3336941 0.8188521 0.3898782 0.832613 0.3883789 0.6061078 0.2691676 0.6401048 0.272108 0.6351388 0.2437438 0.8665721 0.3304377 0.8289942 0.3009502 0.81036 0.312901 0.7107266 0.2942054 0.7272623 0.2993934 0.7136009 0.2839998 0.6517756 0.2584287 0.6532667 0.2448561 0.6351388 0.2437438 0.8010282 0.3247031 0.81036 0.312901 0.7914802 0.306169 0.7612023 0.2971404 0.7272623 0.2993934 0.7589931 0.3083224 0.8471204 0.2543575 0.8327315 0.2978601 0.8686989 0.3118429 0.6517756 0.2584287 0.6401048 0.272108 0.6613464 0.2671695 0.6925244 0.2320111 0.6532667 0.2448561 0.6517756 0.2584287 0.7914802 0.306169 0.7589931 0.3083224 0.8010282 0.3247031 0.6866722 0.1935256 0.6819546 0.1750366 0.6703751 0.1856715 0.832613 0.3883789 0.8774394 0.3569936 0.8202632 0.3336941 0.6401048 0.272108 0.6517756 0.2584287 0.6351388 0.2437438 0.7589931 0.3083224 0.757691 0.3537796 0.8010282 0.3247031 0.6401048 0.272108 0.6353464 0.279352 0.6613919 0.2960228 0.6613464 0.2671695 0.6925244 0.2320111 0.6517756 0.2584287 0.7272623 0.2993934 0.7414153 0.3189347 0.7589931 0.3083224 0.6403676 0.2296195 0.6532667 0.2448561 0.6584415 0.2340372 0.6401048 0.272108 0.6613919 0.2960228 0.7107266 0.2942054 0.7006555 0.3421949 0.7414153 0.3189347 0.7272623 0.2993934 0.6403676 0.2296195 0.6584415 0.2340372 0.6686168 0.2170279 0.7183306 0.1220813 0.7412703 0.1489284 0.7698942 0.1500059 0.6351388 0.2437438 0.6403676 0.2296195 0.6163847 0.2218446 0.6971433 0.1826238 0.7239968 0.1824787 0.7334294 0.1502549 0.6532667 0.2448561 0.6920506 0.2226871 0.6584415 0.2340372 0.6686168 0.2170279 0.6866722 0.1935256 0.6703751 0.1856715 0.6686168 0.2170279 0.6703751 0.1856715 0.6403676 0.2296195 0.7629294 0.1603146 0.7844023 0.225185 0.8110677 0.2021627 0.8110677 0.2021627 0.8160907 0.2694186 0.8471204 0.2543575 0.6866722 0.1935256 0.7076757 0.1972352 0.6971433 0.1826238 0.6584415 0.2340372 0.6920506 0.2226871 0.6686168 0.2170279 0.8820869 0.3127073 0.8774394 0.3569936 0.8953725 0.3818987 0.7136009 0.2839998 0.7009468 0.2397688 0.6613464 0.2671695 0.7620674 0.2673869 0.7136009 0.2839998 0.7612023 0.2971404 0.8202632 0.3336941 0.8665721 0.3304377 0.81036 0.312901 0.8774394 0.3569936 0.8826228 0.3831359 0.8953725 0.3818987 0.8665721 0.3304377 0.8774394 0.3569936 0.8710475 0.3274246 0.8327315 0.2978601 0.8665721 0.3304377 0.8710475 0.3274246 0.8710475 0.3274246 0.8820869 0.3127073 0.8686989 0.3118429 0.7412703 0.1489284 0.7176649 0.1360641 0.7334294 0.1502549 0.7303721 0.1817574 0.7334294 0.1502549 0.7239968 0.1824787 0.7412703 0.1489284 0.745325 0.1896893 0.7629294 0.1603146 0.7412703 0.1489284 0.7629294 0.1603146 0.7698942 0.1500059 0.1859018 0.8022632 0.1828235 0.7675485 0.1802796 0.8017992 0.189563 0.9646587 0.1802947 0.9311621 0.1828964 0.9653914 0.1859052 0.930693 0.1785217 0.8985986 0.1802947 0.9311621 0.1840246 0.8983728 0.1779419 0.8664989 0.1785217 0.8985986 0.1834312 0.8665002 0.1785084 0.8343934 0.1779419 0.8664989 0.1840063 0.8346223 0.1802796 0.8017992 0.1785084 0.8343934 0.19097 0.8027106 0.2282868 0.77771 0.1954231 0.7696962 0.2282735 0.9551249 0.1909577 0.9302324 0.1954687 0.9632046 0.2246063 0.9261524 0.1889958 0.8981525 0.1909577 0.9302324 0.2225447 0.8963368 0.1883952 0.8664965 0.1889958 0.8981525 0.1883952 0.8664965 0.222503 0.8363476 0.188973 0.8348356 0.222503 0.8363476 0.19097 0.8027106 0.188973 0.8348356 0.8770372 0.9092794 0.7830087 0.9602931 0.8894637 0.9469901 0.7906317 0.9178994 0.7155112 0.9264344 0.7830087 0.9602931 0.6613919 0.2960228 0.6833026 0.3172994 0.7107266 0.2942054 0.9611892 0.8849183 0.8770372 0.9092794 0.8894637 0.9469901 0.7955525 0.2836899 0.7612023 0.2971404 0.7914802 0.306169 0.8160907 0.2694186 0.8289942 0.3009502 0.8327315 0.2978601 0.7955525 0.2836899 0.7844023 0.225185 0.7637254 0.2412026 0.7637254 0.2412026 0.745325 0.1896893 0.7299274 0.2103253 0.7076757 0.1972352 0.7299274 0.2103253 0.7239968 0.1824787 0.6920506 0.2226871 0.6866722 0.1935256 0.6686168 0.2170279 0.81036 0.312901 0.7955525 0.2836899 0.7914802 0.306169 0.745325 0.1896893 0.7239968 0.1824787 0.7299274 0.2103253 0.7272623 0.2993934 0.7612023 0.2971404 0.7136009 0.2839998 0.7373363 0.8314918 0.7505846 0.8611581 0.7584249 0.8558682 0.9611892 0.8849183 0.8997417 0.8730452 0.9409835 0.8825724 0.7182027 0.8521074 0.7498158 0.9066231 0.7505846 0.8611581 0.8997417 0.8730452 0.8380888 0.8138008 0.8310877 0.857183 0.7653141 0.8175676 0.7584249 0.8558682 0.7724147 0.8548672 0.8310877 0.857183 0.7653141 0.8175676 0.7724147 0.8548672 0.2225447 0.8963368 0.3000594 0.8653141 0.2218497 0.8663209 0.3024258 0.919511 0.2225447 0.8963368 0.2246063 0.9261524 0.3049415 0.9469262 0.2246063 0.9261524 0.2282735 0.9551249 0.2246072 0.8066505 0.3049415 0.7859138 0.2282868 0.77771 0.222503 0.8363476 0.3026505 0.8229288 0.2246072 0.8066505 0.3000594 0.8653141 0.222503 0.8363476 0.2218497 0.8663209 0.07287186 0.7031167 0.07925605 0.6818737 0.03693538 0.6829714 0.1510627 0.7075473 0.1781052 0.6994717 0.1316501 0.6964582 0.1316501 0.6964582 0.1781052 0.6994717 0.1682147 0.6291611 0.2049791 0.6852312 0.1682147 0.6291611 0.1781052 0.6994717 0.04655057 0.8316895 0.04179978 0.7962794 0.04095 0.8315995 0.04072386 0.866596 0.04655057 0.8316895 0.04095 0.8315995 0.04099673 0.9015868 0.04629993 0.8665924 0.04072386 0.866596 0.04755795 0.9366182 0.04099673 0.9015868 0.04189378 0.9368831 0.04989773 0.9721472 0.04189378 0.9368831 0.04421371 0.9728275 0.04747027 0.7965385 0.04408735 0.7602753 0.04179978 0.7962794 0.06762582 0.8320658 0.04747027 0.7965385 0.04655057 0.8316895 0.06731319 0.8665617 0.04655057 0.8316895 0.04629993 0.8665924 0.06766057 0.9010535 0.04629993 0.8665924 0.04659456 0.9014896 0.04755795 0.9366182 0.06766057 0.9010535 0.04659456 0.9014896 0.04989773 0.9721472 0.06871426 0.9355234 0.04755795 0.9366182 0.06864428 0.7975843 0.04978156 0.7609506 0.04747027 0.7965385 0.1580387 0.8337467 0.06864428 0.7975843 0.06762582 0.8320658 0.1575935 0.8665305 0.06762582 0.8320658 0.06731319 0.8665617 0.06766057 0.9010535 0.1575935 0.8665305 0.06731319 0.8665617 0.1593213 0.9323544 0.06766057 0.9010535 0.06871426 0.9355234 0.160938 0.965835 0.06871426 0.9355234 0.07057601 0.9695897 0.1592968 0.8006743 0.07046943 0.7635017 0.06864428 0.7975843 0.1580387 0.8337467 0.1802796 0.8017992 0.1592968 0.8006743 0.1575935 0.8665305 0.1785084 0.8343934 0.1580387 0.8337467 0.1580514 0.8993074 0.1779419 0.8664989 0.1575935 0.8665305 0.1802947 0.9311621 0.1580514 0.8993074 0.1593213 0.9323544 0.1828964 0.9653914 0.1593213 0.9323544 0.160938 0.965835 0.1802796 0.8017992 0.1608769 0.7671582 0.1592968 0.8006743 0.188973 0.8348356 0.1859018 0.8022632 0.1840063 0.8346223 0.1883952 0.8664965 0.1840063 0.8346223 0.1834312 0.8665002 0.1889958 0.8981525 0.1834312 0.8665002 0.1840246 0.8983728 0.1859052 0.930693 0.1889958 0.8981525 0.1840246 0.8983728 0.189563 0.9646587 0.1909577 0.9302324 0.1859052 0.930693 0.1859018 0.8022632 0.1954231 0.7696962 0.1894938 0.7682576 0.07648634 0.628139 0.1225277 0.6151612 0.08294171 0.6034356 0.1222637 0.6400036 0.1623463 0.6043369 0.1225277 0.6151612 0.110727 0.6855128 0.1316501 0.6964582 0.1222637 0.6400036 0.1222637 0.6400036 0.0917254 0.6787347 0.110727 0.6855128 0.08438605 0.6784025 0.0917254 0.6787347 0.07648634 0.628139 0.08438605 0.6784025 0.03693538 0.6829714 0.07925605 0.6818737 0.1682147 0.6291611 0.1222637 0.6400036 0.1316501 0.6964582 0.6852064 0.5707011 0.6483755 0.5924764 0.6697696 0.6400238 0.8188521 0.3898782 0.7670211 0.3955358 0.7670387 0.4207484 0.9152091 0.5291234 0.8854128 0.5976009 0.8965358 0.6041451 0.7821232 0.7054525 0.7146494 0.7419012 0.7197996 0.7539862 0.9296898 0.4547458 0.9152091 0.5291234 0.9275957 0.5330051 0.8403614 0.6570467 0.7821232 0.7054525 0.7894421 0.7163469 0.9296106 0.3786628 0.9296898 0.4547458 0.9426954 0.4560436 0.8854128 0.5976009 0.8403614 0.6570467 0.8497201 0.6660402 0.8564883 0.5807963 0.816189 0.6337157 0.8268337 0.6440939 0.7712546 0.6892368 0.7627028 0.6763278 0.7009966 0.7103364 0.8934161 0.4616608 0.8827946 0.5193376 0.8972576 0.5236659 0.8268337 0.6440939 0.816189 0.6337157 0.7627028 0.6763278 0.8953725 0.3818987 0.8934161 0.4616608 0.9107806 0.4529682 0.6557268 0.5330634 0.628874 0.5481494 0.6483755 0.5924764 0.6786007 0.512876 0.6557268 0.5330634 0.6852064 0.5707011 0.7378089 0.4523054 0.7265476 0.4336291 0.7273551 0.5076254 0.6345153 0.4204744 0.6314485 0.4332532 0.710381 0.4612652 0.6178445 0.4555339 0.6078792 0.4640997 0.6557268 0.5330634 0.6348447 0.4073142 0.6345153 0.4204744 0.7181874 0.4313423 0.6258092 0.4451024 0.6178445 0.4555339 0.6786007 0.512876 0.6314485 0.4332532 0.6258092 0.4451024 0.6969162 0.4886789 0.6078792 0.4640997 0.5963316 0.4704077 0.628874 0.5481494 0.8972576 0.5236659 0.8693493 0.5882726 0.8854128 0.5976009 0.9107806 0.4529682 0.8972576 0.5236659 0.9152091 0.5291234 0.9110122 0.3804041 0.9107806 0.4529682 0.9296898 0.4547458 0.7821232 0.7054525 0.7712546 0.6892368 0.7072489 0.7247498 0.8268337 0.6440939 0.7712546 0.6892368 0.7821232 0.7054525 0.8693493 0.5882726 0.8268337 0.6440939 0.8403614 0.6570467 0.8708364 0.5158993 0.845909 0.5746212 0.8564883 0.5807963 0.8292838 0.4602228 0.8712863 0.4847306 0.8799107 0.4653498 0.8826228 0.3831359 0.8799107 0.4653498 0.8934161 0.4616608 0.816189 0.6337157 0.8074014 0.6250424 0.7593892 0.6633267 0.8564883 0.5807963 0.845909 0.5746212 0.8074014 0.6250424 0.8827946 0.5193376 0.8564883 0.5807963 0.8693493 0.5882726 0.8826228 0.3831359 0.832613 0.3883789 0.8318055 0.4434315 0.832613 0.3883789 0.8188521 0.3898782 0.8181114 0.4357052 0.7236423 0.6240083 0.7262508 0.6029357 0.6697696 0.6400238 0.7188376 0.400387 0.7181874 0.4313423 0.7265476 0.4336291 0.7262508 0.6029357 0.7236423 0.6240083 0.7403595 0.608165 0.8074014 0.6250424 0.7834883 0.6001811 0.7615773 0.6247963 0.7808833 0.4710934 0.7896051 0.4677612 0.7565339 0.4377253 0.7409291 0.588128 0.7401611 0.5565404 0.7288429 0.5578944 0.8156785 0.4536329 0.8292838 0.4602228 0.8318055 0.4434315 0.6754467 0.6526483 0.6958818 0.6985922 0.7191451 0.6855871 0.7288429 0.5578944 0.7133181 0.5444548 0.6852064 0.5707011 0.7378089 0.4523054 0.7761078 0.4815015 0.7808833 0.4710934 0.7670387 0.4207484 0.7519894 0.4201404 0.7565339 0.4377253 0.7275306 0.5249557 0.7273551 0.5076254 0.6786007 0.512876 0.7273551 0.5076254 0.6969162 0.4886789 0.6786007 0.512876 0.8934161 0.4616608 0.8799107 0.4653498 0.8749718 0.4917784 0.8292838 0.4602228 0.8186418 0.4747561 0.8377216 0.4857188 0.8708364 0.5158993 0.8374551 0.5082334 0.8157699 0.5563721 0.845909 0.5746212 0.8157699 0.5563721 0.7834883 0.6001811 0.7627028 0.6763278 0.7452942 0.670374 0.7191451 0.6855871 0.7379501 0.5072054 0.772225 0.5091764 0.7761078 0.4815015 0.7687277 0.5481692 0.772225 0.5091764 0.7379501 0.5072054 0.7236423 0.6240083 0.7191451 0.6855871 0.7410458 0.6670479 0.7615773 0.6247963 0.7574834 0.6221964 0.7410458 0.6670479 0.8403781 0.4915597 0.8749718 0.4917784 0.8712863 0.4847306 0.8749718 0.4917784 0.8403781 0.4915597 0.8374551 0.5082334 0.1859018 0.8022632 0.1894938 0.7682576 0.1828235 0.7675485 0.189563 0.9646587 0.1859052 0.930693 0.1802947 0.9311621 0.1802947 0.9311621 0.1859052 0.930693 0.1840246 0.8983728 0.1840246 0.8983728 0.1834312 0.8665002 0.1779419 0.8664989 0.1834312 0.8665002 0.1840063 0.8346223 0.1785084 0.8343934 0.1785084 0.8343934 0.1840063 0.8346223 0.1859018 0.8022632 0.19097 0.8027106 0.2246072 0.8066505 0.2282868 0.77771 0.2282735 0.9551249 0.2246063 0.9261524 0.1909577 0.9302324 0.2246063 0.9261524 0.2225447 0.8963368 0.1889958 0.8981525 0.2225447 0.8963368 0.2218497 0.8663209 0.1883952 0.8664965 0.2218497 0.8663209 0.222503 0.8363476 0.188973 0.8348356 0.222503 0.8363476 0.2246072 0.8066505 0.19097 0.8027106 0.8770372 0.9092794 0.7906317 0.9178994 0.7830087 0.9602931 0.7906317 0.9178994 0.7498158 0.9066231 0.7155112 0.9264344 0.9611892 0.8849183 0.9409835 0.8825724 0.8770372 0.9092794 0.7635682 0.5850558 0.7687277 0.5481692 0.7401611 0.5565404 0.7834883 0.6001811 0.7635682 0.5850558 0.7574834 0.6221964 0.7635682 0.5850558 0.7834883 0.6001811 0.8157699 0.5563721 0.794145 0.541655 0.8157699 0.5563721 0.8374551 0.5082334 0.7896051 0.4677612 0.8186418 0.4747561 0.8156785 0.4536329 0.7403595 0.608165 0.7574834 0.6221964 0.7635682 0.5850558 0.8374551 0.5082334 0.8403781 0.4915597 0.8377216 0.4857188 0.7373363 0.8314918 0.7182027 0.8521074 0.7505846 0.8611581 0.9611892 0.8849183 0.9160173 0.8385837 0.8997417 0.8730452 0.7182027 0.8521074 0.7155112 0.9264344 0.7498158 0.9066231 0.8997417 0.8730452 0.9160173 0.8385837 0.8380888 0.8138008 0.7653141 0.8175676 0.7373363 0.8314918 0.7584249 0.8558682 0.8310877 0.857183 0.8380888 0.8138008 0.7653141 0.8175676 0.2225447 0.8963368 0.3030897 0.8937315 0.3000594 0.8653141 0.3024258 0.919511 0.3030897 0.8937315 0.2225447 0.8963368 0.3049415 0.9469262 0.3024258 0.919511 0.2246063 0.9261524 0.2246072 0.8066505 0.3026505 0.8229288 0.3049415 0.7859138 0.222503 0.8363476 0.300967 0.8390673 0.3026505 0.8229288 0.3000594 0.8653141 0.300967 0.8390673 0.222503 0.8363476 0.04095 0.8315995 0.04655057 0.8316895 0.04747027 0.7965385 0.04629993 0.8665924 0.04655057 0.8316895 0.04095 0.8315995 0.04099673 0.9015868 0.04659456 0.9014896 0.04629993 0.8665924 0.04189378 0.9368831 0.04755795 0.9366182 0.04659456 0.9014896 0.04421371 0.9728275 0.04989773 0.9721472 0.04755795 0.9366182 0.04747027 0.7965385 0.04978156 0.7609506 0.04408735 0.7602753 0.06762582 0.8320658 0.06864428 0.7975843 0.04747027 0.7965385 0.06731319 0.8665617 0.06762582 0.8320658 0.04655057 0.8316895 0.06766057 0.9010535 0.06731319 0.8665617 0.04629993 0.8665924 0.06871426 0.9355234 0.06766057 0.9010535 0.04659456 0.9014896 0.07057601 0.9695897 0.06871426 0.9355234 0.04755795 0.9366182 0.04747027 0.7965385 0.06864428 0.7975843 0.07046943 0.7635017 0.1580387 0.8337467 0.1592968 0.8006743 0.06864428 0.7975843 0.1575935 0.8665305 0.1580387 0.8337467 0.06762582 0.8320658 0.1580514 0.8993074 0.1575935 0.8665305 0.06731319 0.8665617 0.1593213 0.9323544 0.1580514 0.8993074 0.06766057 0.9010535 0.160938 0.965835 0.1593213 0.9323544 0.06871426 0.9355234 0.1592968 0.8006743 0.1608769 0.7671582 0.07046943 0.7635017 0.1580387 0.8337467 0.1785084 0.8343934 0.1802796 0.8017992 0.1575935 0.8665305 0.1779419 0.8664989 0.1785084 0.8343934 0.1785217 0.8985986 0.1779419 0.8664989 0.1575935 0.8665305 0.1593213 0.9323544 0.1802947 0.9311621 0.1785217 0.8985986 0.160938 0.965835 0.1828964 0.9653914 0.1802947 0.9311621 0.1802796 0.8017992 0.1828235 0.7675485 0.1608769 0.7671582 0.188973 0.8348356 0.19097 0.8027106 0.1859018 0.8022632 0.1883952 0.8664965 0.188973 0.8348356 0.1840063 0.8346223 0.1889958 0.8981525 0.1883952 0.8664965 0.1834312 0.8665002 0.1909577 0.9302324 0.1889958 0.8981525 0.1840246 0.8983728 0.1954687 0.9632046 0.1909577 0.9302324 0.1859052 0.930693 0.1859018 0.8022632 0.19097 0.8027106 0.1954231 0.7696962 0.08294171 0.6034356 0.07648634 0.628139 0.1222637 0.6400036 0.1225277 0.6151612 0.1222637 0.6400036 0.1682147 0.6291611 0.1222637 0.6400036 0.07648634 0.628139 0.0917254 0.6787347 0.08438605 0.6784025 0.07648634 0.628139 0.03693538 0.6829714 0.1342595 0.1493357 0.1202462 0.1185849 0.1246098 0.1126648 0.1246098 0.1126648 0.1266123 0.1035879 0.1595181 0.08908599 0.1595181 0.08908599 0.1266123 0.1035879 0.1183139 0.0981962 0.1183139 0.0981962 0.1106673 0.0965721 0.09665381 0.06582134 0.09665381 0.06582134 0.1106673 0.0965721 0.1063035 0.1024923 0.1063035 0.1024923 0.104301 0.1115692 0.07139551 0.126071 0.1266123 0.1035879 0.1246098 0.1126648 0.1202462 0.1185849 0.1202462 0.1185849 0.1125994 0.1169608 0.1266123 0.1035879 0.1125994 0.1169608 0.104301 0.1115692 0.1266123 0.1035879 0.104301 0.1115692 0.1063035 0.1024923 0.1266123 0.1035879 0.1063035 0.1024923 0.1106673 0.0965721 0.1266123 0.1035879 0.07139551 0.126071 0.104301 0.1115692 0.1125994 0.1169608 0.1125994 0.1169608 0.1202462 0.1185849 0.1342595 0.1493357 0.4565067 0.5687922 0.424416 0.5404949 0.38581 0.5755354 0.6697696 0.6400238 0.6483755 0.5924764 0.6244022 0.6002829 0.5671073 0.7746735 0.4927879 0.7674897 0.4900014 0.7800875 0.3583146 0.7026013 0.3027983 0.6497038 0.2928979 0.6583373 0.6423131 0.7654745 0.5671073 0.7746735 0.5672414 0.7876516 0.4223424 0.7430198 0.3583146 0.7026013 0.3502171 0.7129282 0.7146494 0.7419012 0.6423131 0.7654745 0.6450953 0.7782441 0.4900014 0.7800875 0.4927879 0.7674897 0.4223424 0.7430198 0.4966955 0.7493336 0.4998316 0.7347948 0.4370583 0.7128248 0.3703753 0.6872544 0.3800081 0.6751323 0.3285952 0.626964 0.6245331 0.7331125 0.5664016 0.7408261 0.5667528 0.7559168 0.430479 0.7261539 0.4370583 0.7128248 0.3800081 0.6751323 0.7009966 0.7103364 0.6245331 0.7331125 0.6381634 0.7469421 0.4831911 0.5291254 0.4605454 0.5082498 0.424416 0.5404949 0.5094584 0.5446411 0.4831911 0.5291254 0.4565067 0.5687922 0.5853583 0.5822342 0.5996409 0.5657535 0.5295173 0.5893853 0.5837138 0.474161 0.5706128 0.4751931 0.5683624 0.5589176 0.5452186 0.4691401 0.5339926 0.4623094 0.4831911 0.5291254 0.5963316 0.4704077 0.5837138 0.474161 0.5992328 0.5570959 0.5576007 0.4734914 0.5452186 0.4691401 0.5094584 0.5446411 0.5706128 0.4751931 0.5576007 0.4734914 0.5381302 0.5545827 0.5339926 0.4623094 0.524425 0.4532765 0.4605454 0.5082498 0.5667528 0.7559168 0.4966955 0.7493336 0.4927879 0.7674897 0.6381634 0.7469421 0.5667528 0.7559168 0.5671073 0.7746735 0.7072489 0.7247498 0.6381634 0.7469421 0.6423131 0.7654745 0.3583146 0.7026013 0.3703753 0.6872544 0.3168209 0.6373648 0.430479 0.7261539 0.3703753 0.6872544 0.3583146 0.7026013 0.4966955 0.7493336 0.430479 0.7261539 0.4223424 0.7430198 0.5659776 0.7283921 0.5024352 0.7228273 0.4998316 0.7347948 0.6060906 0.6716762 0.5957579 0.7191926 0.6168534 0.7214083 0.6958818 0.6985922 0.6168534 0.7214083 0.6245331 0.7331125 0.4370583 0.7128248 0.4425902 0.7017886 0.3913472 0.6679633 0.5024352 0.7228273 0.4425902 0.7017886 0.4370583 0.7128248 0.5664016 0.7408261 0.4998316 0.7347948 0.4966955 0.7493336 0.6958818 0.6985922 0.6754467 0.6526483 0.6228387 0.6688872 0.6754467 0.6526483 0.6697696 0.6400238 0.6259564 0.6534768 0.41769 0.6218183 0.4385358 0.6177868 0.38581 0.5755354 0.628874 0.5481494 0.5992328 0.5570959 0.5996409 0.5657535 0.4385358 0.6177868 0.41769 0.6218183 0.4379228 0.6328197 0.4425902 0.7017886 0.4588427 0.6713664 0.4286637 0.6581368 0.5807992 0.6290045 0.5866628 0.6362695 0.6050105 0.5955377 0.4571536 0.6271695 0.4869558 0.6166783 0.4821708 0.6063332 0.6081547 0.6567013 0.6060906 0.6716762 0.6228387 0.6688872 0.3755587 0.5848361 0.3381824 0.61847 0.3577401 0.636573 0.4821708 0.6063332 0.4901545 0.5874159 0.4565067 0.5687922 0.5853583 0.5822342 0.5694254 0.6276785 0.5807992 0.6290045 0.6244022 0.6002829 0.6203305 0.5857823 0.6050105 0.5955377 0.5130901 0.5949071 0.5295173 0.5893853 0.5094584 0.5446411 0.5295173 0.5893853 0.5381302 0.5545827 0.5094584 0.5446411 0.6245331 0.7331125 0.6168534 0.7214083 0.5901938 0.7248742 0.6060906 0.6716762 0.5889812 0.6660452 0.5844497 0.6875771 0.5659776 0.7283921 0.5629558 0.694279 0.5104776 0.6885287 0.5024352 0.7228273 0.5104776 0.6885287 0.4588427 0.6713664 0.3800081 0.6751323 0.3802894 0.6567378 0.3577401 0.636573 0.5331903 0.5993314 0.5419064 0.6325364 0.5694254 0.6276785 0.5037437 0.6412584 0.5419064 0.6325364 0.5331903 0.5993314 0.41769 0.6218183 0.3577401 0.636573 0.3821392 0.6516697 0.4286637 0.6581368 0.4298712 0.6534402 0.3821392 0.6516697 0.5797156 0.6919078 0.5901938 0.7248742 0.5957579 0.7191926 0.5901938 0.7248742 0.5797156 0.6919078 0.5629558 0.694279 0.1859018 0.8022632 0.1894938 0.7682576 0.1828235 0.7675485 0.189563 0.9646587 0.1859052 0.930693 0.1802947 0.9311621 0.1859052 0.930693 0.1840246 0.8983728 0.1785217 0.8985986 0.1840246 0.8983728 0.1834312 0.8665002 0.1779419 0.8664989 0.1834312 0.8665002 0.1840063 0.8346223 0.1785084 0.8343934 0.1840063 0.8346223 0.1859018 0.8022632 0.1802796 0.8017992 0.19097 0.8027106 0.2246072 0.8066505 0.2282868 0.77771 0.2282735 0.9551249 0.2246063 0.9261524 0.1909577 0.9302324 0.2246063 0.9261524 0.2225447 0.8963368 0.1889958 0.8981525 0.1889958 0.8981525 0.2225447 0.8963368 0.2218497 0.8663209 0.2218497 0.8663209 0.222503 0.8363476 0.188973 0.8348356 0.222503 0.8363476 0.2246072 0.8066505 0.19097 0.8027106 0.8770372 0.9092794 0.7906317 0.9178994 0.7830087 0.9602931 0.7906317 0.9178994 0.7498158 0.9066231 0.7155112 0.9264344 0.9611892 0.8849183 0.9409835 0.8825724 0.8770372 0.9092794 0.4670709 0.6477494 0.5037437 0.6412584 0.4869558 0.6166783 0.4588427 0.6713664 0.4670709 0.6477494 0.4298712 0.6534402 0.4670709 0.6477494 0.4588427 0.6713664 0.5104776 0.6885287 0.517792 0.6634171 0.5104776 0.6885287 0.5629558 0.694279 0.5866628 0.6362695 0.5889812 0.6660452 0.6081547 0.6567013 0.4379228 0.6328197 0.4298712 0.6534402 0.4670709 0.6477494 0.5629558 0.694279 0.5797156 0.6919078 0.5844497 0.6875771 0.7373363 0.8314918 0.7182027 0.8521074 0.7505846 0.8611581 0.9611892 0.8849183 0.9160173 0.8385837 0.8997417 0.8730452 0.7182027 0.8521074 0.7155112 0.9264344 0.7498158 0.9066231 0.8997417 0.8730452 0.9160173 0.8385837 0.8380888 0.8138008 0.7653141 0.8175676 0.7373363 0.8314918 0.7584249 0.8558682 0.8310877 0.857183 0.8380888 0.8138008 0.7653141 0.8175676 0.2225447 0.8963368 0.3030897 0.8937315 0.3000594 0.8653141 0.3024258 0.919511 0.3030897 0.8937315 0.2225447 0.8963368 0.3049415 0.9469262 0.3024258 0.919511 0.2246063 0.9261524 0.2246072 0.8066505 0.3026505 0.8229288 0.3049415 0.7859138 0.222503 0.8363476 0.300967 0.8390673 0.3026505 0.8229288 0.3000594 0.8653141 0.300967 0.8390673 0.222503 0.8363476 0.04655057 0.8316895 0.04747027 0.7965385 0.04179978 0.7962794 0.04629993 0.8665924 0.04655057 0.8316895 0.04095 0.8315995 0.04659456 0.9014896 0.04629993 0.8665924 0.04072386 0.866596 0.04755795 0.9366182 0.04659456 0.9014896 0.04099673 0.9015868 0.04421371 0.9728275 0.04989773 0.9721472 0.04755795 0.9366182 0.04179978 0.7962794 0.04747027 0.7965385 0.04978156 0.7609506 0.06762582 0.8320658 0.06864428 0.7975843 0.04747027 0.7965385 0.04629993 0.8665924 0.06731319 0.8665617 0.06762582 0.8320658 0.06766057 0.9010535 0.06731319 0.8665617 0.04629993 0.8665924 0.06871426 0.9355234 0.06766057 0.9010535 0.04659456 0.9014896 0.04989773 0.9721472 0.07057601 0.9695897 0.06871426 0.9355234 0.04747027 0.7965385 0.06864428 0.7975843 0.07046943 0.7635017 0.1580387 0.8337467 0.1592968 0.8006743 0.06864428 0.7975843 0.1575935 0.8665305 0.1580387 0.8337467 0.06762582 0.8320658 0.06766057 0.9010535 0.1580514 0.8993074 0.1575935 0.8665305 0.1593213 0.9323544 0.1580514 0.8993074 0.06766057 0.9010535 0.160938 0.965835 0.1593213 0.9323544 0.06871426 0.9355234 0.1592968 0.8006743 0.1608769 0.7671582 0.07046943 0.7635017 0.1580387 0.8337467 0.1785084 0.8343934 0.1802796 0.8017992 0.1779419 0.8664989 0.1785084 0.8343934 0.1580387 0.8337467 0.1580514 0.8993074 0.1785217 0.8985986 0.1779419 0.8664989 0.1802947 0.9311621 0.1785217 0.8985986 0.1580514 0.8993074 0.1828964 0.9653914 0.1802947 0.9311621 0.1593213 0.9323544 0.1802796 0.8017992 0.1828235 0.7675485 0.1608769 0.7671582 0.1840063 0.8346223 0.188973 0.8348356 0.19097 0.8027106 0.1834312 0.8665002 0.1883952 0.8664965 0.188973 0.8348356 0.1889958 0.8981525 0.1883952 0.8664965 0.1834312 0.8665002 0.1909577 0.9302324 0.1889958 0.8981525 0.1840246 0.8983728 0.189563 0.9646587 0.1954687 0.9632046 0.1909577 0.9302324 0.1859018 0.8022632 0.19097 0.8027106 0.1954231 0.7696962 0.08294171 0.6034356 0.07648634 0.628139 0.1222637 0.6400036 0.1222637 0.6400036 0.1682147 0.6291611 0.1623463 0.6043369 0.1222637 0.6400036 0.07648634 0.628139 0.0917254 0.6787347 0.08438605 0.6784025 0.07648634 0.628139 0.03693538 0.6829714 0.3876442 0.3506972 0.4046408 0.3114312 0.3593829 0.2855405 0.38581 0.5755354 0.424416 0.5404949 0.4095829 0.5201083 0.2260226 0.5195225 0.2098792 0.4466199 0.1970362 0.4478645 0.2176985 0.2941499 0.2300246 0.2986599 0.2631808 0.229501 0.2580198 0.5882005 0.2260226 0.5195225 0.2137213 0.5236623 0.2113741 0.3720547 0.2300246 0.2986599 0.2176985 0.2941499 0.3027983 0.6497038 0.2580198 0.5882005 0.2467362 0.5947939 0.2098792 0.4466199 0.2113741 0.3720547 0.198517 0.3702821 0.243152 0.4432119 0.2446423 0.3767169 0.2299309 0.3745796 0.2483503 0.3053877 0.2628579 0.3108032 0.2927843 0.2470121 0.2833001 0.5612879 0.2579946 0.5083881 0.2437513 0.513387 0.2299309 0.3745796 0.2446423 0.3767169 0.2628579 0.3108032 0.3285952 0.626964 0.2833001 0.5612879 0.2743616 0.5785253 0.4336172 0.3638181 0.4464736 0.3358291 0.4046408 0.3114312 0.4269781 0.3935951 0.4336172 0.3638181 0.3876442 0.3506972 0.4146814 0.4773982 0.4347692 0.4858883 0.3906223 0.4265004 0.5169562 0.442436 0.511926 0.4302951 0.4316041 0.4540283 0.5098356 0.4042735 0.5128629 0.3914862 0.4336172 0.3638181 0.524425 0.4532765 0.5169562 0.442436 0.4428768 0.4828246 0.5095235 0.4173942 0.5098356 0.4042735 0.4269781 0.3935951 0.511926 0.4302951 0.5095235 0.4173942 0.4263838 0.4239361 0.5128629 0.3914862 0.518497 0.3795954 0.4464736 0.3358291 0.2437513 0.513387 0.228355 0.4447235 0.2098792 0.4466199 0.2743616 0.5785253 0.2437513 0.513387 0.2260226 0.5195225 0.3168209 0.6373648 0.2743616 0.5785253 0.2580198 0.5882005 0.2300246 0.2986599 0.2483503 0.3053877 0.279252 0.2390266 0.2113741 0.3720547 0.2299309 0.3745796 0.2483503 0.3053877 0.2098792 0.4466199 0.228355 0.4447235 0.2299309 0.3745796 0.2696887 0.5041412 0.2553388 0.4419885 0.243152 0.4432119 0.3360263 0.5247588 0.2876434 0.5296194 0.2920573 0.5503664 0.3381824 0.61847 0.2920573 0.5503664 0.2833001 0.5612879 0.2446423 0.3767169 0.2568492 0.378567 0.2731818 0.3193725 0.2553388 0.4419885 0.2568492 0.378567 0.2446423 0.3767169 0.2579946 0.5083881 0.243152 0.4432119 0.228355 0.4447235 0.3381824 0.61847 0.3755587 0.5848361 0.3438553 0.5398246 0.3755587 0.5848361 0.38581 0.5755354 0.3594746 0.5380265 0.325214 0.3301658 0.3354911 0.3487467 0.3593829 0.2855405 0.4605454 0.5082498 0.4428768 0.4828246 0.4347692 0.4858883 0.3354911 0.3487467 0.325214 0.3301658 0.3210037 0.3528098 0.2568492 0.378567 0.2908076 0.384621 0.2940624 0.3518282 0.3687917 0.4875169 0.3636946 0.495339 0.4081028 0.5001996 0.3323214 0.3693541 0.3515104 0.3944563 0.3598706 0.3867081 0.3509057 0.5220932 0.3360263 0.5247588 0.3438553 0.5398246 0.3473685 0.2786641 0.3038271 0.2535067 0.2926523 0.2777045 0.3598706 0.3867081 0.3803299 0.3884548 0.3876442 0.3506972 0.4146814 0.4773982 0.3665374 0.4762901 0.3687917 0.4875169 0.4095829 0.5201083 0.4221151 0.5117545 0.4081028 0.5001996 0.3802937 0.4125835 0.3906223 0.4265004 0.4269781 0.3935951 0.3906223 0.4265004 0.4263838 0.4239361 0.4269781 0.3935951 0.2833001 0.5612879 0.2920573 0.5503664 0.28052 0.526084 0.3360263 0.5247588 0.3360934 0.5067468 0.3142151 0.5090925 0.2696887 0.5041412 0.3011975 0.4907225 0.2904452 0.4390352 0.2553388 0.4419885 0.2904452 0.4390352 0.2908076 0.384621 0.2628579 0.3108032 0.2804413 0.3053851 0.2926523 0.2777045 0.3822981 0.4330676 0.3534119 0.4516195 0.3665374 0.4762901 0.3333215 0.4180199 0.3534119 0.4516195 0.3822981 0.4330676 0.325214 0.3301658 0.2926523 0.2777045 0.2858335 0.3055781 0.2940624 0.3518282 0.2989026 0.351525 0.2858335 0.3055781 0.3086332 0.5059288 0.28052 0.526084 0.2876434 0.5296194 0.28052 0.526084 0.3086332 0.5059288 0.3011975 0.4907225 0.1859018 0.8022632 0.1894938 0.7682576 0.1828235 0.7675485 0.189563 0.9646587 0.1859052 0.930693 0.1802947 0.9311621 0.1859052 0.930693 0.1840246 0.8983728 0.1785217 0.8985986 0.1840246 0.8983728 0.1834312 0.8665002 0.1779419 0.8664989 0.1834312 0.8665002 0.1840063 0.8346223 0.1785084 0.8343934 0.1840063 0.8346223 0.1859018 0.8022632 0.1802796 0.8017992 0.19097 0.8027106 0.2246072 0.8066505 0.2282868 0.77771 0.2282735 0.9551249 0.2246063 0.9261524 0.1909577 0.9302324 0.2246063 0.9261524 0.2225447 0.8963368 0.1889958 0.8981525 0.2225447 0.8963368 0.2218497 0.8663209 0.1883952 0.8664965 0.1883952 0.8664965 0.2218497 0.8663209 0.222503 0.8363476 0.222503 0.8363476 0.2246072 0.8066505 0.19097 0.8027106 0.8770372 0.9092794 0.7906317 0.9178994 0.7830087 0.9602931 0.7906317 0.9178994 0.7498158 0.9066231 0.7155112 0.9264344 0.9611892 0.8849183 0.9409835 0.8825724 0.8770372 0.9092794 0.3158131 0.3851472 0.3333215 0.4180199 0.3515104 0.3944563 0.2908076 0.384621 0.3158131 0.3851472 0.2989026 0.351525 0.3158131 0.3851472 0.2908076 0.384621 0.2904452 0.4390352 0.3165891 0.4382298 0.2904452 0.4390352 0.3011975 0.4907225 0.3636946 0.495339 0.3360934 0.5067468 0.3509057 0.5220932 0.3210037 0.3528098 0.2989026 0.351525 0.3158131 0.3851472 0.3011975 0.4907225 0.3086332 0.5059288 0.3142151 0.5090925 0.7373363 0.8314918 0.7182027 0.8521074 0.7505846 0.8611581 0.9611892 0.8849183 0.9160173 0.8385837 0.8997417 0.8730452 0.7182027 0.8521074 0.7155112 0.9264344 0.7498158 0.9066231 0.8997417 0.8730452 0.9160173 0.8385837 0.8380888 0.8138008 0.7653141 0.8175676 0.7373363 0.8314918 0.7584249 0.8558682 0.8310877 0.857183 0.8380888 0.8138008 0.7653141 0.8175676 0.2225447 0.8963368 0.3030897 0.8937315 0.3000594 0.8653141 0.3024258 0.919511 0.3030897 0.8937315 0.2225447 0.8963368 0.3049415 0.9469262 0.3024258 0.919511 0.2246063 0.9261524 0.2246072 0.8066505 0.3026505 0.8229288 0.3049415 0.7859138 0.222503 0.8363476 0.300967 0.8390673 0.3026505 0.8229288 0.3000594 0.8653141 0.300967 0.8390673 0.222503 0.8363476 0.04095 0.8315995 0.04655057 0.8316895 0.04747027 0.7965385 0.04072386 0.866596 0.04629993 0.8665924 0.04655057 0.8316895 0.04099673 0.9015868 0.04659456 0.9014896 0.04629993 0.8665924 0.04755795 0.9366182 0.04659456 0.9014896 0.04099673 0.9015868 0.04989773 0.9721472 0.04755795 0.9366182 0.04189378 0.9368831 0.04747027 0.7965385 0.04978156 0.7609506 0.04408735 0.7602753 0.06762582 0.8320658 0.06864428 0.7975843 0.04747027 0.7965385 0.04629993 0.8665924 0.06731319 0.8665617 0.06762582 0.8320658 0.04659456 0.9014896 0.06766057 0.9010535 0.06731319 0.8665617 0.06871426 0.9355234 0.06766057 0.9010535 0.04659456 0.9014896 0.07057601 0.9695897 0.06871426 0.9355234 0.04755795 0.9366182 0.04747027 0.7965385 0.06864428 0.7975843 0.07046943 0.7635017 0.1580387 0.8337467 0.1592968 0.8006743 0.06864428 0.7975843 0.1575935 0.8665305 0.1580387 0.8337467 0.06762582 0.8320658 0.1580514 0.8993074 0.1575935 0.8665305 0.06731319 0.8665617 0.1593213 0.9323544 0.1580514 0.8993074 0.06766057 0.9010535 0.07057601 0.9695897 0.160938 0.965835 0.1593213 0.9323544 0.1592968 0.8006743 0.1608769 0.7671582 0.07046943 0.7635017 0.1785084 0.8343934 0.1802796 0.8017992 0.1592968 0.8006743 0.1779419 0.8664989 0.1785084 0.8343934 0.1580387 0.8337467 0.1785217 0.8985986 0.1779419 0.8664989 0.1575935 0.8665305 0.1802947 0.9311621 0.1785217 0.8985986 0.1580514 0.8993074 0.160938 0.965835 0.1828964 0.9653914 0.1802947 0.9311621 0.1802796 0.8017992 0.1828235 0.7675485 0.1608769 0.7671582 0.1840063 0.8346223 0.188973 0.8348356 0.19097 0.8027106 0.1834312 0.8665002 0.1883952 0.8664965 0.188973 0.8348356 0.1889958 0.8981525 0.1883952 0.8664965 0.1834312 0.8665002 0.1909577 0.9302324 0.1889958 0.8981525 0.1840246 0.8983728 0.1954687 0.9632046 0.1909577 0.9302324 0.1859052 0.930693 0.1859018 0.8022632 0.19097 0.8027106 0.1954231 0.7696962 0.07648634 0.628139 0.1222637 0.6400036 0.1225277 0.6151612 0.1222637 0.6400036 0.1682147 0.6291611 0.1623463 0.6043369 0.1222637 0.6400036 0.07648634 0.628139 0.0917254 0.6787347 0.08438605 0.6784025 0.07648634 0.628139 0.03693538 0.6829714 0.5737899 0.217813 0.6163847 0.2218446 0.6270227 0.1708044 0.3593829 0.2855405 0.4046408 0.3114312 0.419447 0.2910237 0.3632916 0.1162517 0.4276458 0.07837957 0.4224956 0.06654894 0.5745847 0.0518409 0.6505907 0.06200855 0.6535264 0.04920536 0.2980918 0.1592065 0.3078495 0.1679027 0.3632916 0.1162517 0.4990251 0.05677181 0.5745847 0.0518409 0.5750665 0.03872627 0.2631808 0.229501 0.3078495 0.1679027 0.2980918 0.1592065 0.4276458 0.07837957 0.4990251 0.05677181 0.4967402 0.04399681 0.4351561 0.09536629 0.4411644 0.1089729 0.5048666 0.08985143 0.5738469 0.07134628 0.5731782 0.08681535 0.6430848 0.09556847 0.3412591 0.1836348 0.3837586 0.1432228 0.3746038 0.1312193 0.5023553 0.07520002 0.5048666 0.08985143 0.5731782 0.08681535 0.2927843 0.2470121 0.3412591 0.1836348 0.3221015 0.180458 0.5755165 0.2655891 0.6061078 0.2691676 0.6163847 0.2218446 0.5451457 0.2684758 0.5755165 0.2655891 0.5737899 0.217813 0.4616435 0.2826753 0.4597759 0.3044038 0.5026174 0.2440665 0.4651952 0.3111683 0.526499 0.3691423 0.5364912 0.3606066 0.5605933 0.3505774 0.5736903 0.3495051 0.5755165 0.2655891 0.518497 0.3795954 0.526499 0.3691423 0.4651952 0.3111683 0.516106 0.2772858 0.5480183 0.3543352 0.5605933 0.3505774 0.5364912 0.3606066 0.5480183 0.3543352 0.516106 0.2772858 0.5736903 0.3495051 0.5867402 0.3511892 0.6061078 0.2691676 0.3746038 0.1312193 0.4351561 0.09536629 0.4276458 0.07837957 0.3221015 0.180458 0.3746038 0.1312193 0.3632916 0.1162517 0.279252 0.2390266 0.3221015 0.180458 0.3078495 0.1679027 0.5745847 0.0518409 0.5738469 0.07134628 0.6464977 0.08023357 0.5023553 0.07520002 0.5738469 0.07134628 0.5745847 0.0518409 0.4351561 0.09536629 0.5023553 0.07520002 0.4990251 0.05677181 0.3914105 0.1530337 0.4460923 0.1201858 0.4411644 0.1089729 0.3922951 0.2224996 0.3727234 0.1779822 0.354353 0.1885902 0.3038271 0.2535067 0.354353 0.1885902 0.3412591 0.1836348 0.5048666 0.08985143 0.5068775 0.1020321 0.5682178 0.09928023 0.4460923 0.1201858 0.5068775 0.1020321 0.5048666 0.08985143 0.3837586 0.1432228 0.4411644 0.1089729 0.4351561 0.09536629 0.3038271 0.2535067 0.3473685 0.2786641 0.3803846 0.2346011 0.3473685 0.2786641 0.3593829 0.2855405 0.3869209 0.2489016 0.5740273 0.1520975 0.5595315 0.1676115 0.6270227 0.1708044 0.4464736 0.3358291 0.4651952 0.3111683 0.4597759 0.3044038 0.5595315 0.1676115 0.5740273 0.1520975 0.5511916 0.1550888 0.5068775 0.1020321 0.5116094 0.1361984 0.5438022 0.1291636 0.4378402 0.2421566 0.4288259 0.2397254 0.4379246 0.283464 0.5389538 0.1709634 0.5210091 0.1969683 0.5309609 0.2025254 0.3994278 0.2358283 0.3922951 0.2224996 0.3803846 0.2346011 0.6298499 0.1572545 0.6403206 0.1080754 0.6138574 0.1049243 0.5309609 0.2025254 0.5356209 0.2225229 0.5737899 0.217813 0.4616435 0.2826753 0.4478216 0.2365438 0.4378402 0.2421566 0.419447 0.2910237 0.4312646 0.3003616 0.4379246 0.283464 0.512662 0.2299435 0.5026174 0.2440665 0.5451457 0.2684758 0.5026174 0.2440665 0.516106 0.2772858 0.5451457 0.2684758 0.3412591 0.1836348 0.354353 0.1885902 0.3738854 0.1701146 0.3922951 0.2224996 0.4094476 0.2169983 0.400457 0.1969141 0.3914105 0.1530337 0.4139074 0.1788574 0.4597458 0.1526631 0.4460923 0.1201858 0.4597458 0.1526631 0.5116094 0.1361984 0.5731782 0.08681535 0.583762 0.101863 0.6138574 0.1049243 0.4937994 0.2381786 0.4672302 0.2164378 0.4478216 0.2365438 0.4929791 0.1869495 0.4672302 0.2164378 0.4937994 0.2381786 0.5740273 0.1520975 0.6138574 0.1049243 0.5852441 0.1070507 0.5438022 0.1291636 0.5455858 0.1336732 0.5852441 0.1070507 0.4017413 0.1906273 0.3738854 0.1701146 0.3727234 0.1779822 0.3738854 0.1701146 0.4017413 0.1906273 0.4139074 0.1788574 0.1859018 0.8022632 0.1894938 0.7682576 0.1828235 0.7675485 0.189563 0.9646587 0.1859052 0.930693 0.1802947 0.9311621 0.1859052 0.930693 0.1840246 0.8983728 0.1785217 0.8985986 0.1840246 0.8983728 0.1834312 0.8665002 0.1779419 0.8664989 0.1834312 0.8665002 0.1840063 0.8346223 0.1785084 0.8343934 0.1840063 0.8346223 0.1859018 0.8022632 0.1802796 0.8017992 0.19097 0.8027106 0.2246072 0.8066505 0.2282868 0.77771 0.2282735 0.9551249 0.2246063 0.9261524 0.1909577 0.9302324 0.2246063 0.9261524 0.2225447 0.8963368 0.1889958 0.8981525 0.2225447 0.8963368 0.2218497 0.8663209 0.1883952 0.8664965 0.1883952 0.8664965 0.2218497 0.8663209 0.222503 0.8363476 0.222503 0.8363476 0.2246072 0.8066505 0.19097 0.8027106 0.8770372 0.9092794 0.7906317 0.9178994 0.7830087 0.9602931 0.7906317 0.9178994 0.7498158 0.9066231 0.7155112 0.9264344 0.9611892 0.8849183 0.9409835 0.8825724 0.8770372 0.9092794 0.5188339 0.1601424 0.4929791 0.1869495 0.5210091 0.1969683 0.5116094 0.1361984 0.5188339 0.1601424 0.5455858 0.1336732 0.5188339 0.1601424 0.5116094 0.1361984 0.4597458 0.1526631 0.4685886 0.1772794 0.4597458 0.1526631 0.4139074 0.1788574 0.4288259 0.2397254 0.4094476 0.2169983 0.3994278 0.2358283 0.5511916 0.1550888 0.5455858 0.1336732 0.5188339 0.1601424 0.4139074 0.1788574 0.4017413 0.1906273 0.400457 0.1969141 0.7373363 0.8314918 0.7182027 0.8521074 0.7505846 0.8611581 0.9611892 0.8849183 0.9160173 0.8385837 0.8997417 0.8730452 0.7182027 0.8521074 0.7155112 0.9264344 0.7498158 0.9066231 0.8997417 0.8730452 0.9160173 0.8385837 0.8380888 0.8138008 0.7653141 0.8175676 0.7373363 0.8314918 0.7584249 0.8558682 0.8310877 0.857183 0.8380888 0.8138008 0.7653141 0.8175676 0.2225447 0.8963368 0.3030897 0.8937315 0.3000594 0.8653141 0.3024258 0.919511 0.3030897 0.8937315 0.2225447 0.8963368 0.3049415 0.9469262 0.3024258 0.919511 0.2246063 0.9261524 0.2246072 0.8066505 0.3026505 0.8229288 0.3049415 0.7859138 0.222503 0.8363476 0.300967 0.8390673 0.3026505 0.8229288 0.3000594 0.8653141 0.300967 0.8390673 0.222503 0.8363476 0.04095 0.8315995 0.04655057 0.8316895 0.04747027 0.7965385 0.04629993 0.8665924 0.04655057 0.8316895 0.04095 0.8315995 0.04099673 0.9015868 0.04659456 0.9014896 0.04629993 0.8665924 0.04189378 0.9368831 0.04755795 0.9366182 0.04659456 0.9014896 0.04421371 0.9728275 0.04989773 0.9721472 0.04755795 0.9366182 0.04747027 0.7965385 0.04978156 0.7609506 0.04408735 0.7602753 0.06762582 0.8320658 0.06864428 0.7975843 0.04747027 0.7965385 0.04629993 0.8665924 0.06731319 0.8665617 0.06762582 0.8320658 0.04659456 0.9014896 0.06766057 0.9010535 0.06731319 0.8665617 0.06871426 0.9355234 0.06766057 0.9010535 0.04659456 0.9014896 0.07057601 0.9695897 0.06871426 0.9355234 0.04755795 0.9366182 0.04747027 0.7965385 0.06864428 0.7975843 0.07046943 0.7635017 0.06762582 0.8320658 0.1580387 0.8337467 0.1592968 0.8006743 0.1575935 0.8665305 0.1580387 0.8337467 0.06762582 0.8320658 0.1580514 0.8993074 0.1575935 0.8665305 0.06731319 0.8665617 0.1593213 0.9323544 0.1580514 0.8993074 0.06766057 0.9010535 0.160938 0.965835 0.1593213 0.9323544 0.06871426 0.9355234 0.06864428 0.7975843 0.1592968 0.8006743 0.1608769 0.7671582 0.1580387 0.8337467 0.1785084 0.8343934 0.1802796 0.8017992 0.1779419 0.8664989 0.1785084 0.8343934 0.1580387 0.8337467 0.1785217 0.8985986 0.1779419 0.8664989 0.1575935 0.8665305 0.1593213 0.9323544 0.1802947 0.9311621 0.1785217 0.8985986 0.1828964 0.9653914 0.1802947 0.9311621 0.1593213 0.9323544 0.1802796 0.8017992 0.1828235 0.7675485 0.1608769 0.7671582 0.188973 0.8348356 0.19097 0.8027106 0.1859018 0.8022632 0.1834312 0.8665002 0.1883952 0.8664965 0.188973 0.8348356 0.1840246 0.8983728 0.1889958 0.8981525 0.1883952 0.8664965 0.1909577 0.9302324 0.1889958 0.8981525 0.1840246 0.8983728 0.189563 0.9646587 0.1954687 0.9632046 0.1909577 0.9302324 0.1859018 0.8022632 0.19097 0.8027106 0.1954231 0.7696962 0.07648634 0.628139 0.1222637 0.6400036 0.1225277 0.6151612 0.1222637 0.6400036 0.1682147 0.6291611 0.1623463 0.6043369 0.1222637 0.6400036 0.07648634 0.628139 0.0917254 0.6787347 0.08438605 0.6784025 0.07648634 0.628139 0.03693538 0.6829714 0.757691 0.3537796 0.7670211 0.3955358 0.8188521 0.3898782 0.6270227 0.1708044 0.6163847 0.2218446 0.6403676 0.2296195 0.7892161 0.1222073 0.8451222 0.1716982 0.8547809 0.1631435 0.9284051 0.299637 0.9157838 0.303233 0.9296106 0.3786628 0.7282196 0.07348424 0.722966 0.08545023 0.7892161 0.1222073 0.8877359 0.2328989 0.9157838 0.303233 0.9284051 0.299637 0.6505907 0.06200855 0.722966 0.08545023 0.7282196 0.07348424 0.8451222 0.1716982 0.8877359 0.2328989 0.8991784 0.2267767 0.8202078 0.1940104 0.8580829 0.2486798 0.8712399 0.2417625 0.8970053 0.3085613 0.8820869 0.3127073 0.8953725 0.3818987 0.7183306 0.1220813 0.7698942 0.1500059 0.7784792 0.1375905 0.8712399 0.2417625 0.8580829 0.2486798 0.8820869 0.3127073 0.6430848 0.09556847 0.7183306 0.1220813 0.7154314 0.1028823 0.7127869 0.370187 0.7188376 0.400387 0.7670211 0.3955358 0.7006555 0.3421949 0.7127869 0.370187 0.757691 0.3537796 0.6613464 0.2671695 0.6401048 0.272108 0.7107266 0.2942054 0.6353464 0.279352 0.5991545 0.3555692 0.6103601 0.3624348 0.6273466 0.3822581 0.6324138 0.3943826 0.7127869 0.370187 0.5867402 0.3511892 0.5991545 0.3555692 0.6353464 0.279352 0.6198868 0.3714598 0.6273466 0.3822581 0.7006555 0.3421949 0.6103601 0.3624348 0.6198868 0.3714598 0.6833026 0.3172994 0.6324138 0.3943826 0.6348447 0.4073142 0.7188376 0.400387 0.7784792 0.1375905 0.83129 0.184091 0.8451222 0.1716982 0.7154314 0.1028823 0.7784792 0.1375905 0.7892161 0.1222073 0.6464977 0.08023357 0.7154314 0.1028823 0.722966 0.08545023 0.9157838 0.303233 0.8970053 0.3085613 0.9110122 0.3804041 0.8712399 0.2417625 0.8970053 0.3085613 0.9157838 0.303233 0.83129 0.184091 0.8712399 0.2417625 0.8877359 0.2328989 0.7698942 0.1500059 0.7629294 0.1603146 0.8110677 0.2021627 0.6971433 0.1826238 0.7334294 0.1502549 0.7176649 0.1360641 0.6403206 0.1080754 0.7176649 0.1360641 0.7183306 0.1220813 0.8580829 0.2486798 0.8471204 0.2543575 0.8686989 0.3118429 0.8202078 0.1940104 0.8110677 0.2021627 0.8471204 0.2543575 0.7698942 0.1500059 0.8202078 0.1940104 0.83129 0.184091 0.6403206 0.1080754 0.6298499 0.1572545 0.6819546 0.1750366 0.6298499 0.1572545 0.6270227 0.1708044 0.6703751 0.1856715 0.8202632 0.3336941 0.8010282 0.3247031 0.8188521 0.3898782 0.6061078 0.2691676 0.6353464 0.279352 0.6401048 0.272108 0.8010282 0.3247031 0.8202632 0.3336941 0.81036 0.312901 0.8471204 0.2543575 0.8160907 0.2694186 0.8327315 0.2978601 0.6925244 0.2320111 0.6920506 0.2226871 0.6532667 0.2448561 0.7914802 0.306169 0.7612023 0.2971404 0.7589931 0.3083224 0.6866722 0.1935256 0.6971433 0.1826238 0.6819546 0.1750366 0.832613 0.3883789 0.8826228 0.3831359 0.8774394 0.3569936 0.7589931 0.3083224 0.7414153 0.3189347 0.757691 0.3537796 0.6613464 0.2671695 0.7009468 0.2397688 0.6925244 0.2320111 0.6403676 0.2296195 0.6351388 0.2437438 0.6532667 0.2448561 0.7272623 0.2993934 0.7107266 0.2942054 0.7006555 0.3421949 0.7107266 0.2942054 0.6833026 0.3172994 0.7006555 0.3421949 0.7183306 0.1220813 0.7176649 0.1360641 0.7412703 0.1489284 0.6971433 0.1826238 0.7076757 0.1972352 0.7239968 0.1824787 0.7629294 0.1603146 0.745325 0.1896893 0.7844023 0.225185 0.8110677 0.2021627 0.7844023 0.225185 0.8160907 0.2694186 0.8820869 0.3127073 0.8710475 0.3274246 0.8774394 0.3569936 0.7136009 0.2839998 0.7260659 0.252013 0.7009468 0.2397688 0.7620674 0.2673869 0.7260659 0.252013 0.7136009 0.2839998 0.8202632 0.3336941 0.8774394 0.3569936 0.8665721 0.3304377 0.8327315 0.2978601 0.8289942 0.3009502 0.8665721 0.3304377 0.7303721 0.1817574 0.7412703 0.1489284 0.7334294 0.1502549 0.7412703 0.1489284 0.7303721 0.1817574 0.745325 0.1896893 0.1859018 0.8022632 0.1894938 0.7682576 0.1828235 0.7675485 0.189563 0.9646587 0.1859052 0.930693 0.1802947 0.9311621 0.1859052 0.930693 0.1840246 0.8983728 0.1785217 0.8985986 0.1840246 0.8983728 0.1834312 0.8665002 0.1779419 0.8664989 0.1834312 0.8665002 0.1840063 0.8346223 0.1785084 0.8343934 0.1840063 0.8346223 0.1859018 0.8022632 0.1802796 0.8017992 0.19097 0.8027106 0.2246072 0.8066505 0.2282868 0.77771 0.2282735 0.9551249 0.2246063 0.9261524 0.1909577 0.9302324 0.2246063 0.9261524 0.2225447 0.8963368 0.1889958 0.8981525 0.2225447 0.8963368 0.2218497 0.8663209 0.1883952 0.8664965 0.1883952 0.8664965 0.2218497 0.8663209 0.222503 0.8363476 0.222503 0.8363476 0.2246072 0.8066505 0.19097 0.8027106 0.8770372 0.9092794 0.7906317 0.9178994 0.7830087 0.9602931 0.7906317 0.9178994 0.7498158 0.9066231 0.7155112 0.9264344 0.9611892 0.8849183 0.9409835 0.8825724 0.8770372 0.9092794 0.7955525 0.2836899 0.7620674 0.2673869 0.7612023 0.2971404 0.8160907 0.2694186 0.7955525 0.2836899 0.8289942 0.3009502 0.7955525 0.2836899 0.8160907 0.2694186 0.7844023 0.225185 0.7637254 0.2412026 0.7844023 0.225185 0.745325 0.1896893 0.6920506 0.2226871 0.7076757 0.1972352 0.6866722 0.1935256 0.81036 0.312901 0.8289942 0.3009502 0.7955525 0.2836899 0.745325 0.1896893 0.7303721 0.1817574 0.7239968 0.1824787 0.7373363 0.8314918 0.7182027 0.8521074 0.7505846 0.8611581 0.9611892 0.8849183 0.9160173 0.8385837 0.8997417 0.8730452 0.7182027 0.8521074 0.7155112 0.9264344 0.7498158 0.9066231 0.8997417 0.8730452 0.9160173 0.8385837 0.8380888 0.8138008 0.7653141 0.8175676 0.7373363 0.8314918 0.7584249 0.8558682 0.8310877 0.857183 0.8380888 0.8138008 0.7653141 0.8175676 0.2225447 0.8963368 0.3030897 0.8937315 0.3000594 0.8653141 0.3024258 0.919511 0.3030897 0.8937315 0.2225447 0.8963368 0.3049415 0.9469262 0.3024258 0.919511 0.2246063 0.9261524 0.2246072 0.8066505 0.3026505 0.8229288 0.3049415 0.7859138 0.222503 0.8363476 0.300967 0.8390673 0.3026505 0.8229288 0.3000594 0.8653141 0.300967 0.8390673 0.222503 0.8363476 0.04655057 0.8316895 0.04747027 0.7965385 0.04179978 0.7962794 0.04072386 0.866596 0.04629993 0.8665924 0.04655057 0.8316895 0.04099673 0.9015868 0.04659456 0.9014896 0.04629993 0.8665924 0.04755795 0.9366182 0.04659456 0.9014896 0.04099673 0.9015868 0.04989773 0.9721472 0.04755795 0.9366182 0.04189378 0.9368831 0.04747027 0.7965385 0.04978156 0.7609506 0.04408735 0.7602753 0.06762582 0.8320658 0.06864428 0.7975843 0.04747027 0.7965385 0.06731319 0.8665617 0.06762582 0.8320658 0.04655057 0.8316895 0.06766057 0.9010535 0.06731319 0.8665617 0.04629993 0.8665924 0.04755795 0.9366182 0.06871426 0.9355234 0.06766057 0.9010535 0.04989773 0.9721472 0.07057601 0.9695897 0.06871426 0.9355234 0.06864428 0.7975843 0.07046943 0.7635017 0.04978156 0.7609506 0.1580387 0.8337467 0.1592968 0.8006743 0.06864428 0.7975843 0.1575935 0.8665305 0.1580387 0.8337467 0.06762582 0.8320658 0.06766057 0.9010535 0.1580514 0.8993074 0.1575935 0.8665305 0.1593213 0.9323544 0.1580514 0.8993074 0.06766057 0.9010535 0.160938 0.965835 0.1593213 0.9323544 0.06871426 0.9355234 0.1592968 0.8006743 0.1608769 0.7671582 0.07046943 0.7635017 0.1580387 0.8337467 0.1785084 0.8343934 0.1802796 0.8017992 0.1575935 0.8665305 0.1779419 0.8664989 0.1785084 0.8343934 0.1580514 0.8993074 0.1785217 0.8985986 0.1779419 0.8664989 0.1802947 0.9311621 0.1785217 0.8985986 0.1580514 0.8993074 0.1828964 0.9653914 0.1802947 0.9311621 0.1593213 0.9323544 0.1802796 0.8017992 0.1828235 0.7675485 0.1608769 0.7671582 0.188973 0.8348356 0.19097 0.8027106 0.1859018 0.8022632 0.1883952 0.8664965 0.188973 0.8348356 0.1840063 0.8346223 0.1889958 0.8981525 0.1883952 0.8664965 0.1834312 0.8665002 0.1859052 0.930693 0.1909577 0.9302324 0.1889958 0.8981525 0.189563 0.9646587 0.1954687 0.9632046 0.1909577 0.9302324 0.1859018 0.8022632 0.19097 0.8027106 0.1954231 0.7696962 0.07648634 0.628139 0.1222637 0.6400036 0.1225277 0.6151612 0.1222637 0.6400036 0.1682147 0.6291611 0.1623463 0.6043369 0.1222637 0.6400036 0.07648634 0.628139 0.0917254 0.6787347 0.08438605 0.6784025 0.07648634 0.628139 0.03693538 0.6829714 0.1225277 0.6151612 0.1232792 0.5484282 0.08294171 0.6034356 0.1623463 0.6043369 0.1232792 0.5484282 0.1225277 0.6151612 0.1225277 0.6151612 0.1232792 0.5484282 0.08294171 0.6034356 0.1623463 0.6043369 0.1232792 0.5484282 0.1225277 0.6151612 0.1225277 0.6151612 0.1232792 0.5484282 0.08294171 0.6034356 0.1623463 0.6043369 0.1232792 0.5484282 0.1225277 0.6151612 0.1225277 0.6151612 0.1232792 0.5484282 0.08294171 0.6034356 0.1623463 0.6043369 0.1232792 0.5484282 0.1225277 0.6151612 0.1225277 0.6151612 0.1232792 0.5484282 0.08294171 0.6034356 0.1623463 0.6043369 0.1232792 0.5484282 0.1225277 0.6151612</float_array>
          <technique_common>
            <accessor source="#Circle_023-mesh-map-0-array" count="4506" stride="2">
              <param name="S" type="float"/>
              <param name="T" type="float"/>
            </accessor>
          </technique_common>
        </source>
        <vertices id="Circle_023-mesh-vertices">
          <input semantic="POSITION" source="#Circle_023-mesh-positions"/>
        </vertices>
        <triangles material="wheel_25a-material" count="1502">
          <input semantic="VERTEX" source="#Circle_023-mesh-vertices" offset="0"/>
          <input semantic="NORMAL" source="#Circle_023-mesh-normals" offset="1"/>
          <input semantic="TEXCOORD" source="#Circle_023-mesh-map-0" offset="2" set="0"/>
          <p>7 0 0 49 1 1 51 2 2 649 3 3 75 4 4 70 5 5 26 6 6 0 7 7 1 8 8 32 9 9 3 10 10 4 11 11 28 12 12 1 8 13 2 13 14 34 14 15 4 11 16 5 15 17 630 16 18 2 13 19 604 17 20 23 18 21 5 15 22 0 7 23 35 19 24 33 20 25 24 21 26 31 22 27 42 23 28 29 24 29 40 25 30 25 26 31 27 27 32 33 20 33 44 28 34 31 22 35 642 29 36 27 27 37 629 30 38 14 31 39 9 32 40 7 0 41 15 33 42 7 0 43 6 34 44 610 35 45 614 36 46 77 37 47 58 38 48 74 39 49 8 40 50 18 41 51 11 42 52 12 43 53 21 44 54 14 31 55 15 33 56 620 45 57 12 43 58 614 36 59 16 46 60 15 33 61 10 47 62 17 48 63 10 47 64 11 42 65 20 49 66 13 50 67 14 31 68 17 48 69 22 51 70 16 46 71 20 49 72 22 51 73 19 52 74 18 41 75 22 51 76 17 48 77 21 44 78 22 51 79 20 49 80 620 45 81 22 51 82 18 41 83 16 46 84 22 51 85 21 44 86 25 26 87 23 18 88 26 6 89 27 27 90 26 6 91 28 12 92 629 30 93 28 12 94 630 16 95 32 9 96 29 24 97 30 53 98 33 20 99 32 9 100 34 14 101 24 21 102 34 14 103 23 18 104 37 54 105 35 19 106 38 55 107 48 56 108 39 57 109 68 58 110 641 59 111 40 25 112 642 29 113 43 60 114 63 61 115 82 62 116 46 63 117 43 60 118 44 28 119 35 19 120 45 64 121 46 63 122 38 55 123 24 21 124 25 26 125 641 59 126 68 58 127 39 57 128 650 65 129 70 5 130 68 58 131 52 66 132 49 1 133 50 67 134 614 36 135 72 68 136 77 37 137 81 69 138 55 70 139 61 71 140 74 39 141 71 72 142 8 40 143 60 73 144 67 74 145 77 37 146 51 2 147 61 71 148 54 75 149 57 76 150 71 72 151 73 77 152 45 64 153 63 61 154 43 60 155 60 73 156 72 68 157 58 38 158 80 78 159 67 74 160 60 73 161 54 75 162 73 77 163 51 2 164 47 79 165 68 58 166 70 5 167 50 67 168 69 80 169 52 66 170 72 68 171 60 73 172 77 37 173 73 77 174 7 0 175 51 2 176 72 68 177 12 43 178 11 42 179 58 38 180 80 78 181 60 73 182 71 72 183 6 34 184 73 77 185 75 4 186 67 74 187 53 81 188 72 68 189 11 42 190 74 39 191 15 33 192 6 34 193 71 72 194 75 4 195 53 81 196 59 82 197 40 25 198 83 83 199 38 55 200 77 37 201 75 4 202 610 35 203 48 56 204 85 84 205 84 85 206 67 74 207 56 86 208 53 81 209 59 82 210 47 79 211 70 5 212 59 82 213 70 5 214 75 4 215 37 54 216 64 87 217 36 88 218 36 88 219 62 89 220 45 64 221 47 79 222 66 90 223 48 56 224 53 81 225 56 86 226 59 82 227 44 28 228 69 80 229 42 23 230 8 40 231 79 91 232 58 38 233 78 92 234 8 40 235 57 76 236 52 66 237 81 69 238 61 71 239 69 80 240 41 93 241 42 23 242 81 69 243 69 80 244 82 62 245 63 61 246 81 69 247 82 62 248 82 62 249 44 28 250 43 60 251 83 83 252 39 57 253 84 85 254 86 94 255 84 85 256 85 84 257 83 83 258 65 95 259 37 54 260 83 83 261 37 54 262 38 55 263 89 96 264 737 97 265 136 98 266 90 99 267 132 100 268 137 101 269 132 100 270 92 102 271 133 103 272 92 102 273 134 104 274 133 103 275 87 105 276 135 106 277 134 104 278 135 106 279 89 96 280 136 98 281 138 107 282 696 108 283 740 109 284 96 110 285 139 111 286 140 112 287 97 113 288 141 114 289 139 111 290 98 115 291 142 116 292 141 114 293 93 117 294 143 118 295 142 116 296 94 119 297 138 107 298 143 118 299 99 120 300 755 121 301 110 122 302 100 123 303 752 124 304 755 121 305 11 42 306 10 47 307 74 39 308 108 125 309 99 120 310 110 122 311 101 126 312 57 76 313 54 75 314 62 89 315 55 70 316 63 61 317 101 126 318 64 87 319 99 120 320 99 120 321 65 95 322 100 123 323 66 90 324 100 123 325 85 84 326 56 86 327 47 79 328 59 82 329 61 71 330 101 126 331 54 75 332 65 95 333 85 84 334 100 123 335 71 72 336 57 76 337 8 40 338 748 127 339 56 86 340 80 78 341 108 125 342 78 92 343 101 126 344 751 128 345 66 90 346 56 86 347 78 92 348 750 129 349 76 130 350 747 131 351 80 78 352 79 91 353 76 130 354 747 131 355 79 91 356 98 115 357 754 132 358 93 117 359 111 133 360 98 115 361 97 113 362 112 134 363 97 113 364 96 110 365 95 135 366 712 136 367 696 108 368 94 119 369 103 137 370 95 135 371 754 132 372 94 119 373 93 117 374 103 137 375 102 138 376 712 136 377 753 139 378 111 133 379 105 140 380 105 140 381 111 133 382 113 141 383 112 134 384 113 141 385 111 133 386 1 8 387 114 142 388 2 13 389 118 143 390 1 8 391 0 7 392 5 15 393 118 143 394 0 7 395 4 11 396 117 144 397 5 15 398 3 10 399 115 145 400 4 11 401 114 142 402 604 17 403 2 13 404 123 146 405 114 142 406 119 147 407 122 148 408 119 147 409 118 143 410 121 149 411 118 143 412 117 144 413 120 150 414 117 144 415 115 145 416 125 151 417 115 145 418 116 152 419 114 142 420 725 153 421 716 154 422 129 155 423 124 156 424 123 146 425 128 157 426 123 146 427 122 148 428 127 158 429 122 148 430 121 149 431 126 159 432 121 149 433 120 150 434 131 160 435 120 150 436 125 151 437 130 161 438 725 153 439 124 156 440 129 155 441 136 98 442 130 161 443 128 157 444 135 106 445 129 155 446 133 103 447 128 157 448 127 158 449 126 159 450 133 103 451 127 158 452 131 160 453 132 100 454 126 159 455 136 98 456 731 162 457 130 161 458 143 118 459 89 96 460 88 163 461 142 116 462 88 163 463 87 105 464 141 114 465 87 105 466 92 102 467 139 111 468 92 102 469 91 164 470 140 112 471 91 164 472 90 99 473 89 96 474 740 109 475 690 165 476 745 166 477 146 167 478 144 168 479 144 168 480 113 141 481 145 169 482 104 170 483 105 140 484 146 167 485 146 167 486 106 171 487 104 170 488 107 172 489 106 171 490 713 173 491 107 172 492 712 136 493 102 138 494 113 141 495 146 167 496 105 140 497 147 174 498 150 175 499 149 176 500 150 175 501 151 177 502 149 176 503 151 177 504 154 178 505 153 179 506 154 178 507 155 180 508 153 179 509 155 180 510 158 181 511 157 182 512 158 181 513 159 183 514 157 182 515 156 184 516 154 178 517 152 185 518 159 183 519 162 186 520 161 187 521 162 186 522 147 174 523 161 187 524 170 188 525 211 189 526 213 190 527 49 1 528 237 191 529 232 192 530 188 193 531 163 194 532 164 195 533 194 196 534 166 197 535 167 198 536 190 199 537 164 195 538 165 200 539 196 201 540 167 198 541 168 202 542 30 53 543 165 200 544 3 10 545 163 194 546 196 201 547 168 202 548 186 203 549 208 204 550 195 205 551 193 206 552 204 207 553 191 208 554 202 209 555 187 210 556 189 211 557 195 205 558 206 212 559 193 206 560 42 23 561 189 211 562 29 24 563 177 213 564 172 214 565 170 188 566 178 215 567 170 188 568 169 216 569 9 32 570 13 50 571 239 217 572 220 218 573 236 219 574 171 220 575 181 221 576 174 222 577 175 223 578 184 224 579 177 213 580 178 215 581 19 52 582 175 223 583 13 50 584 179 225 585 178 215 586 173 226 587 180 227 588 173 226 589 174 222 590 183 228 591 176 229 592 177 213 593 180 227 594 22 51 595 179 225 596 183 228 597 22 51 598 182 230 599 181 221 600 22 51 601 180 227 602 184 224 603 22 51 604 183 228 605 19 52 606 22 51 607 181 221 608 179 225 609 22 51 610 184 224 611 187 210 612 185 231 613 188 193 614 189 211 615 188 193 616 190 199 617 29 24 618 190 199 619 30 53 620 194 196 621 191 208 622 192 232 623 195 205 624 194 196 625 196 201 626 186 203 627 196 201 628 185 231 629 199 233 630 197 234 631 200 235 632 210 236 633 201 237 634 230 238 635 41 93 636 202 209 637 42 23 638 205 239 639 225 240 640 244 241 641 208 204 642 205 239 643 206 212 644 198 242 645 208 204 646 197 234 647 200 235 648 186 203 649 187 210 650 41 93 651 230 238 652 201 237 653 50 67 654 232 192 655 230 238 656 214 243 657 211 189 658 212 244 659 13 50 660 234 245 661 239 217 662 243 246 663 217 247 664 223 248 665 236 219 666 233 249 667 171 220 668 222 250 669 229 251 670 239 217 671 213 190 672 223 248 673 216 252 674 219 253 675 233 249 676 235 254 677 207 255 678 225 240 679 205 239 680 222 250 681 234 245 682 220 218 683 242 256 684 229 251 685 222 250 686 216 252 687 235 254 688 213 190 689 209 257 690 230 238 691 232 192 692 212 244 693 231 258 694 214 243 695 234 245 696 222 250 697 239 217 698 235 254 699 170 188 700 213 190 701 234 245 702 175 223 703 174 222 704 220 218 705 242 256 706 222 250 707 233 249 708 169 216 709 235 254 710 237 191 711 229 251 712 215 259 713 234 245 714 174 222 715 236 219 716 178 215 717 169 216 718 233 249 719 237 191 720 215 259 721 221 260 722 202 209 723 245 261 724 200 235 725 239 217 726 237 191 727 9 32 728 210 236 729 247 262 730 246 263 731 229 251 732 218 264 733 215 259 734 221 260 735 209 257 736 232 192 737 221 260 738 232 192 739 237 191 740 199 233 741 226 265 742 198 242 743 198 242 744 224 266 745 207 255 746 209 257 747 228 267 748 210 236 749 215 259 750 218 264 751 221 260 752 206 212 753 231 258 754 204 207 755 171 220 756 241 268 757 220 218 758 240 269 759 171 220 760 219 253 761 214 243 762 243 246 763 223 248 764 231 258 765 203 270 766 204 207 767 243 246 768 231 258 769 244 241 770 225 240 771 243 246 772 244 241 773 244 241 774 206 212 775 205 239 776 245 261 777 201 237 778 246 263 779 248 271 780 246 263 781 247 262 782 245 261 783 227 272 784 199 233 785 245 261 786 199 233 787 200 235 788 251 273 789 137 101 790 298 274 791 252 275 792 294 276 793 299 277 794 253 278 795 295 279 796 294 276 797 254 280 798 296 281 799 295 279 800 249 282 801 297 283 802 296 281 803 250 284 804 298 274 805 297 283 806 300 285 807 96 110 808 140 112 809 258 286 810 301 287 811 302 288 812 259 289 813 303 290 814 301 287 815 303 290 816 255 291 817 304 292 818 255 291 819 305 293 820 304 292 821 256 294 822 300 285 823 305 293 824 261 295 825 764 296 826 272 297 827 262 298 828 761 299 829 764 296 830 174 222 831 173 226 832 236 219 833 270 300 834 261 295 835 272 297 836 263 301 837 219 253 838 216 252 839 224 266 840 217 247 841 225 240 842 263 301 843 226 265 844 261 295 845 261 295 846 227 272 847 262 298 848 228 267 849 262 298 850 247 262 851 218 264 852 209 257 853 221 260 854 223 248 855 263 301 856 216 252 857 227 272 858 247 262 859 262 298 860 233 249 861 219 253 862 171 220 863 757 302 864 218 264 865 242 256 866 270 300 867 240 269 868 263 301 869 760 303 870 228 267 871 218 264 872 240 269 873 759 304 874 238 305 875 756 306 876 242 256 877 241 268 878 238 305 879 756 306 880 241 268 881 260 307 882 763 308 883 255 291 884 273 309 885 260 307 886 259 289 887 274 310 888 259 289 889 258 286 890 257 311 891 112 134 892 96 110 893 256 294 894 265 312 895 257 311 896 763 308 897 256 294 898 255 291 899 265 312 900 264 313 901 112 134 902 762 314 903 273 309 904 267 315 905 267 315 906 273 309 907 275 316 908 274 310 909 275 316 910 273 309 911 281 317 912 165 200 913 164 195 914 280 318 915 164 195 916 163 194 917 279 319 918 163 194 919 168 202 920 277 320 921 168 202 922 167 198 923 166 197 924 277 320 925 167 198 926 165 200 927 116 152 928 3 10 929 285 321 930 276 322 931 281 317 932 280 318 933 285 321 934 281 317 935 283 323 936 280 318 937 279 319 938 282 324 939 279 319 940 277 320 941 278 325 942 282 324 943 277 320 944 276 322 945 125 151 946 116 152 947 291 326 948 286 327 949 285 321 950 290 328 951 285 321 952 284 329 953 283 323 954 290 328 955 284 329 956 288 330 957 283 323 958 282 324 959 293 331 960 282 324 961 287 332 962 292 333 963 125 151 964 286 327 965 291 326 966 298 274 967 292 333 968 296 281 969 291 326 970 290 328 971 289 334 972 296 281 973 290 328 974 294 276 975 289 334 976 288 330 977 299 277 978 288 330 979 293 331 980 298 274 981 131 160 982 292 333 983 250 284 984 300 285 985 251 273 986 249 282 987 305 293 988 250 284 989 303 290 990 249 282 991 254 280 992 301 287 993 254 280 994 253 278 995 252 275 996 301 287 997 253 278 998 251 273 999 140 112 1000 90 99 1001 145 169 1002 308 335 1003 306 336 1004 308 335 1005 307 337 1006 306 336 1007 266 338 1008 267 315 1009 308 335 1010 308 335 1011 268 339 1012 266 338 1013 269 340 1014 268 339 1015 113 141 1016 269 340 1017 112 134 1018 264 313 1019 275 316 1020 308 335 1021 267 315 1022 316 341 1023 357 342 1024 359 343 1025 211 189 1026 383 344 1027 378 345 1028 334 346 1029 309 347 1030 310 348 1031 313 349 1032 338 350 1033 312 351 1034 336 352 1035 310 348 1036 311 353 1037 342 354 1038 313 349 1039 314 355 1040 192 232 1041 311 353 1042 166 197 1043 331 356 1044 314 355 1045 309 347 1046 343 357 1047 341 358 1048 332 359 1049 339 360 1050 350 361 1051 337 362 1052 348 363 1053 333 364 1054 335 365 1055 341 358 1056 352 366 1057 339 360 1058 204 207 1059 335 365 1060 191 208 1061 323 367 1062 318 368 1063 316 341 1064 324 369 1065 316 341 1066 315 370 1067 172 214 1068 176 229 1069 385 371 1070 366 372 1071 382 373 1072 317 374 1073 327 375 1074 320 376 1075 321 377 1076 330 378 1077 323 367 1078 324 369 1079 182 230 1080 321 377 1081 176 229 1082 325 379 1083 324 369 1084 319 380 1085 326 381 1086 319 380 1087 320 376 1088 329 382 1089 322 383 1090 323 367 1091 326 381 1092 22 51 1093 325 379 1094 329 382 1095 22 51 1096 328 384 1097 327 375 1098 22 51 1099 326 381 1100 330 378 1101 22 51 1102 329 382 1103 182 230 1104 22 51 1105 327 375 1106 325 379 1107 22 51 1108 330 378 1109 333 364 1110 331 356 1111 334 346 1112 335 365 1113 334 346 1114 336 352 1115 191 208 1116 336 352 1117 192 232 1118 340 385 1119 337 362 1120 338 350 1121 342 354 1122 339 360 1123 340 385 1124 331 356 1125 341 358 1126 342 354 1127 345 386 1128 343 357 1129 346 387 1130 356 388 1131 347 389 1132 376 390 1133 203 270 1134 348 363 1135 204 207 1136 351 391 1137 371 392 1138 390 393 1139 354 394 1140 351 391 1141 352 366 1142 344 395 1143 354 394 1144 343 357 1145 346 387 1146 332 359 1147 333 364 1148 203 270 1149 376 390 1150 347 389 1151 212 244 1152 378 345 1153 376 390 1154 360 396 1155 357 342 1156 358 397 1157 176 229 1158 380 398 1159 385 371 1160 389 399 1161 363 400 1162 369 401 1163 382 373 1164 379 402 1165 317 374 1166 368 403 1167 375 404 1168 385 371 1169 359 343 1170 369 401 1171 362 405 1172 365 406 1173 379 402 1174 381 407 1175 353 408 1176 371 392 1177 351 391 1178 368 403 1179 380 398 1180 366 372 1181 388 409 1182 375 404 1183 368 403 1184 362 405 1185 381 407 1186 359 343 1187 355 410 1188 376 390 1189 378 345 1190 358 397 1191 377 411 1192 360 396 1193 380 398 1194 368 403 1195 385 371 1196 381 407 1197 316 341 1198 359 343 1199 380 398 1200 321 377 1201 320 376 1202 366 372 1203 388 409 1204 368 403 1205 379 402 1206 315 370 1207 381 407 1208 383 344 1209 375 404 1210 361 412 1211 380 398 1212 320 376 1213 382 373 1214 324 369 1215 315 370 1216 379 402 1217 383 344 1218 361 412 1219 367 413 1220 348 363 1221 391 414 1222 346 387 1223 385 371 1224 383 344 1225 172 214 1226 356 388 1227 393 415 1228 392 416 1229 375 404 1230 364 417 1231 361 412 1232 367 413 1233 355 410 1234 378 345 1235 367 413 1236 378 345 1237 383 344 1238 345 386 1239 372 418 1240 344 395 1241 344 395 1242 370 419 1243 353 408 1244 355 410 1245 374 420 1246 356 388 1247 361 412 1248 364 417 1249 367 413 1250 352 366 1251 377 411 1252 350 361 1253 317 374 1254 387 421 1255 366 372 1256 386 422 1257 317 374 1258 365 406 1259 360 396 1260 389 399 1261 369 401 1262 377 411 1263 349 423 1264 350 361 1265 389 399 1266 377 411 1267 390 393 1268 371 392 1269 389 399 1270 390 393 1271 390 393 1272 352 366 1273 351 391 1274 391 414 1275 347 389 1276 392 416 1277 394 424 1278 392 416 1279 393 415 1280 391 414 1281 373 425 1282 345 386 1283 391 414 1284 345 386 1285 346 387 1286 397 426 1287 299 277 1288 444 427 1289 398 428 1290 440 429 1291 445 430 1292 399 431 1293 441 432 1294 440 429 1295 400 433 1296 442 434 1297 441 432 1298 395 435 1299 443 436 1300 442 434 1301 396 437 1302 444 427 1303 443 436 1304 446 438 1305 258 286 1306 302 288 1307 404 439 1308 447 440 1309 448 441 1310 405 442 1311 449 443 1312 447 440 1313 406 444 1314 450 445 1315 449 443 1316 450 445 1317 402 446 1318 451 447 1319 402 446 1320 446 438 1321 451 447 1322 407 448 1323 773 449 1324 418 450 1325 408 451 1326 770 452 1327 773 449 1328 320 376 1329 319 380 1330 382 373 1331 416 453 1332 407 448 1333 418 450 1334 409 454 1335 365 406 1336 362 405 1337 370 419 1338 363 400 1339 371 392 1340 409 454 1341 372 418 1342 407 448 1343 407 448 1344 373 425 1345 408 451 1346 374 420 1347 408 451 1348 393 415 1349 364 417 1350 355 410 1351 367 413 1352 369 401 1353 409 454 1354 362 405 1355 373 425 1356 393 415 1357 408 451 1358 379 402 1359 365 406 1360 317 374 1361 766 455 1362 364 417 1363 388 409 1364 416 453 1365 386 422 1366 409 454 1367 769 456 1368 374 420 1369 364 417 1370 386 422 1371 768 457 1372 384 458 1373 765 459 1374 388 409 1375 387 421 1376 384 458 1377 765 459 1378 387 421 1379 406 444 1380 772 460 1381 401 461 1382 419 462 1383 406 444 1384 405 442 1385 420 463 1386 405 442 1387 404 439 1388 403 464 1389 274 310 1390 258 286 1391 402 446 1392 411 465 1393 403 464 1394 772 460 1395 402 446 1396 401 461 1397 411 465 1398 410 466 1399 274 310 1400 771 467 1401 419 462 1402 413 468 1403 413 468 1404 419 462 1405 421 469 1406 420 463 1407 421 469 1408 419 462 1409 310 348 1410 422 470 1411 311 353 1412 309 347 1413 427 471 1414 310 348 1415 314 355 1416 426 472 1417 309 347 1418 423 473 1419 314 355 1420 313 349 1421 424 474 1422 313 349 1423 312 351 1424 422 470 1425 166 197 1426 311 353 1427 431 475 1428 422 470 1429 427 471 1430 426 472 1431 431 475 1432 427 471 1433 425 476 1434 430 477 1435 426 472 1436 428 478 1437 425 476 1438 423 473 1439 433 479 1440 423 473 1441 424 474 1442 422 470 1443 287 332 1444 278 325 1445 437 480 1446 432 481 1447 431 475 1448 436 482 1449 431 475 1450 430 477 1451 435 483 1452 430 477 1453 429 484 1454 434 485 1455 429 484 1456 428 478 1457 433 479 1458 434 485 1459 428 478 1460 438 486 1461 287 332 1462 432 481 1463 443 436 1464 438 486 1465 437 480 1466 442 434 1467 437 480 1468 436 482 1469 441 432 1470 436 482 1471 435 483 1472 440 429 1473 435 483 1474 434 485 1475 439 487 1476 440 429 1477 434 485 1478 444 427 1479 293 331 1480 438 486 1481 396 437 1482 446 438 1483 397 426 1484 395 435 1485 451 447 1486 396 437 1487 449 443 1488 395 435 1489 400 433 1490 447 440 1491 400 433 1492 399 431 1493 448 441 1494 399 431 1495 398 428 1496 397 426 1497 302 288 1498 252 275 1499 275 316 1500 452 488 1501 307 337 1502 454 489 1503 453 490 1504 452 488 1505 412 491 1506 413 468 1507 454 489 1508 454 489 1509 414 492 1510 412 491 1511 415 493 1512 414 492 1513 275 316 1514 415 493 1515 274 310 1516 410 466 1517 421 469 1518 454 489 1519 413 468 1520 462 494 1521 503 495 1522 505 496 1523 357 342 1524 529 497 1525 524 498 1526 480 499 1527 455 500 1528 456 501 1529 486 502 1530 458 503 1531 459 504 1532 457 505 1533 480 499 1534 456 501 1535 488 506 1536 459 504 1537 460 507 1538 338 350 1539 457 505 1540 312 351 1541 477 508 1542 460 507 1543 455 500 1544 478 509 1545 500 510 1546 487 511 1547 485 512 1548 496 513 1549 483 514 1550 494 515 1551 479 516 1552 481 517 1553 487 511 1554 498 518 1555 485 512 1556 350 361 1557 481 517 1558 337 362 1559 469 519 1560 464 520 1561 462 494 1562 470 521 1563 462 494 1564 461 522 1565 318 368 1566 322 383 1567 531 523 1568 512 524 1569 528 525 1570 463 526 1571 467 527 1572 472 528 1573 466 529 1574 476 530 1575 469 519 1576 470 521 1577 328 384 1578 467 527 1579 322 383 1580 465 531 1581 476 530 1582 470 521 1583 472 528 1584 465 531 1585 466 529 1586 475 532 1587 468 533 1588 469 519 1589 472 528 1590 22 51 1591 471 534 1592 475 532 1593 22 51 1594 474 535 1595 473 536 1596 22 51 1597 472 528 1598 476 530 1599 22 51 1600 475 532 1601 328 384 1602 22 51 1603 473 536 1604 471 534 1605 22 51 1606 476 530 1607 479 516 1608 477 508 1609 480 499 1610 481 517 1611 480 499 1612 482 537 1613 337 362 1614 482 537 1615 338 350 1616 486 502 1617 483 514 1618 484 538 1619 487 511 1620 486 502 1621 488 506 1622 478 509 1623 488 506 1624 477 508 1625 491 539 1626 489 540 1627 492 541 1628 502 542 1629 493 543 1630 522 544 1631 349 423 1632 494 515 1633 350 361 1634 497 545 1635 517 546 1636 536 547 1637 500 510 1638 497 545 1639 498 518 1640 490 548 1641 500 510 1642 489 540 1643 492 541 1644 478 509 1645 479 516 1646 349 423 1647 522 544 1648 493 543 1649 358 397 1650 524 498 1651 522 544 1652 506 549 1653 503 495 1654 504 550 1655 322 383 1656 526 551 1657 531 523 1658 535 552 1659 509 553 1660 515 554 1661 528 525 1662 525 555 1663 463 526 1664 514 556 1665 521 557 1666 531 523 1667 505 496 1668 515 554 1669 508 558 1670 511 559 1671 525 555 1672 527 560 1673 499 561 1674 517 546 1675 497 545 1676 514 556 1677 526 551 1678 512 524 1679 534 562 1680 521 557 1681 514 556 1682 508 558 1683 527 560 1684 505 496 1685 501 563 1686 522 544 1687 524 498 1688 504 550 1689 523 564 1690 506 549 1691 526 551 1692 514 556 1693 531 523 1694 527 560 1695 462 494 1696 505 496 1697 526 551 1698 467 527 1699 466 529 1700 512 524 1701 534 562 1702 514 556 1703 525 555 1704 461 522 1705 527 560 1706 529 497 1707 521 557 1708 507 565 1709 526 551 1710 466 529 1711 528 525 1712 470 521 1713 461 522 1714 525 555 1715 529 497 1716 507 565 1717 513 566 1718 494 515 1719 537 567 1720 492 541 1721 531 523 1722 529 497 1723 318 368 1724 502 542 1725 539 568 1726 538 569 1727 521 557 1728 510 570 1729 507 565 1730 513 566 1731 501 563 1732 524 498 1733 513 566 1734 524 498 1735 529 497 1736 491 539 1737 518 571 1738 490 548 1739 490 548 1740 516 572 1741 499 561 1742 501 563 1743 520 573 1744 502 542 1745 507 565 1746 510 570 1747 513 566 1748 498 518 1749 523 564 1750 496 513 1751 463 526 1752 533 574 1753 512 524 1754 532 575 1755 463 526 1756 511 559 1757 506 549 1758 535 552 1759 515 554 1760 523 564 1761 495 576 1762 496 513 1763 535 552 1764 523 564 1765 536 547 1766 517 546 1767 535 552 1768 536 547 1769 536 547 1770 498 518 1771 497 545 1772 537 567 1773 493 543 1774 538 569 1775 540 577 1776 538 569 1777 539 568 1778 537 567 1779 519 578 1780 491 539 1781 537 567 1782 491 539 1783 492 541 1784 543 579 1785 445 430 1786 590 580 1787 544 581 1788 586 582 1789 591 583 1790 545 584 1791 587 585 1792 586 582 1793 546 586 1794 588 587 1795 587 585 1796 541 588 1797 589 589 1798 588 587 1799 542 590 1800 590 580 1801 589 589 1802 592 591 1803 404 439 1804 448 441 1805 550 592 1806 593 593 1807 594 594 1808 551 595 1809 595 596 1810 593 593 1811 552 597 1812 596 598 1813 595 596 1814 596 598 1815 548 599 1816 597 600 1817 548 599 1818 592 591 1819 597 600 1820 553 601 1821 782 602 1822 564 603 1823 554 604 1824 779 605 1825 782 602 1826 466 529 1827 465 531 1828 528 525 1829 562 606 1830 553 601 1831 564 603 1832 555 607 1833 511 559 1834 508 558 1835 516 572 1836 509 553 1837 517 546 1838 555 607 1839 518 571 1840 553 601 1841 553 601 1842 519 578 1843 554 604 1844 520 573 1845 554 604 1846 539 568 1847 510 570 1848 501 563 1849 513 566 1850 515 554 1851 555 607 1852 508 558 1853 519 578 1854 539 568 1855 554 604 1856 525 555 1857 511 559 1858 463 526 1859 775 608 1860 510 570 1861 534 562 1862 562 606 1863 532 575 1864 555 607 1865 778 609 1866 520 573 1867 510 570 1868 532 575 1869 777 610 1870 530 611 1871 774 612 1872 534 562 1873 533 574 1874 530 611 1875 774 612 1876 533 574 1877 552 597 1878 781 613 1879 547 614 1880 565 615 1881 552 597 1882 551 595 1883 566 616 1884 551 595 1885 550 592 1886 549 617 1887 420 463 1888 404 439 1889 548 599 1890 557 618 1891 549 617 1892 781 613 1893 548 599 1894 547 614 1895 557 618 1896 556 619 1897 420 463 1898 780 620 1899 565 615 1900 559 621 1901 559 621 1902 565 615 1903 567 622 1904 566 616 1905 567 622 1906 565 615 1907 456 501 1908 568 623 1909 457 505 1910 572 624 1911 456 501 1912 455 500 1913 460 507 1914 572 624 1915 455 500 1916 459 504 1917 571 625 1918 460 507 1919 458 503 1920 569 626 1921 459 504 1922 568 623 1923 312 351 1924 457 505 1925 577 627 1926 568 623 1927 573 628 1928 572 624 1929 577 627 1930 573 628 1931 571 625 1932 576 629 1933 572 624 1934 574 630 1935 571 625 1936 569 626 1937 579 631 1938 569 626 1939 570 632 1940 568 623 1941 433 479 1942 424 474 1943 577 627 1944 584 633 1945 578 634 1946 582 635 1947 577 627 1948 576 629 1949 581 636 1950 576 629 1951 575 637 1952 580 638 1953 575 637 1954 574 630 1955 585 639 1956 574 630 1957 579 631 1958 578 634 1959 439 487 1960 433 479 1961 583 640 1962 590 580 1963 584 633 1964 588 587 1965 583 640 1966 582 635 1967 587 585 1968 582 635 1969 581 636 1970 580 638 1971 587 585 1972 581 636 1973 591 583 1974 580 638 1975 585 639 1976 590 580 1977 439 487 1978 584 633 1979 597 600 1980 543 579 1981 542 590 1982 541 588 1983 597 600 1984 542 590 1985 546 586 1986 596 598 1987 541 588 1988 593 593 1989 546 586 1990 545 584 1991 544 581 1992 593 593 1993 545 584 1994 543 579 1995 448 441 1996 398 428 1997 421 469 1998 598 641 1999 453 490 2000 600 642 2001 599 643 2002 598 641 2003 558 644 2004 559 621 2005 600 642 2006 600 642 2007 560 645 2008 558 644 2009 561 646 2010 560 645 2011 421 469 2012 561 646 2013 420 463 2014 556 619 2015 567 622 2016 600 642 2017 559 621 2018 608 647 2019 649 3 2020 651 648 2021 503 495 2022 675 649 2023 670 650 2024 626 651 2025 601 652 2026 602 653 2027 605 654 2028 630 16 2029 604 17 2030 603 655 2031 626 651 2032 602 653 2033 634 656 2034 605 654 2035 606 657 2036 484 538 2037 603 655 2038 458 503 2039 623 658 2040 606 657 2041 601 652 2042 635 659 2043 633 660 2044 624 661 2045 631 662 2046 642 29 2047 629 30 2048 640 663 2049 625 664 2050 627 665 2051 633 660 2052 644 666 2053 631 662 2054 496 513 2055 627 665 2056 483 514 2057 615 667 2058 610 35 2059 608 647 2060 616 668 2061 608 647 2062 607 669 2063 464 520 2064 468 533 2065 677 670 2066 658 671 2067 674 672 2068 609 673 2069 613 674 2070 618 675 2071 612 676 2072 622 677 2073 615 667 2074 616 668 2075 474 535 2076 613 674 2077 468 533 2078 617 678 2079 616 668 2080 611 679 2081 618 675 2082 611 679 2083 612 676 2084 621 680 2085 614 36 2086 615 667 2087 618 675 2088 22 51 2089 617 678 2090 621 680 2091 22 51 2092 620 45 2093 619 681 2094 22 51 2095 618 675 2096 622 677 2097 22 51 2098 621 680 2099 474 535 2100 22 51 2101 619 681 2102 617 678 2103 22 51 2104 622 677 2105 625 664 2106 623 658 2107 626 651 2108 627 665 2109 626 651 2110 628 682 2111 483 514 2112 628 682 2113 484 538 2114 632 683 2115 629 30 2116 630 16 2117 633 660 2118 632 683 2119 634 656 2120 624 661 2121 634 656 2122 623 658 2123 638 684 2124 636 685 2125 635 659 2126 648 686 2127 639 687 2128 668 688 2129 495 576 2130 640 663 2131 496 513 2132 643 689 2133 663 690 2134 682 691 2135 646 692 2136 643 689 2137 644 666 2138 635 659 2139 645 693 2140 646 692 2141 638 684 2142 624 661 2143 625 664 2144 495 576 2145 668 688 2146 639 687 2147 504 550 2148 670 650 2149 668 688 2150 652 694 2151 649 3 2152 650 65 2153 468 533 2154 672 695 2155 677 670 2156 681 696 2157 655 697 2158 661 698 2159 674 672 2160 671 699 2161 609 673 2162 660 700 2163 667 701 2164 677 670 2165 651 648 2166 661 698 2167 654 702 2168 657 703 2169 671 699 2170 673 704 2171 645 693 2172 663 690 2173 643 689 2174 660 700 2175 672 695 2176 658 671 2177 680 705 2178 667 701 2179 660 700 2180 654 702 2181 673 704 2182 651 648 2183 647 706 2184 668 688 2185 670 650 2186 650 65 2187 669 707 2188 652 694 2189 672 695 2190 660 700 2191 677 670 2192 673 704 2193 608 647 2194 651 648 2195 672 695 2196 613 674 2197 612 676 2198 658 671 2199 680 705 2200 660 700 2201 671 699 2202 607 669 2203 673 704 2204 675 649 2205 667 701 2206 653 708 2207 672 695 2208 612 676 2209 674 672 2210 616 668 2211 607 669 2212 671 699 2213 675 649 2214 653 708 2215 659 709 2216 640 663 2217 683 710 2218 638 684 2219 677 670 2220 675 649 2221 464 520 2222 648 686 2223 685 711 2224 684 712 2225 667 701 2226 656 713 2227 653 708 2228 659 709 2229 647 706 2230 670 650 2231 659 709 2232 670 650 2233 675 649 2234 637 714 2235 664 715 2236 636 685 2237 636 685 2238 662 716 2239 645 693 2240 647 706 2241 666 717 2242 648 686 2243 653 708 2244 656 713 2245 659 709 2246 644 666 2247 669 707 2248 642 29 2249 609 673 2250 679 718 2251 658 671 2252 678 719 2253 609 673 2254 657 703 2255 652 694 2256 681 696 2257 661 698 2258 669 707 2259 641 59 2260 642 29 2261 681 696 2262 669 707 2263 682 691 2264 663 690 2265 681 696 2266 682 691 2267 682 691 2268 644 666 2269 643 689 2270 683 710 2271 639 687 2272 684 712 2273 686 720 2274 684 712 2275 685 711 2276 683 710 2277 665 721 2278 637 714 2279 683 710 2280 637 714 2281 638 684 2282 689 722 2283 591 583 2284 736 723 2285 690 165 2286 732 724 2287 737 97 2288 691 725 2289 733 726 2290 732 724 2291 692 727 2292 734 728 2293 733 726 2294 687 729 2295 735 730 2296 734 728 2297 688 731 2298 736 723 2299 735 730 2300 738 732 2301 550 592 2302 594 594 2303 696 108 2304 739 733 2305 740 109 2306 697 734 2307 741 735 2308 739 733 2309 698 736 2310 742 737 2311 741 735 2312 742 737 2313 694 738 2314 743 739 2315 694 738 2316 738 732 2317 743 739 2318 699 740 2319 791 741 2320 710 742 2321 700 743 2322 788 744 2323 791 741 2324 612 676 2325 611 679 2326 674 672 2327 708 745 2328 699 740 2329 710 742 2330 701 746 2331 657 703 2332 654 702 2333 662 716 2334 655 697 2335 663 690 2336 701 746 2337 664 715 2338 699 740 2339 699 740 2340 665 721 2341 700 743 2342 666 717 2343 700 743 2344 685 711 2345 656 713 2346 647 706 2347 659 709 2348 661 698 2349 701 746 2350 654 702 2351 665 721 2352 685 711 2353 700 743 2354 671 699 2355 657 703 2356 609 673 2357 784 747 2358 656 713 2359 680 705 2360 708 745 2361 678 719 2362 701 746 2363 787 748 2364 666 717 2365 656 713 2366 678 719 2367 786 749 2368 676 750 2369 783 751 2370 680 705 2371 679 718 2372 676 750 2373 783 751 2374 679 718 2375 698 736 2376 790 752 2377 693 753 2378 711 754 2379 698 736 2380 697 734 2381 712 136 2382 697 734 2383 696 108 2384 695 755 2385 566 616 2386 550 592 2387 694 738 2388 703 756 2389 695 755 2390 790 752 2391 694 738 2392 693 753 2393 703 756 2394 702 757 2395 566 616 2396 789 758 2397 711 754 2398 705 759 2399 705 759 2400 711 754 2401 713 173 2402 712 136 2403 713 173 2404 711 754 2405 719 760 2406 603 655 2407 602 653 2408 601 652 2409 719 760 2410 602 653 2411 606 657 2412 718 761 2413 601 652 2414 715 762 2415 606 657 2416 605 654 2417 716 154 2418 605 654 2419 604 17 2420 714 763 2421 458 503 2422 603 655 2423 723 764 2424 714 763 2425 719 760 2426 722 765 2427 719 760 2428 718 761 2429 721 766 2430 718 761 2431 717 767 2432 715 762 2433 721 766 2434 717 767 2435 716 154 2436 720 768 2437 715 762 2438 724 769 2439 570 632 2440 714 763 2441 729 770 2442 724 769 2443 723 764 2444 728 771 2445 723 764 2446 722 765 2447 721 766 2448 728 771 2449 722 765 2450 726 772 2451 721 766 2452 720 768 2453 731 162 2454 720 768 2455 725 153 2456 730 773 2457 579 631 2458 724 769 2459 729 770 2460 736 723 2461 730 773 2462 728 771 2463 735 730 2464 729 770 2465 727 774 2466 734 728 2467 728 771 2468 732 724 2469 727 774 2470 726 772 2471 737 97 2472 726 772 2473 731 162 2474 736 723 2475 585 639 2476 730 773 2477 743 739 2478 689 722 2479 688 731 2480 742 737 2481 688 731 2482 687 729 2483 741 735 2484 687 729 2485 692 727 2486 691 725 2487 741 735 2488 692 727 2489 690 165 2490 739 733 2491 691 725 2492 689 722 2493 594 594 2494 544 581 2495 567 622 2496 744 775 2497 599 643 2498 746 776 2499 745 166 2500 744 775 2501 704 777 2502 705 759 2503 746 776 2504 746 776 2505 706 778 2506 704 777 2507 707 779 2508 706 778 2509 567 622 2510 707 779 2511 566 616 2512 702 757 2513 713 173 2514 746 776 2515 705 759 2516 7 0 2517 9 32 2518 49 1 2519 649 3 2520 610 35 2521 75 4 2522 26 6 2523 23 18 2524 0 7 2525 32 9 2526 30 53 2527 3 10 2528 28 12 2529 26 6 2530 1 8 2531 34 14 2532 32 9 2533 4 11 2534 630 16 2535 28 12 2536 2 13 2537 23 18 2538 34 14 2539 5 15 2540 35 19 2541 46 63 2542 33 20 2543 31 22 2544 44 28 2545 42 23 2546 40 25 2547 38 55 2548 25 26 2549 33 20 2550 46 63 2551 44 28 2552 642 29 2553 40 25 2554 27 27 2555 14 31 2556 13 50 2557 9 32 2558 15 33 2559 14 31 2560 7 0 2561 58 38 2562 72 68 2563 74 39 2564 18 41 2565 17 48 2566 11 42 2567 21 44 2568 20 49 2569 14 31 2570 620 45 2571 18 41 2572 12 43 2573 16 46 2574 21 44 2575 15 33 2576 17 48 2577 16 46 2578 10 47 2579 20 49 2580 19 52 2581 13 50 2582 25 26 2583 24 21 2584 23 18 2585 27 27 2586 25 26 2587 26 6 2588 629 30 2589 27 27 2590 28 12 2591 32 9 2592 31 22 2593 29 24 2594 33 20 2595 31 22 2596 32 9 2597 24 21 2598 33 20 2599 34 14 2600 37 54 2601 36 88 2602 35 19 2603 48 56 2604 84 85 2605 39 57 2606 641 59 2607 39 57 2608 40 25 2609 46 63 2610 45 64 2611 43 60 2612 35 19 2613 36 88 2614 45 64 2615 38 55 2616 35 19 2617 24 21 2618 641 59 2619 650 65 2620 68 58 2621 650 65 2622 649 3 2623 70 5 2624 52 66 2625 51 2 2626 49 1 2627 614 36 2628 12 43 2629 72 68 2630 51 2 2631 52 66 2632 61 71 2633 45 64 2634 62 89 2635 63 61 2636 80 78 2637 56 86 2638 67 74 2639 54 75 2640 57 76 2641 73 77 2642 47 79 2643 48 56 2644 68 58 2645 50 67 2646 41 93 2647 69 80 2648 73 77 2649 6 34 2650 7 0 2651 58 38 2652 79 91 2653 80 78 2654 75 4 2655 77 37 2656 67 74 2657 71 72 2658 74 39 2659 15 33 2660 74 39 2661 10 47 2662 15 33 2663 40 25 2664 39 57 2665 83 83 2666 48 56 2667 66 90 2668 85 84 2669 37 54 2670 65 95 2671 64 87 2672 36 88 2673 64 87 2674 62 89 2675 44 28 2676 82 62 2677 69 80 2678 8 40 2679 76 130 2680 79 91 2681 78 92 2682 76 130 2683 8 40 2684 52 66 2685 69 80 2686 81 69 2687 63 61 2688 55 70 2689 81 69 2690 86 94 2691 83 83 2692 84 85 2693 83 83 2694 86 94 2695 65 95 2696 89 96 2697 690 165 2698 737 97 2699 90 99 2700 91 164 2701 132 100 2702 132 100 2703 91 164 2704 92 102 2705 92 102 2706 87 105 2707 134 104 2708 87 105 2709 88 163 2710 135 106 2711 135 106 2712 88 163 2713 89 96 2714 138 107 2715 95 135 2716 696 108 2717 96 110 2718 97 113 2719 139 111 2720 97 113 2721 98 115 2722 141 114 2723 98 115 2724 93 117 2725 142 116 2726 93 117 2727 94 119 2728 143 118 2729 94 119 2730 95 135 2731 138 107 2732 99 120 2733 100 123 2734 755 121 2735 100 123 2736 66 90 2737 752 124 2738 108 125 2739 101 126 2740 99 120 2741 101 126 2742 78 92 2743 57 76 2744 62 89 2745 101 126 2746 55 70 2747 101 126 2748 62 89 2749 64 87 2750 99 120 2751 64 87 2752 65 95 2753 56 86 2754 66 90 2755 47 79 2756 61 71 2757 55 70 2758 101 126 2759 65 95 2760 86 94 2761 85 84 2762 748 127 2763 751 128 2764 56 86 2765 108 125 2766 749 780 2767 78 92 2768 751 128 2769 752 124 2770 66 90 2771 78 92 2772 749 780 2773 750 129 2774 747 131 2775 748 127 2776 80 78 2777 76 130 2778 750 129 2779 747 131 2780 98 115 2781 753 139 2782 754 132 2783 111 133 2784 753 139 2785 98 115 2786 112 134 2787 111 133 2788 97 113 2789 95 135 2790 103 137 2791 712 136 2792 94 119 2793 109 781 2794 103 137 2795 754 132 2796 109 781 2797 94 119 2798 1 8 2799 119 147 2800 114 142 2801 118 143 2802 119 147 2803 1 8 2804 5 15 2805 117 144 2806 118 143 2807 4 11 2808 115 145 2809 117 144 2810 3 10 2811 116 152 2812 115 145 2813 114 142 2814 716 154 2815 604 17 2816 123 146 2817 124 156 2818 114 142 2819 122 148 2820 123 146 2821 119 147 2822 121 149 2823 122 148 2824 118 143 2825 120 150 2826 121 149 2827 117 144 2828 125 151 2829 120 150 2830 115 145 2831 114 142 2832 124 156 2833 725 153 2834 129 155 2835 130 161 2836 124 156 2837 128 157 2838 129 155 2839 123 146 2840 127 158 2841 128 157 2842 122 148 2843 126 159 2844 127 158 2845 121 149 2846 131 160 2847 126 159 2848 120 150 2849 130 161 2850 731 162 2851 725 153 2852 129 155 2853 135 106 2854 136 98 2855 128 157 2856 134 104 2857 135 106 2858 133 103 2859 134 104 2860 128 157 2861 126 159 2862 132 100 2863 133 103 2864 131 160 2865 137 101 2866 132 100 2867 136 98 2868 737 97 2869 731 162 2870 143 118 2871 138 107 2872 89 96 2873 142 116 2874 143 118 2875 88 163 2876 141 114 2877 142 116 2878 87 105 2879 139 111 2880 141 114 2881 92 102 2882 140 112 2883 139 111 2884 91 164 2885 89 96 2886 138 107 2887 740 109 2888 745 166 2889 713 173 2890 146 167 2891 144 168 2892 146 167 2893 113 141 2894 146 167 2895 713 173 2896 106 171 2897 107 172 2898 713 173 2899 712 136 2900 147 174 2901 148 782 2902 150 175 2903 150 175 2904 152 185 2905 151 177 2906 151 177 2907 152 185 2908 154 178 2909 154 178 2910 156 184 2911 155 180 2912 155 180 2913 156 184 2914 158 181 2915 158 181 2916 160 783 2917 159 183 2918 152 185 2919 150 175 2920 148 782 2921 148 782 2922 162 186 2923 152 185 2924 162 186 2925 160 783 2926 152 185 2927 160 783 2928 158 181 2929 152 185 2930 158 181 2931 156 184 2932 152 185 2933 159 183 2934 160 783 2935 162 186 2936 162 186 2937 148 782 2938 147 174 2939 170 188 2940 172 214 2941 211 189 2942 49 1 2943 9 32 2944 237 191 2945 188 193 2946 185 231 2947 163 194 2948 194 196 2949 192 232 2950 166 197 2951 190 199 2952 188 193 2953 164 195 2954 196 201 2955 194 196 2956 167 198 2957 30 53 2958 190 199 2959 165 200 2960 163 194 2961 185 231 2962 196 201 2963 186 203 2964 197 234 2965 208 204 2966 193 206 2967 206 212 2968 204 207 2969 202 209 2970 200 235 2971 187 210 2972 195 205 2973 208 204 2974 206 212 2975 42 23 2976 202 209 2977 189 211 2978 177 213 2979 176 229 2980 172 214 2981 178 215 2982 177 213 2983 170 188 2984 220 218 2985 234 245 2986 236 219 2987 181 221 2988 180 227 2989 174 222 2990 184 224 2991 183 228 2992 177 213 2993 19 52 2994 181 221 2995 175 223 2996 179 225 2997 184 224 2998 178 215 2999 180 227 3000 179 225 3001 173 226 3002 183 228 3003 182 230 3004 176 229 3005 187 210 3006 186 203 3007 185 231 3008 189 211 3009 187 210 3010 188 193 3011 29 24 3012 189 211 3013 190 199 3014 194 196 3015 193 206 3016 191 208 3017 195 205 3018 193 206 3019 194 196 3020 186 203 3021 195 205 3022 196 201 3023 199 233 3024 198 242 3025 197 234 3026 210 236 3027 246 263 3028 201 237 3029 41 93 3030 201 237 3031 202 209 3032 208 204 3033 207 255 3034 205 239 3035 198 242 3036 207 255 3037 208 204 3038 200 235 3039 197 234 3040 186 203 3041 41 93 3042 50 67 3043 230 238 3044 50 67 3045 49 1 3046 232 192 3047 214 243 3048 213 190 3049 211 189 3050 13 50 3051 175 223 3052 234 245 3053 213 190 3054 214 243 3055 223 248 3056 207 255 3057 224 266 3058 225 240 3059 242 256 3060 218 264 3061 229 251 3062 216 252 3063 219 253 3064 235 254 3065 209 257 3066 210 236 3067 230 238 3068 212 244 3069 203 270 3070 231 258 3071 235 254 3072 169 216 3073 170 188 3074 220 218 3075 241 268 3076 242 256 3077 237 191 3078 239 217 3079 229 251 3080 233 249 3081 236 219 3082 178 215 3083 236 219 3084 173 226 3085 178 215 3086 202 209 3087 201 237 3088 245 261 3089 210 236 3090 228 267 3091 247 262 3092 199 233 3093 227 272 3094 226 265 3095 198 242 3096 226 265 3097 224 266 3098 206 212 3099 244 241 3100 231 258 3101 171 220 3102 238 305 3103 241 268 3104 240 269 3105 238 305 3106 171 220 3107 214 243 3108 231 258 3109 243 246 3110 225 240 3111 217 247 3112 243 246 3113 248 271 3114 245 261 3115 246 263 3116 245 261 3117 248 271 3118 227 272 3119 251 273 3120 90 99 3121 137 101 3122 252 275 3123 253 278 3124 294 276 3125 253 278 3126 254 280 3127 295 279 3128 254 280 3129 249 282 3130 296 281 3131 249 282 3132 250 284 3133 297 283 3134 250 284 3135 251 273 3136 298 274 3137 300 285 3138 257 311 3139 96 110 3140 258 286 3141 259 289 3142 301 287 3143 259 289 3144 260 307 3145 303 290 3146 303 290 3147 260 307 3148 255 291 3149 255 291 3150 256 294 3151 305 293 3152 256 294 3153 257 311 3154 300 285 3155 261 295 3156 262 298 3157 764 296 3158 262 298 3159 228 267 3160 761 299 3161 270 300 3162 263 301 3163 261 295 3164 263 301 3165 240 269 3166 219 253 3167 224 266 3168 263 301 3169 217 247 3170 263 301 3171 224 266 3172 226 265 3173 261 295 3174 226 265 3175 227 272 3176 218 264 3177 228 267 3178 209 257 3179 223 248 3180 217 247 3181 263 301 3182 227 272 3183 248 271 3184 247 262 3185 757 302 3186 760 303 3187 218 264 3188 270 300 3189 758 784 3190 240 269 3191 760 303 3192 761 299 3193 228 267 3194 240 269 3195 758 784 3196 759 304 3197 756 306 3198 757 302 3199 242 256 3200 238 305 3201 759 304 3202 756 306 3203 260 307 3204 762 314 3205 763 308 3206 273 309 3207 762 314 3208 260 307 3209 274 310 3210 273 309 3211 259 289 3212 257 311 3213 265 312 3214 112 134 3215 256 294 3216 271 785 3217 265 312 3218 763 308 3219 271 785 3220 256 294 3221 281 317 3222 276 322 3223 165 200 3224 280 318 3225 281 317 3226 164 195 3227 279 319 3228 280 318 3229 163 194 3230 277 320 3231 279 319 3232 168 202 3233 166 197 3234 278 325 3235 277 320 3236 165 200 3237 276 322 3238 116 152 3239 285 321 3240 286 327 3241 276 322 3242 280 318 3243 284 329 3244 285 321 3245 283 323 3246 284 329 3247 280 318 3248 282 324 3249 283 323 3250 279 319 3251 278 325 3252 287 332 3253 282 324 3254 276 322 3255 286 327 3256 125 151 3257 291 326 3258 292 333 3259 286 327 3260 290 328 3261 291 326 3262 285 321 3263 283 323 3264 289 334 3265 290 328 3266 288 330 3267 289 334 3268 283 323 3269 293 331 3270 288 330 3271 282 324 3272 292 333 3273 131 160 3274 125 151 3275 291 326 3276 297 283 3277 298 274 3278 296 281 3279 297 283 3280 291 326 3281 289 334 3282 295 279 3283 296 281 3284 294 276 3285 295 279 3286 289 334 3287 299 277 3288 294 276 3289 288 330 3290 298 274 3291 137 101 3292 131 160 3293 250 284 3294 305 293 3295 300 285 3296 249 282 3297 304 292 3298 305 293 3299 303 290 3300 304 292 3301 249 282 3302 301 287 3303 303 290 3304 254 280 3305 252 275 3306 302 288 3307 301 287 3308 251 273 3309 300 285 3310 140 112 3311 145 169 3312 113 141 3313 308 335 3314 308 335 3315 275 316 3316 307 337 3317 308 335 3318 113 141 3319 268 339 3320 269 340 3321 113 141 3322 112 134 3323 316 341 3324 318 368 3325 357 342 3326 211 189 3327 172 214 3328 383 344 3329 334 346 3330 331 356 3331 309 347 3332 313 349 3333 340 385 3334 338 350 3335 336 352 3336 334 346 3337 310 348 3338 342 354 3339 340 385 3340 313 349 3341 192 232 3342 336 352 3343 311 353 3344 331 356 3345 342 354 3346 314 355 3347 343 357 3348 354 394 3349 341 358 3350 339 360 3351 352 366 3352 350 361 3353 348 363 3354 346 387 3355 333 364 3356 341 358 3357 354 394 3358 352 366 3359 204 207 3360 348 363 3361 335 365 3362 323 367 3363 322 383 3364 318 368 3365 324 369 3366 323 367 3367 316 341 3368 366 372 3369 380 398 3370 382 373 3371 327 375 3372 326 381 3373 320 376 3374 330 378 3375 329 382 3376 323 367 3377 182 230 3378 327 375 3379 321 377 3380 325 379 3381 330 378 3382 324 369 3383 326 381 3384 325 379 3385 319 380 3386 329 382 3387 328 384 3388 322 383 3389 333 364 3390 332 359 3391 331 356 3392 335 365 3393 333 364 3394 334 346 3395 191 208 3396 335 365 3397 336 352 3398 340 385 3399 339 360 3400 337 362 3401 342 354 3402 341 358 3403 339 360 3404 331 356 3405 332 359 3406 341 358 3407 345 386 3408 344 395 3409 343 357 3410 356 388 3411 392 416 3412 347 389 3413 203 270 3414 347 389 3415 348 363 3416 354 394 3417 353 408 3418 351 391 3419 344 395 3420 353 408 3421 354 394 3422 346 387 3423 343 357 3424 332 359 3425 203 270 3426 212 244 3427 376 390 3428 212 244 3429 211 189 3430 378 345 3431 360 396 3432 359 343 3433 357 342 3434 176 229 3435 321 377 3436 380 398 3437 359 343 3438 360 396 3439 369 401 3440 353 408 3441 370 419 3442 371 392 3443 388 409 3444 364 417 3445 375 404 3446 362 405 3447 365 406 3448 381 407 3449 355 410 3450 356 388 3451 376 390 3452 358 397 3453 349 423 3454 377 411 3455 381 407 3456 315 370 3457 316 341 3458 366 372 3459 387 421 3460 388 409 3461 383 344 3462 385 371 3463 375 404 3464 379 402 3465 382 373 3466 324 369 3467 382 373 3468 319 380 3469 324 369 3470 348 363 3471 347 389 3472 391 414 3473 356 388 3474 374 420 3475 393 415 3476 345 386 3477 373 425 3478 372 418 3479 344 395 3480 372 418 3481 370 419 3482 352 366 3483 390 393 3484 377 411 3485 317 374 3486 384 458 3487 387 421 3488 386 422 3489 384 458 3490 317 374 3491 360 396 3492 377 411 3493 389 399 3494 371 392 3495 363 400 3496 389 399 3497 394 424 3498 391 414 3499 392 416 3500 391 414 3501 394 424 3502 373 425 3503 397 426 3504 252 275 3505 299 277 3506 398 428 3507 399 431 3508 440 429 3509 399 431 3510 400 433 3511 441 432 3512 400 433 3513 395 435 3514 442 434 3515 395 435 3516 396 437 3517 443 436 3518 396 437 3519 397 426 3520 444 427 3521 446 438 3522 403 464 3523 258 286 3524 404 439 3525 405 442 3526 447 440 3527 405 442 3528 406 444 3529 449 443 3530 406 444 3531 401 461 3532 450 445 3533 450 445 3534 401 461 3535 402 446 3536 402 446 3537 403 464 3538 446 438 3539 407 448 3540 408 451 3541 773 449 3542 408 451 3543 374 420 3544 770 452 3545 416 453 3546 409 454 3547 407 448 3548 409 454 3549 386 422 3550 365 406 3551 370 419 3552 409 454 3553 363 400 3554 409 454 3555 370 419 3556 372 418 3557 407 448 3558 372 418 3559 373 425 3560 364 417 3561 374 420 3562 355 410 3563 369 401 3564 363 400 3565 409 454 3566 373 425 3567 394 424 3568 393 415 3569 766 455 3570 769 456 3571 364 417 3572 416 453 3573 767 786 3574 386 422 3575 769 456 3576 770 452 3577 374 420 3578 386 422 3579 767 786 3580 768 457 3581 765 459 3582 766 455 3583 388 409 3584 384 458 3585 768 457 3586 765 459 3587 406 444 3588 771 467 3589 772 460 3590 419 462 3591 771 467 3592 406 444 3593 420 463 3594 419 462 3595 405 442 3596 403 464 3597 411 465 3598 274 310 3599 402 446 3600 417 787 3601 411 465 3602 772 460 3603 417 787 3604 402 446 3605 310 348 3606 427 471 3607 422 470 3608 309 347 3609 426 472 3610 427 471 3611 314 355 3612 425 476 3613 426 472 3614 423 473 3615 425 476 3616 314 355 3617 424 474 3618 423 473 3619 313 349 3620 422 470 3621 278 325 3622 166 197 3623 431 475 3624 432 481 3625 422 470 3626 426 472 3627 430 477 3628 431 475 3629 425 476 3630 429 484 3631 430 477 3632 428 478 3633 429 484 3634 425 476 3635 433 479 3636 428 478 3637 423 473 3638 422 470 3639 432 481 3640 287 332 3641 437 480 3642 438 486 3643 432 481 3644 436 482 3645 437 480 3646 431 475 3647 435 483 3648 436 482 3649 430 477 3650 434 485 3651 435 483 3652 429 484 3653 433 479 3654 439 487 3655 434 485 3656 438 486 3657 293 331 3658 287 332 3659 443 436 3660 444 427 3661 438 486 3662 442 434 3663 443 436 3664 437 480 3665 441 432 3666 442 434 3667 436 482 3668 440 429 3669 441 432 3670 435 483 3671 439 487 3672 445 430 3673 440 429 3674 444 427 3675 299 277 3676 293 331 3677 396 437 3678 451 447 3679 446 438 3680 395 435 3681 450 445 3682 451 447 3683 449 443 3684 450 445 3685 395 435 3686 447 440 3687 449 443 3688 400 433 3689 448 441 3690 447 440 3691 399 431 3692 397 426 3693 446 438 3694 302 288 3695 275 316 3696 454 489 3697 452 488 3698 454 489 3699 421 469 3700 453 490 3701 454 489 3702 275 316 3703 414 492 3704 415 493 3705 275 316 3706 274 310 3707 462 494 3708 464 520 3709 503 495 3710 357 342 3711 318 368 3712 529 497 3713 480 499 3714 477 508 3715 455 500 3716 486 502 3717 484 538 3718 458 503 3719 457 505 3720 482 537 3721 480 499 3722 488 506 3723 486 502 3724 459 504 3725 338 350 3726 482 537 3727 457 505 3728 477 508 3729 488 506 3730 460 507 3731 478 509 3732 489 540 3733 500 510 3734 485 512 3735 498 518 3736 496 513 3737 494 515 3738 492 541 3739 479 516 3740 487 511 3741 500 510 3742 498 518 3743 350 361 3744 494 515 3745 481 517 3746 469 519 3747 468 533 3748 464 520 3749 470 521 3750 469 519 3751 462 494 3752 512 524 3753 526 551 3754 528 525 3755 467 527 3756 473 536 3757 472 528 3758 476 530 3759 475 532 3760 469 519 3761 328 384 3762 473 536 3763 467 527 3764 465 531 3765 471 534 3766 476 530 3767 472 528 3768 471 534 3769 465 531 3770 475 532 3771 474 535 3772 468 533 3773 479 516 3774 478 509 3775 477 508 3776 481 517 3777 479 516 3778 480 499 3779 337 362 3780 481 517 3781 482 537 3782 486 502 3783 485 512 3784 483 514 3785 487 511 3786 485 512 3787 486 502 3788 478 509 3789 487 511 3790 488 506 3791 491 539 3792 490 548 3793 489 540 3794 502 542 3795 538 569 3796 493 543 3797 349 423 3798 493 543 3799 494 515 3800 500 510 3801 499 561 3802 497 545 3803 490 548 3804 499 561 3805 500 510 3806 492 541 3807 489 540 3808 478 509 3809 349 423 3810 358 397 3811 522 544 3812 358 397 3813 357 342 3814 524 498 3815 506 549 3816 505 496 3817 503 495 3818 322 383 3819 467 527 3820 526 551 3821 505 496 3822 506 549 3823 515 554 3824 499 561 3825 516 572 3826 517 546 3827 534 562 3828 510 570 3829 521 557 3830 508 558 3831 511 559 3832 527 560 3833 501 563 3834 502 542 3835 522 544 3836 504 550 3837 495 576 3838 523 564 3839 527 560 3840 461 522 3841 462 494 3842 512 524 3843 533 574 3844 534 562 3845 529 497 3846 531 523 3847 521 557 3848 525 555 3849 528 525 3850 470 521 3851 528 525 3852 465 531 3853 470 521 3854 494 515 3855 493 543 3856 537 567 3857 502 542 3858 520 573 3859 539 568 3860 491 539 3861 519 578 3862 518 571 3863 490 548 3864 518 571 3865 516 572 3866 498 518 3867 536 547 3868 523 564 3869 463 526 3870 530 611 3871 533 574 3872 532 575 3873 530 611 3874 463 526 3875 506 549 3876 523 564 3877 535 552 3878 517 546 3879 509 553 3880 535 552 3881 540 577 3882 537 567 3883 538 569 3884 537 567 3885 540 577 3886 519 578 3887 543 579 3888 398 428 3889 445 430 3890 544 581 3891 545 584 3892 586 582 3893 545 584 3894 546 586 3895 587 585 3896 546 586 3897 541 588 3898 588 587 3899 541 588 3900 542 590 3901 589 589 3902 542 590 3903 543 579 3904 590 580 3905 592 591 3906 549 617 3907 404 439 3908 550 592 3909 551 595 3910 593 593 3911 551 595 3912 552 597 3913 595 596 3914 552 597 3915 547 614 3916 596 598 3917 596 598 3918 547 614 3919 548 599 3920 548 599 3921 549 617 3922 592 591 3923 553 601 3924 554 604 3925 782 602 3926 554 604 3927 520 573 3928 779 605 3929 562 606 3930 555 607 3931 553 601 3932 555 607 3933 532 575 3934 511 559 3935 516 572 3936 555 607 3937 509 553 3938 555 607 3939 516 572 3940 518 571 3941 553 601 3942 518 571 3943 519 578 3944 510 570 3945 520 573 3946 501 563 3947 515 554 3948 509 553 3949 555 607 3950 519 578 3951 540 577 3952 539 568 3953 775 608 3954 778 609 3955 510 570 3956 562 606 3957 776 788 3958 532 575 3959 778 609 3960 779 605 3961 520 573 3962 532 575 3963 776 788 3964 777 610 3965 774 612 3966 775 608 3967 534 562 3968 530 611 3969 777 610 3970 774 612 3971 552 597 3972 780 620 3973 781 613 3974 565 615 3975 780 620 3976 552 597 3977 566 616 3978 565 615 3979 551 595 3980 549 617 3981 557 618 3982 420 463 3983 548 599 3984 563 789 3985 557 618 3986 781 613 3987 563 789 3988 548 599 3989 456 501 3990 573 628 3991 568 623 3992 572 624 3993 573 628 3994 456 501 3995 460 507 3996 571 625 3997 572 624 3998 459 504 3999 569 626 4000 571 625 4001 458 503 4002 570 632 4003 569 626 4004 568 623 4005 424 474 4006 312 351 4007 577 627 4008 578 634 4009 568 623 4010 572 624 4011 576 629 4012 577 627 4013 571 625 4014 575 637 4015 576 629 4016 574 630 4017 575 637 4018 571 625 4019 579 631 4020 574 630 4021 569 626 4022 568 623 4023 578 634 4024 433 479 4025 577 627 4026 583 640 4027 584 633 4028 582 635 4029 583 640 4030 577 627 4031 581 636 4032 582 635 4033 576 629 4034 580 638 4035 581 636 4036 575 637 4037 585 639 4038 580 638 4039 574 630 4040 578 634 4041 584 633 4042 439 487 4043 583 640 4044 589 589 4045 590 580 4046 588 587 4047 589 589 4048 583 640 4049 587 585 4050 588 587 4051 582 635 4052 580 638 4053 586 582 4054 587 585 4055 591 583 4056 586 582 4057 580 638 4058 590 580 4059 445 430 4060 439 487 4061 597 600 4062 592 591 4063 543 579 4064 541 588 4065 596 598 4066 597 600 4067 546 586 4068 595 596 4069 596 598 4070 593 593 4071 595 596 4072 546 586 4073 544 581 4074 594 594 4075 593 593 4076 543 579 4077 592 591 4078 448 441 4079 421 469 4080 600 642 4081 598 641 4082 600 642 4083 567 622 4084 599 643 4085 600 642 4086 421 469 4087 560 645 4088 561 646 4089 421 469 4090 420 463 4091 608 647 4092 610 35 4093 649 3 4094 503 495 4095 464 520 4096 675 649 4097 626 651 4098 623 658 4099 601 652 4100 605 654 4101 632 683 4102 630 16 4103 603 655 4104 628 682 4105 626 651 4106 634 656 4107 632 683 4108 605 654 4109 484 538 4110 628 682 4111 603 655 4112 623 658 4113 634 656 4114 606 657 4115 635 659 4116 646 692 4117 633 660 4118 631 662 4119 644 666 4120 642 29 4121 640 663 4122 638 684 4123 625 664 4124 633 660 4125 646 692 4126 644 666 4127 496 513 4128 640 663 4129 627 665 4130 615 667 4131 614 36 4132 610 35 4133 616 668 4134 615 667 4135 608 647 4136 658 671 4137 672 695 4138 674 672 4139 613 674 4140 619 681 4141 618 675 4142 622 677 4143 621 680 4144 615 667 4145 474 535 4146 619 681 4147 613 674 4148 617 678 4149 622 677 4150 616 668 4151 618 675 4152 617 678 4153 611 679 4154 621 680 4155 620 45 4156 614 36 4157 625 664 4158 624 661 4159 623 658 4160 627 665 4161 625 664 4162 626 651 4163 483 514 4164 627 665 4165 628 682 4166 632 683 4167 631 662 4168 629 30 4169 633 660 4170 631 662 4171 632 683 4172 624 661 4173 633 660 4174 634 656 4175 638 684 4176 637 714 4177 636 685 4178 648 686 4179 684 712 4180 639 687 4181 495 576 4182 639 687 4183 640 663 4184 646 692 4185 645 693 4186 643 689 4187 635 659 4188 636 685 4189 645 693 4190 638 684 4191 635 659 4192 624 661 4193 495 576 4194 504 550 4195 668 688 4196 504 550 4197 503 495 4198 670 650 4199 652 694 4200 651 648 4201 649 3 4202 468 533 4203 613 674 4204 672 695 4205 651 648 4206 652 694 4207 661 698 4208 645 693 4209 662 716 4210 663 690 4211 680 705 4212 656 713 4213 667 701 4214 654 702 4215 657 703 4216 673 704 4217 647 706 4218 648 686 4219 668 688 4220 650 65 4221 641 59 4222 669 707 4223 673 704 4224 607 669 4225 608 647 4226 658 671 4227 679 718 4228 680 705 4229 675 649 4230 677 670 4231 667 701 4232 671 699 4233 674 672 4234 616 668 4235 674 672 4236 611 679 4237 616 668 4238 640 663 4239 639 687 4240 683 710 4241 648 686 4242 666 717 4243 685 711 4244 637 714 4245 665 721 4246 664 715 4247 636 685 4248 664 715 4249 662 716 4250 644 666 4251 682 691 4252 669 707 4253 609 673 4254 676 750 4255 679 718 4256 678 719 4257 676 750 4258 609 673 4259 652 694 4260 669 707 4261 681 696 4262 663 690 4263 655 697 4264 681 696 4265 686 720 4266 683 710 4267 684 712 4268 683 710 4269 686 720 4270 665 721 4271 689 722 4272 544 581 4273 591 583 4274 690 165 4275 691 725 4276 732 724 4277 691 725 4278 692 727 4279 733 726 4280 692 727 4281 687 729 4282 734 728 4283 687 729 4284 688 731 4285 735 730 4286 688 731 4287 689 722 4288 736 723 4289 738 732 4290 695 755 4291 550 592 4292 696 108 4293 697 734 4294 739 733 4295 697 734 4296 698 736 4297 741 735 4298 698 736 4299 693 753 4300 742 737 4301 742 737 4302 693 753 4303 694 738 4304 694 738 4305 695 755 4306 738 732 4307 699 740 4308 700 743 4309 791 741 4310 700 743 4311 666 717 4312 788 744 4313 708 745 4314 701 746 4315 699 740 4316 701 746 4317 678 719 4318 657 703 4319 662 716 4320 701 746 4321 655 697 4322 701 746 4323 662 716 4324 664 715 4325 699 740 4326 664 715 4327 665 721 4328 656 713 4329 666 717 4330 647 706 4331 661 698 4332 655 697 4333 701 746 4334 665 721 4335 686 720 4336 685 711 4337 784 747 4338 787 748 4339 656 713 4340 708 745 4341 785 790 4342 678 719 4343 787 748 4344 788 744 4345 666 717 4346 678 719 4347 785 790 4348 786 749 4349 783 751 4350 784 747 4351 680 705 4352 676 750 4353 786 749 4354 783 751 4355 698 736 4356 789 758 4357 790 752 4358 711 754 4359 789 758 4360 698 736 4361 712 136 4362 711 754 4363 697 734 4364 695 755 4365 703 756 4366 566 616 4367 694 738 4368 709 791 4369 703 756 4370 790 752 4371 709 791 4372 694 738 4373 719 760 4374 714 763 4375 603 655 4376 601 652 4377 718 761 4378 719 760 4379 606 657 4380 717 767 4381 718 761 4382 715 762 4383 717 767 4384 606 657 4385 716 154 4386 715 762 4387 605 654 4388 714 763 4389 570 632 4390 458 503 4391 723 764 4392 724 769 4393 714 763 4394 722 765 4395 723 764 4396 719 760 4397 721 766 4398 722 765 4399 718 761 4400 715 762 4401 720 768 4402 721 766 4403 716 154 4404 725 153 4405 720 768 4406 724 769 4407 579 631 4408 570 632 4409 729 770 4410 730 773 4411 724 769 4412 728 771 4413 729 770 4414 723 764 4415 721 766 4416 727 774 4417 728 771 4418 726 772 4419 727 774 4420 721 766 4421 731 162 4422 726 772 4423 720 768 4424 730 773 4425 585 639 4426 579 631 4427 729 770 4428 735 730 4429 736 723 4430 728 771 4431 734 728 4432 735 730 4433 727 774 4434 733 726 4435 734 728 4436 732 724 4437 733 726 4438 727 774 4439 737 97 4440 732 724 4441 726 772 4442 736 723 4443 591 583 4444 585 639 4445 743 739 4446 738 732 4447 689 722 4448 742 737 4449 743 739 4450 688 731 4451 741 735 4452 742 737 4453 687 729 4454 691 725 4455 739 733 4456 741 735 4457 690 165 4458 740 109 4459 739 733 4460 689 722 4461 738 732 4462 594 594 4463 567 622 4464 746 776 4465 744 775 4466 746 776 4467 713 173 4468 745 166 4469 746 776 4470 567 622 4471 706 778 4472 707 779 4473 567 622 4474 566 616 4475 792 792 4476 794 792 4477 802 792 4478 793 792 4479 794 792 4480 792 792 4481 795 792 4482 794 792 4483 793 792 4484 796 793 4485 794 793 4486 795 793 4487 797 792 4488 794 792 4489 796 792 4490 798 794 4491 794 794 4492 797 794 4493 799 792 4494 794 792 4495 798 792 4496 800 795 4497 794 795 4498 799 795 4499 801 796 4500 794 796 4501 800 796 4502 802 797 4503 794 797 4504 801 797 4505</p>
        </triangles>
      </mesh>
    </geometry>
    <geometry id="ibishu_wheel_07a_14x7-mesh" name="ibishu_wheel_07a_14x7">
      <mesh>
        <source id="ibishu_wheel_07a_14x7-mesh-positions">
          <float_array id="ibishu_wheel_07a_14x7-mesh-positions-array" count="1860">5.671432 -16.58708 -6.03722 7.499581 -17.59214 -8.201869 8.110305 -17.59214 -8.201869 7.499581 -15.9003 -11.13221 5.671431 -13.52191 -11.34624 7.499578 -13.72529 -13.72428 7.499559 18.75122 5.026036 8.110278 19.33879 1.693769 8.110278 19.33879 -1.68994 7.499558 19.33878 -1.689941 7.499557 19.33879 1.693767 5.67141 17.65162 1.76209e-6 7.499561 13.72707 -13.72429 7.499559 15.90207 -11.13221 5.671413 13.52192 -11.34624 8.110283 18.75122 -5.022219 8.110281 17.59392 -8.201866 7.499562 17.59392 -8.201868 7.49956 18.75121 -5.022219 5.671415 16.58709 -6.037207 8.110278 11.13503 -15.89928 8.110284 8.204652 -17.59113 7.499561 8.204648 -17.59113 7.499561 11.13503 -15.89928 5.671414 8.825813 -15.28675 8.110291 -5.023257 -18.74841 7.499571 -5.023258 -18.74842 7.499569 -1.690953 -19.33599 5.671424 -3.065164 -17.38345 8.110289 5.025029 -18.74841 7.499567 1.692723 -19.33599 7.499568 5.025027 -18.74841 5.671419 3.065174 -17.38345 8.110297 -11.13325 -15.89927 7.499573 -11.13326 -15.89927 7.499569 -8.202877 -17.59113 5.671422 -8.825803 -15.28675 8.110304 -18.74943 -5.022231 7.499581 -19.33701 -1.68995 7.499561 17.59391 8.205699 5.671413 16.5871 6.037214 8.110282 15.90208 11.13605 8.110283 13.72706 13.72812 7.499564 13.72706 13.72811 7.499559 15.90207 11.13605 5.671416 13.52192 11.34625 8.110289 5.025009 18.75224 7.499572 1.692709 19.33981 7.499571 5.02501 18.75224 5.671422 3.065162 17.38344 8.110294 8.204631 17.59496 7.499571 8.20463 17.59496 7.499569 11.13501 15.9031 5.671423 8.825797 15.28675 7.499573 -5.023268 18.75223 7.499575 -1.690967 19.33981 5.671426 -3.06518 17.38345 8.110304 -13.72531 13.7281 7.499583 -15.90032 11.13602 7.499581 -13.72531 13.72809 5.671433 -13.52193 11.34623 7.49958 -11.13327 15.90308 7.499581 -8.202888 17.59494 5.671432 -8.825819 15.28674 8.110301 -17.59215 8.205675 7.499582 -18.74944 5.026028 7.499579 -17.59216 8.205673 5.671431 -16.58709 6.037195 8.11028 15.90208 -11.13222 7.499584 -19.33701 1.693742 5.671433 -17.65161 -1.58809e-5 7.499583 -18.74943 -5.022237 -8.11028 -17.59215 -8.201878 -7.499561 -17.59215 -8.201877 -8.11028 -15.90031 -11.13223 -7.499557 -15.9003 -11.13223 -5.671414 -13.52191 -11.34625 -8.110281 -13.7253 -13.72429 -7.499562 -13.7253 -13.72429 -8.110304 18.7512 5.026052 -7.499582 18.7512 5.026053 -5.671433 16.58709 6.037218 -8.110305 19.33878 -1.689927 -8.110307 19.33877 1.693783 -7.499587 19.33877 1.693784 -7.499584 19.33878 -1.689928 -5.671435 17.65161 1.27814e-5 -8.110303 13.72707 -13.72428 -8.110305 15.90207 -11.1322 -7.499583 15.90207 -11.1322 -7.499581 13.72707 -13.72428 -5.671432 13.52193 -11.34623 -8.110302 17.59391 -8.20185 -8.110303 18.7512 -5.022202 -7.499586 18.7512 -5.022204 -7.499579 17.59391 -8.201849 -5.671432 16.5871 -6.037197 -8.110301 8.20465 -17.59112 -8.110303 11.13503 -15.89927 -7.499581 11.13503 -15.89927 -7.499579 8.20465 -17.59113 -5.671432 8.825819 -15.28674 -8.110291 -5.023254 -18.74842 -8.110291 -1.690949 -19.33599 -7.499572 -1.690949 -19.33599 -7.499569 -5.023255 -18.74842 -5.671422 -3.06516 -17.38344 -8.110291 1.692727 -19.33599 -8.110296 5.025031 -18.74841 -7.499574 5.025032 -18.74841 -7.499572 1.692727 -19.33599 -5.671424 3.065181 -17.38344 -8.110287 -11.13326 -15.89928 -8.110287 -8.202874 -17.59113 -7.499569 -8.202873 -17.59113 -7.499568 -11.13325 -15.89928 -5.671422 -8.825798 -15.28675 -8.110303 17.59391 8.205694 -7.49958 17.59391 8.205696 -8.110302 13.72705 13.72811 -8.110302 15.90206 11.13604 -7.499585 15.90207 11.13604 -7.499579 13.72706 13.72811 -5.671432 13.52191 11.34624 -8.110294 1.692708 19.33981 -8.110294 5.025008 18.75224 -7.499572 5.025006 18.75224 -7.499569 1.692707 19.33981 -5.671424 3.065158 17.38346 -8.110296 8.204627 17.59495 -8.110298 11.135 15.9031 -7.499574 11.135 15.9031 -7.499573 8.204627 17.59495 -5.671424 8.825798 15.28675 -8.110291 -5.023276 18.75224 -8.110291 -1.690971 19.33981 -7.499569 -1.690972 19.33981 -7.499568 -5.023277 18.75224 -5.671423 -3.065184 17.38345 -8.11028 -15.90032 11.13603 -8.11028 -13.72532 13.7281 -7.49956 -13.72531 13.7281 -7.499559 -15.90032 11.13603 -5.671413 -13.52192 11.34623 -8.110282 -11.13327 15.90309 -8.110284 -8.202894 17.59494 -7.499562 -8.202893 17.59494 -7.499563 -11.13327 15.90309 -5.671413 -8.825819 15.28675 -8.11028 -18.74945 5.026035 -8.110281 -17.59216 8.20568 -7.499562 -17.59216 8.205679 -7.499556 -18.74945 5.026035 -5.671414 -16.58709 6.037198 -8.11028 -15.5707 -7.259255 -8.11028 -14.07326 -9.852911 -8.110284 -12.14816 -12.14715 -8.110303 16.59678 4.448777 -8.110304 17.11683 1.499381 -8.110306 17.11684 -1.495535 -8.110301 14.07502 -9.852888 -8.110301 12.14993 -12.14713 -8.110303 16.59678 -4.444933 -8.110301 15.57247 -7.259237 -8.1103 9.855707 -14.07222 -8.110301 7.26203 -15.56968 -8.110295 -1.496559 -17.11406 -8.11029 -4.445981 -16.594 -8.110297 4.447752 -16.59399 -8.110291 1.498336 -17.11406 -8.110291 -7.26026 -15.56968 -8.110287 -9.85394 -14.07222 -8.110306 15.57246 7.263073 -8.110301 14.075 9.856726 -8.110301 12.1499 12.15097 -8.110295 4.44773 16.59782 -8.110291 1.498314 17.11788 -8.110296 9.855689 14.07605 -8.110291 7.262011 15.57351 -8.110294 -1.496578 17.11787 -8.110288 -4.445997 16.59781 -8.110285 -12.14817 12.15095 -8.110284 -14.07327 9.856724 -8.110283 -7.260275 15.5735 -8.110283 -9.853957 14.07604 -8.110285 -15.57071 7.263057 -8.110282 -16.59503 4.448757 -5.671411 -17.65161 -7.72256e-6 -8.11028 -19.33703 1.69374 -7.499557 -19.33703 1.69374 -8.11028 -18.74945 -5.022232 -8.11028 -19.33702 -1.689937 -7.499558 -18.74944 -5.022233 -7.49956 -19.33702 -1.689939 -5.671412 -16.58708 -6.037222 -8.110281 -17.1151 1.499351 -8.110283 -17.11509 -1.495548 -8.11028 -16.59502 -4.444957 -4.819756 -13.92442 -6.491583 -4.819757 -12.58529 -8.811028 -4.819757 -10.86372 -10.86271 -4.819776 14.84222 3.978644 -4.819777 15.30728 1.341065 -4.819777 15.30729 -1.337221 -4.819775 12.58706 -8.81101 -4.819772 10.86549 -10.8627 -4.819773 14.84222 -3.974803 -4.819775 13.9262 -6.491566 -4.819775 8.813825 -12.58426 -4.819774 6.494361 -13.9234 -4.819767 -1.338241 -15.30451 -4.819766 -3.975846 -14.83943 -4.81977 3.977617 -14.83942 -4.819767 1.34002 -15.30451 -4.819764 -6.492586 -13.9234 -4.819765 -8.812053 -12.58426 -4.819776 13.92619 6.495404 -4.819777 12.58705 8.814846 -4.819776 10.86547 10.86653 -4.819768 3.977597 14.84325 -4.819765 1.340004 15.30832 -4.819767 8.81381 12.58809 -4.819768 6.494342 13.92723 -4.819765 -1.338262 15.30832 -4.819762 -3.975861 14.84324 -4.81976 -10.86373 10.86652 -4.819759 -12.58531 8.814843 -4.819758 -6.492603 13.92722 -4.819757 -8.812073 12.58808 -4.819756 -13.92443 6.495388 -4.819759 -14.84046 3.978629 -4.819759 -15.30554 1.341039 -4.819759 -15.30553 -1.337231 -4.819757 -14.84046 -3.974821 8.110301 -8.50112 14.8923 8.110301 -16.88555 4.013203 8.110297 -12.47479 12.46676 8.110296 -14.42291 10.14505 8.110298 -15.93829 7.52036 8.110304 -16.965 4.699473 8.110301 -16.31918 3.787065 8.1103 -14.42371 4.287258 8.110299 -4.131726 8.878417 8.110288 -2.86068 9.728146 8.110295 -2.457585 10.60048 8.110288 -2.691185 11.62958 8.110289 -3.65286 12.54279 8.1103 -6.976313 14.40124 8.11031 -10.17108 14.3998 6.230289 -4.521213 9.348814 8.110296 -7.141858 7.307235 0.3429737 0 0 6.230317 -6.750285 -3.897282 6.230312 -5.010237 -5.970985 6.230302 -2.665891 -7.324502 6.230302 7.48231e-6 -7.794564 6.230305 2.665908 -7.324492 6.230306 5.010257 -5.970983 6.230306 6.750294 -3.897278 6.230298 7.676155 -1.353506 6.230297 7.676147 1.353518 6.2303 6.750287 3.897293 6.230301 5.010245 5.970989 6.230307 2.665888 7.324501 6.230307 -7.18043e-6 7.794563 6.230308 -2.665904 7.324492 6.230307 -5.010254 5.970973 6.230308 -6.75029 3.897273 6.230311 -7.676149 1.353502 6.230309 -7.676139 -1.353521 0.3429803 -6.750287 -3.897283 0.342972 -7.676141 -1.353521 0.3429784 -7.676149 1.353502 0.3429748 -6.750291 3.897274 0.3429782 -5.010255 5.970974 0.3429753 -2.665905 7.324492 0.342974 -9.69904e-6 7.794563 0.3429742 2.665887 7.324502 0.3429687 5.010243 5.970989 0.3429671 6.750284 3.897292 0.342964 7.676146 1.353517 0.3429652 7.676151 -1.353507 0.3429726 6.750292 -3.897277 0.3429692 5.010254 -5.970979 0.3429721 2.665907 -7.324492 0.3429696 6.03659e-6 -7.794563 0.3429694 -2.665893 -7.3245 0.3429787 -5.01024 -5.970983 8.110294 4.74264 9.050374 6.230289 7.494119 7.18887 8.110287 9.322219 5.613032 6.230285 16.56252 -2.609394 6.230291 2.636419 -16.55823 6.230287 7.711449 -14.86354 6.230291 6.548177 -13.36597 8.110298 1.482802 -10.10955 6.230295 -1.837355 -10.22085 8.1103 -1.875961 -9.611357 6.230292 -3.973338 -10.99505 8.110299 -2.820875 -15.75142 6.230292 -2.568353 -15.27769 6.230299 -1.859635 -16.23042 6.230295 -0.3243599 -16.75033 6.230298 -13.34089 -10.1544 6.230298 -11.20121 -11.94781 6.230293 -10.28838 -1.410987 8.1103 -10.13601 0.2854909 8.110297 -10.84109 0.9384235 8.110301 -15.85219 -2.184644 6.230305 -16.01071 -3.246856 6.230297 -16.03074 -4.867651 8.110291 10.80011 7.350013 8.11029 10.07297 -1.713797 8.110291 8.219038 -7.131433 8.110299 -8.534599 -12.39293 8.110301 -8.644618 -14.3502 8.110295 -4.417237 -12.29443 8.110299 -9.034439 -14.81921 8.110298 1.44895e-6 2.36517e-7 6.230298 -14.8244 6.960901 6.23026 -17.72033 3.089693 6.230292 -8.035521 14.22375 6.23025 -6.154136 16.87379 6.230264 -11.5661 13.74918 6.230294 -13.77996 9.55006 6.230299 -11.86559 11.84624 6.230261 -15.58301 8.962018 6.230294 -14.97526 7.492181 6.230293 -9.583183 13.74195 6.230243 6.154374 16.8738 6.230289 4.824402 16.05666 6.230289 7.599778 14.94554 6.230243 1.14651e-4 17.95895 6.230239 11.56632 13.7492 6.230289 10.10801 13.36065 6.230235 17.72061 -3.159481 6.230231 17.72061 3.089713 6.230289 16.08471 3.08208 6.230257 15.58096 -8.403783 6.230241 6.15439 -16.94356 6.230227 11.56634 -13.81897 6.230298 7.901683 -14.34505 6.230248 1.34202e-4 -18.02873 6.230252 -15.58298 -9.03181 6.230252 -11.56608 -13.81897 6.23026 -17.72033 -3.159501 6.230248 -6.154122 -16.94356 6.230287 2.028478 15.75427 6.230295 -6.902154 13.86955 6.230289 -4.084245 12.02241 6.230285 5.784146 9.425204 6.230289 -3.248224 11.23065 6.230285 -3.119874 10.52113 6.230289 -3.408559 9.9678 6.230297 -13.15391 6.964379 6.230294 -14.35637 6.797533 6.230292 -7.176497 8.413599 6.230291 14.73529 2.097372 6.230288 11.05784 10.85027 6.230289 9.677229 6.559707 6.230282 9.042094 6.218384 6.230287 8.426635 6.321952 6.230299 -10.6883 -10.358 6.230296 -10.21947 -4.225313 6.230239 15.58325 8.962045 8.110283 9.01291 -7.826681 8.110283 10.3277 -8.000232 6.230289 10.37082 -7.325671 6.230292 14.86139 -6.784096 6.080291 6.32399e-6 -16.66974 6.029197 0.3606561 -16.52936 5.905849 0.5100415 -16.19046 5.782496 0.3606558 -15.85156 5.731407 6.60213e-6 -15.71118 5.782499 -0.3606425 -15.85156 5.905851 -0.5100286 -16.19046 6.029199 -0.3606421 -16.52936 6.679063 6.90344e-6 -16.30004 6.642255 0.2598185 -16.19891 6.553397 0.3674361 -15.95477 6.464538 0.2598184 -15.71063 6.427734 6.28346e-6 -15.6095 6.464538 -0.2598048 -15.71063 6.5534 -0.3674229 -15.95477 6.642255 -0.2598052 -16.19892 6.618609 0.1907038 -16.13396 6.553391 0.2696928 -15.95477 6.488168 0.1907035 -15.77558 6.461156 6.54091e-6 -15.70135 6.488172 -0.1906903 -15.77558 6.553392 -0.2696792 -15.95477 6.61861 -0.1906903 -16.13397 6.645629 6.64598e-6 -16.20819 7.328495 0.1907035 -15.87559 7.263282 0.269693 -15.69639 7.198059 0.1907034 -15.5172 7.171043 6.7068e-6 -15.44297 7.198059 -0.1906909 -15.5172 7.263282 -0.2696795 -15.69639 7.328495 -0.1906903 -15.87559 7.35551 7.52712e-6 -15.94982 7.34751 0.2462849 -15.92782 7.263286 0.3482977 -15.6964 7.179054 0.2462854 -15.46497 7.144165 6.21466e-6 -15.36911 7.179054 -0.2462721 -15.46497 7.263286 -0.348283 -15.6964 7.347511 -0.2462717 -15.92782 7.3824 7.0656e-6 -16.02368 7.940513 6.66821e-6 -15.44991 7.878486 7.58656e-6 -15.7847 7.849105 -0.2074535 -15.70395 7.778148 -0.2933863 -15.509 7.707191 -0.2074543 -15.31405 7.677803 6.757e-6 -15.2333 7.707191 0.2074667 -15.31405 7.778148 0.2934004 -15.509 7.849105 0.207467 -15.70395 8.110291 8.001369 15.71721 8.110291 5.191293 16.85255 8.1103 2.226782 17.48268 6.230291 2.49788 16.55753 8.110301 -0.7733085 17.58743 8.110301 -1.401438 17.2998 6.230291 2.039219 16.24989 8.110301 -1.44119 16.69073 6.23029 2.558738 14.66222 8.110295 -0.3797449 15.0426 8.110296 7.167103 6.673089 8.110288 8.368019 5.726831 8.110287 10.22876 6.153207 6.230289 10.17189 7.599476 8.110294 11.54044 11.08537 8.110295 11.53627 12.68729 6.230292 11.04448 12.03762 8.110296 10.55169 14.1236 8.110288 17.41991 -2.752385 8.110294 17.63132 0.2709943 6.230291 16.76162 0.3735034 8.110288 17.31453 3.285132 6.230289 16.51904 2.740937 8.110294 16.48738 6.17082 8.110294 16.01987 6.67905 8.110295 15.42855 6.528875 6.230289 15.61004 2.939143 8.11029 14.18902 5.009581 6.230283 10.7513 -2.588504 6.230289 9.152834 -4.905847 8.110294 8.561243 -4.754219 6.230289 8.616514 -6.060616 8.110291 8.032402 -6.188767 6.230283 8.708198 -6.677954 6.23029 9.229084 -7.176525 8.11029 14.10882 -7.550021 6.230293 13.73628 -7.163714 8.110295 15.63093 -7.050815 8.110294 16.69238 -5.670334 6.230289 15.83028 -5.484623 8.110295 2.765225 -17.41759 8.110294 5.705958 -16.68437 6.230297 5.534847 -15.82582 8.110291 8.474679 -15.45166 8.110295 10.96338 -13.773 8.110295 11.30242 -13.17159 8.110296 10.97686 -12.65561 6.230291 7.61906 -13.93778 8.110291 9.149045 -11.94651 6.230288 0.8605237 -11.02498 6.230292 -3.101338 -10.06762 8.11029 -3.403718 -9.5517 8.110291 -4.242572 -10.0205 6.230289 -3.660129 -10.34559 8.110302 -4.658473 -10.99036 6.230292 -3.762369 -12.12699 8.110296 -1.875577 -17.04458 8.110295 -0.2347285 -17.62737 8.110301 -15.7109 -8.011672 8.110297 -14.10484 -10.5819 6.230298 -14.93312 -7.62416 8.110297 -12.07688 -12.83418 6.230299 -11.7531 -11.92711 8.1103 -9.711337 -14.68234 6.230294 -10.9012 -11.55317 8.1103 -9.156549 -4.534253 8.110299 -9.720649 -1.185926 6.230293 -10.53324 -0.1615165 6.23029 -10.97028 0.2840284 8.110297 -11.892 1.034264 6.230294 -11.68474 0.3812144 8.110291 -13.0577 0.401857 6.230295 -12.69609 -0.1692207 6.230298 -15.32361 -2.278415 8.110301 -16.78979 -3.482955 8.110305 -16.83746 -5.223373 8.1103 -15.9003 -11.13221 8.110299 -13.72529 -13.72428 8.110278 18.75122 5.026039 8.110277 13.72707 -13.72429 8.110289 -1.690952 -19.33599 8.110287 1.692724 -19.33599 8.110291 -8.202876 -17.59113 8.110304 -19.337 1.693749 8.110304 -19.337 -1.689959 8.110277 17.59391 8.205702 8.110291 1.692707 19.33981 8.110285 11.13501 15.9031 8.110295 -1.690968 19.33981 8.110294 -5.023269 18.75223 8.110304 -15.90032 11.13602 8.110298 -8.202888 17.59493 8.110304 -11.13327 15.90308 8.110299 -18.74944 5.026022 -4.819756 -13.92442 -6.491583 -4.819757 -12.58529 -8.811028 -4.819757 -10.86372 -10.86271 -4.819776 14.84222 3.978644 -4.819777 15.30728 1.341065 -4.819777 15.30729 -1.337221 -4.819775 12.58706 -8.81101 -4.819772 10.86549 -10.8627 -4.819773 14.84222 -3.974803 -4.819775 13.9262 -6.491566 -4.819775 8.813825 -12.58426 -4.819774 6.494361 -13.9234 -4.819767 -1.338241 -15.30451 -4.819766 -3.975846 -14.83943 -4.81977 3.977617 -14.83942 -4.819767 1.34002 -15.30451 -4.819764 -6.492586 -13.9234 -4.819765 -8.812053 -12.58426 -4.819776 13.92619 6.495404 -4.819777 12.58705 8.814846 -4.819776 10.86547 10.86653 -4.819768 3.977597 14.84325 -4.819765 1.340004 15.30832 -4.819767 8.81381 12.58809 -4.819768 6.494342 13.92723 -4.819765 -1.338262 15.30832 -4.819762 -3.975861 14.84324 -4.81976 -10.86373 10.86652 -4.819759 -12.58531 8.814843 -4.819758 -6.492603 13.92722 -4.819757 -8.812073 12.58808 -4.819756 -13.92443 6.495388 -4.819759 -14.84046 3.978629 -4.819759 -15.30554 1.341039 -4.819759 -15.30553 -1.337231 -4.819757 -14.84046 -3.974821 5.659397 -13.92443 -6.491584 5.659396 -12.5853 -8.81103 5.659396 -10.86372 -10.86271 5.659378 14.84222 3.978643 5.659376 15.30728 1.341063 5.659376 15.30729 -1.337221 5.659378 12.58706 -8.811007 5.65938 10.86549 -10.8627 5.659379 14.84222 -3.974806 5.659376 13.9262 -6.491565 5.659378 8.813828 -12.58426 5.659379 6.494364 -13.9234 5.659385 -1.338241 -15.30451 5.659387 -3.975846 -14.83943 5.659384 3.97762 -14.83942 5.659388 1.340026 -15.30451 5.659389 -6.492588 -13.9234 5.659388 -8.812055 -12.58427 5.659377 13.92619 6.495404 5.659376 12.58705 8.814848 5.659378 10.86548 10.86653 5.659385 3.977601 14.84325 5.659388 1.340006 15.30833 5.659387 8.813806 12.58809 5.659384 6.494341 13.92724 5.659388 -1.338259 15.30832 5.659389 -3.975858 14.84324 5.659393 -10.86374 10.86652 5.659394 -12.58531 8.81484 5.659395 -6.492602 13.92723 5.659396 -8.812072 12.58809 5.659397 -13.92444 6.495389 5.659394 -14.84046 3.978631 5.659393 -15.30555 1.341039 5.659393 -15.30554 -1.337232 5.659396 -14.84046 -3.974821 6.296789 -15.70122 -7.320117 6.296791 -14.19122 -9.935513 6.29679 -12.24999 -12.24898 6.296767 16.7359 4.486053 6.296763 17.26031 1.511935 6.296767 17.26031 -1.508087 6.296767 14.19299 -9.935492 6.296767 12.25177 -12.24897 6.296768 16.73589 -4.482211 6.296771 15.70299 -7.320095 6.296768 9.93832 -14.19019 6.29677 7.322899 -15.7002 6.296775 -1.509105 -17.25753 6.296782 -4.483252 -16.73311 6.296775 4.485029 -16.7331 6.296781 1.510893 -17.25753 6.29678 -7.321123 -15.7002 6.296777 -9.936535 -14.19019 6.296768 15.70299 7.323937 6.296767 14.19299 9.939337 6.296766 12.25175 12.25281 6.296773 4.485006 16.73693 6.29678 1.510872 17.26134 6.296779 9.938297 14.19402 6.296778 7.322879 15.70404 6.296777 -1.509127 17.26135 6.29678 -4.483266 16.73692 6.296788 -12.25 12.25279 6.296789 -14.19124 9.939328 6.296785 -7.321131 15.70401 6.296789 -9.936554 14.19401 6.296785 -15.70123 7.323923 6.296787 -16.73414 4.48604 6.296787 -17.25856 1.511905 6.296788 -17.25855 -1.508098 6.296789 -16.73413 -4.482228</float_array>
          <technique_common>
            <accessor source="#ibishu_wheel_07a_14x7-mesh-positions-array" count="620" stride="3">
              <param name="X" type="float"/>
              <param name="Y" type="float"/>
              <param name="Z" type="float"/>
            </accessor>
          </technique_common>
        </source>
        <source id="ibishu_wheel_07a_14x7-mesh-normals">
          <float_array id="ibishu_wheel_07a_14x7-mesh-normals-array" count="2616">0.3802374 -0.07013285 -0.9222261 0.404589 0.1587593 -0.9006127 0.4045615 -0.158791 -0.9006195 -0.404589 0.1587593 -0.9006127 -0.4046226 -0.859327 -0.3127905 -0.3802729 -0.8337317 -0.4003548 -0.3802998 -0.8960133 -0.2291992 -0.4045615 -0.158791 -0.9006195 0.4045354 -0.4572425 -0.7920104 0.3802062 -0.3813354 -0.8426308 -0.4047136 -0.9144436 0 0.4046226 -0.859327 -0.3127905 -0.4045689 -0.7005489 -0.5878397 -0.3802064 -0.6465461 -0.6613784 -0.3802431 -0.7635992 -0.5218539 0.6879984 -0.6577233 -0.3066893 0.6880072 -0.7009781 -0.1878187 0.4049882 -0.4571758 0.7918176 0.3805726 -0.6464241 0.6612869 0.4049047 -0.7004573 0.5877176 -0.6880072 0.1878187 -0.7009781 0.3802682 0.3813364 -0.8426024 0.3802719 0.2494962 -0.890587 -0.4049517 0.9143381 0 -0.380605 0.9202456 0.09103876 -0.3805432 0.9202742 -0.09100806 0.4049517 0.9143381 0 0.3805164 0.8959288 -0.2291705 0.3805171 0.9202849 -0.09100914 0.6880072 0.7009781 0.1878187 -0.3806603 0.833589 0.4002839 0.6879984 0.6577233 0.3066893 -0.6880072 0.7009781 -0.1878187 0.4048085 -0.8592719 0.3127011 0.3803902 -0.9203344 0.09103852 0.4047136 -0.9144436 0 0.4050823 0.7003868 0.5876792 -0.4050227 0.8591818 0.3126711 0.4050227 0.8591818 0.3126711 -0.6880027 -0.4162564 0.5944602 -0.6880006 -0.5131546 0.5131546 -0.4047466 0.7004784 -0.5878012 -0.3804235 0.7635328 -0.5218196 -0.3803672 0.6464992 -0.6613318 -0.3803885 -0.8959761 0.2291975 0.6880189 -0.7229325 0.06323522 0.6880072 -0.7009781 0.1878187 0.3804846 -0.7635023 0.5218197 -0.6880027 -0.5944602 0.4162564 -0.4048368 0.8592368 -0.3127605 -0.3805164 0.8959288 -0.2291705 -0.3804536 0.8336652 -0.4003216 0.3803371 0.5390399 -0.7515184 0.4047466 0.7004784 -0.5878012 0.4046529 0.4572069 -0.791971 -0.6700189 0.2538894 -0.6975778 -0.7483549 0 -0.6632987 -0.6700162 0 -0.7423465 -0.4046529 0.4572069 -0.791971 -0.3803371 0.5390399 -0.7515184 -0.3802943 0.3813319 -0.8425925 0.3802692 -0.7635904 -0.5218478 0.3802729 -0.8337317 -0.4003548 0.6880028 0.06323653 -0.7229477 -0.3802719 0.2494962 -0.890587 0.6880072 0.1878187 -0.7009781 0.380209 -0.5390618 -0.7515675 0.4045689 -0.7005489 -0.5878397 0.3802138 -0.6465283 -0.6613914 -0.6879984 -0.6577233 0.3066893 0.6880233 -0.1878147 -0.7009634 -0.3802062 -0.3813354 -0.8426308 -0.3802093 -0.2494952 -0.8906139 -0.3802374 -0.07013285 -0.9222261 -0.6700189 -0.6428874 -0.3711748 -0.7483607 -0.4263529 -0.5081138 -0.7483651 -0.5744353 -0.3316233 0.6880028 0.06323653 0.7229477 -0.3806671 -0.07013332 0.9220488 0.6880028 -0.06323653 0.7229477 -0.3802374 0.07013285 -0.9222261 0.8790506 -0.4761028 -0.02441549 -0.3754441 -0.9268299 0.005310297 0.9423015 -0.3347313 0.004791438 -0.6880028 0.06323653 -0.7229477 0.3802374 0.07013285 -0.9222261 0.3803259 -0.896003 -0.2291966 -0.6879984 -0.6577233 -0.3066893 -0.4045354 -0.4572425 -0.7920104 -0.380209 -0.5390618 -0.7515675 0.3806999 0.6464024 0.6612349 -0.6880188 0.5944477 0.4162477 -0.6880167 0.5131438 0.5131438 0.6880145 -0.6577094 0.3066828 -0.3804846 -0.7635023 0.5218197 -0.3804536 -0.8336652 0.4003216 -0.2418358 0.7071045 0.6644688 -0.3420298 0 0.9396891 -0.3420028 0 0.9396989 -0.3806953 0.5389369 0.7514109 0.6880006 0.5131546 0.5131546 -0.3806999 0.6464024 0.6612349 -0.4050497 -0.1587604 0.9004054 -0.3806033 -0.3812747 0.8424789 -0.3806322 -0.2494313 0.8904511 -0.6700189 0.6428874 -0.3711748 -0.7483607 0.4263529 -0.5081138 -0.6700209 0.4771694 -0.5686663 -0.6879984 -0.3066893 -0.6577233 -0.6880027 -0.4162564 -0.5944602 -0.380665 0.7634359 0.5217854 -0.4050823 0.7003868 0.5876792 -0.4051138 0.1587311 0.9003818 -0.6880145 0.3066828 -0.6577094 0.6880145 -0.3066828 0.6577094 -0.3805759 -0.5389711 0.7514467 0.6880027 -0.4162564 0.5944602 0.4051113 0.457116 0.7917891 0.3806948 0.2494322 0.8904241 0.4051138 0.1587311 0.9003818 -0.3806932 0.07013249 0.9220381 -0.3806948 0.2494322 0.8904241 -0.4051113 0.457116 0.7917891 -0.6700254 -0.7310643 0.1288838 -0.7483575 -0.5744295 0.3316504 -0.6700189 -0.6428874 0.3711748 -0.3806958 0.3812451 0.8424505 0.3806671 -0.07013332 0.9220488 0.4050497 -0.1587604 0.9004054 0.6880028 -0.06323653 -0.7229477 0.3806294 -0.3812703 0.8424692 0.3806322 -0.2494313 0.8904511 0.6879984 0.3066893 -0.6577233 0.6880027 0.4162564 -0.5944602 0.2418306 0.7071197 -0.6644545 0.3420028 0 -0.9396989 0.2418358 0.7071045 -0.6644688 0.6879903 0.5944799 -0.4162489 -0.3805465 -0.6464317 0.6612946 -0.4049047 -0.7004573 0.5877176 0.380665 0.7634359 0.5217854 -0.6879984 0.6577233 0.3066893 -0.4049882 -0.4571758 0.7918176 0.3804235 0.7635328 -0.5218196 0.4048368 0.8592368 -0.3127605 0.6880072 -0.1878187 0.7009781 -0.4048085 -0.8592719 0.3127011 0.6880027 -0.5944602 0.4162564 0.6880006 -0.5131546 0.5131546 -0.9396967 5.89632e-6 -0.3420091 0.939695 0 0.3420136 -0.3806024 0.8958852 0.2291976 -0.3803273 -0.9203604 -0.09103804 -0.3803902 -0.9203344 0.09103852 -0.8735474 -0.484887 0.04242146 -0.6880028 0.7229477 0.06323653 -0.6880028 0.7229477 -0.06323653 -0.6880006 -0.5131546 -0.5131546 -0.6880027 -0.5944602 -0.4162564 -0.8735417 -0.2056972 0.4411503 -0.8735374 -0.1259813 0.4701715 0.3806953 0.5389369 0.7514109 -0.8735395 -0.279186 -0.3987281 -0.6879984 0.3066893 0.6577233 -0.6880027 0.4162564 0.5944602 0.3806024 0.8958852 0.2291976 0.3806603 0.833589 0.4002839 0.3804797 -0.8336555 0.400317 -0.8735369 -0.34419 -0.34419 -0.7483672 -0.6532076 -0.1151803 -0.7483698 -0.6532098 0.1151502 0.3805789 0.9202562 0.09103983 -0.6880028 -0.06323653 -0.7229477 -0.8735474 -0.04242146 0.484887 -0.8735395 -0.3987281 -0.279186 -0.6879984 -0.3066893 0.6577233 -0.8735395 0.3987281 -0.279186 0.6880006 -0.5131546 -0.5131546 0.3803597 0.6465169 -0.6613187 -0.8735395 0.3987281 0.279186 0.6879925 0.7009936 -0.1878146 0.6880028 0.7229477 -0.06323653 -0.6880028 -0.06323653 0.7229477 -0.8735374 0.1259813 -0.4701715 -0.6880072 -0.1878187 0.7009781 0.3804582 0.8336755 -0.400296 -0.8735417 -0.4411503 0.2056972 -0.8735374 -0.4701715 0.1259813 -0.6879925 -0.7009936 -0.1878146 0.3803273 -0.9203604 -0.09103804 -0.6880028 -0.7229477 -0.06323653 -0.8735417 0.4411503 -0.2056972 -0.8735395 0.279186 0.3987281 -0.8735369 0.34419 0.34419 0.6880027 -0.4162564 -0.5944602 0.6879984 -0.3066893 -0.6577233 -0.8735474 0.484887 0.04242146 0.3802093 -0.2494952 -0.8906139 -0.8735395 0.279186 -0.3987281 -0.8735417 0.2056972 0.4411503 -0.6700254 0.7310643 -0.1288838 -0.7483672 0.6532076 0.1151803 -0.7483672 0.6532076 -0.1151803 -0.6700254 -0.7310643 -0.1288838 -0.8735417 0.4411503 0.2056972 -0.8735374 0.4701715 0.1259813 0.6879984 0.6577233 -0.3066893 -0.8735474 -0.04242146 -0.484887 -0.8735474 0.04242146 -0.484887 -0.6880072 -0.7009781 0.1878187 -0.8735374 0.1259813 0.4701715 -0.6880072 -0.1878187 -0.7009781 0.6880189 -0.7229325 -0.06323522 -0.8735417 -0.4411503 -0.2056972 0.6880028 0.7229477 0.06323653 1 3.54562e-6 -1.894e-6 0.6880027 0.5944602 0.4162564 -0.8735474 0.04242146 0.484887 0.3806932 0.07013249 0.9220381 -0.7483575 0.5744295 -0.3316504 -0.6880027 0.5944602 -0.4162564 -0.6879984 0.6577233 -0.3066893 0.3806958 0.3812451 0.8424505 -0.7483613 0.2268492 -0.6232936 -0.8735417 -0.2056972 -0.4411503 -0.6880072 0.1878187 0.7009781 -0.8735395 -0.279186 0.3987281 0.3805759 -0.5389711 0.7514467 -0.6880072 0.7009781 0.1878187 0.3803989 -0.8959701 0.2292038 -0.8735474 0.484887 -0.04242146 -0.6880028 -0.7229477 0.06323653 -0.8735374 -0.1259813 -0.4701715 -0.6880028 0.06323653 0.7229477 -0.6700209 -0.4771694 0.5686663 -0.7483613 -0.2268492 0.6232936 -0.6700189 -0.2538894 0.6975778 -0.7483613 -0.2268492 -0.6232936 -0.6700189 -0.2538894 -0.6975778 -0.8735369 -0.34419 0.34419 -0.6880006 0.5131546 -0.5131546 -0.8735374 -0.4701715 -0.1259813 -0.4832768 0.5021378 0.717148 -0.4832755 0.3699873 0.7934446 -0.4832786 0.8456384 -0.2265778 -0.8735374 0.4701715 -0.1259813 -0.8735395 -0.3987281 0.279186 -0.4832755 -0.7934446 0.3699873 -0.4832786 -0.2265778 -0.8456384 -0.4832683 -0.07629746 -0.8721413 -0.4832683 0.07629746 -0.8721413 -0.4832786 0.2265778 -0.8456384 -0.8735417 0.2056972 -0.4411503 -0.4832768 0.5021378 -0.717148 -0.8735474 -0.484887 -0.04242146 -0.4832683 -0.8721413 0.07629746 -0.4832683 -0.8721413 -0.07629746 -0.4832683 0.07629746 0.8721413 -0.4832714 -0.6190513 -0.6190513 -0.4832768 0.717148 -0.5021378 -0.4832755 0.7934446 -0.3699873 -0.4832768 -0.717148 0.5021378 -0.4832683 0.8721413 -0.07629746 -0.4832683 0.8721413 0.07629746 -0.8735369 0.34419 -0.34419 -0.4832714 0.6190513 -0.6190513 -0.4832755 -0.7934446 -0.3699873 -0.4832768 -0.717148 -0.5021378 -0.4832755 -0.3699873 0.7934446 -0.4832768 -0.5021378 0.717148 -0.4832786 0.8456384 0.2265778 -0.4832768 -0.5021378 -0.717148 -0.4832755 0.7934446 0.3699873 -0.4832768 0.717148 0.5021378 -0.4832786 -0.8456384 0.2265778 -0.4832683 -0.07629746 0.8721413 -0.4832786 -0.8456384 -0.2265778 -0.4832786 0.2265778 0.8456384 -0.4832714 0.6190513 0.6190513 -0.4832714 -0.6190513 0.6190513 -0.4832755 -0.3699873 -0.7934446 -0.4832786 -0.2265778 0.8456384 -0.4832755 0.3699873 -0.7934446 -0.6616469 -0.6602429 -0.355391 0.834365 -0.3371763 -0.4360587 -0.5980532 -0.4969127 -0.6288165 -0.6700189 0.2538894 0.6975778 -0.7483701 0 0.6632816 -0.7483613 0.2268492 0.6232936 0.6880072 0.1878187 0.7009781 -0.6700162 0 0.7423465 -0.6700189 0.6428874 0.3711748 -0.6700254 0.7310643 0.1288838 0.6880027 -0.5944602 -0.4162564 -0.7483607 0.4263529 0.5081138 -0.6700209 0.4771694 0.5686663 0.6880006 0.5131546 -0.5131546 -0.6880027 0.4162564 -0.5944602 1 1.37964e-6 0 1 1.20957e-6 1.42854e-7 1 -4.33011e-7 4.32191e-6 -0.3647597 0.740323 0.5646878 0.9773029 0.02969473 0.2097555 -0.318557 0.02081394 0.9476752 1 3.8243e-6 -3.11921e-6 -0.6616351 0.3252477 0.6756131 0.8712673 0.4227545 0.2493433 0.869941 0.2007227 0.4504588 1 0 1.73168e-6 1 -3.58027e-6 -6.05818e-6 1 2.6016e-6 -4.09953e-7 1 2.84203e-6 1.32691e-6 0.6745279 -0.614772 -0.4087392 -0.5567049 -0.8056213 -0.2026184 -0.3618717 -0.5696496 -0.7379351 -0.5788081 -0.4674718 0.6681701 0.8556151 -0.167186 0.489869 0.8582065 -0.2532197 0.4464993 0.8582291 0.4672787 -0.2123522 0.949298 0.3143777 -3.05191e-5 -0.5787699 0.7709811 -0.2657324 0.9865935 0.1231449 0.1070918 -0.3647062 -0.9308706 -0.02166873 0.9773049 -0.1472839 -0.1522585 -0.318533 -0.5738905 -0.7544444 -0.3754515 -0.2813292 0.8831138 0.8790523 0.3708116 0.2996096 -0.375451 0.7529468 0.54047 0.9423027 0.2736328 0.1928492 0.8227361 -0.5605153 -0.09448736 -0.5359098 -0.8438749 -0.02600198 0.8227292 0.5090252 -0.2530019 -0.6709088 0.7337483 -0.1072148 -0.613771 0.6836293 -0.3948875 -1 -7.98642e-6 -5.08433e-7 -0.6730088 -0.3399836 -0.6568641 0.8528681 -0.4425941 -0.2769952 0.8712648 -0.1954455 -0.4502207 0.8343525 0.01644957 0.5509858 -0.5980429 0.03241074 0.8008086 -0.645595 0.5632247 -0.5157375 0.8343568 0.31053 -0.4554339 0.8065297 0.4466478 -0.3873186 -0.6677926 -0.7186682 -0.193828 0.8064728 -0.5890837 0.05081462 0.8717582 -0.4610577 -0.1657207 -0.5960955 -0.718751 0.3578648 0.8717198 -0.3001868 0.3872886 0.8732475 -0.4410033 0.2072562 -0.5611876 0.7375277 0.3756612 0.8732551 0.4786072 0.09143644 0.8561009 0.4605384 0.2345114 1 3.44982e-6 -6.59117e-7 1 1.42646e-6 4.85325e-6 1 3.65793e-6 2.20028e-6 1 -9.76083e-7 2.45243e-6 1 -8.97064e-7 3.3503e-6 1 1.06581e-6 1.49661e-6 1 1.25547e-5 -2.71471e-6 1 4.70013e-6 0 1 6.56536e-6 1.06084e-6 1 7.83758e-6 2.66311e-6 1 1.32991e-5 1.61339e-6 1 2.8974e-6 2.05239e-6 1 6.19773e-6 -4.25743e-6 1 5.03675e-6 -2.53452e-6 1 4.95846e-6 8.34678e-7 1 4.82344e-6 7.49388e-7 1 2.312e-6 -3.18771e-6 1 1.3696e-6 -2.63384e-6 1 4.22094e-6 -6.49624e-6 1 2.77047e-6 -1.63637e-6 1 6.81661e-6 -7.53333e-6 1 3.50376e-6 -7.77377e-6 1 -2.83783e-6 -6.35635e-6 1 1.47601e-6 -2.86795e-6 1 2.1352e-7 -3.84329e-6 1 1.39709e-7 -4.26298e-6 1 1.90598e-7 -2.51262e-6 -1 -4.58828e-6 -3.50916e-6 -1 3.67965e-6 -5.91789e-6 1 1.35274e-7 -2.48018e-6 1 6.38792e-7 -2.76639e-6 1 1.53932e-6 2.26116e-7 1 0 2.19915e-6 1 3.27849e-6 1.2813e-6 -1 -9.35109e-7 0 -1 -3.01472e-6 1.67709e-6 -1 -1.38832e-6 7.1207e-7 -1 -1.19327e-6 -4.51381e-7 -1 -1.53174e-6 -2.35185e-6 -1 5.39266e-7 1.19601e-6 -1 -1.13303e-6 -1.89314e-7 -1 8.53358e-7 5.2764e-7 -1 1.70672e-7 5.2764e-7 -1 7.34322e-7 -2.98489e-6 -1 -2.0079e-7 2.36699e-6 -1 -9.75268e-7 0 -1 -1.89029e-6 7.64498e-7 -1 0 0 -1 -4.97674e-7 0 -1 -1.13877e-6 -1.89314e-7 -1 5.5074e-7 1.19602e-6 -1 -8.26108e-7 -1.12231e-6 -0.6700209 -0.4771694 -0.5686663 -0.7483607 -0.4263529 0.5081138 0.6880027 0.4162564 0.5944602 0.6879984 0.3066893 0.6577233 -0.7483575 0.5744295 0.3316504 -1 -5.75318e-6 2.77699e-6 0.9423015 -0.09885066 0.3198381 1 -8.52599e-7 -5.82112e-7 1 -1.29438e-6 -1.00042e-6 1 0 -2.92279e-6 1 -1.79526e-6 -7.01595e-6 1 1.62381e-6 6.85184e-6 1 6.1437e-7 -2.1687e-6 1 -2.13173e-6 2.37744e-6 1 -5.33321e-7 1.37778e-7 1 8.00406e-7 0 1 -3.71349e-6 -3.30454e-6 1 4.8698e-7 -3.56674e-7 1 -1.10477e-6 1.62992e-6 1 0 1.42209e-7 1 1.89599e-6 -1.85964e-6 1 0 -1.21085e-7 1 -3.54167e-6 5.17352e-7 1 0 4.98993e-7 1 0 3.68017e-7 1 0 8.78341e-7 1 0 -5.97794e-7 -1 -7.08134e-7 7.26294e-7 1 1.17671e-6 1.56148e-6 1 8.85423e-7 4.36554e-6 1 6.90484e-7 1.80416e-7 1 3.78893e-6 -6.54034e-6 1 -1.80531e-6 -9.76785e-7 1 -3.68702e-6 3.80876e-6 1 1.49214e-6 -3.59888e-6 1 9.45047e-7 0 1 -1.23959e-5 -8.12555e-6 1 1.17382e-6 -3.63984e-7 1 9.74297e-6 7.47294e-6 1 3.07317e-7 -2.24884e-6 1 3.9635e-6 -3.17684e-6 1 5.13204e-6 -3.20396e-6 1 6.91814e-6 -3.7332e-6 1 5.60462e-6 -6.49929e-6 1 -5.0679e-7 -2.90858e-6 1 -1.21467e-6 -3.08975e-6 1 7.68737e-6 2.78451e-6 1 5.04022e-6 5.30186e-6 1 3.95804e-6 2.66777e-6 1 3.60216e-6 2.87086e-6 1 -9.18736e-7 -4.42294e-7 1 0 4.57534e-7 1 0 -5.99783e-7 1 2.29684e-7 2.9528e-7 1 6.35542e-7 -1.06003e-6 1 -6.18778e-6 1.40612e-6 1 4.59369e-7 0 1 7.41466e-7 1.37431e-7 1 0 -1.79182e-6 1 8.61316e-7 8.09582e-7 1 8.4739e-7 4.47336e-7 1 3.09389e-6 -3.54089e-6 1 0 5.50757e-7 1 -6.35542e-7 7.79454e-7 1 6.18778e-6 2.84754e-6 -1 2.70538e-5 -3.75776e-6 -1 1.28581e-5 0 -1 3.52109e-6 -1.83933e-5 -1 3.09797e-5 -2.30804e-5 -1 2.43386e-5 -2.01208e-5 -1 2.34647e-5 -1.30762e-5 -1 2.84237e-5 -1.03931e-5 -1 1.61749e-5 -3.14398e-6 -1 1.38288e-5 -4.77673e-5 -1 1.12683e-5 -2.36528e-5 -1 1.46504e-5 -2.05512e-5 -1 -1.40035e-5 -3.39187e-5 -1 -7.66227e-6 -4.35282e-5 -1 -1.32891e-5 -5.75805e-5 -1 3.87017e-6 -2.73602e-5 -1 4.58699e-6 -6.70123e-6 -1 -2.74468e-5 -2.2265e-5 -1 -2.4345e-5 -3.9749e-5 -1 -2.77218e-5 -4.51022e-5 -1 -4.31564e-5 -6.86736e-7 -1 -8.38659e-5 7.52228e-6 -1 -4.67193e-5 -5.60011e-6 -1 -4.30906e-5 -1.46894e-5 -1 -9.60568e-6 -9.12629e-6 -1 -4.75054e-5 1.49492e-5 -1 -3.94748e-5 8.63852e-6 -1 -9.03724e-6 4.51951e-5 -1 -2.37673e-5 3.70629e-5 -1 -3.3873e-5 6.41923e-5 -1 -2.38417e-5 2.98371e-5 -1 -7.19339e-6 3.50622e-5 -1 -6.5619e-6 7.32886e-5 -1 2.9698e-5 1.89534e-5 -1 3.82838e-5 3.25264e-5 -1 3.30025e-5 2.82849e-5 -1 1.42247e-5 2.63891e-5 -1 0 8.60227e-6 -1 2.61404e-5 4.67107e-6 -1 3.70163e-5 1.40928e-5 -1 3.80083e-5 1.52571e-5 -1 8.67894e-6 1.88607e-5 -1 -8.70969e-7 2.22568e-6 -1 -4.43483e-7 -2.77612e-6 -1 -8.45145e-7 -5.65248e-7 -1 0 8.02519e-7 -1 -8.18485e-7 -6.47805e-6 -1 7.71967e-7 5.49889e-6 -1 6.29868e-7 -7.3588e-6 -1 -1.53463e-6 7.73256e-6 -1 -6.99715e-7 -3.90184e-7 -0.6456107 0.6645327 0.3762755 0.8343571 0.5291067 0.1545783 0.8065335 0.5063762 0.3051014 -1 -1.039e-5 4.86256e-7 -1 -1.17077e-5 6.08816e-7 1 1.54333e-6 1.23903e-6 -1 2.91018e-6 -1.91113e-6 -1 1.93548e-7 -3.06547e-7 -1 -2.04001e-6 -8.85111e-7 -1 -3.21157e-6 5.43482e-7 -1 1.32137e-6 6.78765e-7 -1 -7.75289e-6 -1.82179e-6 -1 1.11162e-5 1.8811e-6 -1 6.11865e-6 3.27926e-6 -1 4.79585e-7 2.73174e-7 -1 1.16129e-6 -1.06556e-6 -1 1.33044e-7 1.89967e-7 -1 -9.50794e-7 1.80051e-6 -1 3.96411e-7 -5.03072e-7 -1 -5.09284e-6 9.18632e-6 -1 4.323e-6 -9.52951e-6 1 -4.1142e-7 1.4523e-6 -1 -1.16128e-6 -4.3331e-7 -1 1.24175e-6 4.10279e-6 -1 -1.01418e-6 -1.6047e-7 -1 -1.0571e-6 -3.80148e-7 -1 3.45583e-6 4.34142e-6 -1 -4.94056e-6 -2.67546e-6 -1 -4.67903e-6 -1.15021e-5 -1 -4.22031e-6 -8.12162e-6 -1 -2.29104e-5 2.22933e-5 -1 5.90178e-6 3.46996e-5 -1 -1.8508e-5 -1.00928e-5 -1 -2.70635e-5 -2.26824e-5 0.8227356 -0.08331727 -0.562285 -0.5359142 -0.2360036 -0.810616 0.8790497 -0.1238781 -0.4603543 1 6.97655e-7 5.40161e-6 -1 -9.46917e-7 -9.90557e-6 -1 7.09207e-7 -6.97093e-6 -1 4.06621e-6 -6.24039e-6 1 5.18511e-7 7.01012e-7 -1 7.29895e-6 -2.91405e-6 -1 8.45529e-6 -4.25409e-6 -1 -3.9354e-6 -2.5274e-6 -1 2.5124e-6 1.09269e-6 1 -2.07824e-6 -4.90273e-7 -1 4.23081e-7 4.40717e-6 -1 -1.42636e-6 3.8827e-6 -1 -4.25179e-6 6.65803e-6 -1 -4.4956e-6 8.57995e-6 1 -9.78486e-7 9.01483e-7 -0.5786685 -0.01449644 -0.815434 0.8557037 -0.1526277 -0.4944452 0.8582823 -0.05755859 -0.5099399 -1 3.27258e-6 -3.27333e-6 -1 -5.49901e-6 -3.52316e-7 -1 -5.56749e-6 -1.09446e-6 -1 -6.6935e-6 -1.09981e-6 -1 5.40405e-6 7.04511e-6 -1 -2.17355e-6 3.96508e-6 -1 5.50767e-6 7.46134e-6 -1 -1.41714e-6 -8.27553e-6 -1 1.14293e-5 3.97092e-5 -1 -7.28173e-6 1.83623e-5 -1 -1.82787e-5 1.26449e-5 0.8341218 0.5013704 -0.229932 0.1904066 0.9792558 0.0693081 0.6626337 0.7090535 0.241163 0.4911473 -0.5013714 0.7123209 0.1904066 -0.9792558 0.0693081 0.6626337 -0.7090535 0.241163 0.8341067 -0.5013796 -0.2299668 0.5253604 0 -0.8508799 0.9051443 0 -0.4251047 -0.1444756 0 0.9895084 -0.04638898 -0.6924474 0.7199756 0.4272634 0.6924414 -0.5813529 0.4911473 0.5013714 0.7123209 -0.04638898 0.6924474 0.7199756 0.4201301 0 0.907464 0.2418306 -0.7071197 -0.6644545 0 1 0 -0.2418358 -0.7071045 0.6644688 0 -1 0 -0.5610928 0.5852335 -0.585386 0.8733198 0.2348182 -0.4268173 0.8561726 0.3652787 -0.3654313 0.2418358 -0.7071045 -0.6644688 0.4642601 -0.8694348 0.168955 -0.7515434 -0.569647 0.3326934 0.7616041 0 -0.6480426 -0.2811682 0 -0.9596585 0.4642601 0.8694348 0.168955 -0.751551 0.5696528 0.3326662 0.2539815 0.6147806 0.7466849 -0.8322381 0 0.5544185 0.1668779 0 0.9859776 0.2539815 -0.6147806 0.7466849 0.6745279 0.614772 -0.4087392 -0.5567049 0.8056213 -0.2026184 -0.3618717 0.5696496 -0.7379351 0.9397026 0 0.341993 0.9396917 1.70543e-5 0.3420228 0.939687 -2.55815e-5 0.3420357 0.9397104 -3.41062e-5 0.3419714 0.9396965 8.52719e-6 0.3420098 -0.9396992 9.49038e-6 -0.3420023 -0.9396948 9.48966e-6 -0.3420145 -0.939693 -9.48979e-6 -0.3420194 -0.9397043 -1.89805e-5 -0.3419881 0.8555995 0.4142646 0.310378 -0.5606058 0.6596099 0.5006357 -0.5787562 -0.7799658 -0.2381067 0.8556398 -0.5175162 -0.007599294 0.8582287 -0.5028638 -0.102819 0.949323 0.09708082 -0.2989333 0.9866039 0.1398708 -0.0839591 -0.3647325 0.765874 -0.529535 -0.6678227 0.6953511 -0.2655177 0.8716898 0.4705452 -0.1369091 0.9772892 0.2087215 0.03662312 -0.3185592 0.9077322 0.2730246 0.8790404 0.3995555 -0.2600834 -0.375452 0.7466923 -0.5490779 0.9422896 0.2680222 -0.2006352 -0.5359133 0.6979996 -0.4749669 0.8227276 -0.2630726 0.503897 -0.67091 -0.5305814 0.5180379 -0.6137783 -0.3209434 0.7212986 -0.6730173 0.6611452 0.3315645 0.85287 0.5208778 -0.03604358 0.8712639 -0.4885829 0.04675549 0.8699446 -0.4271747 -0.2464106 -0.661656 0.1339792 -0.7377404 -0.5980556 0.4444826 -0.666907 -1 -1.2711e-5 9.71487e-6 -1 6.16529e-6 7.0462e-7 -1 6.74189e-6 -1.0335e-6 -0.5611884 -0.1293407 0.8175198 0.8732188 0.06082499 0.4835176 0.8560976 -0.0807541 0.5104662 -0.560598 -0.2722879 0.7820417 0.8556624 0.423116 -0.2980184 0.9493357 -0.2542569 -0.1847032 0.986603 -0.03662335 -0.1589759 -0.3647012 -0.2669491 -0.8920378 0.9773035 0.09927761 -0.1871412 -0.3185264 0.5401856 -0.7789354 -0.5359144 -0.2855057 0.7945328 0.8790517 -0.1703596 0.4452482 -0.6709094 -0.6566568 -0.3445037 -0.6137782 -0.7851759 -0.08231115 -0.6730088 -0.7297745 0.1203676 0.8528661 -0.4002016 0.3353477 0.8699427 0.1023606 -0.482413 -0.6616572 -0.5420218 0.5180947 0.8343614 -0.5189161 0.1859223 -0.5980535 -0.7515955 0.2782737 -0.6456353 -0.7587702 0.08615589 -0.6677616 -0.03772181 -0.7434189 0.8065024 -0.23039 -0.5444945 0.871753 0.01510703 -0.4897125 -0.5959812 -0.5625321 -0.5730307 0.8733358 -0.33333 -0.3552123 -0.5611476 -0.8175048 0.1296129 -0.5605195 -0.8279612 -0.01727396 -0.5610042 -0.3759357 -0.7375274 -0.5604218 -0.2393916 -0.7928551 -0.5788556 0.4909606 0.6510637 0.8581781 0.346427 0.3788387 0.9492858 -0.2543128 0.1848826 0.986603 -0.1625162 -0.01425254 -0.3647686 -0.3082466 0.8785943 0.9772876 -0.1904096 0.09302264 -0.3185617 -0.8948599 0.3126409 -0.3754461 -0.291427 -0.8798355 0.8227322 0.3979377 0.4059032 -0.5359146 0.6674212 0.5170539 -0.6709149 0.3287279 0.6646889 -0.6137706 0.5868222 0.5281339 -0.6730181 -0.1109997 0.7312495 0.8528624 0.1952626 0.4842501 0.8712652 -0.1064819 0.4791226 0.8699357 -0.3663771 0.3301208 0.4272384 -0.6924504 -0.5813604 -0.6455988 -0.3164209 -0.6950396 -0.6678329 -0.4064313 0.6235487 0.8064705 -0.1337047 0.5759588 -0.5960152 0.3711475 -0.7120503 0.8561352 -0.5103789 0.0809074 0.9422788 -0.1079767 -0.3169414 -0.5605229 0.6800071 -0.4726569 -0.6709103 0.1247332 -0.7309727 -0.6137707 -0.1643151 -0.7721956 0.9492367 0.09735602 0.2991181 0.9866099 -0.0637536 0.1501216 -1 3.17084e-6 3.17024e-6 -0.5961381 0.7917989 0.1329431 -0.6730182 0.5196267 -0.526341 0.8528677 0.1266559 -0.5065323 0.8712669 0.3677889 -0.3250008 -0.6616497 0.7430436 -0.1005292 0.869941 0.4904386 -0.05169898 -0.5980437 0.7716339 0.2166215 -0.6456281 -0.1525336 0.7482632 -0.6678262 0.4674051 0.5792588 0.8716942 0.2755594 0.4052362 -0.5961307 0.1182007 0.794139 0.8562173 -0.2346319 -0.4602606 1 -3.58317e-7 -6.43842e-6 -0.9396967 -5.89635e-6 -0.3420091 0.939695 8.83013e-6 0.3420136 1 1.74671e-6 -1.86245e-6 1 2.84648e-6 -2.99511e-6 1 1.96146e-6 -4.6229e-7 1 -2.44257e-6 2.50625e-7 -1 -4.40144e-6 5.85501e-7 1 -6.52465e-7 1.231e-7 1 9.65014e-7 4.39988e-6 1 5.18895e-6 4.43427e-6 1 9.47991e-7 1.41156e-6 1 -4.47083e-6 -4.23391e-6 -1 -2.87202e-6 -3.90971e-6 -1 8.96335e-7 -5.48817e-6 1 9.74013e-7 5.04196e-6 -1 -4.74696e-6 3.91258e-6 1 -9.47777e-7 -2.1543e-6 1 -1.06637e-6 2.43083e-6 1 3.41059e-6 2.48863e-7 -1 -5.01865e-6 -7.05972e-7 1 0 -3.46971e-6 1 3.5152e-6 5.96928e-6 1 -5.7391e-7 0 1 2.60994e-6 -1.73243e-6 1 6.51986e-7 7.70903e-7 -1 -3.59462e-6 -2.37149e-6 -1 -9.58502e-7 -4.80143e-7 1 6.47387e-7 3.05447e-7 1 -6.9265e-7 -1.4598e-6 -1 1.03899e-5 -9.80844e-6 -1 6.40052e-6 1.21104e-6 -1 5.85045e-6 -9.52714e-7 -1 5.20287e-7 2.42731e-6 1 -1.91075e-6 2.47637e-6 0 0.2588022 -0.9659304 0.6037239 0.06946086 -0.7941616 0.6037306 0.2063097 -0.7700297 0 0.4225947 -0.9063188 0.6037259 0.3368987 -0.7225056 0 0.7071068 0.7071068 0.6037332 0.4572405 0.6530219 0 0.573571 0.819156 0 0.9961968 0.08713132 0.603724 0.7941617 -0.06946086 0.603724 0.7941617 0.06946086 0 -0.573571 -0.819156 0.6037259 -0.3368987 -0.7225056 0 -0.4225947 -0.9063188 0 0.9659304 0.2588022 0.6037306 0.7700297 0.2063097 0 -0.9961968 0.08713132 0.603724 -0.7941617 -0.06946086 0 -0.9961968 -0.08713132 0 0.9063188 -0.4225947 0.6037306 0.7700297 -0.2063097 0 0.9659304 -0.2588022 0 0.9961968 -0.08713132 0 0.2588022 0.9659304 0.6037239 0.06946086 0.7941616 0 0.08713132 0.9961968 0 -0.08713132 -0.9961968 0 0.08713132 -0.9961968 0.6037306 -0.2063097 -0.7700297 0.6037239 -0.06946086 -0.7941616 0 0.9063133 0.4226064 0.6037259 0.7225057 0.3368987 0 0.819156 0.573571 0.603736 0.5636945 0.5636945 0 -0.08713132 0.9961968 0.6037306 -0.2063097 0.7700297 0 -0.2588022 0.9659304 0.6037259 -0.3368987 0.7225056 0 -0.4226064 0.9063133 0.603736 -0.5636945 -0.5636945 0.6037332 -0.4572405 -0.6530219 0 -0.9659304 0.2588022 0.603724 -0.7941617 0.06946086 0 -0.9659304 -0.2588022 0.6037306 -0.7700297 -0.2063097 0 -0.7071068 0.7071068 0.6037332 -0.4572405 0.6530219 0.603736 -0.5636945 0.5636945 0.6037239 -0.06946086 0.7941616 0.6037259 -0.7225057 0.3368987 0.6037306 -0.7700297 0.2063097 0 -0.819156 0.573571 0 -0.9063133 0.4226064 0 0.819156 -0.573571 0.603736 0.5636945 -0.5636945 0.6037332 0.6530219 -0.4572405 0 0.4226064 0.9063133 0.6037259 0.3368987 0.7225056 0 -0.9063016 -0.4226315 0.6037332 -0.6530219 -0.4572405 0 -0.819156 -0.573571 0.6037259 -0.7225057 -0.3368987 0.9510098 0.1306528 0.280197 0.9510098 -0.1306528 0.280197 0.9510068 -0.2532477 0.1773467 0.6037332 -0.6530219 0.4572405 0.9509995 0.298658 0.08002054 0.9510101 -0.2186093 -0.2186093 0.9510059 0.02691781 0.3079988 0.9510052 -0.02694833 0.3079986 0.9510052 -0.3079986 0.02694833 0.9510083 0.08002126 -0.2986302 0.9510016 0.1306517 -0.2802252 0.9510059 -0.3079988 -0.02691781 0.9510119 -0.1773171 0.2532491 0.9510101 -0.2186093 0.2186093 0.9510098 0.280197 -0.1306528 0.6037259 0.7225057 -0.3368987 0.9510052 0.3079986 0.02694833 0.9510016 0.2802252 0.1306517 0.9510016 -0.2802252 0.1306517 0.9510098 -0.280197 -0.1306528 0.6037332 0.4572405 -0.6530219 0.9509994 0.1773453 -0.2532763 0.9509995 0.298658 -0.08002054 0.9510045 -0.1773157 -0.2532777 0.9510016 -0.1306517 -0.2802252 0.9509995 0.08002054 0.298658 0.9510083 -0.08002126 -0.2986302 0.9510068 0.1773467 0.2532477 0.9510119 -0.2532491 -0.1773171 0.6037306 0.2063097 0.7700297 0.9510059 0.3079988 -0.02691781 0.9510083 -0.2986302 -0.08002126 0.9510059 -0.02691781 -0.3079988 0.9510059 0.02691781 -0.3079988 0.6037332 0.6530219 0.4572405 0.9509994 0.2532763 0.1773453 0.9510101 0.2186093 -0.2186093 0.9509994 0.2532763 -0.1773453 0.9509995 -0.298658 0.08002054 0.9510101 0.2186093 0.2186093 0.9509995 -0.08002054 0.298658 0 -0.2588022 -0.9659304 0 0.573571 -0.819156 0 -0.7071068 -0.7071068 0 0.7071068 -0.7071068 0 -0.573571 0.819156</float_array>
          <technique_common>
            <accessor source="#ibishu_wheel_07a_14x7-mesh-normals-array" count="872" stride="3">
              <param name="X" type="float"/>
              <param name="Y" type="float"/>
              <param name="Z" type="float"/>
            </accessor>
          </technique_common>
        </source>
        <source id="ibishu_wheel_07a_14x7-mesh-map-0">
          <float_array id="ibishu_wheel_07a_14x7-mesh-map-0-array" count="6600">0.92898 0.2427289 0.9082301 0.2070949 0.9082301 0.254614 0.8286761 0.2070951 0.9082301 0.254614 0.9082301 0.2070949 0.8286761 0.1120479 0.8079261 0.1001782 0.8079261 0.1239404 0.8286761 0.254614 0.9082301 0.3021324 0.9082301 0.254614 0.92898 0.290253 0.9082301 0.254614 0.9082301 0.3021324 0.828676 0.1595688 0.9082299 0.1120479 0.8286761 0.1120479 0.8286761 0.06452816 0.8079261 0.05265402 0.8079261 0.07641619 0.8079261 0.1239404 0.8036661 0.1001782 0.8036661 0.1239404 0.9082299 0.3021432 0.9289799 0.2665133 0.9082299 0.2546164 0.9332401 0.1952048 0.9289802 0.1714428 0.92898 0.1952048 0.8286761 0.30218 0.8079262 0.2902842 0.8079262 0.3140464 0.9082302 0.0170049 0.9289802 0.05263298 0.9289802 0.02887111 0.8036661 0.2665225 0.8079259 0.2427603 0.8036661 0.2427603 0.9332401 0.05263298 0.9289802 0.02887111 0.9289802 0.05263298 0.9082299 0.2070917 0.9289799 0.1714646 0.9082299 0.1595688 0.9082301 0.2071242 0.8286761 0.2546528 0.9082301 0.2546528 0.9289799 0.2665133 0.9332399 0.2902752 0.9332399 0.2665133 0.8286761 0.1120536 0.8079262 0.1001571 0.8079262 0.123919 0.8079261 0.1952268 0.8036661 0.1714648 0.803666 0.1952268 0.9289799 0.242751 0.9332399 0.2665133 0.9332399 0.242751 0.8286761 0.06453037 0.8079262 0.0526331 0.8079262 0.07639527 0.9289802 0.1476809 0.9082302 0.1120534 0.9082301 0.159575 0.01029944 0.1713826 0.06282258 0.1471091 0.01029944 0.1471091 0.8286761 0.1595753 0.8079262 0.1476809 0.8079262 0.1714429 0.92898 0.07641619 0.9082299 0.1120479 0.92898 0.1001782 0.8036662 0.218967 0.8079261 0.1952049 0.8036662 0.1952049 0.92898 0.02889198 0.9082299 0.06452816 0.92898 0.05265402 0.9332399 0.2189892 0.9289799 0.242751 0.9332399 0.242751 0.8036662 0.2664911 0.8079262 0.290253 0.8079261 0.2664911 0.8286761 0.254614 0.8079262 0.2427289 0.8079261 0.2664911 0.01029968 0.2199238 0.06282258 0.1956503 0.06282258 0.2199238 0.8036661 0.100188 0.8079259 0.07642608 0.803666 0.07642608 0.8286761 0.2070951 0.8079261 0.1952049 0.8079262 0.218967 0.9435097 0.7128584 0.8861282 0.6058809 0.9371871 0.5625508 0.9332401 0.2189669 0.92898 0.1952048 0.92898 0.2189669 0.92898 0.1239404 0.9332401 0.1001782 0.92898 0.1001782 0.8286761 0.3021325 0.8079262 0.290253 0.8079261 0.3140152 0.9289801 0.1952362 0.9332399 0.2189983 0.9332399 0.1952362 0.803666 0.218989 0.8079259 0.242751 0.8079259 0.218989 0.4471219 0.2858336 0.4560595 0.2510943 0.4560595 0.2858337 0.8079259 0.1714743 0.8036661 0.1952362 0.8079259 0.1952362 0.828676 0.06453579 0.8079259 0.02890187 0.8079259 0.05266386 0.01029944 0.219929 0.06282258 0.195656 0.01029944 0.195656 0.9332401 0.290253 0.92898 0.3140149 0.9332401 0.3140149 0.8079259 0.1952362 0.8079262 0.2189983 0.8286761 0.2071242 0.8079259 0.07642608 0.828676 0.1120652 0.828676 0.06453579 0.9332401 0.1714428 0.9289802 0.1476809 0.9289802 0.1714428 0.803666 0.3140375 0.8079259 0.2902752 0.803666 0.2902752 0.9082299 0.1595947 0.9289801 0.1239502 0.9082299 0.1120652 0.8079259 0.100188 0.8079259 0.1239503 0.828676 0.1120652 0.9082299 0.1595947 0.828676 0.1120652 0.828676 0.1595947 0.01029968 0.2684702 0.06282258 0.2927437 0.01029968 0.2927437 0.8079259 0.1477121 0.8079259 0.1714743 0.828676 0.1595947 0.9082299 0.1120652 0.9289801 0.07642596 0.9082299 0.06453579 0.8036662 0.2427289 0.8079262 0.218967 0.8036662 0.218967 0.8079259 0.05266386 0.8079259 0.07642608 0.828676 0.06453579 0.9289799 0.02890187 0.9082299 0.06453579 0.9289801 0.05266386 0.8036662 0.1714429 0.8079262 0.1476809 0.8036664 0.1476809 0.500748 0.2858337 0.4918104 0.2510943 0.500748 0.2510943 0.8079262 0.0526331 0.8286761 0.0170049 0.8079262 0.02887135 0.8036664 0.1001571 0.8079262 0.123919 0.8079262 0.1001571 0.8079259 0.242751 0.8079259 0.2665133 0.828676 0.2546164 0.9289801 0.2189983 0.9332399 0.2427603 0.9332399 0.2189983 0.803666 0.218989 0.8079261 0.1952268 0.803666 0.1952268 0.8079259 0.2902752 0.8079259 0.3140375 0.828676 0.3021431 0.9289802 0.1001568 0.9082302 0.06453013 0.9082302 0.1120534 0.8079259 0.02890187 0.803666 0.05266386 0.8079259 0.05266386 0.8079261 0.1952268 0.8079259 0.218989 0.828676 0.2070917 0.8079259 0.2665133 0.803666 0.242751 0.803666 0.2665133 0.4248252 0.2588178 0.4248252 0.2844022 0.4120329 0.2716099 0.4248252 0.2486619 0.4248252 0.2216717 0.4383202 0.235167 0.8079259 0.2427603 0.8079262 0.2665225 0.8286761 0.2546528 0.8286761 0.1120536 0.8079262 0.1476809 0.8286761 0.1595753 0.828676 0.1595688 0.8079261 0.1477026 0.8079261 0.1714646 0.9082301 0.159575 0.92898 0.1952048 0.9289802 0.1714428 0.0362941 0.0293256 0.01253187 0.01312017 0.0362941 0.01312017 0.9332401 0.05265402 0.92898 0.07641619 0.9332401 0.07641619 0.8286761 0.1120479 0.8079261 0.07641619 0.8079261 0.1001782 0.1788658 0.0293256 0.2026275 0.01312029 0.2026275 0.02932572 0.9332399 0.1952362 0.9289801 0.1714743 0.9289801 0.1952362 0.131341 0.02932572 0.1551032 0.01312029 0.131341 0.01312029 0.9332401 0.07641619 0.92898 0.1001782 0.9332401 0.1001782 0.9082299 0.06452816 0.92898 0.07641619 0.92898 0.05265402 0.8286761 0.06452816 0.8079261 0.02889215 0.8079261 0.05265402 0.9082301 0.2546528 0.9289799 0.2665223 0.9289799 0.2427603 0.9082299 0.2546164 0.9289799 0.218989 0.9082299 0.2070917 0.1075793 0.0293256 0.131341 0.01312029 0.1075793 0.01312029 0.01029968 0.2684702 0.06282258 0.2441971 0.06282258 0.2684702 0.9082301 0.30218 0.9289801 0.3140464 0.9289801 0.2902842 0.8286761 0.2546528 0.8079262 0.2902842 0.8286761 0.30218 0.2501515 0.01312029 0.2263895 0.02932572 0.2263895 0.01312029 0.8286761 0.2071242 0.9082299 0.1595947 0.828676 0.1595947 0.08381712 0.0293256 0.1075793 0.01312029 0.08381712 0.01312029 0.9289801 0.05266386 0.9332399 0.02890187 0.9289799 0.02890187 0.3214368 0.01312035 0.3451988 0.02932566 0.3451988 0.01312035 0.8036662 0.05265402 0.8079261 0.07641619 0.8079261 0.05265402 0.9082302 0.1120534 0.9289802 0.1239189 0.9289802 0.1001568 0.8286761 0.06453037 0.8079262 0.1001571 0.8286761 0.1120536 0.3927232 0.01312035 0.3689615 0.02932566 0.3689615 0.01312035 0.8036662 0.0526331 0.8079262 0.02887135 0.8036662 0.02887135 0.2263889 0.01312029 0.2501509 0.02932572 0.2501509 0.01312029 0.8036662 0.1952049 0.8079262 0.1714429 0.8036662 0.1714429 0.9082302 0.06453013 0.92898 0.07639503 0.9289802 0.05263298 0.8079261 0.1952049 0.8286761 0.1595753 0.8079262 0.1714429 0.06005585 0.01312029 0.08381783 0.0293256 0.06005585 0.0293256 0.9332401 0.1239404 0.92898 0.1477027 0.9332401 0.1477027 0.9082301 0.159575 0.9289802 0.1714428 0.9289802 0.1476809 0.9082299 0.1595688 0.92898 0.1239404 0.9082299 0.1120479 0.3689607 0.01312035 0.3451988 0.02932566 0.3689607 0.02932566 0.92898 0.2189669 0.9332401 0.2427289 0.9332401 0.2189669 0.3214375 0.02932566 0.3451995 0.01312035 0.3451995 0.02932566 0.8036662 0.3140152 0.8079262 0.290253 0.8036662 0.290253 0.4402473 0.02932566 0.4164854 0.01312035 0.4402473 0.01312035 0.828676 0.2546164 0.9082299 0.2070917 0.828676 0.2070917 0.9082301 0.254614 0.92898 0.2664911 0.92898 0.2427289 0.8286761 0.2070951 0.8079262 0.2427289 0.8286761 0.254614 0.2739128 0.01312041 0.2976748 0.02932572 0.297675 0.01312041 0.2976755 0.01312029 0.3214375 0.02932566 0.2976755 0.02932572 0.01029944 0.2442023 0.06282234 0.2684758 0.06282222 0.2442023 0.9082301 0.2070949 0.92898 0.2189669 0.92898 0.1952048 0.01029968 0.2199238 0.06282258 0.2441971 0.01029968 0.2441971 0.3927232 0.02932566 0.4164854 0.01312035 0.4164854 0.02932566 0.8036662 0.07639527 0.8079262 0.0526331 0.8036662 0.0526331 0.9082301 0.3021324 0.92898 0.3140149 0.92898 0.290253 0.8286761 0.254614 0.8079262 0.290253 0.8286761 0.3021325 0.2263889 0.01312029 0.2026269 0.02932572 0.2263889 0.02932572 0.9332399 0.1952268 0.9289799 0.218989 0.9332399 0.2189892 0.2976755 0.01312029 0.2739137 0.02932572 0.2739137 0.01312029 0.8036661 0.1714648 0.8079261 0.1477026 0.8036661 0.1477026 0.828676 0.1595947 0.8079259 0.1952362 0.8286761 0.2071242 0.06005537 0.0293256 0.08381712 0.01312029 0.06005537 0.01312029 0.8036661 0.3140464 0.8079262 0.2902842 0.8036661 0.2902842 0.9289801 0.2189983 0.9289801 0.1952362 0.9082301 0.2071242 0.8079259 0.2427603 0.8286761 0.2071242 0.8079262 0.2189983 0.3451995 0.01312035 0.3689615 0.02932566 0.3451995 0.02932566 0.8036662 0.05265402 0.8079261 0.02889215 0.8036662 0.02889215 0.09367245 0.8062238 0.09285265 0.7281481 0.1255754 0.7848251 0.8036661 0.2189983 0.8079259 0.2427603 0.8079262 0.2189983 0.2501515 0.02932572 0.2739137 0.01312029 0.2739137 0.02932572 0.9082302 0.06453013 0.8286761 0.0170049 0.8286761 0.06453037 0.9289801 0.1239502 0.9289801 0.100188 0.9082299 0.1120652 0.9289801 0.1952362 0.9082299 0.1595947 0.9082301 0.2071242 0.2501509 0.02932572 0.2739128 0.01312041 0.2501509 0.01312029 0.01029944 0.219929 0.06282222 0.2442023 0.06282222 0.219929 0.1075798 0.01312017 0.08381783 0.0293256 0.08381783 0.01312029 0.9289801 0.1714743 0.9289801 0.1477121 0.9082299 0.1595947 0.9289801 0.2902842 0.9082301 0.2546528 0.9082301 0.30218 0.2026275 0.01312029 0.2263895 0.02932572 0.2026275 0.02932572 0.01029944 0.1713826 0.06282258 0.195656 0.06282258 0.1713826 0.9289801 0.07642596 0.9289801 0.05266386 0.9082299 0.06453579 0.9082301 0.2071242 0.9289799 0.2427603 0.9289801 0.2189983 0.1551032 0.02932572 0.1788651 0.01312029 0.1551032 0.01312029 0.828676 0.1120652 0.9082299 0.06453579 0.828676 0.06453579 0.828676 0.06453579 0.9082299 0.01700758 0.828676 0.01700747 0.2976748 0.02932572 0.3214368 0.01312035 0.297675 0.01312041 0.1551037 0.0293256 0.1788658 0.01312029 0.1788658 0.0293256 0.803666 0.2665133 0.8079259 0.2902752 0.8079259 0.2665133 0.9289799 0.2665133 0.9289799 0.242751 0.9082299 0.2546164 0.8079259 0.2665133 0.828676 0.3021431 0.828676 0.2546164 0.3689607 0.02932566 0.3927227 0.01312035 0.3689607 0.01312035 0.92898 0.05265402 0.9332401 0.02889198 0.92898 0.02889198 0.0362941 0.0293256 0.06005585 0.01312029 0.06005585 0.0293256 0.9332401 0.2664911 0.92898 0.2427289 0.92898 0.2664911 0.9289799 0.3140375 0.9289799 0.2902752 0.9082299 0.3021432 0.03629314 0.01312029 0.06005537 0.0293256 0.06005537 0.01312029 0.9289799 0.218989 0.9289799 0.1952268 0.9082299 0.2070917 0.8079259 0.218989 0.828676 0.2546164 0.828676 0.2070917 0.4164847 0.02932566 0.4402467 0.01312035 0.4164848 0.01312035 0.92898 0.1239404 0.92898 0.1001782 0.9082299 0.1120479 0.1788651 0.02932572 0.2026269 0.01312029 0.1788651 0.01312029 0.9289801 0.1477121 0.9332399 0.1239503 0.9289801 0.1239502 0.01029968 0.3170168 0.06282258 0.3412903 0.01029968 0.3412903 0.0102995 0.1471039 0.06282258 0.1713771 0.0102995 0.1713771 0.1313418 0.0293256 0.1075798 0.01312017 0.1313418 0.01312017 0.8286761 0.2546528 0.9082301 0.30218 0.9082301 0.2546528 0.8079261 0.1714646 0.828676 0.2070917 0.828676 0.1595688 0.3927227 0.01312035 0.4164847 0.02932566 0.4164848 0.01312035 0.8036661 0.2189983 0.8079259 0.1952362 0.8036661 0.1952362 0.828676 0.1595688 0.8079261 0.1239404 0.8079261 0.1477026 0.9289799 0.1714646 0.92898 0.1477027 0.9082299 0.1595688 0.01253134 0.01312017 0.03629314 0.0293256 0.03629314 0.01312029 0.9332399 0.3140464 0.9289801 0.2902842 0.9289801 0.3140464 0.2976755 0.02932572 0.3214375 0.06182569 0.2976755 0.06182575 0.3689607 0.02932566 0.3927227 0.06182569 0.3927227 0.02932566 0.1075798 0.0293256 0.08381783 0.06182575 0.08381783 0.0293256 0.2026269 0.02932572 0.1788651 0.06182575 0.2026269 0.06182575 0.2501509 0.02932572 0.2263889 0.06182575 0.2501509 0.06182575 0.2739128 0.02932572 0.2976748 0.06182575 0.2976748 0.02932572 0.01253187 0.0293256 0.0362941 0.06182563 0.01253187 0.06182563 0.2026269 0.02932572 0.2263889 0.06182575 0.2263889 0.02932572 0.2739137 0.02932572 0.2501515 0.06182575 0.2501515 0.02932572 0.08381712 0.0293256 0.1075793 0.06182575 0.1075793 0.0293256 0.3689607 0.02932566 0.3451988 0.06182569 0.3689607 0.06182569 0.1313418 0.0293256 0.1075798 0.06182575 0.1075798 0.0293256 0.4402467 0.02932566 0.4164847 0.06182569 0.4402467 0.06182569 0.3214368 0.02932566 0.2976748 0.06182575 0.3214368 0.06182569 0.3927227 0.02932566 0.4164847 0.06182569 0.4164847 0.02932566 0.08381712 0.0293256 0.06005537 0.06182563 0.08381712 0.06182563 0.1551037 0.0293256 0.1788658 0.06182563 0.1551035 0.06182563 0.4164854 0.02932566 0.4402473 0.06182569 0.4164854 0.06182569 0.1075793 0.0293256 0.131341 0.06182575 0.131341 0.02932572 0.3927232 0.02932566 0.4164854 0.06182569 0.3927232 0.06182569 0.3927232 0.02932566 0.3689615 0.06182569 0.3689615 0.02932566 0.06005585 0.0293256 0.08381783 0.06182575 0.06005597 0.06182575 0.06005585 0.0293256 0.0362941 0.06182563 0.0362941 0.0293256 0.2263895 0.02932572 0.2501515 0.06182575 0.2263895 0.06182575 0.01253134 0.0293256 0.03629314 0.06182575 0.03629314 0.0293256 0.03629314 0.0293256 0.06005537 0.06182563 0.06005537 0.0293256 0.2976755 0.02932572 0.2739137 0.06182575 0.2739137 0.02932572 0.3451995 0.02932566 0.3214375 0.06182569 0.3214375 0.02932566 0.3451995 0.02932566 0.3689615 0.06182569 0.3451995 0.06182569 0.1313418 0.0293256 0.1551035 0.06182563 0.1313418 0.06182575 0.1551032 0.02932572 0.131341 0.06182575 0.1551032 0.06182575 0.1551032 0.02932572 0.1788651 0.06182575 0.1788651 0.02932572 0.2026275 0.02932572 0.2263895 0.06182575 0.2026275 0.06182575 0.2739128 0.02932572 0.2501509 0.06182575 0.2739128 0.06182575 0.2026275 0.02932572 0.1788658 0.06182563 0.1788658 0.0293256 0.899489 0.8233628 0.9156737 0.8646959 0.8863857 0.8403473 0.01029968 0.341296 0.06282258 0.3655692 0.06282258 0.341296 0.8036661 0.1239503 0.8079259 0.1477121 0.8079259 0.1239503 0.9332399 0.1714646 0.9289799 0.1952268 0.9332399 0.1952268 0.01029968 0.3412903 0.06282258 0.3655636 0.01029968 0.3655636 0.0102995 0.2927491 0.06282234 0.2684758 0.0102995 0.2684758 0.803666 0.07642608 0.8079259 0.05266386 0.803666 0.05266386 0.8286761 0.06453037 0.9082302 0.1120534 0.9082302 0.06453013 0.9289802 0.1476809 0.9332401 0.1239189 0.9289802 0.1239189 0.9332401 0.1239189 0.9289802 0.1001568 0.9289802 0.1239189 0.8036662 0.07641619 0.8079261 0.1001782 0.8079261 0.07641619 0.828676 0.3021431 0.9082299 0.2546164 0.828676 0.2546164 0.01029968 0.341296 0.06282234 0.3170225 0.0102995 0.3170225 0.9332401 0.1477027 0.9289799 0.1714646 0.9332399 0.1714646 0.8079262 0.2665225 0.8036661 0.2902842 0.8079262 0.2902842 0.92898 0.2664911 0.9332401 0.290253 0.9332401 0.2664911 0.9332401 0.07639503 0.9289802 0.1001568 0.9332401 0.1001568 0.9332399 0.1477121 0.9289801 0.1714743 0.9332399 0.1714743 0.9332401 0.07639503 0.9289802 0.05263298 0.92898 0.07639503 0.9289801 0.2902842 0.9332399 0.2665223 0.9289799 0.2665223 0.9332399 0.100188 0.9289801 0.1239502 0.9332399 0.1239503 0.9289799 0.2902752 0.9332399 0.3140375 0.9332399 0.2902752 0.8036664 0.123919 0.8079262 0.1476809 0.8079262 0.123919 0.9289799 0.2665223 0.9332399 0.2427603 0.9289799 0.2427603 0.9332399 0.07642608 0.9289801 0.100188 0.9332399 0.100188 0.9082299 0.06452816 0.8286761 0.01700955 0.8286761 0.06452816 0.1551037 0.0293256 0.1313418 0.01312017 0.1551037 0.01312017 0.072398 0.6524156 0.01946181 0.6023298 0.01946163 0.529263 0.01946163 0.529263 0.07447844 0.4905482 0.072398 0.6524156 0.4067512 0.9393344 0.3285489 0.9706861 0.2598888 0.9456959 0.8754153 0.5756469 0.9324173 0.5254451 0.8809897 0.5832902 0.1255754 0.7848251 0.1406392 0.8621964 0.09367245 0.8062238 0.899489 0.8233628 0.9401237 0.8254932 0.9314547 0.8442439 0.03214943 0.6742861 0.01946181 0.6023298 0.072398 0.6524156 0.072398 0.6524156 0.07068216 0.6672348 0.03214943 0.6742861 0.09777563 0.3927562 0.09367281 0.3253694 0.1324566 0.3372554 0.05713963 0.7429465 0.07068216 0.6672348 0.09285265 0.7281481 0.4828728 0.3149936 0.473935 0.2967269 0.4828728 0.2967269 0.6464179 0.950035 0.6997008 0.9839013 0.6419203 0.990097 0.6419203 0.990097 0.5846627 0.9919344 0.6464179 0.950035 0.5846627 0.9919344 0.5719499 0.9884884 0.6367002 0.9459931 0.6367002 0.9459931 0.6464179 0.950035 0.5846627 0.9919344 0.8754153 0.5756469 0.9324173 0.5254451 0.8809897 0.5832902 0.9324173 0.5254451 0.8861282 0.6058809 0.8809897 0.5832902 0.9435097 0.7128584 0.8861282 0.6058809 0.9371871 0.5625508 0.9442082 0.7776493 0.9029047 0.7220524 0.9435097 0.7128584 0.9442082 0.7776493 0.9067746 0.8000288 0.906593 0.7756504 0.08262473 0.8521708 0.07690662 0.8265304 0.0918675 0.836162 0.9048255 0.8112499 0.9438274 0.8070046 0.9401237 0.8254932 0.899489 0.8233628 0.9156737 0.8646959 0.8863857 0.8403473 0.8430969 0.8871133 0.9156737 0.8646959 0.8648804 0.9173566 0.8266314 0.9019009 0.8648804 0.9173566 0.8416256 0.9380083 0.7999972 0.9165408 0.8416256 0.9380083 0.8120463 0.9542918 0.7466109 0.9336868 0.8120463 0.9542918 0.7568368 0.9718663 0.07344925 0.4529659 0.05713981 0.3886466 0.09777563 0.3927562 0.4735718 0.9833744 0.4203148 0.9455455 0.485098 0.9432835 0.7334383 0.8621968 0.6648635 0.8707484 0.6861278 0.8397272 0.3285489 0.9706861 0.4067512 0.9393344 0.4203148 0.9455455 0.4203148 0.9455455 0.4005056 0.9833744 0.3285489 0.9706861 0.8079259 0.1239503 0.828676 0.1595947 0.828676 0.1120652 0.341635 0.300273 0.2503501 0.2558811 0.3761066 0.2256235 0.8546168 0.6023301 0.8177417 0.5716273 0.8131766 0.5063412 0.8131766 0.5063412 0.8546164 0.5292633 0.8546168 0.6023301 0.8546168 0.6023301 0.8419287 0.6742862 0.8109012 0.6367139 0.8109012 0.6367139 0.8177417 0.5716273 0.8546168 0.6023301 0.8169382 0.742947 0.7930466 0.6990278 0.8109012 0.6367139 0.8109012 0.6367139 0.8419287 0.6742862 0.8169382 0.742947 0.8419287 0.4573069 0.7974668 0.4433318 0.7745479 0.413512 0.7745479 0.413512 0.8169382 0.3886464 0.8419287 0.4573069 0.8419287 0.4573069 0.8546164 0.5292633 0.8131766 0.5063412 0.8131766 0.5063412 0.7974668 0.4433318 0.8419287 0.4573069 0.5455289 0.1609072 0.6141888 0.1858973 0.5602473 0.2054935 0.5602473 0.2054935 0.4967459 0.1896607 0.5455289 0.1609072 0.6774666 0.2224305 0.6200343 0.2321123 0.5602473 0.2054935 0.5602473 0.2054935 0.6141888 0.1858973 0.6774666 0.2224305 0.6774666 0.2224305 0.7334385 0.2693969 0.6737746 0.2683608 0.6737746 0.2683608 0.6200343 0.2321123 0.6774666 0.2224305 0.473572 0.1482193 0.4319657 0.1851308 0.3965263 0.1977071 0.3965263 0.1977071 0.4005057 0.1482192 0.473572 0.1482193 0.5455289 0.1609072 0.4967459 0.1896607 0.4319657 0.1851308 0.4319657 0.1851308 0.473572 0.1482193 0.5455289 0.1609072 0.2503501 0.2558811 0.3285489 0.1609072 0.3965263 0.1977071 0.08256703 0.9269003 0.09186738 0.9045886 0.1060281 0.916471 0.1592547 0.9164709 0.1519605 0.9386068 0.141884 0.9227933 0.2598892 0.1858974 0.2419383 0.2457482 0.2273288 0.2487115 0.2273288 0.2487115 0.1966113 0.222431 0.2598892 0.1858974 0.07447844 0.4905482 0.01946163 0.529263 0.03214943 0.4573068 0.03214943 0.4573068 0.07344925 0.4529659 0.07447844 0.4905482 0.5455285 0.9706863 0.485098 0.9432835 0.5491126 0.9296765 0.1586019 0.4659972 0.2118712 0.5106952 0.1933711 0.5262187 0.1586019 0.4659972 0.2239464 0.4897802 0.2118712 0.5106952 0.1586019 0.4659972 0.123833 0.4057754 0.1465269 0.3975156 0.1586019 0.4659972 0.1465269 0.3975156 0.1706773 0.3975156 0.1586019 0.4659972 0.1706773 0.3975156 0.1933711 0.4057754 0.1586019 0.4659972 0.1933711 0.4057754 0.2118712 0.4212991 0.1586019 0.4659972 0.2118712 0.4212991 0.2239464 0.4422135 0.1586019 0.4659972 0.2239464 0.4422135 0.2281401 0.4659972 0.1586019 0.4659972 0.2281401 0.4659972 0.2239464 0.4897802 0.1586019 0.4659972 0.1933711 0.5262187 0.1706773 0.5344785 0.1586019 0.4659972 0.1706773 0.5344785 0.1465273 0.5344785 0.1586019 0.4659972 0.1053331 0.4212991 0.123833 0.4057754 0.1586019 0.4659972 0.0932579 0.4422138 0.1053331 0.4212991 0.1586019 0.4659972 0.08906424 0.4659972 0.0932579 0.4422138 0.1586019 0.4659972 0.0932579 0.4897802 0.08906424 0.4659972 0.1586019 0.4659972 0.1053331 0.5106953 0.0932579 0.4897802 0.1586019 0.4659972 0.1238332 0.5262187 0.1053331 0.5106953 0.1586019 0.4659972 0.1465273 0.5344785 0.1238332 0.5262187 0.01029968 0.1956505 0.06282258 0.1713771 0.06282258 0.1956503 0.9332399 0.05266386 0.9289801 0.07642596 0.9332399 0.07642608 0.828676 0.2070917 0.9082299 0.1595688 0.828676 0.1595688 0.01029968 0.3170168 0.06282258 0.2927437 0.06282258 0.3170168 0.9082301 0.2070949 0.8286761 0.1595753 0.8286761 0.2070951 0.8286761 0.1120536 0.9082301 0.159575 0.9082302 0.1120534 0.8286761 0.06452816 0.9082299 0.1120479 0.9082299 0.06452816 0.8036661 0.1239503 0.8079259 0.100188 0.8036661 0.100188 0.8036661 0.1714743 0.8079259 0.1477121 0.8036661 0.1477121 0.0102995 0.3170225 0.06282258 0.2927491 0.0102995 0.2927491 0.722565 0.04899561 0.7041422 0.04257398 0.7217939 0.04033529 0.9324173 0.5254451 0.9371871 0.5625508 0.8861282 0.6058809 0.6702346 0.7244697 0.7701808 0.706749 0.6862177 0.8051356 0.539431 0.7611868 0.4288199 0.8905814 0.3581411 0.8366011 0.3581411 0.8366011 0.3789071 0.8168812 0.539431 0.7611868 0.539431 0.7611868 0.3839515 0.7946594 0.375247 0.7758223 0.3789071 0.8168812 0.3839515 0.7946594 0.539431 0.7611868 0.2534491 0.8873358 0.2863752 0.8767318 0.4058992 0.9261708 0.6600333 0.3930006 0.6740584 0.2924815 0.7416826 0.4027276 0.072398 0.6524156 0.07447844 0.4905482 0.09471166 0.5185809 0.09471166 0.5185809 0.08462786 0.6475323 0.072398 0.6524156 0.1255581 0.6583335 0.1550553 0.5744332 0.180227 0.588089 0.180227 0.588089 0.2828006 0.7235461 0.1255581 0.6583335 0.2029201 0.5860196 0.2181455 0.5719202 0.2828006 0.7235461 0.180227 0.588089 0.2029201 0.5860196 0.2828006 0.7235461 0.08462786 0.6475323 0.1550553 0.5744332 0.1255581 0.6583335 0.6545328 0.5287482 0.7434137 0.673931 0.6702346 0.7244697 0.6702346 0.7244697 0.6578969 0.6986262 0.6545328 0.5287482 0.6545328 0.5287482 0.6383215 0.6869618 0.6177166 0.6894192 0.6578969 0.6986262 0.6383215 0.6869618 0.6545328 0.5287482 0.7701808 0.706749 0.7829544 0.7099966 0.6861278 0.8397272 0.6861278 0.8397272 0.6862177 0.8051356 0.7701808 0.706749 0.5850698 0.0783506 0.5493476 0.04629987 0.5797485 0.01732075 0.469039 0.3474523 0.6345818 0.3077855 0.6600333 0.3930006 0.6600333 0.3930006 0.6316422 0.3967482 0.469039 0.3474523 0.469039 0.3474523 0.6144994 0.4117613 0.6104694 0.4321168 0.6316422 0.3967482 0.6144994 0.4117613 0.469039 0.3474523 0.6740584 0.2924815 0.6810944 0.2813368 0.7745479 0.413512 0.7745479 0.413512 0.7416826 0.4027276 0.6740584 0.2924815 0.3581411 0.8366011 0.4058992 0.9261708 0.2863752 0.8767318 0.2392958 0.4678442 0.252726 0.2981458 0.341635 0.300273 0.341635 0.300273 0.3364259 0.3284325 0.2392958 0.4678442 0.2392958 0.4678442 0.3454067 0.3493755 0.3635209 0.3594985 0.3364259 0.3284325 0.3454067 0.3493755 0.2392958 0.4678442 0.3965263 0.1977071 0.3761066 0.2256235 0.2503501 0.2558811 0.8169382 0.3886464 0.7745479 0.413512 0.7804049 0.3253693 0.7745479 0.413512 0.6810944 0.2813368 0.7804049 0.3253693 0.6810944 0.2813368 0.6737746 0.2683608 0.7334385 0.2693969 0.7334385 0.2693969 0.7804049 0.3253693 0.6810944 0.2813368 0.3285489 0.1609072 0.4005057 0.1482192 0.3965263 0.1977071 0.2419383 0.2457482 0.2598892 0.1858974 0.3285489 0.1609072 0.7804049 0.8062242 0.7829544 0.7099966 0.8169382 0.742947 0.7829544 0.7099966 0.7930466 0.6990278 0.8169382 0.742947 0.7804049 0.8062242 0.6861278 0.8397272 0.7829544 0.7099966 0.7804049 0.8062242 0.7334383 0.8621968 0.6861278 0.8397272 0.3478005 0.7574737 0.2828006 0.7235461 0.4370198 0.5657554 0.2828006 0.7235461 0.2181455 0.5719202 0.4370198 0.5657554 0.2181455 0.5719202 0.2271147 0.5401471 0.4370198 0.5657554 0.2271147 0.5401471 0.2392958 0.4678442 0.4370198 0.5657554 0.2392958 0.4678442 0.3635209 0.3594985 0.4370198 0.5657554 0.3635209 0.3594985 0.3965108 0.3582104 0.4370198 0.5657554 0.3965108 0.3582104 0.469039 0.3474523 0.4370198 0.5657554 0.469039 0.3474523 0.6104694 0.4321168 0.4370198 0.5657554 0.6104694 0.4321168 0.6218889 0.4630942 0.4370198 0.5657554 0.6218889 0.4630942 0.6545328 0.5287482 0.4370198 0.5657554 0.6545328 0.5287482 0.6177166 0.6894192 0.4370198 0.5657554 0.6177166 0.6894192 0.5917843 0.7098523 0.4370198 0.5657554 0.5917843 0.7098523 0.539431 0.7611868 0.4370198 0.5657554 0.539431 0.7611868 0.375247 0.7758223 0.4370198 0.5657554 0.375247 0.7758223 0.3478005 0.7574737 0.4370198 0.5657554 0.5394802 0.05202406 0.5673172 0.116441 0.5569087 0.1217617 0.5569087 0.1217617 0.5355719 0.08480548 0.5394802 0.05202406 0.169813 0.9755576 0.1540186 0.991148 0.09965872 0.9772365 0.1941187 0.9765527 0.1983893 0.9641107 0.213986 0.9509392 0.213986 0.9509392 0.2268088 0.9491227 0.1941187 0.9765527 0.213986 0.9509392 0.2244649 0.9385175 0.2268088 0.9491227 0.5281615 0.0427798 0.536774 0.04939717 0.5355719 0.08480548 0.536774 0.04939717 0.5394802 0.05202406 0.5355719 0.08480548 0.169813 0.9755576 0.1807924 0.9741527 0.1941187 0.9765527 0.1941187 0.9765527 0.1540186 0.991148 0.169813 0.9755576 0.1807924 0.9741527 0.1983893 0.9641107 0.1941187 0.9765527 0.06381082 0.9618713 0.0811578 0.9726344 0.07124459 0.9765525 0.1113451 0.9911479 0.07124459 0.9765525 0.0811578 0.9726344 0.0811578 0.9726344 0.0962094 0.9787615 0.1113451 0.9911479 0.1540186 0.991148 0.1113451 0.9911479 0.0962094 0.9787615 0.0962094 0.9787615 0.09965872 0.9772365 0.1540186 0.991148 0.04409366 0.9382309 0.04882264 0.9482387 0.03855484 0.9491223 0.07124459 0.9765525 0.03855484 0.9491223 0.04882264 0.9482387 0.04882264 0.9482387 0.06381082 0.9618713 0.07124459 0.9765525 0.009807705 0.8701403 0.01721811 0.8281147 0.02435398 0.8331874 0.02435398 0.8331874 0.01947784 0.8530111 0.009807705 0.8701403 0.01947784 0.8530111 0.01830172 0.8692197 0.009807705 0.8701403 0.01721781 0.9121658 0.009807705 0.8701403 0.01830172 0.8692197 0.01830172 0.8692197 0.02081799 0.8720289 0.01721781 0.9121658 0.03782564 0.7953845 0.03268754 0.81472 0.01721811 0.8281147 0.03268754 0.81472 0.02435398 0.8331874 0.01721811 0.8281147 0.7230423 0.1314947 0.7376824 0.1172668 0.7451625 0.1217617 0.7664993 0.08480507 0.7451625 0.1217617 0.7376824 0.1172668 0.7376824 0.1172668 0.7472689 0.1041447 0.7664993 0.08480507 0.7472689 0.1041447 0.7466235 0.1004287 0.7664993 0.08480507 0.7451625 0.1217617 0.7124724 0.1491917 0.7061889 0.1427395 0.7061889 0.1427395 0.7230423 0.1314947 0.7451625 0.1217617 0.5886351 0.1386483 0.6066908 0.1481752 0.5895987 0.149192 0.5895987 0.149192 0.6066908 0.1481752 0.6221334 0.1532378 0.6221334 0.1532378 0.6296987 0.1637872 0.5895987 0.149192 0.6723725 0.1637873 0.6296987 0.1637872 0.6221334 0.1532378 0.6221334 0.1532378 0.6254677 0.1514755 0.6723725 0.1637873 0.5673172 0.116441 0.5727329 0.1260948 0.5569087 0.1217617 0.5569087 0.1217617 0.5727329 0.1260948 0.5886351 0.1386483 0.5886351 0.1386483 0.5895987 0.149192 0.5569087 0.1217617 0.6254677 0.1514755 0.6953344 0.1449072 0.6723725 0.1637873 0.09804743 0.9659437 0.1458516 0.9560682 0.1626113 0.9718315 0.1626113 0.9718315 0.1003185 0.9739162 0.09804743 0.9659437 0.08256703 0.9269003 0.1411682 0.9497524 0.1458516 0.9560682 0.1458516 0.9560682 0.09804743 0.9659437 0.08256703 0.9269003 0.08256703 0.9269003 0.1437439 0.9414499 0.1411463 0.9448289 0.1411682 0.9497524 0.08256703 0.9269003 0.1411463 0.9448289 0.1003185 0.9739162 0.1626113 0.9718315 0.169813 0.9755576 0.169813 0.9755576 0.09965872 0.9772365 0.1003185 0.9739162 0.5764112 0.08692348 0.568074 0.1083678 0.542806 0.05139195 0.8430969 0.8871133 0.9156737 0.8646959 0.8648804 0.9173566 0.5394802 0.05202406 0.542806 0.05139195 0.568074 0.1083678 0.568074 0.1083678 0.5673172 0.116441 0.5394802 0.05202406 0.1966111 0.9091627 0.2534491 0.8873358 0.2598888 0.9456959 0.5850698 0.0783506 0.5797485 0.01732075 0.5891756 0.07949298 0.03106033 0.867007 0.05522471 0.9094195 0.04541194 0.9302302 0.04541194 0.9302302 0.02417963 0.8716306 0.03106033 0.867007 0.06340914 0.8402191 0.05978429 0.9030136 0.05522471 0.9094195 0.05522471 0.9094195 0.03106033 0.867007 0.06340914 0.8402191 0.06340914 0.8402191 0.06847637 0.9028978 0.06446021 0.9014714 0.05978429 0.9030136 0.06340914 0.8402191 0.06446021 0.9014714 0.02417963 0.8716306 0.04541194 0.9302302 0.04409366 0.9382309 0.04409366 0.9382309 0.02081799 0.8720289 0.02417963 0.8716306 0.7352764 0.09926038 0.7372591 0.05048722 0.7566089 0.03803843 0.7566089 0.03803843 0.7435616 0.09898507 0.7352764 0.09926038 0.6936476 0.1048358 0.7299976 0.05350351 0.7372591 0.05048722 0.7372591 0.05048722 0.7352764 0.09926038 0.6936476 0.1048358 0.6936476 0.1048358 0.722565 0.04899561 0.7252153 0.05233347 0.7299976 0.05350351 0.6936476 0.1048358 0.7252153 0.05233347 0.4058992 0.9261708 0.2598888 0.9456959 0.2534491 0.8873358 0.6230729 0.1403227 0.6700714 0.1271369 0.6878901 0.1416926 0.6878901 0.1416926 0.6258947 0.1481177 0.6230729 0.1403227 0.6049061 0.1024542 0.6649587 0.1211629 0.6700714 0.1271369 0.6700714 0.1271369 0.6230729 0.1403227 0.6049061 0.1024542 0.6049061 0.1024542 0.6669492 0.1127009 0.6645938 0.1162526 0.6649587 0.1211629 0.6049061 0.1024542 0.6645938 0.1162526 0.6258947 0.1481177 0.6878901 0.1416926 0.6953344 0.1449072 0.6953344 0.1449072 0.6254677 0.1514755 0.6258947 0.1481177 0.7717521 0.03907382 0.7664993 0.08480507 0.7466235 0.1004287 0.6723725 0.1637873 0.6953344 0.1449072 0.7124724 0.1491917 0.01721781 0.9121658 0.02081799 0.8720289 0.04409366 0.9382309 0.01721781 0.9121658 0.04409366 0.9382309 0.03855484 0.9491223 0.9442082 0.7776493 0.9029047 0.7220524 0.9435097 0.7128584 0.6774663 0.9091629 0.6097928 0.9051604 0.6648635 0.8707484 0.1437439 0.9414499 0.08256703 0.9269003 0.1233987 0.9227933 0.1437439 0.9414499 0.1233987 0.9227933 0.141884 0.9227933 0.141884 0.9227933 0.1519605 0.9386068 0.1437439 0.9414499 0.1324566 0.3372554 0.1406394 0.269397 0.1762477 0.2886202 0.5891756 0.07949298 0.5797485 0.01732075 0.5976894 0.04257428 0.5976894 0.04257428 0.600899 0.06077837 0.5891756 0.07949298 0.07371944 0.9098335 0.08262473 0.8885799 0.09186738 0.9045886 0.5805129 0.08021527 0.542806 0.05139195 0.5493476 0.04629987 0.1762477 0.2886202 0.1966113 0.222431 0.2273288 0.2487115 0.6775292 0.08866935 0.6916897 0.07678705 0.6936476 0.1048358 0.6936476 0.1048358 0.6749473 0.1092917 0.6775292 0.08866935 0.722565 0.04899561 0.6936476 0.1048358 0.6916897 0.07678705 0.6916897 0.07678705 0.7009323 0.06077867 0.722565 0.04899561 0.5491126 0.9296765 0.6141886 0.9456962 0.5455285 0.9706863 0.6464179 0.950035 0.6997008 0.9839013 0.6419203 0.990097 0.1734153 0.9045887 0.170926 0.9354662 0.1592547 0.9164709 0.07941478 0.8703754 0.06340914 0.8402191 0.08262473 0.8521708 0.07941478 0.8703754 0.08262473 0.8885799 0.06847637 0.9028978 0.07941478 0.8703754 0.06847637 0.9028978 0.06340914 0.8402191 0.641673 0.09499198 0.6049061 0.1024542 0.6243026 0.08866947 0.641673 0.09499198 0.6601584 0.09499186 0.6669492 0.1127009 0.641673 0.09499198 0.6669492 0.1127009 0.6049061 0.1024542 0.08256703 0.9269003 0.1060281 0.916471 0.1233987 0.9227933 0.7124724 0.1491917 0.6953344 0.1449072 0.7061889 0.1427395 0.04876053 0.8059114 0.04074412 0.8071302 0.03782564 0.7953845 0.04074412 0.8071302 0.03268754 0.81472 0.03782564 0.7953845 0.500748 0.2404657 0.5096858 0.2211215 0.5096858 0.2404657 0.4649974 0.2404657 0.473935 0.2211215 0.473935 0.2404657 0.4828728 0.2404657 0.4918104 0.2211215 0.4918104 0.2404657 0.4649974 0.2404657 0.4560595 0.2211215 0.4649974 0.2211215 0.4918104 0.2404657 0.500748 0.2211215 0.500748 0.2404657 0.5186234 0.2404657 0.5096858 0.2211215 0.5186234 0.2211215 0.4471219 0.2404657 0.4560595 0.2211215 0.4560595 0.2404657 0.4828728 0.2858336 0.4918104 0.2510943 0.4918104 0.2858336 0.8036662 0.07639527 0.8079262 0.1001571 0.8079262 0.07639527 0.500748 0.2858337 0.5096858 0.2510943 0.5096858 0.2858336 0.4649974 0.2858337 0.473935 0.2510943 0.473935 0.2858336 0.8036662 0.2664911 0.8079262 0.2427289 0.8036662 0.2427289 0.7466109 0.9336868 0.8120463 0.9542918 0.7568368 0.9718663 0.4828728 0.2858336 0.473935 0.2510943 0.4828728 0.2510943 0.5186234 0.2858336 0.5096858 0.2510943 0.5186234 0.2510943 0.473935 0.3149936 0.4649974 0.2967269 0.473935 0.2967269 0.4918104 0.3149936 0.4828728 0.2967269 0.4918104 0.2967269 0.5096858 0.3149936 0.5186234 0.2967269 0.5186234 0.3149936 0.4471219 0.3149936 0.4560595 0.2967269 0.4560595 0.3149936 0.4649974 0.3149936 0.4560595 0.2967269 0.4649974 0.2967269 0.500748 0.3149936 0.5096858 0.2967269 0.5096858 0.3149936 0.4918104 0.3149936 0.500748 0.2967269 0.500748 0.3149936 0.3214368 0.02932566 0.3451988 0.06182569 0.3451988 0.02932566 0.4362347 0.3038894 0.4254588 0.3038894 0.4330787 0.2962699 0.4330787 0.3115092 0.4254588 0.3038894 0.4362347 0.3038894 0.4254588 0.3146652 0.4254588 0.3038894 0.4330787 0.3115092 0.417839 0.3115092 0.4254588 0.3038894 0.4254588 0.3146652 0.4146828 0.3038894 0.4254588 0.3038894 0.417839 0.3115092 0.417839 0.2962699 0.4254588 0.3038894 0.4146828 0.3038894 0.4254588 0.2931134 0.4254588 0.3038894 0.417839 0.2962699 0.4330787 0.2962699 0.4254588 0.3038894 0.4254588 0.2931134 0.4383202 0.235167 0.4343678 0.2447096 0.4248252 0.2486619 0.4248252 0.2486619 0.4152826 0.2447096 0.4113301 0.235167 0.4113301 0.235167 0.4152826 0.2256244 0.4248252 0.2216717 0.4649974 0.2858337 0.4560595 0.2510943 0.4649974 0.2510943 0.4343678 0.2256244 0.4383202 0.235167 0.4248252 0.2216717 0.4248252 0.2588178 0.4338708 0.2625645 0.4376172 0.2716099 0.4376172 0.2716099 0.4338708 0.2806553 0.4248252 0.2844022 0.4248252 0.2844022 0.4157796 0.2806553 0.4120329 0.2716099 0.8036661 0.1477026 0.8079261 0.1239404 0.8036661 0.1239404 0.4157796 0.2625645 0.4248252 0.2588178 0.4120329 0.2716099 0.7466109 0.9336868 0.6997008 0.9839013 0.6913021 0.9452256 0.6464179 0.950035 0.6997008 0.9839013 0.6419203 0.990097 0.6419203 0.990097 0.5846627 0.9919344 0.6464179 0.950035 0.5846627 0.9919344 0.5719499 0.9884884 0.6367002 0.9459931 0.6367002 0.9459931 0.6464179 0.950035 0.5846627 0.9919344 0.8266314 0.9019009 0.8648804 0.9173566 0.8416256 0.9380083 0.9324173 0.5254451 0.8861282 0.6058809 0.8809897 0.5832902 0.9435097 0.7128584 0.8861282 0.6058809 0.9371871 0.5625508 0.9442082 0.7776493 0.9029047 0.7220524 0.9435097 0.7128584 0.9442082 0.7776493 0.9067746 0.8000288 0.906593 0.7756504 0.9048255 0.8112499 0.9438274 0.8070046 0.9401237 0.8254932 0.899489 0.8233628 0.9401237 0.8254932 0.9314547 0.8442439 0.899489 0.8233628 0.9156737 0.8646959 0.8863857 0.8403473 0.7466235 0.1004287 0.7566089 0.03803843 0.7717521 0.03907382 0.6101419 0.07678717 0.5891756 0.07949298 0.600899 0.06077837 0.6101419 0.07678717 0.6049061 0.1024542 0.5948898 0.08604598 0.7466109 0.9336868 0.8120463 0.9542918 0.7568368 0.9718663 0.9324173 0.5254451 0.9371871 0.5625508 0.8861282 0.6058809 0.7466109 0.9336868 0.6997008 0.9839013 0.6913021 0.9452256 0.6464179 0.950035 0.6997008 0.9839013 0.6419203 0.990097 0.6419203 0.990097 0.5846627 0.9919344 0.6464179 0.950035 0.5846627 0.9919344 0.5719499 0.9884884 0.6367002 0.9459931 0.6367002 0.9459931 0.6464179 0.950035 0.5846627 0.9919344 0.8754153 0.5756469 0.9324173 0.5254451 0.8809897 0.5832902 0.9324173 0.5254451 0.8861282 0.6058809 0.8809897 0.5832902 0.9442082 0.7776493 0.9029047 0.7220524 0.9435097 0.7128584 0.9442082 0.7776493 0.9067746 0.8000288 0.906593 0.7756504 0.9048255 0.8112499 0.9438274 0.8070046 0.9401237 0.8254932 0.899489 0.8233628 0.9401237 0.8254932 0.9314547 0.8442439 0.899489 0.8233628 0.9156737 0.8646959 0.8863857 0.8403473 0.8430969 0.8871133 0.9156737 0.8646959 0.8648804 0.9173566 0.8266314 0.9019009 0.8648804 0.9173566 0.8416256 0.9380083 0.7999972 0.9165408 0.8416256 0.9380083 0.8120463 0.9542918 0.7466109 0.9336868 0.6997008 0.9839013 0.6913021 0.9452256 0.9324173 0.5254451 0.9371871 0.5625508 0.8861282 0.6058809 0.7466109 0.9336868 0.6997008 0.9839013 0.6913021 0.9452256 0.6464179 0.950035 0.6997008 0.9839013 0.6419203 0.990097 0.6419203 0.990097 0.5846627 0.9919344 0.6464179 0.950035 0.5846627 0.9919344 0.5719499 0.9884884 0.6367002 0.9459931 0.6367002 0.9459931 0.6464179 0.950035 0.5846627 0.9919344 0.8754153 0.5756469 0.9324173 0.5254451 0.8809897 0.5832902 0.9324173 0.5254451 0.8861282 0.6058809 0.8809897 0.5832902 0.9435097 0.7128584 0.8861282 0.6058809 0.9371871 0.5625508 0.9442082 0.7776493 0.9029047 0.7220524 0.9435097 0.7128584 0.9442082 0.7776493 0.9067746 0.8000288 0.906593 0.7756504 0.9048255 0.8112499 0.9438274 0.8070046 0.9401237 0.8254932 0.899489 0.8233628 0.9401237 0.8254932 0.9314547 0.8442439 0.4828728 0.2404657 0.473935 0.2211215 0.4828728 0.2211215 0.8430969 0.8871133 0.9156737 0.8646959 0.8648804 0.9173566 0.8266314 0.9019009 0.8648804 0.9173566 0.8416256 0.9380083 0.7999972 0.9165408 0.8416256 0.9380083 0.8120463 0.9542918 0.7466109 0.9336868 0.8120463 0.9542918 0.7568368 0.9718663 0.9324173 0.5254451 0.9371871 0.5625508 0.8861282 0.6058809 0.7466109 0.9336868 0.6997008 0.9839013 0.6913021 0.9452256 0.9442082 0.7776493 0.9067746 0.8000288 0.906593 0.7756504 0.6419203 0.990097 0.5846627 0.9919344 0.6464179 0.950035 0.5846627 0.9919344 0.5719499 0.9884884 0.6367002 0.9459931 0.6367002 0.9459931 0.6464179 0.950035 0.5846627 0.9919344 0.8754153 0.5756469 0.9324173 0.5254451 0.8809897 0.5832902 0.9324173 0.5254451 0.8861282 0.6058809 0.8809897 0.5832902 0.9435097 0.7128584 0.8861282 0.6058809 0.9371871 0.5625508 0.6601584 0.09499186 0.6749473 0.1092917 0.6669492 0.1127009 0.7999972 0.9165408 0.8416256 0.9380083 0.8120463 0.9542918 0.9048255 0.8112499 0.9438274 0.8070046 0.9401237 0.8254932 0.899489 0.8233628 0.9401237 0.8254932 0.9314547 0.8442439 0.899489 0.8233628 0.9156737 0.8646959 0.8863857 0.8403473 0.8430969 0.8871133 0.9156737 0.8646959 0.8648804 0.9173566 0.8266314 0.9019009 0.8648804 0.9173566 0.8416256 0.9380083 0.7999972 0.9165408 0.8416256 0.9380083 0.8120463 0.9542918 0.7466109 0.9336868 0.8120463 0.9542918 0.7568368 0.9718663 0.9324173 0.5254451 0.9371871 0.5625508 0.8861282 0.6058809 0.2173883 0.8767009 0.1406392 0.8621964 0.1676426 0.8349596 0.92898 0.2427289 0.92898 0.2189669 0.9082301 0.2070949 0.8286761 0.2070951 0.8286761 0.254614 0.9082301 0.254614 0.8286761 0.254614 0.8286761 0.3021325 0.9082301 0.3021324 0.92898 0.290253 0.92898 0.2664911 0.9082301 0.254614 0.828676 0.1595688 0.9082299 0.1595688 0.9082299 0.1120479 0.8079261 0.1239404 0.8079261 0.1001782 0.8036661 0.1001782 0.9082299 0.3021432 0.9289799 0.2902752 0.9289799 0.2665133 0.9332401 0.1952048 0.9332401 0.1714428 0.9289802 0.1714428 0.9082302 0.0170049 0.9082302 0.06453013 0.9289802 0.05263298 0.8036661 0.2665225 0.8079262 0.2665225 0.8079259 0.2427603 0.9332401 0.05263298 0.9332401 0.02887111 0.9289802 0.02887111 0.9082299 0.2070917 0.9289799 0.1952268 0.9289799 0.1714646 0.9082301 0.2071242 0.8286761 0.2071242 0.8286761 0.2546528 0.9289799 0.2665133 0.9289799 0.2902752 0.9332399 0.2902752 0.8079261 0.1952268 0.8079261 0.1714646 0.8036661 0.1714648 0.9289799 0.242751 0.9289799 0.2665133 0.9332399 0.2665133 0.9289802 0.1476809 0.9289802 0.1239189 0.9082302 0.1120534 0.01029944 0.1713826 0.06282258 0.1713826 0.06282258 0.1471091 0.92898 0.07641619 0.9082299 0.06452816 0.9082299 0.1120479 0.8036662 0.218967 0.8079262 0.218967 0.8079261 0.1952049 0.92898 0.02889198 0.9082301 0.01700937 0.9082299 0.06452816 0.9332399 0.2189892 0.9289799 0.218989 0.9289799 0.242751 0.8036662 0.2664911 0.8036662 0.290253 0.8079262 0.290253 0.01029968 0.2199238 0.01029968 0.1956505 0.06282258 0.1956503 0.8036661 0.100188 0.8079259 0.100188 0.8079259 0.07642608 0.9435097 0.7128584 0.9029047 0.7220524 0.8861282 0.6058809 0.9332401 0.2189669 0.9332401 0.1952048 0.92898 0.1952048 0.92898 0.1239404 0.9332401 0.1239404 0.9332401 0.1001782 0.9289801 0.1952362 0.9289801 0.2189983 0.9332399 0.2189983 0.803666 0.218989 0.803666 0.242751 0.8079259 0.242751 0.4471219 0.2858336 0.4471219 0.2510943 0.4560595 0.2510943 0.8079259 0.1714743 0.8036661 0.1714743 0.8036661 0.1952362 0.828676 0.06453579 0.828676 0.01700747 0.8079259 0.02890187 0.01029944 0.219929 0.06282222 0.219929 0.06282258 0.195656 0.9332401 0.290253 0.92898 0.290253 0.92898 0.3140149 0.8079259 0.07642608 0.8079259 0.100188 0.828676 0.1120652 0.9332401 0.1714428 0.9332401 0.1476809 0.9289802 0.1476809 0.803666 0.3140375 0.8079259 0.3140375 0.8079259 0.2902752 0.9082299 0.1595947 0.9289801 0.1477121 0.9289801 0.1239502 0.9082299 0.1595947 0.9082299 0.1120652 0.828676 0.1120652 0.01029968 0.2684702 0.06282258 0.2684702 0.06282258 0.2927437 0.9082299 0.1120652 0.9289801 0.100188 0.9289801 0.07642596 0.8036662 0.2427289 0.8079262 0.2427289 0.8079262 0.218967 0.9289799 0.02890187 0.9082299 0.01700758 0.9082299 0.06453579 0.8036662 0.1714429 0.8079262 0.1714429 0.8079262 0.1476809 0.500748 0.2858337 0.4918104 0.2858336 0.4918104 0.2510943 0.8079262 0.0526331 0.8286761 0.06453037 0.8286761 0.0170049 0.8036664 0.1001571 0.8036664 0.123919 0.8079262 0.123919 0.9289801 0.2189983 0.9289799 0.2427603 0.9332399 0.2427603 0.803666 0.218989 0.8079259 0.218989 0.8079261 0.1952268 0.9289802 0.1001568 0.92898 0.07639503 0.9082302 0.06453013 0.8079259 0.02890187 0.803666 0.02890187 0.803666 0.05266386 0.8079259 0.2665133 0.8079259 0.242751 0.803666 0.242751 0.4248252 0.2588178 0.4376172 0.2716099 0.4248252 0.2844022 0.4248252 0.2486619 0.4113301 0.235167 0.4248252 0.2216717 0.8286761 0.1120536 0.8079262 0.123919 0.8079262 0.1476809 0.9082301 0.159575 0.9082301 0.2070949 0.92898 0.1952048 0.0362941 0.0293256 0.01253187 0.0293256 0.01253187 0.01312017 0.9332401 0.05265402 0.92898 0.05265402 0.92898 0.07641619 0.8286761 0.1120479 0.8286761 0.06452816 0.8079261 0.07641619 0.1788658 0.0293256 0.1788658 0.01312029 0.2026275 0.01312029 0.9332399 0.1952362 0.9332399 0.1714743 0.9289801 0.1714743 0.131341 0.02932572 0.1551032 0.02932572 0.1551032 0.01312029 0.9332401 0.07641619 0.92898 0.07641619 0.92898 0.1001782 0.8286761 0.06452816 0.8286761 0.01700955 0.8079261 0.02889215 0.9082299 0.2546164 0.9289799 0.242751 0.9289799 0.218989 0.1075793 0.0293256 0.131341 0.02932572 0.131341 0.01312029 0.01029968 0.2684702 0.01029968 0.2441971 0.06282258 0.2441971 0.8286761 0.2546528 0.8079262 0.2665225 0.8079262 0.2902842 0.2501515 0.01312029 0.2501515 0.02932572 0.2263895 0.02932572 0.8286761 0.2071242 0.9082301 0.2071242 0.9082299 0.1595947 0.08381712 0.0293256 0.1075793 0.0293256 0.1075793 0.01312029 0.9289801 0.05266386 0.9332399 0.05266386 0.9332399 0.02890187 0.3214368 0.01312035 0.3214368 0.02932566 0.3451988 0.02932566 0.8036662 0.05265402 0.8036662 0.07641619 0.8079261 0.07641619 0.8286761 0.06453037 0.8079262 0.07639527 0.8079262 0.1001571 0.3927232 0.01312035 0.3927232 0.02932566 0.3689615 0.02932566 0.8036662 0.0526331 0.8079262 0.0526331 0.8079262 0.02887135 0.2263889 0.01312029 0.2263889 0.02932572 0.2501509 0.02932572 0.8036662 0.1952049 0.8079261 0.1952049 0.8079262 0.1714429 0.8079261 0.1952049 0.8286761 0.2070951 0.8286761 0.1595753 0.06005585 0.01312029 0.08381783 0.01312029 0.08381783 0.0293256 0.9332401 0.1239404 0.92898 0.1239404 0.92898 0.1477027 0.9082299 0.1595688 0.92898 0.1477027 0.92898 0.1239404 0.3689607 0.01312035 0.3451988 0.01312035 0.3451988 0.02932566 0.92898 0.2189669 0.92898 0.2427289 0.9332401 0.2427289 0.3214375 0.02932566 0.3214375 0.01312023 0.3451995 0.01312035 0.8036662 0.3140152 0.8079261 0.3140152 0.8079262 0.290253 0.4402473 0.02932566 0.4164854 0.02932566 0.4164854 0.01312035 0.828676 0.2546164 0.9082299 0.2546164 0.9082299 0.2070917 0.8286761 0.2070951 0.8079262 0.218967 0.8079262 0.2427289 0.2739128 0.01312041 0.2739128 0.02932572 0.2976748 0.02932572 0.2976755 0.01312029 0.3214375 0.01312023 0.3214375 0.02932566 0.01029944 0.2442023 0.0102995 0.2684758 0.06282234 0.2684758 0.01029968 0.2199238 0.06282258 0.2199238 0.06282258 0.2441971 0.3927232 0.02932566 0.3927232 0.01312035 0.4164854 0.01312035 0.8036662 0.07639527 0.8079262 0.07639527 0.8079262 0.0526331 0.8286761 0.254614 0.8079261 0.2664911 0.8079262 0.290253 0.2263889 0.01312029 0.2026269 0.01312029 0.2026269 0.02932572 0.9332399 0.1952268 0.9289799 0.1952268 0.9289799 0.218989 0.2976755 0.01312029 0.2976755 0.02932572 0.2739137 0.02932572 0.8036661 0.1714648 0.8079261 0.1714646 0.8079261 0.1477026 0.828676 0.1595947 0.8079259 0.1714743 0.8079259 0.1952362 0.06005537 0.0293256 0.08381712 0.0293256 0.08381712 0.01312029 0.8036661 0.3140464 0.8079262 0.3140464 0.8079262 0.2902842 0.8079259 0.2427603 0.8286761 0.2546528 0.8286761 0.2071242 0.3451995 0.01312035 0.3689615 0.01312035 0.3689615 0.02932566 0.8036662 0.05265402 0.8079261 0.05265402 0.8079261 0.02889215 0.09367245 0.8062238 0.05713963 0.7429465 0.09285265 0.7281481 0.8036661 0.2189983 0.8036661 0.2427603 0.8079259 0.2427603 0.2501515 0.02932572 0.2501515 0.01312029 0.2739137 0.01312029 0.9082302 0.06453013 0.9082302 0.0170049 0.8286761 0.0170049 0.9289801 0.1952362 0.9289801 0.1714743 0.9082299 0.1595947 0.2501509 0.02932572 0.2739128 0.02932572 0.2739128 0.01312041 0.01029944 0.219929 0.01029944 0.2442023 0.06282222 0.2442023 0.1075798 0.01312017 0.1075798 0.0293256 0.08381783 0.0293256 0.9289801 0.2902842 0.9289799 0.2665223 0.9082301 0.2546528 0.2026275 0.01312029 0.2263895 0.01312029 0.2263895 0.02932572 0.01029944 0.1713826 0.01029944 0.195656 0.06282258 0.195656 0.9082301 0.2071242 0.9082301 0.2546528 0.9289799 0.2427603 0.1551032 0.02932572 0.1788651 0.02932572 0.1788651 0.01312029 0.828676 0.1120652 0.9082299 0.1120652 0.9082299 0.06453579 0.828676 0.06453579 0.9082299 0.06453579 0.9082299 0.01700758 0.2976748 0.02932572 0.3214368 0.02932566 0.3214368 0.01312035 0.1551037 0.0293256 0.1551037 0.01312017 0.1788658 0.01312029 0.803666 0.2665133 0.803666 0.2902752 0.8079259 0.2902752 0.8079259 0.2665133 0.8079259 0.2902752 0.828676 0.3021431 0.3689607 0.02932566 0.3927227 0.02932566 0.3927227 0.01312035 0.92898 0.05265402 0.9332401 0.05265402 0.9332401 0.02889198 0.0362941 0.0293256 0.0362941 0.01312017 0.06005585 0.01312029 0.9332401 0.2664911 0.9332401 0.2427289 0.92898 0.2427289 0.03629314 0.01312029 0.03629314 0.0293256 0.06005537 0.0293256 0.8079259 0.218989 0.8079259 0.242751 0.828676 0.2546164 0.4164847 0.02932566 0.4402467 0.02932566 0.4402467 0.01312035 0.1788651 0.02932572 0.2026269 0.02932572 0.2026269 0.01312029 0.9289801 0.1477121 0.9332399 0.1477121 0.9332399 0.1239503 0.01029968 0.3170168 0.06282258 0.3170168 0.06282258 0.3412903 0.0102995 0.1471039 0.06282258 0.1471039 0.06282258 0.1713771 0.1313418 0.0293256 0.1075798 0.0293256 0.1075798 0.01312017 0.8286761 0.2546528 0.8286761 0.30218 0.9082301 0.30218 0.8079261 0.1714646 0.8079261 0.1952268 0.828676 0.2070917 0.3927227 0.01312035 0.3927227 0.02932566 0.4164847 0.02932566 0.8036661 0.2189983 0.8079262 0.2189983 0.8079259 0.1952362 0.828676 0.1595688 0.8286761 0.1120479 0.8079261 0.1239404 0.01253134 0.01312017 0.01253134 0.0293256 0.03629314 0.0293256 0.9332399 0.3140464 0.9332399 0.2902842 0.9289801 0.2902842 0.2976755 0.02932572 0.3214375 0.02932566 0.3214375 0.06182569 0.3689607 0.02932566 0.3689607 0.06182569 0.3927227 0.06182569 0.1075798 0.0293256 0.1075798 0.06182575 0.08381783 0.06182575 0.2026269 0.02932572 0.1788651 0.02932572 0.1788651 0.06182575 0.2501509 0.02932572 0.2263889 0.02932572 0.2263889 0.06182575 0.2739128 0.02932572 0.2739128 0.06182575 0.2976748 0.06182575 0.01253187 0.0293256 0.0362941 0.0293256 0.0362941 0.06182563 0.2026269 0.02932572 0.2026269 0.06182575 0.2263889 0.06182575 0.2739137 0.02932572 0.2739137 0.06182575 0.2501515 0.06182575 0.08381712 0.0293256 0.08381712 0.06182563 0.1075793 0.06182575 0.3689607 0.02932566 0.3451988 0.02932566 0.3451988 0.06182569 0.1313418 0.0293256 0.1313418 0.06182575 0.1075798 0.06182575 0.4402467 0.02932566 0.4164847 0.02932566 0.4164847 0.06182569 0.3214368 0.02932566 0.2976748 0.02932572 0.2976748 0.06182575 0.3927227 0.02932566 0.3927227 0.06182569 0.4164847 0.06182569 0.08381712 0.0293256 0.06005537 0.0293256 0.06005537 0.06182563 0.1551037 0.0293256 0.1788658 0.0293256 0.1788658 0.06182563 0.4164854 0.02932566 0.4402473 0.02932566 0.4402473 0.06182569 0.1075793 0.0293256 0.1075793 0.06182575 0.131341 0.06182575 0.3927232 0.02932566 0.4164854 0.02932566 0.4164854 0.06182569 0.3927232 0.02932566 0.3927232 0.06182569 0.3689615 0.06182569 0.06005585 0.0293256 0.08381783 0.0293256 0.08381783 0.06182575 0.06005585 0.0293256 0.06005597 0.06182575 0.0362941 0.06182563 0.2263895 0.02932572 0.2501515 0.02932572 0.2501515 0.06182575 0.01253134 0.0293256 0.01253134 0.06182563 0.03629314 0.06182575 0.03629314 0.0293256 0.03629314 0.06182575 0.06005537 0.06182563 0.2976755 0.02932572 0.2976755 0.06182575 0.2739137 0.06182575 0.3451995 0.02932566 0.3451995 0.06182569 0.3214375 0.06182569 0.3451995 0.02932566 0.3689615 0.02932566 0.3689615 0.06182569 0.1313418 0.0293256 0.1551037 0.0293256 0.1551035 0.06182563 0.1551032 0.02932572 0.131341 0.02932572 0.131341 0.06182575 0.1551032 0.02932572 0.1551032 0.06182575 0.1788651 0.06182575 0.2026275 0.02932572 0.2263895 0.02932572 0.2263895 0.06182575 0.2739128 0.02932572 0.2501509 0.02932572 0.2501509 0.06182575 0.2026275 0.02932572 0.2026275 0.06182575 0.1788658 0.06182563 0.899489 0.8233628 0.9314547 0.8442439 0.9156737 0.8646959 0.01029968 0.341296 0.01029968 0.3655692 0.06282258 0.3655692 0.8036661 0.1239503 0.8036661 0.1477121 0.8079259 0.1477121 0.9332399 0.1714646 0.9289799 0.1714646 0.9289799 0.1952268 0.01029968 0.3412903 0.06282258 0.3412903 0.06282258 0.3655636 0.0102995 0.2927491 0.06282258 0.2927491 0.06282234 0.2684758 0.803666 0.07642608 0.8079259 0.07642608 0.8079259 0.05266386 0.8286761 0.06453037 0.8286761 0.1120536 0.9082302 0.1120534 0.9289802 0.1476809 0.9332401 0.1476809 0.9332401 0.1239189 0.9332401 0.1239189 0.9332401 0.1001568 0.9289802 0.1001568 0.8036662 0.07641619 0.8036661 0.1001782 0.8079261 0.1001782 0.828676 0.3021431 0.9082299 0.3021432 0.9082299 0.2546164 0.01029968 0.341296 0.06282258 0.341296 0.06282234 0.3170225 0.9332401 0.1477027 0.92898 0.1477027 0.9289799 0.1714646 0.8079262 0.2665225 0.8036661 0.2665225 0.8036661 0.2902842 0.92898 0.2664911 0.92898 0.290253 0.9332401 0.290253 0.9332401 0.07639503 0.92898 0.07639503 0.9289802 0.1001568 0.9332399 0.1477121 0.9289801 0.1477121 0.9289801 0.1714743 0.9332401 0.07639503 0.9332401 0.05263298 0.9289802 0.05263298 0.9289801 0.2902842 0.9332399 0.2902842 0.9332399 0.2665223 0.9332399 0.100188 0.9289801 0.100188 0.9289801 0.1239502 0.9289799 0.2902752 0.9289799 0.3140375 0.9332399 0.3140375 0.8036664 0.123919 0.8036664 0.1476809 0.8079262 0.1476809 0.9289799 0.2665223 0.9332399 0.2665223 0.9332399 0.2427603 0.9332399 0.07642608 0.9289801 0.07642596 0.9289801 0.100188 0.9082299 0.06452816 0.9082301 0.01700937 0.8286761 0.01700955 0.1551037 0.0293256 0.1313418 0.0293256 0.1313418 0.01312017 0.8754153 0.5756469 0.9252003 0.5163156 0.9324173 0.5254451 0.1255754 0.7848251 0.1676426 0.8349596 0.1406392 0.8621964 0.899489 0.8233628 0.9048255 0.8112499 0.9401237 0.8254932 0.09777563 0.3927562 0.05713981 0.3886466 0.09367281 0.3253694 0.05713963 0.7429465 0.03214943 0.6742861 0.07068216 0.6672348 0.4828728 0.3149936 0.473935 0.3149936 0.473935 0.2967269 0.6464179 0.950035 0.6913021 0.9452256 0.6997008 0.9839013 0.8754153 0.5756469 0.9252003 0.5163156 0.9324173 0.5254451 0.9435097 0.7128584 0.9029047 0.7220524 0.8861282 0.6058809 0.9442082 0.7776493 0.906593 0.7756504 0.9029047 0.7220524 0.9442082 0.7776493 0.9438274 0.8070046 0.9067746 0.8000288 0.08262473 0.8521708 0.06340914 0.8402191 0.07690662 0.8265304 0.9048255 0.8112499 0.9067746 0.8000288 0.9438274 0.8070046 0.899489 0.8233628 0.9314547 0.8442439 0.9156737 0.8646959 0.8430969 0.8871133 0.8863857 0.8403473 0.9156737 0.8646959 0.8266314 0.9019009 0.8430969 0.8871133 0.8648804 0.9173566 0.7999972 0.9165408 0.8266314 0.9019009 0.8416256 0.9380083 0.7466109 0.9336868 0.7999972 0.9165408 0.8120463 0.9542918 0.07344925 0.4529659 0.03214943 0.4573068 0.05713981 0.3886466 0.4735718 0.9833744 0.4005056 0.9833744 0.4203148 0.9455455 0.7334383 0.8621968 0.6774663 0.9091629 0.6648635 0.8707484 0.8079259 0.1239503 0.8079259 0.1477121 0.828676 0.1595947 0.341635 0.300273 0.252726 0.2981458 0.2503501 0.2558811 0.2503501 0.2558811 0.2419383 0.2457482 0.3285489 0.1609072 0.08256703 0.9269003 0.07371944 0.9098335 0.09186738 0.9045886 0.1592547 0.9164709 0.170926 0.9354662 0.1519605 0.9386068 0.5455285 0.9706863 0.4735718 0.9833744 0.485098 0.9432835 0.01029968 0.1956505 0.0102995 0.1713771 0.06282258 0.1713771 0.9332399 0.05266386 0.9289801 0.05266386 0.9289801 0.07642596 0.828676 0.2070917 0.9082299 0.2070917 0.9082299 0.1595688 0.01029968 0.3170168 0.01029968 0.2927437 0.06282258 0.2927437 0.9082301 0.2070949 0.9082301 0.159575 0.8286761 0.1595753 0.8286761 0.1120536 0.8286761 0.1595753 0.9082301 0.159575 0.8286761 0.06452816 0.8286761 0.1120479 0.9082299 0.1120479 0.8036661 0.1239503 0.8079259 0.1239503 0.8079259 0.100188 0.8036661 0.1714743 0.8079259 0.1714743 0.8079259 0.1477121 0.0102995 0.3170225 0.06282234 0.3170225 0.06282258 0.2927491 0.722565 0.04899561 0.7009323 0.06077867 0.7041422 0.04257398 0.6702346 0.7244697 0.7434137 0.673931 0.7701808 0.706749 0.6600333 0.3930006 0.6345818 0.3077855 0.6740584 0.2924815 0.08462786 0.6475323 0.09471166 0.5185809 0.1550553 0.5744332 0.5850698 0.0783506 0.5805129 0.08021527 0.5493476 0.04629987 0.3581411 0.8366011 0.4288199 0.8905814 0.4058992 0.9261708 0.8430969 0.8871133 0.8863857 0.8403473 0.9156737 0.8646959 0.1966111 0.9091627 0.2173883 0.8767009 0.2534491 0.8873358 0.4058992 0.9261708 0.4067512 0.9393344 0.2598888 0.9456959 0.9442082 0.7776493 0.906593 0.7756504 0.9029047 0.7220524 0.6774663 0.9091629 0.6141886 0.9456962 0.6097928 0.9051604 0.1324566 0.3372554 0.09367281 0.3253694 0.1406394 0.269397 0.07371944 0.9098335 0.06847637 0.9028978 0.08262473 0.8885799 0.5805129 0.08021527 0.5764112 0.08692348 0.542806 0.05139195 0.1762477 0.2886202 0.1406394 0.269397 0.1966113 0.222431 0.5491126 0.9296765 0.6097928 0.9051604 0.6141886 0.9456962 0.6464179 0.950035 0.6913021 0.9452256 0.6997008 0.9839013 0.500748 0.2404657 0.500748 0.2211215 0.5096858 0.2211215 0.4649974 0.2404657 0.4649974 0.2211215 0.473935 0.2211215 0.4828728 0.2404657 0.4828728 0.2211215 0.4918104 0.2211215 0.4649974 0.2404657 0.4560595 0.2404657 0.4560595 0.2211215 0.4918104 0.2404657 0.4918104 0.2211215 0.500748 0.2211215 0.5186234 0.2404657 0.5096858 0.2404657 0.5096858 0.2211215 0.4471219 0.2404657 0.4471219 0.2211215 0.4560595 0.2211215 0.4828728 0.2858336 0.4828728 0.2510943 0.4918104 0.2510943 0.8036662 0.07639527 0.8036664 0.1001571 0.8079262 0.1001571 0.500748 0.2858337 0.500748 0.2510943 0.5096858 0.2510943 0.4649974 0.2858337 0.4649974 0.2510943 0.473935 0.2510943 0.8036662 0.2664911 0.8079261 0.2664911 0.8079262 0.2427289 0.7466109 0.9336868 0.7999972 0.9165408 0.8120463 0.9542918 0.4828728 0.2858336 0.473935 0.2858336 0.473935 0.2510943 0.5186234 0.2858336 0.5096858 0.2858336 0.5096858 0.2510943 0.473935 0.3149936 0.4649974 0.3149936 0.4649974 0.2967269 0.4918104 0.3149936 0.4828728 0.3149936 0.4828728 0.2967269 0.5096858 0.3149936 0.5096858 0.2967269 0.5186234 0.2967269 0.4471219 0.3149936 0.4471219 0.2967269 0.4560595 0.2967269 0.4649974 0.3149936 0.4560595 0.3149936 0.4560595 0.2967269 0.500748 0.3149936 0.500748 0.2967269 0.5096858 0.2967269 0.4918104 0.3149936 0.4918104 0.2967269 0.500748 0.2967269 0.3214368 0.02932566 0.3214368 0.06182569 0.3451988 0.06182569 0.4649974 0.2858337 0.4560595 0.2858337 0.4560595 0.2510943 0.8036661 0.1477026 0.8079261 0.1477026 0.8079261 0.1239404 0.7466109 0.9336868 0.7568368 0.9718663 0.6997008 0.9839013 0.6464179 0.950035 0.6913021 0.9452256 0.6997008 0.9839013 0.8266314 0.9019009 0.8430969 0.8871133 0.8648804 0.9173566 0.9435097 0.7128584 0.9029047 0.7220524 0.8861282 0.6058809 0.9442082 0.7776493 0.906593 0.7756504 0.9029047 0.7220524 0.9442082 0.7776493 0.9438274 0.8070046 0.9067746 0.8000288 0.9048255 0.8112499 0.9067746 0.8000288 0.9438274 0.8070046 0.899489 0.8233628 0.9048255 0.8112499 0.9401237 0.8254932 0.899489 0.8233628 0.9314547 0.8442439 0.9156737 0.8646959 0.7466235 0.1004287 0.7435616 0.09898507 0.7566089 0.03803843 0.6101419 0.07678717 0.5948898 0.08604598 0.5891756 0.07949298 0.6101419 0.07678717 0.6243026 0.08866947 0.6049061 0.1024542 0.7466109 0.9336868 0.7999972 0.9165408 0.8120463 0.9542918 0.7466109 0.9336868 0.7568368 0.9718663 0.6997008 0.9839013 0.6464179 0.950035 0.6913021 0.9452256 0.6997008 0.9839013 0.8754153 0.5756469 0.9252003 0.5163156 0.9324173 0.5254451 0.9442082 0.7776493 0.906593 0.7756504 0.9029047 0.7220524 0.9442082 0.7776493 0.9438274 0.8070046 0.9067746 0.8000288 0.9048255 0.8112499 0.9067746 0.8000288 0.9438274 0.8070046 0.899489 0.8233628 0.9048255 0.8112499 0.9401237 0.8254932 0.899489 0.8233628 0.9314547 0.8442439 0.9156737 0.8646959 0.8430969 0.8871133 0.8863857 0.8403473 0.9156737 0.8646959 0.8266314 0.9019009 0.8430969 0.8871133 0.8648804 0.9173566 0.7999972 0.9165408 0.8266314 0.9019009 0.8416256 0.9380083 0.7466109 0.9336868 0.7568368 0.9718663 0.6997008 0.9839013 0.7466109 0.9336868 0.7568368 0.9718663 0.6997008 0.9839013 0.6464179 0.950035 0.6913021 0.9452256 0.6997008 0.9839013 0.8754153 0.5756469 0.9252003 0.5163156 0.9324173 0.5254451 0.9435097 0.7128584 0.9029047 0.7220524 0.8861282 0.6058809 0.9442082 0.7776493 0.906593 0.7756504 0.9029047 0.7220524 0.9442082 0.7776493 0.9438274 0.8070046 0.9067746 0.8000288 0.9048255 0.8112499 0.9067746 0.8000288 0.9438274 0.8070046 0.899489 0.8233628 0.9048255 0.8112499 0.9401237 0.8254932 0.4828728 0.2404657 0.473935 0.2404657 0.473935 0.2211215 0.8430969 0.8871133 0.8863857 0.8403473 0.9156737 0.8646959 0.8266314 0.9019009 0.8430969 0.8871133 0.8648804 0.9173566 0.7999972 0.9165408 0.8266314 0.9019009 0.8416256 0.9380083 0.7466109 0.9336868 0.7999972 0.9165408 0.8120463 0.9542918 0.7466109 0.9336868 0.7568368 0.9718663 0.6997008 0.9839013 0.9442082 0.7776493 0.9438274 0.8070046 0.9067746 0.8000288 0.8754153 0.5756469 0.9252003 0.5163156 0.9324173 0.5254451 0.9435097 0.7128584 0.9029047 0.7220524 0.8861282 0.6058809 0.6601584 0.09499186 0.6775292 0.08866935 0.6749473 0.1092917 0.7999972 0.9165408 0.8266314 0.9019009 0.8416256 0.9380083 0.9048255 0.8112499 0.9067746 0.8000288 0.9438274 0.8070046 0.899489 0.8233628 0.9048255 0.8112499 0.9401237 0.8254932 0.899489 0.8233628 0.9314547 0.8442439 0.9156737 0.8646959 0.8430969 0.8871133 0.8863857 0.8403473 0.9156737 0.8646959 0.8266314 0.9019009 0.8430969 0.8871133 0.8648804 0.9173566 0.7999972 0.9165408 0.8266314 0.9019009 0.8416256 0.9380083 0.7466109 0.9336868 0.7999972 0.9165408 0.8120463 0.9542918 0.2173883 0.8767009 0.1966111 0.9091627 0.1406392 0.8621964 0.2501509 0.06182575 0.2263889 0.1353222 0.2501509 0.1353222 0.2739128 0.06182575 0.2501509 0.1353222 0.2739128 0.1353222 0.3451995 0.06182569 0.3214375 0.1353222 0.3214375 0.06182569 0.4402467 0.06182569 0.4164847 0.1353222 0.4402467 0.1353222 0.131341 0.06182575 0.1551032 0.1353222 0.1551032 0.06182575 0.4164854 0.06182569 0.4402472 0.1353222 0.4164854 0.1353222 0.0362941 0.06182563 0.01253187 0.1353221 0.01253187 0.06182563 0.3689607 0.06182569 0.3927227 0.1353222 0.3927227 0.06182569 0.3927227 0.06182569 0.4164847 0.1353222 0.4164847 0.06182569 0.2739137 0.06182575 0.2501515 0.1353222 0.2501515 0.06182575 0.2026269 0.06182575 0.2263889 0.1353222 0.2263889 0.06182575 0.2026269 0.06182575 0.1788651 0.1353222 0.2026269 0.1353222 0.3927232 0.06182569 0.4164854 0.1353222 0.3927232 0.1353222 0.3689615 0.06182569 0.3451995 0.1353222 0.3451995 0.06182569 0.2263895 0.06182575 0.2026275 0.1353222 0.2026275 0.06182575 0.2026275 0.06182575 0.1788655 0.1353221 0.1788658 0.06182563 0.131341 0.06182575 0.1075793 0.1353221 0.131341 0.1353222 0.06005597 0.06182575 0.0362941 0.1353221 0.0362941 0.06182563 0.03629314 0.06182575 0.01253134 0.1353221 0.03629314 0.1353221 0.1313418 0.06182575 0.1551035 0.1353221 0.1313418 0.1353221 0.2263895 0.06182575 0.2501515 0.1353222 0.2263895 0.1353222 0.06005597 0.06182575 0.08381783 0.1353221 0.06005597 0.1353221 0.1075798 0.06182575 0.08381783 0.1353221 0.08381783 0.06182575 0.3451988 0.06182569 0.3214368 0.1353222 0.3451988 0.1353222 0.2976755 0.06182575 0.3214375 0.1353222 0.2976755 0.1353222 0.06005537 0.06182563 0.08381712 0.1353221 0.08381712 0.06182563 0.03629314 0.06182575 0.06005537 0.1353221 0.06005537 0.06182563 0.9919234 0.8281699 0.9546058 0.8827053 0.9919239 0.8827009 0.9919246 0.1194861 0.9546067 0.174017 0.9919248 0.174019 0.9919252 0.2830834 0.9546074 0.3376086 0.9919252 0.3376141 0.9919229 0.5555441 0.9546046 0.610073 0.9919229 0.6100654 0.9919251 0.7192752 0.9546068 0.7737839 0.9919248 0.7737905 0.9919243 0.06495267 0.9546062 0.01042169 0.9546062 0.0649532 0.9919253 0.4466702 0.9546075 0.5011877 0.9919253 0.5011954 0.9919232 0.1739482 0.9546055 0.1194398 0.9546052 0.1739498 0.9919253 0.5011954 0.9546075 0.5557109 0.9919253 0.5557188 0.9919252 0.2830834 0.954607 0.2285485 0.9546074 0.283079 0.9919229 0.3374804 0.9546048 0.3919998 0.9919229 0.3919935 0.9919229 0.5010254 0.9546046 0.5555521 0.9919229 0.5555441 0.9919229 0.6100654 0.9546048 0.6645963 0.9919229 0.6645887 0.9919253 0.3921429 0.9546074 0.3376086 0.9546073 0.3921365 0.9919253 0.6102394 0.9546073 0.6647509 0.9919251 0.6647586 0.9919232 0.228458 0.9546052 0.1739498 0.9546052 0.2284613 0.9919229 0.3919935 0.9546046 0.4465156 0.9919229 0.4465084 0.9919243 0.8828155 0.9546065 0.8282978 0.9546065 0.882811 0.991924 0.991765 0.9546058 0.9372357 0.9546062 0.9917673 0.9919243 0.8828155 0.9546062 0.9373224 0.9919243 0.9373257 0.9919232 0.7736412 0.9546055 0.8281757 0.9919234 0.8281699 0.9919251 0.6647586 0.9546071 0.7192681 0.9919251 0.7192752 0.991924 0.9372324 0.9546058 0.8827053 0.9546058 0.9372357 0.9919229 0.5010254 0.9546046 0.4465156 0.9546046 0.5010333 0.9919253 0.6102394 0.9546075 0.5557109 0.9546073 0.6102316 0.9919239 0.06493037 0.954606 0.01041918 0.9546058 0.06492954 0.9919232 0.7191138 0.9546048 0.6645963 0.9546048 0.7191212 0.9919229 0.3374804 0.9546049 0.2829728 0.9546049 0.3374858 0.9919246 0.8283036 0.9546068 0.7737839 0.9546065 0.8282978 0.9919239 0.06493037 0.9546055 0.1194398 0.9919234 0.1194393 0.9919253 0.3921429 0.9546075 0.446663 0.9919253 0.4466702 0.9919232 0.7191138 0.954605 0.7736478 0.9919232 0.7736412 0.9919251 0.2285518 0.9546067 0.174017 0.954607 0.2285485 0.9919243 0.06495267 0.9546065 0.1194855 0.9919246 0.1194861 0.991924 0.9918354 0.9546062 0.9373224 0.954606 0.9918336 0.1788651 0.06182575 0.1551032 0.1353222 0.1788651 0.1353222 0.2976755 0.06182575 0.2739137 0.1353222 0.2739137 0.06182575 0.2739128 0.06182575 0.2976748 0.1353222 0.2976748 0.06182575 0.3927232 0.06182569 0.3689615 0.1353222 0.3689615 0.06182569 0.1313418 0.06182575 0.1075798 0.1353221 0.1075798 0.06182575 0.1075793 0.06182575 0.08381712 0.1353221 0.1075793 0.1353221 0.3689607 0.06182569 0.3451988 0.1353222 0.3689607 0.1353222 0.2976748 0.06182575 0.3214368 0.1353222 0.3214368 0.06182569 0.9919232 0.228458 0.9546049 0.2829728 0.9919229 0.2829685 0.1788658 0.06182563 0.1551035 0.1353221 0.1551035 0.06182563 0.2501509 0.06182575 0.2263889 0.06182575 0.2263889 0.1353222 0.2739128 0.06182575 0.2501509 0.06182575 0.2501509 0.1353222 0.3451995 0.06182569 0.3451995 0.1353222 0.3214375 0.1353222 0.4402467 0.06182569 0.4164847 0.06182569 0.4164847 0.1353222 0.131341 0.06182575 0.131341 0.1353222 0.1551032 0.1353222 0.4164854 0.06182569 0.4402473 0.06182569 0.4402472 0.1353222 0.0362941 0.06182563 0.0362941 0.1353221 0.01253187 0.1353221 0.3689607 0.06182569 0.3689607 0.1353222 0.3927227 0.1353222 0.3927227 0.06182569 0.3927227 0.1353222 0.4164847 0.1353222 0.2739137 0.06182575 0.2739137 0.1353222 0.2501515 0.1353222 0.2026269 0.06182575 0.2026269 0.1353222 0.2263889 0.1353222 0.2026269 0.06182575 0.1788651 0.06182575 0.1788651 0.1353222 0.3927232 0.06182569 0.4164854 0.06182569 0.4164854 0.1353222 0.3689615 0.06182569 0.3689615 0.1353222 0.3451995 0.1353222 0.2263895 0.06182575 0.2263895 0.1353222 0.2026275 0.1353222 0.2026275 0.06182575 0.2026275 0.1353222 0.1788655 0.1353221 0.131341 0.06182575 0.1075793 0.06182575 0.1075793 0.1353221 0.06005597 0.06182575 0.06005597 0.1353221 0.0362941 0.1353221 0.03629314 0.06182575 0.01253134 0.06182563 0.01253134 0.1353221 0.1313418 0.06182575 0.1551035 0.06182563 0.1551035 0.1353221 0.2263895 0.06182575 0.2501515 0.06182575 0.2501515 0.1353222 0.06005597 0.06182575 0.08381783 0.06182575 0.08381783 0.1353221 0.1075798 0.06182575 0.1075798 0.1353221 0.08381783 0.1353221 0.3451988 0.06182569 0.3214368 0.06182569 0.3214368 0.1353222 0.2976755 0.06182575 0.3214375 0.06182569 0.3214375 0.1353222 0.06005537 0.06182563 0.06005537 0.1353221 0.08381712 0.1353221 0.03629314 0.06182575 0.03629314 0.1353221 0.06005537 0.1353221 0.9919234 0.8281699 0.9546055 0.8281757 0.9546058 0.8827053 0.9919246 0.1194861 0.9546065 0.1194855 0.9546067 0.174017 0.9919252 0.2830834 0.9546074 0.283079 0.9546074 0.3376086 0.9919229 0.5555441 0.9546046 0.5555521 0.9546046 0.610073 0.9919251 0.7192752 0.9546071 0.7192681 0.9546068 0.7737839 0.9919243 0.06495267 0.991924 0.01041942 0.9546062 0.01042169 0.9919253 0.4466702 0.9546075 0.446663 0.9546075 0.5011877 0.9919232 0.1739482 0.9919234 0.1194393 0.9546055 0.1194398 0.9919253 0.5011954 0.9546075 0.5011877 0.9546075 0.5557109 0.9919252 0.2830834 0.9919251 0.2285518 0.954607 0.2285485 0.9919229 0.3374804 0.9546049 0.3374858 0.9546048 0.3919998 0.9919229 0.5010254 0.9546046 0.5010333 0.9546046 0.5555521 0.9919229 0.6100654 0.9546046 0.610073 0.9546048 0.6645963 0.9919253 0.3921429 0.9919252 0.3376141 0.9546074 0.3376086 0.9919253 0.6102394 0.9546073 0.6102316 0.9546073 0.6647509 0.9919232 0.228458 0.9919232 0.1739482 0.9546052 0.1739498 0.9919229 0.3919935 0.9546048 0.3919998 0.9546046 0.4465156 0.9919243 0.8828155 0.9919246 0.8283036 0.9546065 0.8282978 0.991924 0.991765 0.991924 0.9372324 0.9546058 0.9372357 0.9919243 0.8828155 0.9546065 0.882811 0.9546062 0.9373224 0.9919232 0.7736412 0.954605 0.7736478 0.9546055 0.8281757 0.9919251 0.6647586 0.9546073 0.6647509 0.9546071 0.7192681 0.991924 0.9372324 0.9919239 0.8827009 0.9546058 0.8827053 0.9919229 0.5010254 0.9919229 0.4465084 0.9546046 0.4465156 0.9919253 0.6102394 0.9919253 0.5557188 0.9546075 0.5557109 0.9919239 0.06493037 0.991924 0.01042133 0.954606 0.01041918 0.9919232 0.7191138 0.9919229 0.6645887 0.9546048 0.6645963 0.9919229 0.3374804 0.9919229 0.2829685 0.9546049 0.2829728 0.9919246 0.8283036 0.9919248 0.7737905 0.9546068 0.7737839 0.9919239 0.06493037 0.9546058 0.06492954 0.9546055 0.1194398 0.9919253 0.3921429 0.9546073 0.3921365 0.9546075 0.446663 0.9919232 0.7191138 0.9546048 0.7191212 0.954605 0.7736478 0.9919251 0.2285518 0.9919248 0.174019 0.9546067 0.174017 0.9919243 0.06495267 0.9546062 0.0649532 0.9546065 0.1194855 0.991924 0.9918354 0.9919243 0.9373257 0.9546062 0.9373224 0.1788651 0.06182575 0.1551032 0.06182575 0.1551032 0.1353222 0.2976755 0.06182575 0.2976755 0.1353222 0.2739137 0.1353222 0.2739128 0.06182575 0.2739128 0.1353222 0.2976748 0.1353222 0.3927232 0.06182569 0.3927232 0.1353222 0.3689615 0.1353222 0.1313418 0.06182575 0.1313418 0.1353221 0.1075798 0.1353221 0.1075793 0.06182575 0.08381712 0.06182563 0.08381712 0.1353221 0.3689607 0.06182569 0.3451988 0.06182569 0.3451988 0.1353222 0.2976748 0.06182575 0.2976748 0.1353222 0.3214368 0.1353222 0.9919232 0.228458 0.9546052 0.2284613 0.9546049 0.2829728 0.1788658 0.06182563 0.1788655 0.1353221 0.1551035 0.1353221</float_array>
          <technique_common>
            <accessor source="#ibishu_wheel_07a_14x7-mesh-map-0-array" count="3300" stride="2">
              <param name="S" type="float"/>
              <param name="T" type="float"/>
            </accessor>
          </technique_common>
        </source>
        <source id="ibishu_wheel_07a_14x7-mesh-colors-geom-ibishu_wheel_07a_14x7-map0" name="geom-ibishu_wheel_07a_14x7-map0">
          <float_array id="ibishu_wheel_07a_14x7-mesh-colors-geom-ibishu_wheel_07a_14x7-map0-array" count="13200">1 1 1 1 1 1 1 1 1 1 1 1 1 1 1 1 1 1 1 1 1 1 1 1 1 1 1 1 1 1 1 1 1 1 1 1 1 1 1 1 1 1 1 1 1 1 1 1 1 1 1 1 1 1 1 1 1 1 1 1 1 1 1 1 1 1 1 1 1 1 1 1 1 1 1 1 1 1 1 1 1 1 1 1 1 1 1 1 1 1 1 1 1 1 1 1 1 1 1 1 1 1 1 1 1 1 1 1 1 1 1 1 1 1 1 1 1 1 1 1 1 1 1 1 1 1 1 1 1 1 1 1 1 1 1 1 1 1 1 1 1 1 1 1 1 1 1 1 1 1 1 1 1 1 1 1 1 1 1 1 1 1 1 1 1 1 1 1 1 1 1 1 1 1 1 1 1 1 1 1 1 1 1 1 1 1 1 1 1 1 1 1 1 1 1 1 1 1 1 1 1 1 1 1 1 1 1 1 1 1 1 1 1 1 1 1 1 1 1 1 1 1 1 1 1 1 1 1 1 1 1 1 1 1 1 1 1 1 1 1 1 1 1 1 1 1 1 1 1 1 1 1 1 1 1 1 1 1 1 1 1 1 1 1 1 1 1 1 1 1 1 1 1 1 1 1 1 1 1 1 1 1 1 1 1 1 1 1 1 1 1 1 1 1 1 1 1 1 1 1 1 1 1 1 1 1 1 1 1 1 1 1 1 1 1 1 1 1 1 1 1 1 1 1 1 1 1 1 1 1 1 1 1 1 1 1 1 1 1 1 1 1 1 1 1 1 1 1 1 1 1 1 1 1 1 1 1 1 1 1 1 1 1 1 1 1 1 1 1 1 1 1 1 1 1 1 1 1 1 1 1 1 1 1 1 1 1 1 1 1 1 1 1 1 1 1 1 1 1 1 1 1 1 1 1 1 1 1 1 1 1 1 1 1 1 1 1 1 1 1 1 1 1 1 1 1 1 1 1 1 1 1 1 1 1 1 1 1 1 1 1 1 1 1 1 1 1 1 1 1 1 1 1 1 1 1 1 1 1 1 1 1 1 1 1 1 1 1 1 1 1 1 1 1 1 1 1 1 1 1 1 1 1 1 1 1 1 1 1 1 1 1 1 1 1 1 1 1 1 1 1 1 1 1 1 1 1 1 1 1 1 1 1 1 1 1 1 1 1 1 1 1 1 1 1 1 1 1 1 1 1 1 1 1 1 1 1 1 1 1 1 1 1 1 1 1 1 1 1 1 1 1 1 1 1 1 1 1 1 1 1 1 1 1 1 1 1 1 1 1 1 1 1 1 1 1 1 1 1 1 1 1 1 1 1 1 1 1 1 1 1 1 1 1 1 1 1 1 1 1 1 1 1 1 1 1 1 1 1 1 1 1 1 1 1 1 1 1 1 1 1 1 1 1 1 1 1 1 1 1 1 1 1 1 1 1 1 1 1 1 1 1 1 1 1 1 1 1 1 1 1 1 1 1 1 1 1 1 1 1 1 1 1 1 1 1 1 1 1 1 1 1 1 1 1 1 1 1 1 1 1 1 1 1 1 1 1 1 1 1 1 1 1 1 1 1 1 1 1 1 1 1 1 1 1 1 1 1 1 1 1 1 1 1 1 1 1 1 1 1 1 1 1 1 1 1 1 1 1 1 1 1 1 1 1 1 1 1 1 1 1 1 1 1 1 1 1 1 1 1 1 1 1 1 1 1 1 1 1 1 1 1 1 1 1 1 1 1 1 1 1 1 1 1 1 1 1 1 1 1 1 1 1 1 1 1 1 1 1 1 1 1 1 1 1 1 1 1 1 1 1 1 1 1 1 1 1 1 1 1 1 1 1 1 1 1 1 1 1 1 1 1 1 1 1 1 1 1 1 1 1 1 1 1 1 1 1 1 1 1 1 1 1 1 1 1 1 1 1 1 1 1 1 1 1 1 1 1 1 1 1 1 1 1 1 1 1 1 1 1 1 1 1 1 1 1 1 1 1 1 1 1 1 1 1 1 1 1 1 1 1 1 1 1 1 1 1 1 1 1 1 1 1 1 1 1 1 1 1 1 1 1 1 1 1 1 1 1 1 1 1 1 1 1 1 1 1 1 1 1 1 1 1 1 1 1 1 1 1 1 1 1 1 1 1 1 1 1 1 1 1 1 1 1 1 1 1 1 1 1 1 1 1 1 1 1 1 1 1 1 1 1 1 1 1 1 1 1 1 1 1 1 1 1 1 1 1 1 1 1 1 1 1 1 1 1 1 1 1 1 1 1 1 1 1 1 1 1 1 1 1 1 1 1 1 1 1 1 1 1 1 1 1 1 1 1 1 1 1 1 1 1 1 1 1 1 1 1 1 1 1 1 1 1 1 1 1 1 1 1 1 1 1 1 1 1 1 1 1 1 1 1 1 1 1 1 1 1 1 1 1 1 1 1 1 1 1 1 1 1 1 1 1 1 1 1 1 1 1 1 1 1 1 1 1 1 1 1 1 1 1 1 1 1 1 1 1 1 1 1 1 1 1 1 1 1 1 1 1 1 1 1 1 1 1 1 1 1 1 1 1 1 1 1 1 1 1 1 1 1 1 1 1 1 1 1 1 1 1 1 1 1 1 1 1 1 1 1 1 1 1 1 1 1 1 1 1 1 1 1 1 1 1 1 1 1 1 1 1 1 1 1 1 1 1 1 1 1 1 1 1 1 1 1 1 1 1 1 1 1 1 1 1 1 1 1 1 1 1 1 1 1 1 1 1 1 1 1 1 1 1 1 1 1 1 1 1 1 1 1 1 1 1 1 1 1 1 1 1 1 1 1 1 1 1 1 1 1 1 1 1 1 1 1 1 1 1 1 1 1 1 1 1 1 1 1 1 1 1 1 1 1 1 1 1 1 1 1 1 1 1 1 1 1 1 1 1 1 1 1 1 1 1 1 1 1 1 1 1 1 1 1 1 1 1 1 1 1 1 1 1 1 1 1 1 1 1 1 1 1 1 1 1 1 1 1 1 1 1 1 1 1 1 1 1 1 1 1 1 1 1 1 1 1 1 1 1 1 1 1 1 1 1 1 1 1 1 1 1 1 1 1 1 1 1 1 1 1 1 1 1 1 1 1 1 1 1 1 1 1 1 1 1 1 1 1 1 1 1 1 1 1 1 1 1 1 1 1 1 1 1 1 1 1 1 1 1 1 1 1 1 1 1 1 1 1 1 1 1 1 1 1 1 1 1 1 1 1 1 1 1 1 1 1 1 1 1 1 1 1 1 1 1 1 1 1 1 1 1 1 1 1 1 1 1 1 1 1 1 1 1 1 1 1 1 1 1 1 1 1 1 1 1 1 1 1 1 1 1 1 1 1 1 1 1 1 1 1 1 1 1 1 1 1 1 1 1 1 1 1 1 1 1 1 1 1 1 1 1 1 1 1 1 1 1 1 1 1 1 1 1 1 1 1 1 1 1 1 1 1 1 1 1 1 1 1 1 1 1 1 1 1 1 1 1 1 1 1 1 1 1 1 1 1 1 1 1 1 1 1 1 1 1 1 1 1 1 1 1 1 1 1 1 1 1 1 1 1 1 1 1 1 1 1 1 1 1 1 1 1 1 1 1 1 1 1 1 1 1 1 1 1 1 1 1 1 1 1 1 1 1 1 1 1 1 1 1 1 1 1 1 1 1 1 1 1 1 1 1 1 1 1 1 1 1 1 1 1 1 1 1 1 1 1 1 1 1 1 1 1 1 1 1 1 1 1 1 1 1 1 1 1 1 1 1 1 1 1 1 1 1 1 1 1 1 1 1 1 1 1 1 1 1 1 1 1 1 1 1 1 1 1 1 1 1 1 1 1 1 1 1 1 1 1 1 1 1 1 1 1 1 1 1 1 1 1 1 1 1 1 1 1 1 1 1 1 1 1 1 1 1 1 1 1 1 1 1 1 1 1 1 1 1 1 1 1 1 1 1 1 1 1 1 1 1 1 1 1 1 1 1 1 1 1 1 1 1 1 1 1 1 1 1 1 1 1 1 1 1 1 1 1 1 1 1 1 1 1 1 1 1 1 1 1 1 1 1 1 1 1 1 1 1 1 1 1 1 1 1 1 1 1 1 1 1 1 1 1 1 1 1 1 1 1 1 1 1 1 1 1 1 1 1 1 1 1 1 1 1 1 1 1 1 1 1 1 1 1 1 1 1 1 1 1 1 1 1 1 1 1 1 1 1 1 1 1 1 1 1 1 1 1 1 1 1 1 1 1 1 1 1 1 1 1 1 1 1 1 1 1 1 1 1 1 1 1 1 1 1 1 1 1 1 1 1 1 1 1 1 1 1 1 1 1 1 1 1 1 1 1 1 1 1 1 1 1 1 1 1 1 1 1 1 1 1 1 1 1 1 1 1 1 1 1 1 1 1 1 1 1 1 1 1 1 1 1 1 1 1 1 1 1 1 1 1 1 1 1 1 1 1 1 1 1 1 1 1 1 1 1 1 1 1 1 1 1 1 1 1 1 1 1 1 1 1 1 1 1 1 1 1 1 1 1 1 1 1 1 1 1 1 1 1 1 1 1 1 1 1 1 1 1 1 1 1 1 1 1 1 1 1 1 1 1 1 1 1 1 1 1 1 1 1 1 1 1 1 1 1 1 1 1 1 1 1 1 1 1 1 1 1 1 1 1 1 1 1 1 1 1 1 1 1 1 1 1 1 1 1 1 1 1 1 1 1 1 1 1 1 1 1 1 1 1 1 1 1 1 1 1 1 1 1 1 1 1 1 1 1 1 1 1 1 1 1 1 1 1 1 1 1 1 1 1 1 1 1 1 1 1 1 1 1 1 1 1 1 1 1 1 1 1 1 1 1 1 1 1 1 1 1 1 1 1 1 1 1 1 1 1 1 1 1 1 1 1 1 1 1 1 1 1 1 1 1 1 1 1 1 1 1 1 1 1 1 1 1 1 1 1 1 1 1 1 1 1 1 1 1 1 1 1 1 1 1 1 1 1 1 1 1 1 1 1 1 1 1 1 1 1 1 1 1 1 1 1 1 1 1 1 1 1 1 1 1 1 1 1 1 1 1 1 1 1 1 1 1 1 1 1 1 1 1 1 1 1 1 1 1 1 1 1 1 1 1 1 1 1 1 1 1 1 1 1 1 1 1 1 1 1 1 1 1 1 1 1 1 1 1 1 1 1 1 1 1 1 1 1 1 1 1 1 1 1 1 1 1 1 1 1 1 1 1 1 1 1 1 1 1 1 1 1 1 1 1 1 1 1 1 1 1 1 1 1 1 1 1 1 1 1 1 1 1 1 1 1 1 1 1 1 1 1 1 1 1 1 1 1 1 1 1 1 1 1 1 1 1 1 1 1 1 1 1 1 1 1 1 1 1 1 1 1 1 1 1 1 1 1 1 1 1 1 1 1 1 1 1 1 1 1 1 1 1 1 1 1 1 1 1 1 1 1 1 1 1 1 1 1 1 1 1 1 1 1 1 1 1 1 1 1 1 1 1 1 1 1 1 1 1 1 1 1 1 1 1 1 1 1 1 1 1 1 1 1 1 1 1 1 1 1 1 1 1 1 1 1 1 1 1 1 1 1 1 1 1 1 1 1 1 1 1 1 1 1 1 1 1 1 1 1 1 1 1 1 1 1 1 1 1 1 1 1 1 1 1 1 1 1 1 1 1 1 1 1 1 1 1 1 1 1 1 1 1 1 1 1 1 1 1 1 1 1 1 1 1 1 1 1 1 1 1 1 1 1 1 1 1 1 1 1 1 1 1 1 1 1 1 1 1 1 1 1 1 1 1 1 1 1 1 1 1 1 1 1 1 1 1 1 1 1 1 1 1 1 1 1 1 1 1 1 1 1 1 1 1 1 1 1 1 1 1 1 1 1 1 1 1 1 1 1 1 1 1 1 1 1 1 1 1 1 1 1 1 1 1 1 1 1 1 1 1 1 1 1 1 1 1 1 1 1 1 1 1 1 1 1 1 1 1 1 1 1 1 1 1 1 1 1 1 1 1 1 1 1 1 1 1 1 1 1 1 1 1 1 1 1 1 1 1 1 1 1 1 1 1 1 1 1 1 1 1 1 1 1 1 1 1 1 1 1 1 1 1 1 1 1 1 1 1 1 1 1 1 1 1 1 1 1 1 1 1 1 1 1 1 1 1 1 1 1 1 1 1 1 1 1 1 1 1 1 1 1 1 1 1 1 1 1 1 1 1 1 1 1 1 1 1 1 1 1 1 1 1 1 1 1 1 1 1 1 1 1 1 1 1 1 1 1 1 1 1 1 1 1 1 1 1 1 1 1 1 1 1 1 1 1 1 1 1 1 1 1 1 1 1 1 1 1 1 1 1 1 1 1 1 1 1 1 1 1 1 1 1 1 1 1 1 1 1 1 1 1 1 1 1 1 1 1 1 1 1 1 1 1 1 1 1 1 1 1 1 1 1 1 1 1 1 1 1 1 1 1 1 1 1 1 1 1 1 1 1 1 1 1 1 1 1 1 1 1 1 1 1 1 1 1 1 1 1 1 1 1 1 1 1 1 1 1 1 1 1 1 1 1 1 1 1 1 1 1 1 1 1 1 1 1 1 1 1 1 1 1 1 1 1 1 1 1 1 1 1 1 1 1 1 1 1 1 1 1 1 1 1 1 1 1 1 1 1 1 1 1 1 1 1 1 1 1 1 1 1 1 1 1 1 1 1 1 1 1 1 1 1 1 1 1 1 1 1 1 1 1 1 1 1 1 1 1 1 1 1 1 1 1 1 1 1 1 1 1 1 1 1 1 1 1 1 1 1 1 1 1 1 1 1 1 1 1 1 1 1 1 1 1 1 1 1 1 1 1 1 1 1 1 1 1 1 1 1 1 1 1 1 1 1 1 1 1 1 1 1 1 1 1 1 1 1 1 1 1 1 1 1 1 1 1 1 1 1 1 1 1 1 1 1 1 1 1 1 1 1 1 1 1 1 1 1 1 1 1 1 1 1 1 1 1 1 1 1 1 1 1 1 1 1 1 1 1 1 1 1 1 1 1 1 1 1 1 1 1 1 1 1 1 1 1 1 1 1 1 1 1 1 1 1 1 1 1 1 1 1 1 1 1 1 1 1 1 1 1 1 1 1 1 1 1 1 1 1 1 1 1 1 1 1 1 1 1 1 1 1 1 1 1 1 1 1 1 1 1 1 1 1 1 1 1 1 1 1 1 1 1 1 1 1 1 1 1 1 1 1 1 1 1 1 1 1 1 1 1 1 1 1 1 1 1 1 1 1 1 1 1 1 1 1 1 1 1 1 1 1 1 1 1 1 1 1 1 1 1 1 1 1 1 1 1 1 1 1 1 1 1 1 1 1 1 1 1 1 1 1 1 1 1 1 1 1 1 1 1 1 1 1 1 1 1 1 1 1 1 1 1 1 1 1 1 1 1 1 1 1 1 1 1 1 1 1 1 1 1 1 1 1 1 1 1 1 1 1 1 1 1 1 1 1 1 1 1 1 1 1 1 1 1 1 1 1 1 1 1 1 1 1 1 1 1 1 1 1 1 1 1 1 1 1 1 1 1 1 1 1 1 1 1 1 1 1 1 1 1 1 1 1 1 1 1 1 1 1 1 1 1 1 1 1 1 1 1 1 1 1 1 1 1 1 1 1 1 1 1 1 1 1 1 1 1 1 1 1 1 1 1 1 1 1 1 1 1 1 1 1 1 1 1 1 1 1 1 1 1 1 1 1 1 1 1 1 1 1 1 1 1 1 1 1 1 1 1 1 1 1 1 1 1 1 1 1 1 1 1 1 1 1 1 1 1 1 1 1 1 1 1 1 1 1 1 1 1 1 1 1 1 1 1 1 1 1 1 1 1 1 1 1 1 1 1 1 1 1 1 1 1 1 1 1 1 1 1 1 1 1 1 1 1 1 1 1 1 1 1 1 1 1 1 1 1 1 1 1 1 1 1 1 1 1 1 1 1 1 1 1 1 1 1 1 1 1 1 1 1 1 1 1 1 1 1 1 1 1 1 1 1 1 1 1 1 1 1 1 1 1 1 1 1 1 1 1 1 1 1 1 1 1 1 1 1 1 1 1 1 1 1 1 1 1 1 1 1 1 1 1 1 1 1 1 1 1 1 1 1 1 1 1 1 1 1 1 1 1 1 1 1 1 1 1 1 1 1 1 1 1 1 1 1 1 1 1 1 1 1 1 1 1 1 1 1 1 1 1 1 1 1 1 1 1 1 1 1 1 1 1 1 1 1 1 1 1 1 1 1 1 1 1 1 1 1 1 1 1 1 1 1 1 1 1 1 1 1 1 1 1 1 1 1 1 1 1 1 1 1 1 1 1 1 1 1 1 1 1 1 1 1 1 1 1 1 1 1 1 1 1 1 1 1 1 1 1 1 1 1 1 1 1 1 1 1 1 1 1 1 1 1 1 1 1 1 1 1 1 1 1 1 1 1 1 1 1 1 1 1 1 1 1 1 1 1 1 1 1 1 1 1 1 1 1 1 1 1 1 1 1 1 1 1 1 1 1 1 1 1 1 1 1 1 1 1 1 1 1 1 1 1 1 1 1 1 1 1 1 1 1 1 1 1 1 1 1 1 1 1 1 1 1 1 1 1 1 1 1 1 1 1 1 1 1 1 1 1 1 1 1 1 1 1 1 1 1 1 1 1 1 1 1 1 1 1 1 1 1 1 1 1 1 1 1 1 1 1 1 1 1 1 1 1 1 1 1 1 1 1 1 1 1 1 1 1 1 1 1 1 1 1 1 1 1 1 1 1 1 1 1 1 1 1 1 1 1 1 1 1 1 1 1 1 1 1 1 1 1 1 1 1 1 1 1 1 1 1 1 1 1 1 1 1 1 1 1 1 1 1 1 1 1 1 1 1 1 1 1 1 1 1 1 1 1 1 1 1 1 1 1 1 1 1 1 1 1 1 1 1 1 1 1 1 1 1 1 1 1 1 1 1 1 1 1 1 1 1 1 1 1 1 1 1 1 1 1 1 1 1 1 1 1 1 1 1 1 1 1 1 1 1 1 1 1 1 1 1 1 1 1 1 1 1 1 1 1 1 1 1 1 1 1 1 1 1 1 1 1 1 1 1 1 1 1 1 1 1 1 1 1 1 1 1 1 1 1 1 1 1 1 1 1 1 1 1 1 1 1 1 1 1 1 1 1 1 1 1 1 1 1 1 1 1 1 1 1 1 1 1 1 1 1 1 1 1 1 1 1 1 1 1 1 1 1 1 1 1 1 1 1 1 1 1 1 1 1 1 1 1 1 1 1 1 1 1 1 1 1 1 1 1 1 1 1 1 1 1 1 1 1 1 1 1 1 1 1 1 1 1 1 1 1 1 1 1 1 1 1 1 1 1 1 1 1 1 1 1 1 1 1 1 1 1 1 1 1 1 1 1 1 1 1 1 1 1 1 1 1 1 1 1 1 1 1 1 1 1 1 1 1 1 1 1 1 1 1 1 1 1 1 1 1 1 1 1 1 1 1 1 1 1 1 1 1 1 1 1 1 1 1 1 1 1 1 1 1 1 1 1 1 1 1 1 1 1 1 1 1 1 1 1 1 1 1 1 1 1 1 1 1 1 1 1 1 1 1 1 1 1 1 1 1 1 1 1 1 1 1 1 1 1 1 1 1 1 1 1 1 1 1 1 1 1 1 1 1 1 1 1 1 1 1 1 1 1 1 1 1 1 1 1 1 1 1 1 1 1 1 1 1 1 1 1 1 1 1 1 1 1 1 1 1 1 1 1 1 1 1 1 1 1 1 1 1 1 1 1 1 1 1 1 1 1 1 1 1 1 1 1 1 1 1 1 1 1 1 1 1 1 1 1 1 1 1 1 1 1 1 1 1 1 1 1 1 1 1 1 1 1 1 1 1 1 1 1 1 1 1 1 1 1 1 1 1 1 1 1 1 1 1 1 1 1 1 1 1 1 1 1 1 1 1 1 1 1 1 1 1 1 1 1 1 1 1 1 1 1 1 1 1 1 1 1 1 1 1 1 1 1 1 1 1 1 1 1 1 1 1 1 1 1 1 1 1 1 1 1 1 1 1 1 1 1 1 1 1 1 1 1 1 1 1 1 1 1 1 1 1 1 1 1 1 1 1 1 1 1 1 1 1 1 1 1 1 1 1 1 1 1 1 1 1 1 1 1 1 1 1 1 1 1 1 1 1 1 1 1 1 1 1 1 1 1 1 1 1 1 1 1 1 1 1 1 1 1 1 1 1 1 1 1 1 1 1 1 1 1 1 1 1 1 1 1 1 1 1 1 1 1 1 1 1 1 1 1 1 1 1 1 1 1 1 1 1 1 1 1 1 1 1 1 1 1 1 1 1 1 1 1 1 1 1 1 1 1 1 1 1 1 1 1 1 1 1 1 1 1 1 1 1 1 1 1 1 1 1 1 1 1 1 1 1 1 1 1 1 1 1 1 1 1 1 1 1 1 1 1 1 1 1 1 1 1 1 1 1 1 1 1 1 1 1 1 1 1 1 1 1 1 1 1 1 1 1 1 1 1 1 1 1 1 1 1 1 1 1 1 1 1 1 1 1 1 1 1 1 1 1 1 1 1 1 1 1 1 1 1 1 1 1 1 1 1 1 1 1 1 1 1 1 1 1 1 1 1 1 1 1 1 1 1 1 1 1 1 1 1 1 1 1 1 1 1 1 1 1 1 1 1 1 1 1 1 1 1 1 1 1 1 1 1 1 1 1 1 1 1 1 1 1 1 1 1 1 1 1 1 1 1 1 1 1 1 1 1 1 1 1 1 1 1 1 1 1 1 1 1 1 1 1 1 1 1 1 1 1 1 1 1 1 1 1 1 1 1 1 1 1 1 1 1 1 1 1 1 1 1 1 1 1 1 1 1 1 1 1 1 1 1 1 1 1 1 1 1 1 1 1 1 1 1 1 1 1 1 1 1 1 1 1 1 1 1 1 1 1 1 1 1 1 1 1 1 1 1 1 1 1 1 1 1 1 1 1 1 1 1 1 1 1 1 1 1 1 1 1 1 1 1 1 1 1 1 1 1 1 1 1 1 1 1 1 1 1 1 1 1 1 1 1 1 1 1 1 1 1 1 1 1 1 1 1 1 1 1 1 1 1 1 1 1 1 1 1 1 1 1 1 1 1 1 1 1 1 1 1 1 1 1 1 1 1 1 1 1 1 1 1 1 1 1 1 1 1 1 1 1 1 1 1 1 1 1 1 1 1 1 1 1 1 1 1 1 1 1 1 1 1 1 1 1 1 1 1 1 1 1 1 1 1 1 1 1 1 1 1 1 1 1 1 1 1 1 1 1 1 1 1 1 1 1 1 1 1 1 1 1 1 1 1 1 1 1 1 1 1 1 1 1 1 1 1 1 1 1 1 1 1 1 1 1 1 1 1 1 1 1 1 1 1 1 1 1 1 1 1 1 1 1 1 1 1 1 1 1 1 1 1 1 1 1 1 1 1 1 1 1 1 1 1 1 1 1 1 1 1 1 1 1 1 1 1 1 1 1 1 1 1 1 1 1 1 1 1 1 1 1 1 1 1 1 1 1 1 1 1 1 1 1 1 1 1 1 1 1 1 1 1 1 1 1 1 1 1 1 1 1 1 1 1 1 1 1 1 1 1 1 1 1 1 1 1 1 1 1 1 1 1 1 1 1 1 1 1 1 1 1 1 1 1 1 1 1 1 1 1 1 1 1 1 1 1 1 1 1 1 1 1 1 1 1 1 1 1 1 1 1 1 1 1 1 1 1 1 1 1 1 1 1 1 1 1 1 1 1 1 1 1 1 1 1 1 1 1 1 1 1 1 1 1 1 1 1 1 1 1 1 1 1 1 1 1 1 1 1 1 1 1 1 1 1 1 1 1 1 1 1 1 1 1 1 1 1 1 1 1 1 1 1 1 1 1 1 1 1 1 1 1 1 1 1 1 1 1 1 1 1 1 1 1 1 1 1 1 1 1 1 1 1 1 1 1 1 1 1 1 1 1 1 1 1 1 1 1 1 1 1 1 1 1 1 1 1 1 1 1 1 1 1 1 1 1 1 1 1 1 1 1 1 1 1 1 1 1 1 1 1 1 1 1 1 1 1 1 1 1 1 1 1 1 1 1 1 1 1 1 1 1 1 1 1 1 1 1 1 1 1 1 1 1 1 1 1 1 1 1 1 1 1 1 1 1 1 1 1 1 1 1 1 1 1 1 1 1 1 1 1 1 1 1 1 1 1 1 1 1 1 1 1 1 1 1 1 1 1 1 1 1 1 1 1 1 1 1 1 1 1 1 1 1 1 1 1 1 1 1 1 1 1 1 1 1 1 1 1 1 1 1 1 1 1 1 1 1 1 1 1 1 1 1 1 1 1 1 1 1 1 1 1 1 1 1 1 1 1 1 1 1 1 1 1 1 1 1 1 1 1 1 1 1 1 1 1 1 1 1 1 1 1 1 1 1 1 1 1 1 1 1 1 1 1 1 1 1 1 1 1 1 1 1 1 1 1 1 1 1 1 1 1 1 1 1 1 1 1 1 1 1 1 1 1 1 1 1 1 1 1 1 1 1 1 1 1 1 1 1 1 1 1 1 1 1 1 1 1 1 1 1 1 1 1 1 1 1 1 1 1 1 1 1 1 1 1 1 1 1 1 1 1 1 1 1 1 1 1 1 1 1 1 1 1 1 1 1 1 1 1 1 1 1 1 1 1 1 1 1 1 1 1 1 1 1 1 1 1 1 1 1 1 1 1 1 1 1 1 1 1 1 1 1 1 1 1 1 1 1 1 1 1 1 1 1 1 1 1 1 1 1 1 1 1 1 1 1 1 1 1 1 1 1 1 1 1 1 1 1 1 1 1 1 1 1 1 1 1 1 1 1 1 1 1 1 1 1 1 1 1 1 1 1 1 1 1 1 1 1 1 1 1 1 1 1 1 1 1 1 1 1 1 1 1 1 1 1 1 1 1 1 1 1 1 1 1 1 1 1 1 1 1 1 1 1 1 1 1 1 1 1 1 1 1 1 1 1 1 1 1 1 1 1 1 1 1 1 1 1 1 1 1 1 1 1 1 1 1 1 1 1 1 1 1 1 1 1 1 1 1 1 1 1 1 1 1 1 1 1 1 1 1 1 1 1 1 1 1 1 1 1 1 1 1 1 1 1 1 1 1 1 1 1 1 1 1 1 1 1 1 1 1 1 1 1 1 1 1 1 1 1 1 1 1 1 1 1 1 1 1 1 1 1 1 1 1 1 1 1 1 1 1 1 1 1 1 1 1 1 1 1 1 1 1 1 1 1 1 1 1 1 1 1 1 1 1 1 1 1 1 1 1 1 1 1 1 1 1 1 1 1 1 1 1 1 1 1 1 1 1 1 1 1 1 1 1 1 1 1 1 1 1 1 1 1 1 1 1 1 1 1 1 1 1 1 1 1 1 1 1 1 1 1 1 1 1 1 1 1 1 1 1 1 1 1 1 1 1 1 1 1 1 1 1 1 1 1 1 1 1 1 1 1 1 1 1 1 1 1 1 1 1 1 1 1 1 1 1 1 1 1 1 1 1 1 1 1 1 1 1 1 1 1 1 1 1 1 1 1 1 1 1 1 1 1 1 1 1 1 1 1 1 1 1 1 1 1 1 1 1 1 1 1 1 1 1 1 1 1 1 1 1 1 1 1 1 1 1 1 1 1 1 1 1 1 1 1 1 1 1 1 1 1 1 1 1 1 1 1 1 1 1 1 1 1 1 1 1 1 1 1 1 1 1 1 1 1 1 1 1 1 1 1 1 1 1 1 1 1 1 1 1 1 1 1 1 1 1 1 1 1 1 1 1 1 1 1 1 1 1 1 1 1 1 1 1 1 1 1 1 1 1 1 1 1 1 1 1 1 1 1 1 1 1 1 1 1 1 1 1 1 1 1 1 1 1 1 1 1 1 1 1 1 1 1 1 1 1 1 1 1 1 1 1 1 1 1 1 1 1 1 1 1 1 1 1 1 1 1 1 1 1 1 1 1 1 1 1 1 1 1 1 1 1 1 1 1 1 1 1 1 1 1 1 1 1 1 1 1 1 1 1 1 1 1 1 1 1 1 1 1 1 1 1 1 1 1 1 1 1 1 1 1 1 1 1 1 1 1 1 1 1 1 1 1 1 1 1 1 1 1 1 1 1 1 1 1 1 1 1 1 1 1 1 1 1 1 1 1 1 1 1 1 1 1 1 1 1 1 1 1 1 1 1 1 1 1 1 1 1 1 1 1 1 1 1 1 1 1 1 1 1 1 1 1 1 1 1 1 1 1 1 1 1 1 1 1 1 1 1 1 1 1 1 1 1 1 1 1 1 1 1 1 1 1 1 1 1 1 1 1 1 1 1 1 1 1 1 1 1 1 1 1 1 1 1 1 1 1 1 1 1 1 1 1 1 1 1 1 1 1 1 1 1 1 1 1 1 1 1 1 1 1 1 1 1 1 1 1 1 1 1 1 1 1 1 1 1 1 1 1 1 1 1 1 1 1 1 1 1 1 1 1 1 1 1 1 1 1 1 1 1 1 1 1 1 1 1 1 1 1 1 1 1 1 1 1 1 1 1 1 1 1 1 1 1 1 1 1 1 1 1 1 1 1 1 1 1 1 1 1 1 1 1 1 1 1 1 1 1 1 1 1 1 1 1 1 1 1 1 1 1 1 1 1 1 1 1 1 1 1 1 1 1 1 1 1 1 1 1 1 1 1 1 1 1 1 1 1 1 1 1 1 1 1 1 1 1 1 1 1 1 1 1 1 1 1 1 1 1 1 1 1 1 1 1 1 1 1 1 1 1 1 1 1 1 1 1 1 1 1 1 1 1 1 1 1 1 1 1 1 1 1 1 1 1 1 1 1 1 1 1 1 1 1 1 1 1 1 1 1 1 1 1 1 1 1 1 1 1 1 1 1 1 1 1 1 1 1 1 1 1 1 1 1 1 1 1 1 1 1 1 1 1 1 1 1 1 1 1 1 1 1 1 1 1 1 1 1 1 1 1 1 1 1 1 1 1 1 1 1 1 1 1 1 1 1 1 1 1 1 1 1 1 1 1 1 1 1 1 1 1 1 1 1 1 1 1 1 1 1 1 1 1 1 1 1 1 1 1 1 1 1 1 1 1 1 1 1 1 1 1 1 1 1 1 1 1 1 1 1 1 1 1 1 1 1 1 1 1 1 1 1 1 1 1 1 1 1 1 1 1 1 1 1 1 1 1 1 1 1 1 1 1 1 1 1 1 1 1 1 1 1 1 1 1 1 1 1 1 1 1 1 1 1 1 1 1 1 1 1 1 1 1 1 1 1 1 1 1 1 1 1 1 1 1 1 1 1 1 1 1 1 1 1 1 1 1 1 1 1 1 1 1 1 1 1 1 1 1 1 1 1 1 1 1 1 1 1 1 1 1 1 1 1 1 1 1 1 1 1 1 1 1 1 1 1 1 1 1 1 1 1 1 1 1 1 1 1 1 1 1 1 1 1 1 1 1 1 1 1 1 1 1 1 1 1 1 1 1 1 1 1 1 1 1 1 1 1 1 1 1 1 1 1 1 1 1 1 1 1 1 1 1 1 1 1 1 1 1 1 1 1 1 1 1 1 1 1 1 1 1 1 1 1 1 1 1 1 1 1 1 1 1 1 1 1 1 1 1 1 1 1 1 1 1 1 1 1 1 1 1 1 1 1 1 1 1 1 1 1 1 1 1 1 1 1 1 1 1 1 1 1 1 1 1 1 1 1 1 1 1 1 1 1 1 1 1 1 1 1 1 1 1 1 1 1 1 1 1 1 1 1 1 1 1 1 1 1 1 1 1 1 1 1 1 1 1 1 1 1 1 1 1 1 1 1 1 1 1 1 1 1 1 1 1 1 1 1 1 1 1 1 1 1 1 1 1 1 1 1 1 1 1 1 1 1 1 1 1 1 1 1 1 1 1 1 1 1 1 1 1 1 1 1 1 1 1 1 1 1 1 1 1 1 1 1 1 1 1 1 1 1 1 1 1 1 1 1 1 1 1 1 1 1 1 1 1 1 1 1 1 1 1 1 1 1 1 1 1 1 1 1 1 1 1 1 1 1 1 1 1 1 1 1 1 1 1 1 1 1 1 1 1 1 1 1 1 1 1 1 1 1 1 1 1 1 1 1 1 1 1 1 1 1 1 1 1 1 1 1 1 1 1 1 1 1 1 1 1 1 1 1 1 1 1 1 1 1 1 1 1 1 1 1 1 1 1 1 1 1 1 1 1 1 1 1 1 1 1 1 1 1 1 1 1 1 1 1 1 1 1 1 1 1 1 1 1 1 1 1 1 1 1 1 1 1 1 1 1 1 1 1 1 1 1 1 1 1 1 1 1 1 1 1 1 1 1 1 1 1 1 1 1 1 1 1 1 1 1 1 1 1 1 1 1 1 1 1 1 1 1 1 1 1 1 1 1 1 1 1 1 1 1 1 1 1 1 1 1 1 1 1 1 1 1 1 1 1 1 1 1 1 1 1 1 1 1 1 1 1 1 1 1 1 1 1 1 1 1 1 1 1 1 1 1 1 1 1 1 1 1 1 1 1 1 1 1 1 1 1 1 1 1 1 1 1 1 1 1 1 1 1 1 1 1 1 1 1 1 1 1 1 1 1 1 1 1 1 1 1 1 1 1 1 1 1 1 1 1 1 1 1 1 1 1 1 1 1 1 1 1 1 1 1 1 1 1 1 1 1 1 1 1 1 1 1 1 1 1 1 1 1 1 1 1 1 1 1 1 1 1 1 1 1 1 1 1 1 1 1 1 1 1 1 1 1 1 1 1 1 1 1 1 1 1 1 1 1 1 1 1 1 1 1 1 1 1 1 1 1 1 1 1 1 1 1 1 1 1 1 1 1 1 1 1 1 1 1 1 1 1 1 1 1 1 1 1 1 1 1 1 1 1 1 1 1 1 1 1 1 1 1 1 1 1 1 1 1 1 1 1 1 1 1 1 1 1 1 1 1 1 1 1 1 1 1 1 1 1 1 1 1 1 1 1 1 1 1 1 1 1 1 1 1 1 1 1 1 1 1 1 1 1 1 1 1 1 1 1 1 1 1 1 1 1 1 1 1 1 1 1 1 1 1 1 1 1 1 1 1 1 1 1 1 1 1 1 1 1 1 1 1 1 1 1 1 1 1 1 1 1 1 1 1 1 1 1 1 1 1 1 1 1 1 1 1 1 1 1 1 1 1 1 1 1 1 1 1 1 1 1 1 1 1 1 1 1 1 1 1 1 1 1 1 1 1 1 1 1 1 1 1 1 1 1 1 1 1 1 1 1 1 1 1 1 1 1 1 1 1 1 1 1 1 1 1 1 1 1 1 1 1 1 1 1 1 1 1 1 1 1 1 1 1 1 1 1 1 1 1 1 1 1 1 1 1 1 1 1 1 1 1 1 1 1 1 1 1 1 1 1 1 1 1 1 1 1 1 1 1 1 1 1 1 1 1 1 1 1 1 1 1 1 1 1 1 1 1 1 1 1 1 1 1 1 1 1 1 1 1 1 1 1 1 1 1 1 1 1 1 1 1 1 1 1 1 1 1 1 1 1 1 1 1 1 1 1 1 1 1 1 1 1 1 1 1 1 1 1 1 1 1 1 1 1 1 1 1 1 1 1 1 1 1 1 1 1 1 1 1 1 1 1 1 1 1 1 1 1 1 1 1 1 1 1 1 1 1 1 1 1 1 1 1 1 1 1 1 1 1 1 1 1 1 1 1 1 1 1 1 1 1 1 1 1 1 1 1 1 1 1 1 1 1 1 1 1 1 1 1 1 1 1 1 1 1 1 1 1 1 1 1 1 1 1 1 1 1 1 1 1 1 1 1 1 1 1 1 1 1 1 1 1 1 1 1 1 1 1 1 1 1 1 1 1 1 1 1 1 1 1 1 1 1 1 1 1 1 1 1 1 1 1 1 1 1 1 1 1 1 1 1 1 1 1 1 1 1 1 1 1 1 1 1 1 1 1 1 1 1 1 1 1 1 1 1 1 1 1 1 1 1 1 1 1 1 1 1 1 1 1 1 1 1 1 1 1 1 1 1 1 1 1 1 1 1 1 1 1 1 1 1 1 1 1 1 1 1 1 1 1 1 1 1 1 1 1 1 1 1 1 1 1 1 1 1 1 1 1 1 1 1 1 1 1 1 1 1 1 1 1 1 1 1 1 1 1 1 1 1 1 1 1 1 1 1 1 1 1 1 1 1 1 1 1 1 1 1 1 1 1 1 1 1 1 1 1 1 1 1 1 1 1 1 1 1 1 1 1 1 1 1 1 1 1 1 1 1 1 1 1 1 1 1 1 1 1 1 1 1 1 1 1 1 1 1 1 1 1 1 1 1 1 1 1 1 1 1 1 1 1 1 1 1 1 1 1 1 1 1 1 1 1 1 1 1 1 1 1 1 1 1 1 1 1 1 1 1 1 1 1 1 1 1 1 1 1 1 1 1 1 1 1 1 1 1 1 1 1 1 1 1 1 1 1 1 1 1 1 1 1 1 1 1 1 1 1 1 1 1 1 1 1 1 1 1 1 1 1 1 1 1 1 1 1 1 1 1 1 1 1 1 1 1 1 1 1 1 1 1 1 1 1 1 1 1 1 1 1 1 1 1 1 1 1 1 1 1 1 1 1 1 1 1 1 1 1 1 1 1 1 1 1 1 1 1 1 1 1 1 1 1 1 1 1 1 1 1 1 1 1 1 1 1 1 1 1 1 1 1 1 1 1 1 1 1 1 1 1 1 1 1 1 1 1 1 1 1 1 1 1 1 1 1 1 1 1 1 1 1 1 1 1 1 1 1 1 1 1 1 1 1 1 1 1 1 1 1 1 1 1 1 1 1 1 1 1 1 1 1 1 1 1 1 1 1 1 1 1 1 1 1 1 1 1 1 1 1 1 1 1 1 1 1 1 1 1 1 1 1 1 1 1 1 1 1 1 1 1 1 1 1 1 1 1 1 1 1 1 1 1 1 1 1 1 1 1 1 1 1 1 1 1 1 1 1 1 1 1 1 1 1 1 1 1 1 1 1 1 1 1 1 1 1 1 1 1 1 1 1 1 1 1 1 1 1 1 1 1 1 1 1 1 1 1 1 1 1 1 1 1 1 1 1 1 1 1 1 1 1 1 1 1 1 1 1 1 1 1 1 1 1 1 1 1 1 1 1 1 1 1 1 1 1 1 1 1 1 1 1 1 1 1 1 1 1 1 1 1 1 1 1 1 1 1 1 1 1 1 1 1 1 1 1 1 1 1 1 1 1 1 1 1 1 1 1 1 1 1 1 1 1 1 1 1 1 1 1 1 1 1 1 1 1 1 1 1 1 1 1 1 1 1 1 1 1 1 1 1 1 1 1 1 1 1 1 1 1 1 1 1 1 1 1 1 1 1 1 1 1 1 1 1 1 1 1 1 1 1 1 1 1 1 1 1 1 1 1 1 1 1 1 1 1 1 1 1 1 1 1 1 1 1 1 1 1 1 1 1 1 1 1 1 1 1 1 1 1 1 1 1 1 1 1 1 1 1 1 1 1 1 1 1 1 1 1 1 1 1 1 1 1 1 1 1 1 1 1 1 1 1 1 1 1 1 1 1 1 1 1 1 1 1 1 1 1 1 1 1 1 1 1 1 1 1 1 1 1 1 1 1 1 1 1 1 1 1 1 1 1 1 1 1 1 1 1 1 1 1 1 1 1 1 1 1 1 1 1 1 1 1 1 1 1 1 1 1 1 1 1 1 1 1 1 1 1 1 1 1 1 1 1 1 1 1 1 1 1 1 1 1 1 1 1 1 1 1 1 1 1 1 1 1 1 1 1 1 1 1 1 1 1 1 1 1 1 1 1 1 1 1 1 1 1 1 1 1 1 1 1 1 1 1 1 1 1 1 1 1 1 1 1 1 1 1 1 1 1 1 1 1 1 1 1 1 1 1 1 1 1 1 1 1 1 1 1 1 1 1 1 1 1 1 1 1 1 1 1 1 1 1 1 1 1 1 1 1 1 1 1 1 1 1 1 1 1 1 1 1 1 1 1 1 1 1 1 1 1 1 1 1 1 1 1 1 1 1 1 1 1 1 1 1 1 1 1 1 1 1 1 1 1 1 1 1 1 1 1 1 1 1 1 1 1 1 1 1 1 1 1 1 1 1 1 1 1 1 1 1 1 1 1 1 1 1 1 1 1 1 1 1 1 1 1 1 1 1 1 1 1 1 1 1 1 1 1 1 1 1 1 1 1 1 1 1 1 1 1 1 1 1 1 1 1 1 1 1 1 1 1 1 1 1 1 1 1 1 1 1 1 1 1 1 1 1 1 1 1 1 1 1 1 1 1 1 1 1 1 1 1 1 1 1 1 1 1 1 1 1 1 1 1 1 1 1 1 1 1 1 1 1 1 1 1 1 1 1 1 1 1 1 1 1 1 1 1 1 1 1 1 1 1 1 1 1 1 1 1 1 1 1 1 1 1 1 1 1 1 1 1 1 1 1 1 1 1 1 1 1 1 1 1 1 1 1 1 1 1 1 1 1 1 1 1 1 1 1 1 1 1 1 1 1 1 1 1 1 1 1 1 1 1 1 1 1 1 1 1 1 1 1 1 1 1 1 1 1 1 1 1 1 1 1 1 1 1 1 1 1 1 1 1 1 1 1 1 1 1 1 1 1 1 1 1 1 1 1 1 1 1 1 1 1 1 1 1 1 1 1 1 1 1 1 1 1 1 1 1 1 1 1 1 1 1 1 1 1 1 1 1 1 1 1 1 1 1 1 1 1 1 1 1 1 1 1 1 1 1 1 1 1 1 1 1 1 1 1 1 1 1 1 1 1 1 1 1 1 1 1 1 1 1 1 1 1 1 1 1 1 1 1 1 1 1 1 1 1 1 1 1 1 1 1 1 1 1 1 1 1 1 1 1 1 1 1 1 1 1 1 1 1 1 1 1 1 1 1 1 1 1 1 1 1 1 1 1 1 1 1 1 1 1 1 1 1 1 1 1 1 1 1 1 1 1 1 1 1 1 1 1 1 1 1 1 1 1 1 1 1 1 1 1 1 1 1 1 1 1 1 1 1 1 1 1 1 1 1 1 1 1 1 1 1 1 1 1 1 1 1 1 1 1 1 1 1 1 1 1 1 1 1 1 1 1 1 1 1 1 1 1 1 1 1 1 1 1 1 1 1 1 1 1 1 1 1 1 1 1 1 1 1 1 1 1 1 1 1 1 1 1 1 1 1 1 1 1 1 1 1 1 1 1 1 1 1 1 1 1 1 1 1 1 1 1 1 1 1 1 1 1 1 1 1 1 1 1 1 1 1 1 1 1 1 1 1 1 1 1 1 1 1 1 1 1 1 1 1 1 1 1 1 1 1 1 1 1 1 1 1 1 1 1 1 1 1 1 1 1 1 1 1 1 1 1 1 1 1 1 1 1 1 1 1 1 1 1 1 1 1 1 1 1 1 1 1 1 1 1 1 1 1 1 1 1 1 1 1 1 1 1 1 1 1 1 1 1 1 1 1 1 1 1 1 1 1 1 1 1 1 1 1 1 1 1 1 1 1 1 1 1 1 1 1 1 1 1 1 1 1 1 1 1 1 1 1 1 1 1 1 1 1 1 1 1 1 1 1 1 1 1 1 1 1 1 1 1 1 1 1 1 1 1 1 1 1 1 1 1 1 1 1 1 1 1 1 1 1 1 1 1 1 1 1 1 1 1 1 1 1 1 1 1 1 1 1 1 1 1 1 1 1 1 1 1 1 1 1 1 1 1 1 1 1 1 1 1 1 1 1 1 1 1 1 1 1 1 1 1 1 1 1 1 1 1 1 1 1 1 1 1 1 1 1 1 1 1 1 1 1 1 1 1 1 1 1 1 1 1 1 1 1 1 1 1 1 1 1 1 1 1 1 1 1 1 1 1 1 1 1 1 1 1 1 1 1 1 1 1 1 1 1 1 1 1 1 1 1 1 1 1 1 1 1 1 1 1 1 1 1 1 1 1 1 1 1 1 1 1 1 1 1 1 1 1 1 1 1 1 1 1 1 1 1 1 1 1 1 1 1 1 1 1 1 1 1 1 1 1 1 1 1 1 1 1 1 1 1 1 1 1 1 1 1 1 1 1 1 1 1 1 1 1 1 1 1 1 1 1 1 1 1 1 1 1 1 1 1 1 1 1 1 1 1 1 1 1 1 1 1 1 1 1 1 1 1 1 1 1 1 1 1 1 1 1 1 1 1 1 1 1 1 1 1 1 1 1 1 1 1 1 1 1 1 1 1 1 1 1 1 1 1 1 1 1 1 1 1 1 1 1 1 1 1 1 1 1 1 1 1 1 1 1 1 1 1 1 1 1 1 1 1 1 1 1 1 1 1 1 1 1 1 1 1 1 1 1 1 1 1 1 1 1 1 1 1 1 1 1 1 1 1 1 1 1 1 1 1 1 1 1 1 1 1 1 1 1 1 1 1 1 1 1 1 1 1 1 1 1 1 1 1 1 1 1 1 1 1 1 1 1 1 1 1 1 1 1 1 1 1 1 1 1 1 1 1 1 1 1 1 1 1 1 1 1 1 1 1 1 1 1 1 1 1 1 1 1 1 1 1 1 1 1 1 1 1 1 1 1 1 1 1 1 1 1 1 1 1 1 1 1 1 1 1 1 1 1 1 1 1 1 1 1 1 1 1 1 1 1 1 1 1 1 1 1 1 1 1 1 1 1 1 1 1 1 1 1 1 1 1 1 1 1 1 1 1 1 1 1 1 1 1 1 1 1 1 1 1 1 1 1 1 1 1 1 1 1 1 1 1 1 1 1 1 1 1 1 1 1 1 1 1 1 1 1 1 1 1 1 1 1 1 1 1 1 1 1 1 1 1 1 1 1 1 1 1 1 1 1 1 1 1 1 1 1 1 1 1 1 1 1 1 1 1 1 1 1 1 1 1 1 1 1 1 1 1 1 1 1 1 1 1 1 1 1 1 1 1 1 1 1 1 1 1 1 1 1 1 1 1 1 1 1 1 1 1 1 1 1 1 1 1 1 1 1 1 1 1 1 1 1 1 1 1 1 1 1 1 1 1 1 1 1 1 1 1 1 1 1 1 1 1 1 1 1 1 1 1 1 1 1 1 1 1 1 1 1 1 1 1 1 1 1 1 1 1 1 1 1 1 1 1 1 1 1 1 1 1 1 1 1 1 1 1 1 1 1 1 1 1 1 1 1 1 1 1 1 1 1 1 1 1 1 1 1 1 1 1 1 1 1 1 1 1 1 1 1 1 1 1 1 1 1 1 1 1 1 1 1 1 1 1 1 1 1 1 1 1 1 1 1 1 1 1 1 1 1 1 1 1 1 1 1 1 1 1 1 1 1 1 1 1 1 1 1 1 1 1 1 1 1 1 1 1 1 1 1 1 1 1 1 1 1 1 1 1 1 1 1 1 1 1 1 1 1 1 1 1 1 1 1 1 1 1 1 1 1 1 1 1 1 1 1 1 1 1 1 1 1 1 1 1 1 1 1 1 1 1 1 1 1 1 1 1 1 1 1 1 1 1 1 1 1 1 1 1 1 1 1 1 1 1 1 1 1 1 1 1 1 1 1 1 1 1 1 1 1 1 1 1 1 1 1 1 1 1 1 1 1 1 1 1 1 1 1 1 1 1 1 1 1 1 1 1 1 1 1 1 1 1 1 1 1 1 1 1 1 1 1 1 1 1 1 1 1 1 1 1 1 1 1 1 1 1 1 1 1 1 1 1 1 1 1 1 1 1 1 1 1 1 1 1 1 1 1 1 1 1 1 1 1 1 1 1 1 1 1 1 1 1 1 1 1 1 1 1 1 1 1 1 1 1 1 1 1 1 1 1 1 1 1 1 1 1 1 1 1 1 1 1 1 1 1 1 1 1 1 1 1 1 1 1 1 1 1 1 1 1 1 1 1 1 1 1 1 1 1 1 1 1 1 1 1 1 1 1 1 1 1 1 1 1 1 1 1 1 1 1 1 1 1 1 1 1 1 1 1 1 1 1 1 1 1 1 1 1 1 1 1 1 1 1 1 1 1 1 1 1 1 1 1 1 1 1 1 1 1 1 1 1 1 1 1 1 1 1 1 1 1 1 1 1 1 1 1 1 1 1 1 1 1 1 1 1 1 1 1 1 1 1 1 1 1 1 1 1 1 1 1 1 1 1 1 1 1 1 1 1 1 1 1 1 1 1 1 1 1 1 1 1 1 1 1 1 1 1 1 1 1 1 1 1 1 1 1 1 1 1 1 1 1 1 1 1 1 1 1 1 1 1 1 1 1 1 1 1 1 1 1 1 1 1 1 1 1 1 1 1 1 1 1 1 1 1 1 1 1 1 1 1 1 1 1 1 1 1 1 1 1 1 1 1 1 1 1 1 1 1 1 1 1 1 1 1 1 1 1 1 1 1 1 1 1 1 1 1 1 1 1 1 1 1 1 1 1 1 1 1 1 1 1 1 1 1 1 1 1 1 1 1 1 1 1 1 1 1 1 1 1 1 1 1 1 1 1 1 1 1 1 1 1 1 1 1 1 1 1 1 1 1 1 1 1 1 1 1 1 1 1 1 1 1 1 1 1 1 1 1 1 1 1 1 1 1 1 1 1 1 1 1 1 1 1 1 1 1 1 1 1 1 1 1 1 1 1 1 1 1 1 1 1 1 1 1 1 1 1 1 1 1 1 1 1 1 1 1 1 1 1 1 1 1 1 1 1 1 1 1 1 1 1 1 1 1 1 1 1 1 1 1 1 1 1 1 1 1 1 1 1 1 1 1 1 1 1 1 1 1 1 1 1 1 1 1 1 1 1 1 1 1 1 1 1 1 1 1 1 1 1 1 1 1 1 1 1 1 1 1 1 1 1 1 1 1 1 1 1 1 1 1 1 1 1 1 1 1 1 1 1 1 1 1 1 1 1 1 1 1 1 1 1 1 1 1 1 1 1 1 1 1 1 1 1 1 1 1 1 1 1 1 1 1 1 1 1 1 1 1 1 1 1 1 1 1 1 1 1 1 1 1 1 1 1 1 1 1 1 1 1 1 1 1 1 1 1 1 1 1 1 1 1 1 1 1 1 1 1 1 1 1 1 1 1 1 1 1 1 1 1 1 1 1 1 1 1 1 1 1 1 1 1 1 1 1 1 1 1 1 1 1 1 1 1 1 1 1 1 1 1 1 1 1 1 1 1 1 1 1 1 1 1 1 1 1 1 1 1 1 1 1 1 1 1 1 1 1 1 1 1 1 1 1 1 1 1 1 1 1 1 1 1 1 1 1 1 1 1 1 1 1 1 1 1 1 1 1 1 1 1 1 1 1 1 1 1 1 1 1 1 1 1 1 1 1 1 1 1 1 1 1 1 1 1 1 1 1 1 1 1 1 1 1 1 1 1 1 1 1 1 1 1 1 1 1 1 1 1 1 1 1 1 1 1 1 1 1 1 1 1 1 1 1 1 1 1 1 1 1 1 1 1 1 1 1 1 1 1 1 1 1 1 1 1 1 1 1 1 1 1 1 1 1 1 1 1 1 1 1 1 1 1 1 1 1 1 1 1 1 1 1 1 1 1 1 1 1 1 1 1 1 1 1 1 1 1 1 1 1 1 1 1 1 1 1 1 1 1 1 1 1 1 1 1 1 1 1 1 1 1 1 1 1 1 1 1 1 1 1 1 1 1 1 1 1 1 1 1 1 1 1 1 1 1 1 1 1 1 1 1 1 1 1 1 1 1 1 1 1 1 1 1 1 1 1 1 1 1 1 1 1 1 1 1 1 1 1 1 1 1 1 1 1 1 1 1 1 1 1 1 1 1 1 1 1 1 1 1 1 1 1 1 1 1 1 1 1 1 1 1 1 1 1 1 1 1 1 1 1 1 1 1 1 1 1 1 1 1 1 1 1 1 1 1 1 1 1 1 1 1 1 1 1 1 1 1 1 1 1 1 1 1 1 1 1 1 1 1 1 1 1 1 1 1 1 1 1 1 1 1 1 1 1 1 1 1 1 1 1 1 1 1 1 1 1 1 1 1 1 1 1 1 1 1 1 1 1 1 1 1 1 1 1 1 1 1 1 1 1 1 1 1 1 1 1 1 1 1 1 1 1 1 1 1 1 1 1 1 1 1 1 1 1 1 1 1 1 1 1 1 1 1 1 1 1 1 1 1 1 1 1 1 1 1 1 1 1 1 1 1 1 1 1 1 1 1 1 1 1 1 1 1 1 1 1 1 1 1 1 1 1 1 1 1 1 1 1 1 1 1 1 1 1 1 1 1 1 1 1 1 1 1 1 1 1 1 1 1 1 1 1 1 1 1 1 1 1 1 1 1 1 1 1 1 1 1 1 1 1 1 1 1 1 1 1 1 1 1 1 1 1 1 1 1 1 1 1 1 1 1 1 1 1 1 1 1 1 1 1 1 1 1 1 1 1 1 1 1 1 1 1 1 1 1 1 1 1 1 1 1 1 1 1 1 1 1 1 1 1 1 1 1 1 1 1 1 1 1 1 1 1 1 1 1 1 1 1 1 1 1 1 1 1 1 1 1 1 1 1 1 1 1 1 1 1 1 1 1 1 1 1 1 1 1 1 1 1 1 1 1 1 1 1 1 1 1 1 1 1 1 1 1 1 1 1 1 1 1 1 1 1 1 1 1 1 1 1 1 1 1 1 1 1 1 1 1 1 1 1 1 1 1 1 1 1 1 1 1 1 1 1 1 1 1 1 1 1 1 1 1 1 1 1 1 1 1 1 1 1 1 1 1 1 1 1 1 1 1 1 1 1 1 1 1 1 1 1 1 1 1 1 1 1 1 1 1 1 1 1 1 1 1 1 1 1 1 1 1 1 1 1 1 1 1 1 1 1 1 1 1 1 1 1 1 1 1 1 1 1 1 1 1 1 1 1 1 1 1 1 1 1 1 1 1 1 1 1 1 1 1 1 1 1 1 1 1 1 1 1 1 1 1 1 1 1 1 1 1 1 1 1 1 1 1 1 1 1 1 1 1 1 1 1 1 1 1 1 1 1 1 1 1 1 1 1 1 1 1 1 1 1 1 1 1 1 1 1 1 1 1 1 1 1 1 1 1 1 1 1 1 1 1 1 1 1 1 1 1 1 1 1 1 1 1 1 1 1 1 1 1 1 1 1 1 1 1 1 1 1 1 1 1 1 1 1 1 1 1 1 1 1 1 1 1 1 1 1 1 1 1 1 1 1 1 1 1 1 1 1 1 1 1 1 1 1 1 1 1 1 1 1 1 1 1 1 1 1 1 1 1 1 1 1 1 1 1 1 1 1 1 1 1 1 1 1 1 1 1 1 1 1 1 1 1 1 1 1 1 1 1 1 1 1 1 1 1 1 1 1 1 1 1 1 1 1 1 1 1 1 1 1 1 1 1 1 1 1 1 1 1 1 1 1 1 1 1 1 1 1 1 1 1 1 1 1 1 1 1 1 1 1 1 1 1 1 1 1 1 1 1 1 1 1 1 1 1 1 1 1 1 1 1 1 1 1 1 1 1 1 1 1 1 1 1 1 1 1 1 1 1 1 1 1 1 1 1 1 1 1 1 1 1 1 1 1 1 1 1 1 1 1 1 1 1 1 1 1 1 1 1 1 1 1 1 1 1 1 1 1 1 1 1 1 1 1 1 1 1 1 1 1 1 1 1 1 1 1 1 1 1 1 1 1 1 1 1 1 1 1 1 1 1 1 1 1 1 1 1 1 1 1 1 1 1 1 1 1 1 1 1 1 1 1 1 1 1 1 1 1 1 1 1 1 1 1 1 1 1 1 1 1 1 1 1 1 1 1 1 1 1 1 1 1 1 1 1 1 1 1 1 1 1 1 1 1 1 1 1 1 1 1 1 1 1 1 1 1 1 1 1 1 1 1 1 1 1 1 1 1 1 1 1 1 1 1 1 1 1 1 1 1 1 1 1 1 1 1 1 1 1 1 1 1 1 1 1 1 1 1 1 1 1 1 1 1 1 1 1 1 1 1 1 1 1 1 1 1 1 1 1 1 1 1 1 1 1 1 1 1 1 1 1 1 1 1 1 1 1 1 1 1 1 1 1 1 1 1 1 1 1 1 1 1 1 1 1 1 1 1 1 1 1 1 1 1 1 1 1 1 1 1 1 1 1 1 1 1 1 1 1 1 1 1 1 1 1 1 1 1 1 1 1 1 1 1 1 1 1 1 1 1 1 1 1 1 1 1 1 1 1 1 1 1 1 1 1 1 1 1 1 1 1 1 1 1 1 1 1 1 1 1 1 1 1 1 1 1 1 1 1 1 1 1 1 1 1 1 1 1 1 1 1 1 1 1 1 1 1 1 1 1 1 1 1 1 1 1 1 1 1 1 1 1 1 1 1 1 1 1 1 1 1 1 1 1 1 1 1 1 1 1 1 1 1 1 1 1 1 1 1 1 1 1 1 1 1 1 1 1 1 1 1 1 1 1 1 1 1 1 1 1 1 1 1 1 1 1 1 1 1 1 1 1 1 1 1 1 1 1 1 1 1 1 1 1 1 1 1 1 1 1 1 1 1 1 1 1 1 1 1 1 1 1 1 1 1 1 1 1 1 1 1 1 1 1 1 1 1 1 1 1 1 1 1 1 1 1 1 1 1 1 1 1 1 1 1 1 1 1 1 1 1 1 1 1 1 1 1 1 1 1 1 1 1 1 1 1 1 1 1 1 1 1 1 1 1 1 1 1 1 1 1 1 1 1 1 1 1 1 1 1 1 1 1 1 1 1 1 1 1 1 1 1 1 1 1 1 1 1 1 1 1 1 1 1 1 1 1 1 1 1 1 1 1 1 1 1 1 1 1 1 1 1 1 1 1 1 1 1 1 1 1 1 1 1 1 1 1 1 1 1 1 1 1 1 1 1 1 1 1 1 1 1 1 1 1 1 1 1 1 1 1 1 1 1 1 1 1 1 1 1 1 1 1 1 1 1 1 1 1 1 1 1 1 1 1 1 1 1 1 1 1 1 1 1 1 1 1 1 1 1 1 1 1 1 1 1 1 1 1 1 1 1 1 1 1 1 1 1 1 1 1 1 1 1 1 1 1 1 1 1 1 1 1 1 1 1 1 1 1 1 1 1 1 1 1 1 1 1 1 1 1 1 1 1 1 1 1 1 1 1 1 1 1 1 1 1 1 1 1 1 1 1 1 1 1 1 1 1 1 1 1 1 1 1 1 1 1 1 1 1 1 1 1 1 1 1 1 1 1 1 1 1 1 1 1 1 1 1 1 1 1 1 1 1 1 1 1 1 1 1 1 1 1 1 1 1 1 1 1 1 1 1 1 1 1 1 1 1 1 1 1 1 1 1 1 1 1 1 1 1 1 1 1 1 1 1 1 1 1 1 1 1 1 1 1 1 1 1 1 1 1 1 1 1 1 1 1 1 1 1 1 1 1 1 1 1 1 1 1 1 1 1 1 1 1 1 1 1 1 1 1 1 1 1 1 1 1 1 1 1 1 1 1 1 1 1 1 1 1 1 1 1 1 1 1 1 1 1 1 1 1 1 1 1 1 1 1 1 1 1 1 1 1 1 1 1 1 1 1 1 1 1 1 1 1 1 1 1 1 1 1 1 1 1 1 1 1 1 1 1 1 1 1 1 1 1 1 1 1 1 1 1 1 1 1 1 1 1 1 1 1 1 1 1 1 1 1 1 1 1 1 1 1 1 1 1 1 1 1 1 1 1</float_array>
          <technique_common>
            <accessor source="#ibishu_wheel_07a_14x7-mesh-colors-geom-ibishu_wheel_07a_14x7-map0-array" count="3300" stride="4">
              <param name="R" type="float"/>
              <param name="G" type="float"/>
              <param name="B" type="float"/>
              <param name="A" type="float"/>
            </accessor>
          </technique_common>
        </source>
        <vertices id="ibishu_wheel_07a_14x7-mesh-vertices">
          <input semantic="POSITION" source="#ibishu_wheel_07a_14x7-mesh-positions"/>
        </vertices>
        <triangles material="ibishu_wheel_07b-material" count="956">
          <input semantic="VERTEX" source="#ibishu_wheel_07a_14x7-mesh-vertices" offset="0"/>
          <input semantic="NORMAL" source="#ibishu_wheel_07a_14x7-mesh-normals" offset="1"/>
          <input semantic="TEXCOORD" source="#ibishu_wheel_07a_14x7-mesh-map-0" offset="2" set="0"/>
          <input semantic="COLOR" source="#ibishu_wheel_07a_14x7-mesh-colors-geom-ibishu_wheel_07a_14x7-map0" offset="3" set="0"/>
          <p>104 0 0 0 111 1 1 1 106 2 2 2 32 3 3 3 106 2 4 4 111 1 5 5 0 4 6 6 1 5 7 7 71 6 8 8 28 7 9 9 116 8 10 10 106 2 11 11 114 9 12 12 106 2 13 13 116 8 14 14 70 10 15 15 194 11 16 16 0 4 17 17 4 12 18 18 5 13 19 19 3 14 20 20 71 6 21 21 2 15 22 22 37 16 23 23 148 17 24 24 141 18 25 25 143 19 26 26 108 20 27 27 100 21 28 28 109 22 29 29 11 23 30 30 10 24 31 31 9 25 32 32 86 26 33 33 94 27 34 34 85 28 35 35 496 29 36 36 39 30 37 37 503 31 38 38 93 32 39 39 85 28 40 40 94 27 41 41 153 33 42 42 189 34 43 43 187 35 44 44 123 36 45 45 40 37 46 46 81 38 47 47 141 18 48 48 144 39 49 49 140 40 50 50 14 41 51 51 13 42 52 52 12 43 53 53 65 44 54 54 501 45 55 55 511 46 56 56 142 47 57 57 140 40 58 58 139 48 59 59 19 49 60 60 18 50 61 61 17 51 62 62 99 52 63 63 91 53 64 64 101 54 65 65 284 55 66 66 255 56 67 67 285 57 68 68 24 58 69 69 23 59 70 70 22 60 71 71 75 61 72 72 194 11 73 73 73 62 74 74 499 63 75 75 31 64 76 76 29 65 77 77 115 66 78 78 76 67 79 79 78 68 80 80 150 69 81 81 142 47 82 82 139 48 83 83 25 70 84 84 35 71 85 85 26 72 86 86 28 7 87 87 27 73 88 88 26 72 89 89 270 74 90 90 253 75 91 91 252 76 92 92 504 77 93 93 55 78 94 94 506 79 95 95 32 3 96 96 31 64 97 97 30 80 98 98 483 81 99 99 362 82 100 100 314 83 101 101 107 84 102 102 109 22 103 103 110 85 104 104 192 86 105 105 72 87 106 106 73 62 107 107 36 88 108 108 35 71 109 109 34 89 110 110 122 90 111 111 120 91 112 112 119 92 113 113 64 93 114 114 58 94 115 115 66 95 116 116 395 96 117 117 388 97 118 118 396 98 119 119 52 99 120 120 42 100 121 121 43 101 122 122 56 102 123 123 62 103 124 124 54 104 125 125 282 105 126 126 257 106 127 127 283 107 128 128 113 108 129 129 115 66 130 130 112 109 131 131 43 101 132 132 44 110 133 133 45 111 134 134 55 78 135 135 49 112 136 136 56 102 137 137 97 113 138 138 99 52 139 139 100 21 140 140 509 114 141 141 61 115 142 142 510 116 143 143 133 117 144 144 126 118 145 145 128 119 146 146 47 120 147 147 48 121 148 148 49 112 149 149 133 117 150 150 49 112 151 151 53 122 152 152 272 123 153 153 267 124 154 154 273 125 155 155 51 126 156 156 52 99 157 157 53 122 158 158 128 119 159 159 136 127 160 160 138 128 161 161 498 129 162 162 30 80 163 163 499 63 164 164 54 104 165 165 55 78 166 166 56 102 167 167 146 130 168 168 138 128 169 169 137 131 170 170 21 132 171 171 23 59 172 172 20 133 173 173 393 134 174 174 392 135 175 175 385 136 176 176 18 50 177 177 11 23 178 178 9 25 179 179 68 137 180 180 12 43 181 181 13 42 182 182 58 94 183 183 59 138 184 184 60 139 185 185 121 140 186 186 117 141 187 187 120 91 188 188 64 93 189 189 65 44 190 190 511 46 191 191 61 115 192 192 62 103 193 193 63 142 194 194 89 143 195 195 96 144 196 196 91 53 197 197 62 103 198 198 507 145 199 199 54 104 200 200 65 44 201 201 66 95 202 202 67 146 203 203 59 138 204 204 508 147 205 205 57 148 206 206 408 149 207 207 404 149 208 208 402 149 209 209 381 150 210 210 377 150 211 211 379 150 212 212 39 30 213 213 6 151 214 214 40 37 215 215 14 41 216 216 23 59 217 217 24 58 218 218 70 10 219 219 38 152 220 220 69 153 221 221 101 54 222 222 109 22 223 223 100 21 224 224 159 154 225 225 83 155 226 226 82 156 227 227 77 157 228 228 75 61 229 229 74 158 230 230 0 4 231 231 3 14 232 232 1 5 233 233 165 159 234 234 108 20 235 235 168 160 236 236 119 92 237 237 131 161 238 238 122 90 239 239 177 162 240 240 129 163 241 241 130 164 242 242 74 158 243 243 73 62 244 244 72 87 245 245 76 67 246 246 75 61 247 247 78 68 248 248 4 12 249 249 34 89 250 250 5 13 251 251 81 38 252 252 80 165 253 253 118 166 254 254 143 19 255 255 151 167 256 256 153 33 257 257 174 168 258 258 130 164 259 259 119 92 260 260 272 123 261 261 269 169 262 262 268 170 263 263 86 26 264 264 85 28 265 265 84 171 266 266 40 37 267 267 10 24 268 268 11 23 269 269 103 172 270 270 169 173 271 271 107 84 272 272 45 111 273 273 133 117 274 274 53 122 275 275 173 174 276 276 119 92 277 277 120 91 278 278 137 131 279 279 145 175 280 280 146 130 281 281 140 40 282 282 182 176 283 283 139 48 284 284 495 177 285 285 3 14 286 286 5 13 287 287 91 53 288 288 90 178 289 289 89 143 290 290 19 49 291 291 13 42 292 292 14 41 293 293 72 87 294 294 155 179 295 295 74 158 296 296 15 180 297 297 9 25 298 298 8 181 299 299 135 182 300 300 180 183 301 301 134 184 302 302 29 65 303 303 22 60 304 304 21 132 305 305 96 144 306 306 95 185 307 307 94 27 308 308 31 64 309 309 24 58 310 310 22 60 311 311 93 32 312 312 163 186 313 313 162 187 314 314 190 188 315 315 193 189 316 316 191 190 317 317 101 54 318 318 100 21 319 319 99 52 320 320 187 35 321 321 192 86 322 322 194 11 323 323 150 69 324 324 182 176 325 325 185 191 326 326 110 85 327 327 103 172 328 328 107 84 329 329 171 192 330 330 77 157 331 331 156 193 332 332 33 194 333 333 35 71 334 334 500 195 335 335 196 196 336 336 190 188 337 337 191 190 338 338 60 139 339 339 153 33 340 340 67 146 341 341 106 2 342 342 105 197 343 343 104 0 344 344 32 3 345 345 27 73 346 346 28 7 347 347 145 175 348 348 184 198 349 349 144 39 350 350 113 108 351 351 171 192 352 352 170 199 353 353 281 200 354 354 260 201 355 355 259 202 356 356 111 1 357 357 110 85 358 358 109 22 359 359 270 74 360 360 269 169 361 361 271 203 362 362 154 204 363 363 190 188 364 364 197 205 365 365 16 206 366 366 18 50 367 367 15 180 368 368 116 8 369 369 115 66 370 370 114 9 371 371 28 7 372 372 35 71 373 373 36 88 374 374 135 182 375 375 176 207 376 376 179 208 377 377 149 209 378 378 151 167 379 379 150 69 380 380 113 108 381 381 167 210 382 382 102 211 383 383 501 45 384 384 38 152 385 385 502 212 386 386 53 122 387 387 43 101 388 388 45 111 389 389 172 213 390 390 120 91 391 391 117 141 392 392 8 181 393 393 10 24 394 394 7 214 395 395 121 140 396 396 122 90 397 397 123 36 398 398 39 30 399 399 45 111 400 400 44 110 401 401 77 157 402 402 155 179 403 403 156 193 404 404 495 177 405 405 34 89 406 406 33 194 407 407 508 215 408 408 238 215 409 409 237 215 410 410 41 216 411 411 39 30 412 412 44 110 413 413 166 217 414 414 102 211 415 415 167 210 416 416 96 144 417 417 11 23 418 418 19 49 419 419 126 118 420 420 127 218 421 421 128 119 422 422 122 90 423 423 133 117 424 424 123 36 425 425 180 183 426 426 145 175 427 427 134 184 428 428 282 105 429 429 259 202 430 430 258 219 431 431 88 220 432 432 163 186 433 433 92 221 434 434 131 161 435 435 132 222 436 436 133 117 437 437 84 171 438 438 81 38 439 439 86 26 440 440 108 20 441 441 169 173 442 442 168 160 443 443 284 55 444 444 257 106 445 445 256 223 446 446 136 127 447 447 137 131 448 448 138 128 449 449 123 36 450 450 118 166 451 451 121 140 452 452 178 224 453 453 125 225 454 454 129 163 455 455 49 112 456 456 138 128 457 457 56 102 458 458 56 102 459 459 148 17 460 460 63 142 461 461 184 198 462 462 140 40 463 463 144 39 464 464 164 226 465 465 97 113 466 466 165 159 467 467 57 148 468 468 61 115 469 469 59 138 470 470 141 18 471 471 142 47 472 472 143 19 473 473 59 138 474 474 63 142 475 475 60 139 476 476 185 191 477 477 149 209 478 478 150 69 479 479 78 68 480 480 112 109 481 481 115 66 482 482 159 154 483 483 93 32 484 484 162 187 485 485 102 211 486 486 104 0 487 487 105 197 488 488 146 130 489 489 147 227 490 490 148 17 491 491 79 228 492 492 172 213 493 493 117 141 494 494 151 167 495 495 152 229 496 496 153 33 497 497 66 95 498 498 60 139 499 499 67 146 500 500 195 230 501 501 191 190 502 502 188 231 503 503 192 86 504 504 73 62 505 505 194 11 506 506 175 232 507 507 124 233 508 508 125 225 509 509 132 222 510 510 125 225 511 511 126 118 512 512 274 234 513 513 265 235 514 514 275 236 515 515 285 57 516 516 254 237 517 517 286 238 518 518 161 239 519 519 88 220 520 520 87 240 521 521 40 37 522 522 86 26 523 523 81 38 524 524 69 153 525 525 67 146 526 526 70 10 527 527 149 209 528 528 195 230 529 529 188 231 530 530 41 216 531 531 43 101 532 532 42 100 533 533 70 10 534 534 71 6 535 535 38 152 536 536 189 34 537 537 193 189 538 538 187 35 539 539 83 155 540 540 157 241 541 541 79 228 542 542 82 156 543 543 84 171 544 544 85 28 545 545 170 199 546 546 215 242 547 547 214 243 548 548 185 191 549 549 230 244 550 550 186 245 551 551 160 246 552 552 207 247 553 553 163 186 554 554 176 207 555 555 219 248 556 556 220 249 557 557 180 183 558 558 223 250 559 559 224 251 560 560 183 252 561 561 228 253 562 562 184 198 563 563 158 254 564 564 203 255 565 565 202 256 566 566 176 207 567 567 223 250 568 568 179 208 569 569 167 210 570 570 210 257 571 571 166 217 572 572 173 174 573 573 218 258 574 574 174 168 575 575 185 191 576 576 226 259 577 577 229 260 578 578 161 239 579 579 204 261 580 580 160 246 581 581 196 196 582 582 231 262 583 583 232 263 584 584 181 264 585 585 228 253 586 586 225 265 587 587 186 245 588 588 231 262 589 589 195 230 590 590 173 174 591 591 216 266 592 592 217 267 593 593 164 226 594 594 209 268 595 595 208 269 596 596 197 205 597 597 232 263 598 598 233 270 599 599 174 168 600 600 221 271 601 601 177 162 602 602 154 204 603 603 233 270 604 604 198 272 605 605 154 204 606 606 199 273 607 607 155 179 608 608 162 187 609 609 207 247 610 610 206 274 611 611 162 187 612 612 203 255 613 613 159 154 614 614 169 173 615 615 210 257 616 616 213 275 617 617 158 254 618 618 201 276 619 619 157 241 620 620 157 241 621 621 216 266 622 622 172 213 623 623 170 199 624 624 211 277 625 625 167 210 626 626 156 193 627 627 215 242 628 628 171 192 629 629 156 193 630 630 199 273 631 631 200 278 632 632 161 239 633 633 208 269 634 634 205 279 635 635 178 224 636 636 221 271 637 637 222 280 638 638 178 224 639 639 219 248 640 640 175 232 641 641 168 160 642 642 213 275 643 643 212 281 644 644 183 252 645 645 224 251 646 646 227 282 647 647 168 160 648 648 209 268 649 649 165 159 650 650 351 283 651 651 246 284 652 652 349 285 653 653 277 286 654 654 264 287 655 655 263 288 656 656 46 289 657 657 51 126 658 658 48 121 659 659 188 231 660 660 152 229 661 661 149 209 662 662 275 236 663 663 264 287 664 664 276 290 665 665 279 291 666 666 260 201 667 667 280 292 668 668 506 79 669 669 54 104 670 670 507 145 671 671 19 49 672 672 91 53 673 673 96 144 674 674 99 52 675 675 87 240 676 676 90 178 677 677 87 240 678 678 89 143 679 679 90 178 680 680 494 293 681 681 1 5 682 682 3 14 683 683 63 142 684 684 143 19 685 685 60 139 686 686 277 286 687 687 262 294 688 688 278 295 689 689 191 190 690 690 189 34 691 691 188 231 692 692 6 151 693 693 7 214 694 694 10 24 695 695 105 197 696 696 113 108 697 697 102 211 698 698 92 221 699 699 89 143 700 700 88 220 701 701 129 163 702 702 131 161 703 703 130 164 704 704 92 221 705 705 94 27 706 706 95 185 707 707 84 171 708 708 79 228 709 709 80 165 710 710 124 233 711 711 126 118 712 712 125 225 713 713 147 227 714 714 145 175 715 715 144 39 716 716 497 296 717 717 23 59 718 718 12 43 719 719 80 165 720 720 117 141 721 721 118 166 722 722 135 182 723 723 127 218 724 724 124 233 725 725 76 67 726 726 36 88 727 727 4 12 728 728 164 226 729 729 87 240 730 730 98 297 731 731 235 298 732 732 501 298 733 733 502 298 734 734 502 299 735 735 492 299 736 736 235 299 737 737 423 300 738 738 507 300 739 739 509 300 740 740 319 301 741 741 240 302 742 742 355 303 743 743 237 304 744 744 57 304 745 745 508 304 746 746 452 305 747 747 313 306 748 748 365 307 749 749 511 308 750 750 501 308 751 751 235 308 752 752 235 309 753 753 239 309 754 754 511 309 755 755 476 310 756 756 494 310 757 757 477 310 758 758 64 311 759 759 239 311 760 760 238 311 761 761 411 312 762 762 406 313 763 763 407 314 764 764 293 315 765 765 459 316 766 766 461 317 767 767 238 318 768 768 239 319 769 769 327 320 770 770 239 319 771 771 235 321 772 772 319 301 773 773 319 301 774 774 327 320 775 775 239 319 776 776 341 322 777 777 464 323 778 778 465 324 779 779 240 302 780 780 354 325 781 781 355 303 782 782 288 326 783 783 426 327 784 784 427 328 785 785 484 329 786 786 363 330 787 787 483 81 788 788 448 331 789 789 449 332 790 790 447 333 791 791 259 334 792 792 447 334 793 793 258 334 794 794 486 335 795 795 306 336 796 796 307 337 797 797 452 305 798 798 366 338 799 799 367 339 800 800 491 340 801 801 489 341 802 802 308 342 803 803 434 343 804 804 432 344 805 805 433 345 806 806 457 346 807 807 455 347 808 808 456 348 809 809 478 349 810 810 493 350 811 811 476 351 812 812 493 352 813 813 2 352 814 814 476 352 815 815 504 353 816 816 422 353 817 817 420 353 818 818 42 354 819 819 435 354 820 820 433 354 821 821 507 355 822 822 423 355 823 823 422 355 824 824 422 356 825 825 506 356 826 826 507 356 827 827 48 121 828 828 53 122 829 829 49 112 830 830 316 357 831 831 315 357 832 832 299 357 833 833 7 358 834 834 437 358 835 835 436 358 836 836 436 359 837 837 8 359 838 838 7 359 839 839 7 360 840 840 496 360 841 841 439 360 842 842 439 361 843 843 437 361 844 844 7 361 845 845 503 362 846 846 441 362 847 847 439 362 848 848 439 363 849 849 496 363 850 850 503 363 851 851 15 364 852 852 456 364 853 853 455 364 854 854 455 365 855 855 16 365 856 856 15 365 857 857 15 366 858 858 8 366 859 859 436 366 860 860 436 367 861 861 456 367 862 862 15 367 863 863 29 368 864 864 21 368 865 865 459 368 866 866 459 369 867 867 458 369 868 868 29 369 869 869 20 370 870 870 461 370 871 871 459 370 872 872 459 371 873 873 21 371 874 874 20 371 875 875 20 372 876 876 497 372 877 877 462 372 878 878 462 373 879 879 461 373 880 880 20 373 881 881 499 374 882 882 475 374 883 883 474 374 884 884 474 375 885 885 498 375 886 886 499 375 887 887 29 376 888 888 458 376 889 889 475 376 890 890 475 377 891 891 499 377 892 892 29 377 893 893 315 378 894 894 25 378 895 895 474 378 896 896 350 379 897 897 262 379 898 898 263 379 899 899 266 380 900 900 249 380 901 901 265 380 902 902 500 381 903 903 317 381 904 904 481 381 905 905 481 382 906 906 33 382 907 907 500 382 908 908 492 383 909 909 502 383 910 910 37 383 911 911 37 384 912 912 493 384 913 913 492 384 914 914 46 385 915 915 420 385 916 916 419 385 917 917 251 386 918 918 287 386 919 919 270 386 920 920 251 387 921 921 286 387 922 922 287 387 923 923 251 388 924 924 279 388 925 925 280 388 926 926 251 389 927 927 280 389 928 928 281 389 929 929 251 390 930 930 281 390 931 931 282 390 932 932 251 391 933 933 282 391 934 934 283 391 935 935 251 392 936 936 283 392 937 937 284 392 938 938 251 393 939 939 284 393 940 940 285 393 941 941 251 394 942 942 285 394 943 943 286 394 944 944 251 395 945 945 270 395 946 946 271 395 947 947 251 396 948 948 271 396 949 949 272 396 950 950 251 397 951 951 278 397 952 952 279 397 953 953 251 398 954 954 277 398 955 955 278 398 956 956 251 399 957 957 276 399 958 958 277 399 959 959 251 400 960 960 275 400 961 961 276 400 962 962 251 401 963 963 274 401 964 964 275 401 965 965 251 402 966 966 273 402 967 967 274 402 968 968 251 403 969 969 272 403 970 970 273 403 971 971 287 404 972 972 254 237 973 973 253 75 974 974 134 184 975 975 136 127 976 976 135 182 977 977 67 146 978 978 187 35 979 979 70 10 980 980 274 234 981 981 267 124 982 982 266 405 983 983 111 1 984 984 24 58 985 985 32 3 986 986 14 41 987 987 101 54 988 988 91 53 989 989 4 12 990 990 194 11 991 991 76 67 992 992 46 289 993 993 47 120 994 994 504 77 995 995 505 406 996 996 51 126 997 997 50 407 998 998 278 295 999 999 261 408 1000 1000 279 291 1001 1001 449 409 1002 1002 258 409 1003 1003 447 409 1004 1004 240 302 1005 1005 241 410 1006 1006 354 325 1007 1007 311 411 1008 1008 443 411 1009 1009 432 411 1010 1010 288 412 1011 1011 427 412 1012 1012 246 412 1013 1013 246 413 1014 1014 245 413 1015 1015 288 413 1016 1016 288 414 1017 1017 244 414 1018 1018 243 414 1019 1019 245 415 1020 1020 244 415 1021 1021 288 415 1022 1022 234 416 1023 1023 247 416 1024 1024 425 416 1025 1025 366 417 1026 1026 464 417 1027 1027 453 417 1028 1028 235 418 1029 1029 492 418 1030 1030 308 418 1031 1031 308 419 1032 1032 240 419 1033 1033 235 419 1034 1034 241 420 1035 1035 489 420 1036 1036 487 420 1037 1037 487 421 1038 1038 250 421 1039 1039 241 421 1040 1040 307 422 1041 1041 306 422 1042 1042 250 422 1043 1043 487 423 1044 1044 307 423 1045 1045 250 423 1046 1046 240 424 1047 1047 489 424 1048 1048 241 424 1049 1049 312 425 1050 1050 445 425 1051 1051 311 425 1052 1052 311 426 1053 1053 430 426 1054 1054 312 426 1055 1055 312 427 1056 1056 290 427 1057 1057 429 427 1058 1058 430 428 1059 1059 290 428 1060 1060 312 428 1061 1061 443 429 1062 1062 442 429 1063 1063 433 429 1064 1064 433 430 1065 1065 432 430 1066 1066 443 430 1067 1067 486 431 1068 1068 354 431 1069 1069 356 431 1070 1070 295 432 1071 1071 466 432 1072 1072 366 432 1073 1073 366 433 1074 1074 365 433 1075 1075 295 433 1076 1076 295 434 1077 1077 313 434 1078 1078 450 434 1079 1079 365 435 1080 1080 313 435 1081 1081 295 435 1082 1082 464 436 1083 1083 463 436 1084 1084 455 436 1085 1085 455 437 1086 1086 453 437 1087 1087 464 437 1088 1088 246 438 1089 1089 425 438 1090 1090 247 438 1091 1091 483 439 1092 1092 314 439 1093 1093 316 439 1094 1094 316 440 1095 1095 472 440 1096 1096 483 440 1097 1097 483 441 1098 1098 470 441 1099 1099 469 441 1100 1100 472 442 1101 1101 470 442 1102 1102 483 442 1103 1103 474 443 1104 1104 299 443 1105 1105 315 443 1106 1106 16 444 1107 1107 455 444 1108 1108 68 444 1109 1109 455 445 1110 1110 463 445 1111 1111 68 445 1112 1112 463 446 1113 1113 462 446 1114 1114 497 446 1115 1115 497 447 1116 1116 68 447 1117 1117 463 447 1118 1118 25 448 1119 1119 498 448 1120 1120 474 448 1121 1121 317 449 1122 1122 500 449 1123 1123 25 449 1124 1124 41 450 1125 1125 442 450 1126 1126 503 450 1127 1127 442 451 1128 1128 441 451 1129 1129 503 451 1130 1130 41 452 1131 1131 433 452 1132 1132 442 452 1133 1133 41 453 1134 1134 42 453 1135 1135 433 453 1136 1136 242 454 1137 1137 250 454 1138 1138 318 454 1139 1139 250 455 1140 1140 306 455 1141 1141 318 455 1142 1142 306 456 1143 1143 484 456 1144 1144 318 456 1145 1145 484 457 1146 1146 483 457 1147 1147 318 457 1148 1148 483 458 1149 1149 469 458 1150 1150 318 458 1151 1151 469 459 1152 1152 297 459 1153 1153 318 459 1154 1154 297 460 1155 1155 295 460 1156 1156 318 460 1157 1157 295 461 1158 1158 450 461 1159 1159 318 461 1160 1160 450 462 1161 1161 448 462 1162 1162 318 462 1163 1163 448 463 1164 1164 312 463 1165 1165 318 463 1166 1166 312 464 1167 1167 429 464 1168 1168 318 464 1169 1169 429 465 1170 1170 428 465 1171 1171 318 465 1172 1172 428 466 1173 1173 288 466 1174 1174 318 466 1175 1175 288 467 1176 1176 243 467 1177 1177 318 467 1178 1178 243 468 1179 1179 242 468 1180 1180 318 468 1181 1181 319 469 1182 1182 309 469 1183 1183 345 469 1184 1184 345 470 1185 1185 320 470 1186 1186 319 470 1187 1187 321 471 1188 1188 322 471 1189 1189 424 471 1190 1190 323 472 1191 1191 325 472 1192 1192 324 472 1193 1193 324 473 1194 1194 326 473 1195 1195 323 473 1196 1196 324 474 1197 1197 327 474 1198 1198 326 474 1199 1199 326 475 1200 1200 327 475 1201 1201 320 475 1202 1202 327 476 1203 1203 319 476 1204 1204 320 476 1205 1205 321 477 1206 1206 328 477 1207 1207 323 477 1208 1208 323 478 1209 1209 322 478 1210 1210 321 478 1211 1211 328 479 1212 1212 325 479 1213 1213 323 479 1214 1214 331 480 1215 1215 330 480 1216 1216 329 480 1217 1217 332 481 1218 1218 329 481 1219 1219 330 481 1220 1220 330 482 1221 1221 421 482 1222 1222 332 482 1223 1223 322 483 1224 1224 332 483 1225 1225 421 483 1226 1226 421 484 1227 1227 424 484 1228 1228 322 484 1229 1229 434 485 1230 1230 334 485 1231 1231 333 485 1232 1232 329 486 1233 1233 333 486 1234 1234 334 486 1235 1235 334 487 1236 1236 331 487 1237 1237 329 487 1238 1238 336 488 1239 1239 335 488 1240 1240 291 488 1241 1241 291 489 1242 1242 438 489 1243 1243 336 489 1244 1244 438 490 1245 1245 440 490 1246 1246 336 490 1247 1247 364 491 1248 1248 336 491 1249 1249 440 491 1250 1250 440 492 1251 1251 337 492 1252 1252 364 492 1253 1253 338 493 1254 1254 457 493 1255 1255 335 493 1256 1256 457 494 1257 1257 291 494 1258 1258 335 494 1259 1259 292 495 1260 1260 460 495 1261 1261 339 495 1262 1262 340 496 1263 1263 339 496 1264 1264 460 496 1265 1265 460 497 1266 1266 293 497 1267 1267 340 497 1268 1268 293 498 1269 1269 341 498 1270 1270 340 498 1271 1271 339 499 1272 1272 342 499 1273 1273 302 499 1274 1274 302 500 1275 1275 292 500 1276 1276 339 500 1277 1277 478 501 1278 1278 303 501 1279 1279 343 501 1280 1280 343 502 1281 1281 303 502 1282 1282 480 502 1283 1283 480 503 1284 1284 344 503 1285 1285 343 503 1286 1286 346 504 1287 1287 344 504 1288 1288 480 504 1289 1289 480 505 1290 1290 304 505 1291 1291 346 505 1292 1292 309 506 1293 1293 310 506 1294 1294 345 506 1295 1295 345 507 1296 1296 310 507 1297 1297 478 507 1298 1298 478 508 1299 1299 343 508 1300 1300 345 508 1301 1301 304 509 1302 1302 301 509 1303 1303 346 509 1304 1304 426 510 1305 1305 349 510 1306 1306 348 510 1307 1307 348 511 1308 1308 347 511 1309 1309 426 511 1310 1310 350 512 1311 1311 351 512 1312 1312 349 512 1313 1313 349 513 1314 1314 426 513 1315 1315 350 513 1316 1316 350 514 1317 1317 353 514 1318 1318 352 514 1319 1319 351 515 1320 1320 350 515 1321 1321 352 515 1322 1322 347 516 1323 1323 348 516 1324 1324 321 516 1325 1325 321 517 1326 1326 424 517 1327 1327 347 517 1328 1328 490 518 1329 1329 491 518 1330 1330 355 518 1331 1331 300 519 1332 1332 316 520 1333 1333 299 521 1334 1334 319 522 1335 1335 355 522 1336 1336 491 522 1337 1337 491 523 1338 1338 309 523 1339 1339 319 523 1340 1340 510 524 1341 1341 234 524 1342 1342 509 524 1343 1343 486 525 1344 1344 356 525 1345 1345 485 525 1346 1346 357 526 1347 1347 431 526 1348 1348 358 526 1349 1349 358 527 1350 1350 444 527 1351 1351 357 527 1352 1352 446 528 1353 1353 359 528 1354 1354 431 528 1355 1355 431 529 1356 1356 357 529 1357 1357 446 529 1358 1358 446 530 1359 1359 361 530 1360 1360 360 530 1361 1361 359 531 1362 1362 446 531 1363 1363 360 531 1364 1364 444 532 1365 1365 358 532 1366 1366 434 532 1367 1367 434 533 1368 1368 337 533 1369 1369 444 533 1370 1370 294 534 1371 1371 367 534 1372 1372 454 534 1373 1373 454 535 1374 1374 465 535 1375 1375 294 535 1376 1376 467 536 1377 1377 452 536 1378 1378 367 536 1379 1379 367 537 1380 1380 294 537 1381 1381 467 537 1382 1382 467 538 1383 1383 449 538 1384 1384 451 538 1385 1385 452 539 1386 1386 467 539 1387 1387 451 539 1388 1388 425 540 1389 1389 509 540 1390 1390 234 540 1391 1391 362 541 1392 1392 473 541 1393 1393 300 541 1394 1394 300 542 1395 1395 482 542 1396 1396 362 542 1397 1397 363 543 1398 1398 298 543 1399 1399 473 543 1400 1400 473 544 1401 1401 362 544 1402 1402 363 544 1403 1403 363 545 1404 1404 468 545 1405 1405 471 545 1406 1406 298 546 1407 1407 363 546 1408 1408 471 546 1409 1409 482 547 1410 1410 300 547 1411 1411 301 547 1412 1412 301 548 1413 1413 304 548 1414 1414 482 548 1415 1415 338 549 1416 1416 340 549 1417 1417 341 549 1418 1418 346 550 1419 1419 301 550 1420 1420 342 550 1421 1421 364 551 1422 1422 337 551 1423 1423 434 551 1424 1424 364 552 1425 1425 434 552 1426 1426 333 552 1427 1427 297 553 1428 1428 467 554 1429 1429 295 555 1430 1430 505 556 1431 1431 418 556 1432 1432 435 556 1433 1433 353 557 1434 1434 350 557 1435 1435 264 557 1436 1436 353 558 1437 1437 264 558 1438 1438 265 558 1439 1439 265 559 1440 1440 249 559 1441 1441 353 559 1442 1442 477 560 1443 1443 495 560 1444 1444 479 560 1445 1445 485 561 1446 1446 356 561 1447 1447 267 561 1448 1448 267 562 1449 1449 268 562 1450 1450 485 562 1451 1451 289 563 1452 1452 261 563 1453 1453 262 563 1454 1454 488 564 1455 1455 355 564 1456 1456 354 564 1457 1457 479 565 1458 1458 33 565 1459 1459 481 565 1460 1460 255 566 1461 1461 256 566 1462 1462 467 566 1463 1463 467 567 1464 1464 296 567 1465 1465 255 567 1466 1466 449 568 1467 1467 467 568 1468 1468 256 568 1469 1469 256 569 1470 1470 257 569 1471 1471 449 569 1472 1472 419 570 1473 1473 50 570 1474 1474 46 570 1475 1475 421 571 1476 1476 419 572 1477 1477 420 573 1478 1478 267 574 1479 1479 356 574 1480 1480 266 574 1481 1481 260 575 1482 1482 446 575 1483 1483 259 575 1484 1484 260 576 1485 1485 261 576 1486 1486 361 576 1487 1487 260 577 1488 1488 361 577 1489 1489 446 577 1490 1490 253 578 1491 1491 363 578 1492 1492 252 578 1493 1493 253 579 1494 1494 254 579 1495 1495 468 579 1496 1496 253 580 1497 1497 468 580 1498 1498 363 580 1499 1499 350 581 1500 1500 263 581 1501 1501 264 581 1502 1502 342 582 1503 1503 301 582 1504 1504 302 582 1505 1505 454 583 1506 1506 368 583 1507 1507 338 583 1508 1508 368 584 1509 1509 457 584 1510 1510 338 584 1511 1511 378 585 1512 1512 371 586 1513 1513 379 587 1514 1514 382 588 1515 1515 375 589 1516 1516 383 590 1517 1517 384 591 1518 1518 369 592 1519 1519 377 593 1520 1520 382 588 1521 1521 373 594 1522 1522 374 595 1523 1523 377 593 1524 1524 370 596 1525 1525 378 585 1526 1526 380 597 1527 1527 371 586 1528 1528 372 598 1529 1529 380 597 1530 1530 373 594 1531 1531 381 599 1532 1532 399 600 1533 1533 392 135 1534 1534 400 135 1535 1535 16 206 1536 1536 13 42 1537 1537 17 51 1538 1538 393 134 1539 1539 386 601 1540 1540 394 601 1541 1541 397 602 1542 1542 390 603 1543 1543 398 603 1544 1544 25 70 1545 1545 27 73 1546 1546 498 129 1547 1547 325 604 1548 1548 248 605 1549 1549 236 606 1550 1550 399 600 1551 1551 390 603 1552 1552 391 607 1553 1553 395 96 1554 1554 386 601 1555 1555 387 96 1556 1556 412 608 1557 1557 405 609 1558 1558 406 313 1559 1559 410 610 1560 1560 407 314 1561 1561 408 611 1562 1562 416 612 1563 1563 403 613 1564 1564 415 614 1565 1565 415 614 1566 1566 404 615 1567 1567 414 616 1568 1568 413 617 1569 1569 404 615 1570 1570 405 609 1571 1571 417 618 1572 1572 402 619 1573 1573 416 612 1574 1574 410 610 1575 1575 401 620 1576 1576 417 618 1577 1577 181 264 1578 1578 226 259 1579 1579 182 176 1580 1580 416 612 1581 1581 409 621 1582 1582 417 618 1583 1583 415 614 1584 1584 409 621 1585 1585 416 612 1586 1586 414 616 1587 1587 409 621 1588 1588 415 614 1589 1589 413 617 1590 1590 409 621 1591 1591 414 616 1592 1592 412 608 1593 1593 409 621 1594 1594 413 617 1595 1595 411 312 1596 1596 409 621 1597 1597 412 608 1598 1598 410 610 1599 1599 409 621 1600 1600 411 312 1601 1601 417 618 1602 1602 409 621 1603 1603 410 610 1604 1604 379 622 1605 1605 380 622 1606 1606 381 622 1607 1607 381 623 1608 1608 382 623 1609 1609 383 623 1610 1610 383 624 1611 1611 384 624 1612 1612 377 624 1613 1613 397 602 1614 1614 388 97 1615 1615 389 602 1616 1616 378 625 1617 1617 379 625 1618 1618 377 625 1619 1619 408 626 1620 1620 407 626 1621 1621 406 626 1622 1622 406 627 1623 1623 405 627 1624 1624 404 627 1625 1625 404 628 1626 1626 403 628 1627 1627 402 628 1628 1628 502 212 1629 1629 71 6 1630 1630 37 16 1631 1631 401 629 1632 1632 408 629 1633 1633 402 629 1634 1634 478 349 1635 1635 477 630 1636 1636 303 631 1637 1637 440 632 1638 1638 437 633 1639 1639 439 634 1640 1640 420 573 1641 1641 422 635 1642 1642 421 571 1643 1643 422 635 1644 1644 423 636 1645 1645 424 637 1646 1646 424 637 1647 1647 421 571 1648 1648 422 635 1649 1649 309 638 1650 1650 308 342 1651 1651 492 639 1652 1652 425 640 1653 1653 426 327 1654 1654 347 641 1655 1655 312 642 1656 1656 357 643 1657 1657 445 644 1658 1658 448 331 1659 1659 446 645 1660 1660 312 642 1661 1661 242 646 1662 1662 353 647 1663 1663 249 648 1664 1664 451 649 1665 1665 450 650 1666 1666 313 306 1667 1667 351 283 1668 1668 244 651 1669 1669 245 652 1670 1670 488 653 1671 1671 489 341 1672 1672 490 654 1673 1673 341 655 1674 1674 454 655 1675 1675 338 655 1676 1676 269 656 1677 1677 485 656 1678 1678 268 656 1679 1679 269 657 1680 1680 363 657 1681 1681 305 657 1682 1682 292 658 1683 1683 475 659 1684 1684 458 660 1685 1685 425 640 1686 1686 427 328 1687 1687 426 327 1688 1688 292 658 1689 1689 459 316 1690 1690 460 661 1691 1691 327 320 1692 1692 237 662 1693 1693 238 318 1694 1694 439 634 1695 1695 441 663 1696 1696 440 632 1697 1697 441 663 1698 1698 442 664 1699 1699 337 665 1700 1700 337 665 1701 1701 440 632 1702 1702 441 663 1703 1703 424 637 1704 1704 425 640 1705 1705 347 641 1706 1706 443 666 1707 1707 357 643 1708 1708 444 667 1709 1709 242 646 1710 1710 356 668 1711 1711 250 669 1712 1712 484 329 1713 1713 485 670 1714 1714 305 671 1715 1715 352 672 1716 1716 243 673 1717 1717 244 651 1718 1718 488 653 1719 1719 307 337 1720 1720 487 674 1721 1721 359 675 1722 1722 311 676 1723 1723 431 677 1724 1724 358 678 1725 1725 311 676 1726 1726 432 344 1727 1727 321 679 1728 1728 247 680 1729 1729 234 681 1730 1730 334 682 1731 1731 433 345 1732 1732 435 683 1733 1733 291 684 1734 1734 437 633 1735 1735 438 685 1736 1736 443 666 1737 1737 445 644 1738 1738 357 643 1739 1739 331 686 1740 1740 419 572 1741 1741 330 687 1742 1742 480 688 1743 1743 477 630 1744 1744 479 689 1745 1745 461 317 1746 1746 462 690 1747 1747 293 315 1748 1748 462 690 1749 1749 463 691 1750 1750 341 322 1751 1751 341 322 1752 1752 293 315 1753 1753 462 690 1754 1754 304 692 1755 1755 315 693 1756 1756 482 694 1757 1757 464 323 1758 1758 294 695 1759 1759 465 324 1760 1760 250 669 1761 1761 354 325 1762 1762 241 410 1763 1763 428 696 1764 1764 350 697 1765 1765 288 326 1766 1766 428 696 1767 1767 361 698 1768 1768 289 699 1769 1769 360 700 1770 1770 429 701 1771 1771 290 702 1772 1772 359 675 1773 1773 290 702 1774 1774 430 703 1775 1775 384 591 1776 1776 375 589 1777 1777 376 704 1778 1778 348 705 1779 1779 246 284 1780 1780 247 680 1781 1781 368 706 1782 1782 453 707 1783 1783 455 347 1784 1784 328 708 1785 1785 234 681 1786 1786 248 605 1787 1787 291 684 1788 1788 456 348 1789 1789 436 709 1790 1790 464 323 1791 1791 466 710 1792 1792 294 695 1793 1793 325 604 1794 1794 237 662 1795 1795 324 711 1796 1796 297 553 1797 1797 468 712 1798 1798 296 713 1799 1799 479 689 1800 1800 481 714 1801 1801 480 688 1802 1802 481 714 1803 1803 317 715 1804 1804 304 692 1805 1805 304 692 1806 1806 480 688 1807 1807 481 714 1808 1808 337 665 1809 1809 443 666 1810 1810 444 667 1811 1811 315 693 1812 1812 362 82 1813 1813 482 694 1814 1814 295 555 1815 1815 294 695 1816 1816 466 710 1817 1817 254 716 1818 1818 296 716 1819 1819 468 716 1820 1820 310 717 1821 1821 492 639 1822 1822 493 350 1823 1823 471 718 1824 1824 469 719 1825 1825 470 720 1826 1826 298 721 1827 1827 470 720 1828 1828 472 722 1829 1829 298 721 1830 1830 316 520 1831 1831 473 723 1832 1832 454 724 1833 1833 366 338 1834 1834 453 707 1835 1835 301 725 1836 1836 299 521 1837 1837 474 726 1838 1838 302 727 1839 1839 474 726 1840 1840 475 659 1841 1841 331 686 1842 1842 435 683 1843 1843 418 728 1844 1844 315 693 1845 1845 314 83 1846 1846 362 82 1847 1847 248 729 1848 1848 57 729 1849 1849 236 729 1850 1850 104 0 1851 1851 110 85 1852 1852 111 1 1853 1853 32 3 1854 1854 28 7 1855 1855 106 2 1856 1856 28 7 1857 1857 36 88 1858 1858 116 8 1859 1859 114 9 1860 1860 105 197 1861 1861 106 2 1862 1862 70 10 1863 1863 187 35 1864 1864 194 11 1865 1865 71 6 1866 1866 1 5 1867 1867 2 15 1868 1868 148 17 1869 1869 147 227 1870 1870 141 18 1871 1871 108 20 1872 1872 97 113 1873 1873 100 21 1874 1874 86 26 1875 1875 96 144 1876 1876 94 27 1877 1877 496 29 1878 1878 6 151 1879 1879 39 30 1880 1880 93 32 1881 1881 82 156 1882 1882 85 28 1883 1883 153 33 1884 1884 152 229 1885 1885 189 34 1886 1886 123 36 1887 1887 45 111 1888 1888 40 37 1889 1889 141 18 1890 1890 147 227 1891 1891 144 39 1892 1892 65 44 1893 1893 69 153 1894 1894 501 45 1895 1895 142 47 1896 1896 141 18 1897 1897 140 40 1898 1898 99 52 1899 1899 90 178 1900 1900 91 53 1901 1901 284 55 1902 1902 256 223 1903 1903 255 56 1904 1904 75 61 1905 1905 76 67 1906 1906 194 11 1907 1907 499 63 1908 1908 30 80 1909 1909 31 64 1910 1910 115 66 1911 1911 116 8 1912 1912 76 67 1913 1913 150 69 1914 1914 151 167 1915 1915 142 47 1916 1916 25 70 1917 1917 500 195 1918 1918 35 71 1919 1919 270 74 1920 1920 287 404 1921 1921 253 75 1922 1922 504 77 1923 1923 47 120 1924 1924 55 78 1925 1925 483 81 1926 1926 363 330 1927 1927 362 82 1928 1928 107 84 1929 1929 108 20 1930 1930 109 22 1931 1931 192 86 1932 1932 190 188 1933 1933 72 87 1934 1934 122 90 1935 1935 121 140 1936 1936 120 91 1937 1937 64 93 1938 1938 508 147 1939 1939 58 94 1940 1940 395 96 1941 1941 387 96 1942 1942 388 97 1943 1943 52 99 1944 1944 505 406 1945 1945 42 100 1946 1946 56 102 1947 1947 63 142 1948 1948 62 103 1949 1949 282 105 1950 1950 258 219 1951 1951 257 106 1952 1952 113 108 1953 1953 114 9 1954 1954 115 66 1955 1955 55 78 1956 1956 47 120 1957 1957 49 112 1958 1958 97 113 1959 1959 98 297 1960 1960 99 52 1961 1961 509 114 1962 1962 62 103 1963 1963 61 115 1964 1964 133 117 1965 1965 132 222 1966 1966 126 118 1967 1967 133 117 1968 1968 128 119 1969 1969 49 112 1970 1970 272 123 1971 1971 268 170 1972 1972 267 124 1973 1973 128 119 1974 1974 127 218 1975 1975 136 127 1976 1976 498 129 1977 1977 27 73 1978 1978 30 80 1979 1979 146 130 1980 1980 148 17 1981 1981 138 128 1982 1982 21 132 1983 1983 22 60 1984 1984 23 59 1985 1985 393 134 1986 1986 400 135 1987 1987 392 135 1988 1988 18 50 1989 1989 19 49 1990 1990 11 23 1991 1991 68 137 1992 1992 497 296 1993 1993 12 43 1994 1994 121 140 1995 1995 118 166 1996 1996 117 141 1997 1997 64 93 1998 1998 66 95 1999 1999 65 44 2000 2000 89 143 2001 2001 95 185 2002 2002 96 144 2003 2003 62 103 2004 2004 509 114 2005 2005 507 145 2006 2006 59 138 2007 2007 58 94 2008 2008 508 147 2009 2009 408 730 2010 2010 406 730 2011 2011 404 730 2012 2012 381 731 2013 2013 383 731 2014 2014 377 731 2015 2015 14 41 2016 2016 12 43 2017 2017 23 59 2018 2018 101 54 2019 2019 111 1 2020 2020 109 22 2021 2021 159 154 2022 2022 158 254 2023 2023 83 155 2024 2024 77 157 2025 2025 78 68 2026 2026 75 61 2027 2027 0 4 2028 2028 4 12 2029 2029 3 14 2030 2030 165 159 2031 2031 97 113 2032 2032 108 20 2033 2033 119 92 2034 2034 130 164 2035 2035 131 161 2036 2036 177 162 2037 2037 178 224 2038 2038 129 163 2039 2039 74 158 2040 2040 75 61 2041 2041 73 62 2042 2042 4 12 2043 2043 36 88 2044 2044 34 89 2045 2045 143 19 2046 2046 142 47 2047 2047 151 167 2048 2048 174 168 2049 2049 177 162 2050 2050 130 164 2051 2051 272 123 2052 2052 271 203 2053 2053 269 169 2054 2054 40 37 2055 2055 6 151 2056 2056 10 24 2057 2057 103 172 2058 2058 166 217 2059 2059 169 173 2060 2060 45 111 2061 2061 123 36 2062 2062 133 117 2063 2063 173 174 2064 2064 174 168 2065 2065 119 92 2066 2066 137 131 2067 2067 134 184 2068 2068 145 175 2069 2069 140 40 2070 2070 181 264 2071 2071 182 176 2072 2072 495 177 2073 2073 494 293 2074 2074 3 14 2075 2075 19 49 2076 2076 17 51 2077 2077 13 42 2078 2078 72 87 2079 2079 154 204 2080 2080 155 179 2081 2081 15 180 2082 2082 18 50 2083 2083 9 25 2084 2084 135 182 2085 2085 179 208 2086 2086 180 183 2087 2087 29 65 2088 2088 31 64 2089 2089 22 60 2090 2090 31 64 2091 2091 32 3 2092 2092 24 58 2093 2093 93 32 2094 2094 92 221 2095 2095 163 186 2096 2096 190 188 2097 2097 192 86 2098 2098 193 189 2099 2099 187 35 2100 2100 193 189 2101 2101 192 86 2102 2102 150 69 2103 2103 139 48 2104 2104 182 176 2105 2105 110 85 2106 2106 104 0 2107 2107 103 172 2108 2108 171 192 2109 2109 112 109 2110 2110 77 157 2111 2111 33 194 2112 2112 34 89 2113 2113 35 71 2114 2114 196 196 2115 2115 197 205 2116 2116 190 188 2117 2117 60 139 2118 2118 143 19 2119 2119 153 33 2120 2120 32 3 2121 2121 30 80 2122 2122 27 73 2123 2123 145 175 2124 2124 183 252 2125 2125 184 198 2126 2126 113 108 2127 2127 112 109 2128 2128 171 192 2129 2129 281 200 2130 2130 280 292 2131 2131 260 201 2132 2132 270 74 2133 2133 252 76 2134 2134 269 169 2135 2135 154 204 2136 2136 72 87 2137 2137 190 188 2138 2138 16 206 2139 2139 17 51 2140 2140 18 50 2141 2141 28 7 2142 2142 26 72 2143 2143 35 71 2144 2144 135 182 2145 2145 124 233 2146 2146 176 207 2147 2147 149 209 2148 2148 152 229 2149 2149 151 167 2150 2150 113 108 2151 2151 170 199 2152 2152 167 210 2153 2153 501 45 2154 2154 69 153 2155 2155 38 152 2156 2156 53 122 2157 2157 52 99 2158 2158 43 101 2159 2159 172 213 2160 2160 173 174 2161 2161 120 91 2162 2162 8 181 2163 2163 9 25 2164 2164 10 24 2165 2165 39 30 2166 2166 40 37 2167 2167 45 111 2168 2168 77 157 2169 2169 74 158 2170 2170 155 179 2171 2171 495 177 2172 2172 5 13 2173 2173 34 89 2174 2174 508 732 2175 2175 64 732 2176 2176 238 732 2177 2177 41 216 2178 2178 503 31 2179 2179 39 30 2180 2180 166 217 2181 2181 103 172 2182 2182 102 211 2183 2183 96 144 2184 2184 86 26 2185 2185 11 23 2186 2186 122 90 2187 2187 131 161 2188 2188 133 117 2189 2189 180 183 2190 2190 183 252 2191 2191 145 175 2192 2192 282 105 2193 2193 281 200 2194 2194 259 202 2195 2195 88 220 2196 2196 160 246 2197 2197 163 186 2198 2198 84 171 2199 2199 80 165 2200 2200 81 38 2201 2201 108 20 2202 2202 107 84 2203 2203 169 173 2204 2204 284 55 2205 2205 283 107 2206 2206 257 106 2207 2207 123 36 2208 2208 81 38 2209 2209 118 166 2210 2210 178 224 2211 2211 175 232 2212 2212 125 225 2213 2213 49 112 2214 2214 128 119 2215 2215 138 128 2216 2216 56 102 2217 2217 138 128 2218 2218 148 17 2219 2219 184 198 2220 2220 181 264 2221 2221 140 40 2222 2222 164 226 2223 2223 98 297 2224 2224 97 113 2225 2225 57 148 2226 2226 510 116 2227 2227 61 115 2228 2228 59 138 2229 2229 61 115 2230 2230 63 142 2231 2231 185 191 2232 2232 186 245 2233 2233 149 209 2234 2234 78 68 2235 2235 77 157 2236 2236 112 109 2237 2237 159 154 2238 2238 82 156 2239 2239 93 32 2240 2240 102 211 2241 2241 103 172 2242 2242 104 0 2243 2243 79 228 2244 2244 157 241 2245 2245 172 213 2246 2246 66 95 2247 2247 58 94 2248 2248 60 139 2249 2249 195 230 2250 2250 196 196 2251 2251 191 190 2252 2252 175 232 2253 2253 176 207 2254 2254 124 233 2255 2255 132 222 2256 2256 129 163 2257 2257 125 225 2258 2258 274 234 2259 2259 266 405 2260 2260 265 235 2261 2261 285 57 2262 2262 255 56 2263 2263 254 237 2264 2264 161 239 2265 2265 160 246 2266 2266 88 220 2267 2267 40 37 2268 2268 11 23 2269 2269 86 26 2270 2270 69 153 2271 2271 65 44 2272 2272 67 146 2273 2273 149 209 2274 2274 186 245 2275 2275 195 230 2276 2276 41 216 2277 2277 44 110 2278 2278 43 101 2279 2279 70 10 2280 2280 0 4 2281 2281 71 6 2282 2282 83 155 2283 2283 158 254 2284 2284 157 241 2285 2285 82 156 2286 2286 83 155 2287 2287 84 171 2288 2288 170 199 2289 2289 171 192 2290 2290 215 242 2291 2291 185 191 2292 2292 229 260 2293 2293 230 244 2294 2294 160 246 2295 2295 204 261 2296 2296 207 247 2297 2297 176 207 2298 2298 175 232 2299 2299 219 248 2300 2300 180 183 2301 2301 179 208 2302 2302 223 250 2303 2303 183 252 2304 2304 227 282 2305 2305 228 253 2306 2306 158 254 2307 2307 159 154 2308 2308 203 255 2309 2309 176 207 2310 2310 220 249 2311 2311 223 250 2312 2312 167 210 2313 2313 211 277 2314 2314 210 257 2315 2315 173 174 2316 2316 217 267 2317 2317 218 258 2318 2318 185 191 2319 2319 182 176 2320 2320 226 259 2321 2321 161 239 2322 2322 205 279 2323 2323 204 261 2324 2324 196 196 2325 2325 195 230 2326 2326 231 262 2327 2327 181 264 2328 2328 184 198 2329 2329 228 253 2330 2330 186 245 2331 2331 230 244 2332 2332 231 262 2333 2333 173 174 2334 2334 172 213 2335 2335 216 266 2336 2336 164 226 2337 2337 165 159 2338 2338 209 268 2339 2339 197 205 2340 2340 196 196 2341 2341 232 263 2342 2342 174 168 2343 2343 218 258 2344 2344 221 271 2345 2345 154 204 2346 2346 197 205 2347 2347 233 270 2348 2348 154 204 2349 2349 198 272 2350 2350 199 273 2351 2351 162 187 2352 2352 163 186 2353 2353 207 247 2354 2354 162 187 2355 2355 206 274 2356 2356 203 255 2357 2357 169 173 2358 2358 166 217 2359 2359 210 257 2360 2360 158 254 2361 2361 202 256 2362 2362 201 276 2363 2363 157 241 2364 2364 201 276 2365 2365 216 266 2366 2366 170 199 2367 2367 214 243 2368 2368 211 277 2369 2369 156 193 2370 2370 200 278 2371 2371 215 242 2372 2372 156 193 2373 2373 155 179 2374 2374 199 273 2375 2375 161 239 2376 2376 164 226 2377 2377 208 269 2378 2378 178 224 2379 2379 177 162 2380 2380 221 271 2381 2381 178 224 2382 2382 222 280 2383 2383 219 248 2384 2384 168 160 2385 2385 169 173 2386 2386 213 275 2387 2387 183 252 2388 2388 180 183 2389 2389 224 251 2390 2390 168 160 2391 2391 212 281 2392 2392 209 268 2393 2393 351 283 2394 2394 245 652 2395 2395 246 284 2396 2396 277 286 2397 2397 276 290 2398 2398 264 287 2399 2399 46 289 2400 2400 50 407 2401 2401 51 126 2402 2402 188 231 2403 2403 189 34 2404 2404 152 229 2405 2405 275 236 2406 2406 265 235 2407 2407 264 287 2408 2408 279 291 2409 2409 261 408 2410 2410 260 201 2411 2411 506 79 2412 2412 55 78 2413 2413 54 104 2414 2414 19 49 2415 2415 14 41 2416 2416 91 53 2417 2417 99 52 2418 2418 98 297 2419 2419 87 240 2420 2420 87 240 2421 2421 88 220 2422 2422 89 143 2423 2423 494 293 2424 2424 2 15 2425 2425 1 5 2426 2426 63 142 2427 2427 148 17 2428 2428 143 19 2429 2429 277 286 2430 2430 263 288 2431 2431 262 294 2432 2432 191 190 2433 2433 193 189 2434 2434 189 34 2435 2435 6 151 2436 2436 496 29 2437 2437 7 214 2438 2438 105 197 2439 2439 114 9 2440 2440 113 108 2441 2441 92 221 2442 2442 95 185 2443 2443 89 143 2444 2444 129 163 2445 2445 132 222 2446 2446 131 161 2447 2447 92 221 2448 2448 93 32 2449 2449 94 27 2450 2450 84 171 2451 2451 83 155 2452 2452 79 228 2453 2453 124 233 2454 2454 127 218 2455 2455 126 118 2456 2456 147 227 2457 2457 146 130 2458 2458 145 175 2459 2459 497 296 2460 2460 20 133 2461 2461 23 59 2462 2462 80 165 2463 2463 79 228 2464 2464 117 141 2465 2465 135 182 2466 2466 136 127 2467 2467 127 218 2468 2468 76 67 2469 2469 116 8 2470 2470 36 88 2471 2471 164 226 2472 2472 161 239 2473 2473 87 240 2474 2474 319 301 2475 2475 235 321 2476 2476 240 302 2477 2477 237 733 2478 2478 236 733 2479 2479 57 733 2480 2480 452 305 2481 2481 451 649 2482 2482 313 306 2483 2483 476 734 2484 2484 2 734 2485 2485 494 734 2486 2486 64 735 2487 2487 511 735 2488 2488 239 735 2489 2489 411 312 2490 2490 412 608 2491 2491 406 313 2492 2492 293 315 2493 2493 460 661 2494 2494 459 316 2495 2495 341 322 2496 2496 463 691 2497 2497 464 323 2498 2498 288 326 2499 2499 350 697 2500 2500 426 327 2501 2501 484 329 2502 2502 305 671 2503 2503 363 330 2504 2504 448 331 2505 2505 450 650 2506 2506 449 332 2507 2507 259 736 2508 2508 446 736 2509 2509 447 736 2510 2510 486 335 2511 2511 485 670 2512 2512 306 336 2513 2513 452 305 2514 2514 365 307 2515 2515 366 338 2516 2516 491 340 2517 2517 490 654 2518 2518 489 341 2519 2519 434 343 2520 2520 358 678 2521 2521 432 344 2522 2522 457 346 2523 2523 368 706 2524 2524 455 347 2525 2525 478 349 2526 2526 310 717 2527 2527 493 350 2528 2528 493 737 2529 2529 37 737 2530 2530 2 737 2531 2531 504 738 2532 2532 506 738 2533 2533 422 738 2534 2534 42 739 2535 2535 505 739 2536 2536 435 739 2537 2537 48 121 2538 2538 51 126 2539 2539 53 122 2540 2540 316 740 2541 2541 314 740 2542 2542 315 740 2543 2543 315 741 2544 2544 317 741 2545 2545 25 741 2546 2546 350 742 2547 2547 289 742 2548 2548 262 742 2549 2549 266 743 2550 2550 356 743 2551 2551 249 743 2552 2552 46 744 2553 2553 504 744 2554 2554 420 744 2555 2555 287 404 2556 2556 286 238 2557 2557 254 237 2558 2558 134 184 2559 2559 137 131 2560 2560 136 127 2561 2561 67 146 2562 2562 153 33 2563 2563 187 35 2564 2564 274 234 2565 2565 273 125 2566 2566 267 124 2567 2567 111 1 2568 2568 101 54 2569 2569 24 58 2570 2570 14 41 2571 2571 24 58 2572 2572 101 54 2573 2573 4 12 2574 2574 0 4 2575 2575 194 11 2576 2576 46 289 2577 2577 48 121 2578 2578 47 120 2579 2579 505 406 2580 2580 52 99 2581 2581 51 126 2582 2582 278 295 2583 2583 262 294 2584 2584 261 408 2585 2585 449 745 2586 2586 257 745 2587 2587 258 745 2588 2588 311 746 2589 2589 445 746 2590 2590 443 746 2591 2591 366 747 2592 2592 466 747 2593 2593 464 747 2594 2594 240 748 2595 2595 308 748 2596 2596 489 748 2597 2597 486 749 2598 2598 488 749 2599 2599 354 749 2600 2600 246 750 2601 2601 427 750 2602 2602 425 750 2603 2603 300 519 2604 2604 473 723 2605 2605 316 520 2606 2606 510 751 2607 2607 248 751 2608 2608 234 751 2609 2609 425 752 2610 2610 423 752 2611 2611 509 752 2612 2612 297 553 2613 2613 296 713 2614 2614 467 554 2615 2615 505 753 2616 2616 50 753 2617 2617 418 753 2618 2618 477 754 2619 2619 494 754 2620 2620 495 754 2621 2621 289 755 2622 2622 361 755 2623 2623 261 755 2624 2624 488 756 2625 2625 490 756 2626 2626 355 756 2627 2627 479 757 2628 2628 495 757 2629 2629 33 757 2630 2630 419 758 2631 2631 418 758 2632 2632 50 758 2633 2633 421 571 2634 2634 330 687 2635 2635 419 572 2636 2636 378 585 2637 2637 370 596 2638 2638 371 586 2639 2639 382 588 2640 2640 374 595 2641 2641 375 589 2642 2642 384 591 2643 2643 376 704 2644 2644 369 592 2645 2645 382 588 2646 2646 381 599 2647 2647 373 594 2648 2648 377 593 2649 2649 369 592 2650 2650 370 596 2651 2651 380 597 2652 2652 379 587 2653 2653 371 586 2654 2654 380 597 2655 2655 372 598 2656 2656 373 594 2657 2657 399 600 2658 2658 391 607 2659 2659 392 135 2660 2660 16 206 2661 2661 68 137 2662 2662 13 42 2663 2663 393 134 2664 2664 385 136 2665 2665 386 601 2666 2666 397 602 2667 2667 389 602 2668 2668 390 603 2669 2669 25 70 2670 2670 26 72 2671 2671 27 73 2672 2672 325 604 2673 2673 328 708 2674 2674 248 605 2675 2675 399 600 2676 2676 398 603 2677 2677 390 603 2678 2678 395 96 2679 2679 394 601 2680 2680 386 601 2681 2681 412 608 2682 2682 413 617 2683 2683 405 609 2684 2684 410 610 2685 2685 411 312 2686 2686 407 314 2687 2687 416 612 2688 2688 402 619 2689 2689 403 613 2690 2690 415 614 2691 2691 403 613 2692 2692 404 615 2693 2693 413 617 2694 2694 414 616 2695 2695 404 615 2696 2696 417 618 2697 2697 401 620 2698 2698 402 619 2699 2699 410 610 2700 2700 408 611 2701 2701 401 620 2702 2702 181 264 2703 2703 225 265 2704 2704 226 259 2705 2705 397 602 2706 2706 396 98 2707 2707 388 97 2708 2708 502 212 2709 2709 38 152 2710 2710 71 6 2711 2711 478 349 2712 2712 476 351 2713 2713 477 630 2714 2714 440 632 2715 2715 438 685 2716 2716 437 633 2717 2717 309 638 2718 2718 491 340 2719 2719 308 342 2720 2720 312 642 2721 2721 446 645 2722 2722 357 643 2723 2723 448 331 2724 2724 447 333 2725 2725 446 645 2726 2726 242 646 2727 2727 243 673 2728 2728 353 647 2729 2729 451 649 2730 2730 449 332 2731 2731 450 650 2732 2732 351 283 2733 2733 352 672 2734 2734 244 651 2735 2735 488 653 2736 2736 487 674 2737 2737 489 341 2738 2738 341 759 2739 2739 465 759 2740 2740 454 759 2741 2741 269 760 2742 2742 305 760 2743 2743 485 760 2744 2744 269 761 2745 2745 252 761 2746 2746 363 761 2747 2747 292 658 2748 2748 302 727 2749 2749 475 659 2750 2750 292 658 2751 2751 458 660 2752 2752 459 316 2753 2753 327 320 2754 2754 324 711 2755 2755 237 662 2756 2756 424 637 2757 2757 423 636 2758 2758 425 640 2759 2759 242 646 2760 2760 249 648 2761 2761 356 668 2762 2762 484 329 2763 2763 306 336 2764 2764 485 670 2765 2765 352 672 2766 2766 353 647 2767 2767 243 673 2768 2768 488 653 2769 2769 486 335 2770 2770 307 337 2771 2771 359 675 2772 2772 430 703 2773 2773 311 676 2774 2774 358 678 2775 2775 431 677 2776 2776 311 676 2777 2777 321 679 2778 2778 348 705 2779 2779 247 680 2780 2780 334 682 2781 2781 434 343 2782 2782 433 345 2783 2783 291 684 2784 2784 436 709 2785 2785 437 633 2786 2786 331 686 2787 2787 418 728 2788 2788 419 572 2789 2789 480 688 2790 2790 303 631 2791 2791 477 630 2792 2792 304 692 2793 2793 317 715 2794 2794 315 693 2795 2795 250 669 2796 2796 356 668 2797 2797 354 325 2798 2798 428 696 2799 2799 289 699 2800 2800 350 697 2801 2801 428 696 2802 2802 429 701 2803 2803 361 698 2804 2804 360 700 2805 2805 361 698 2806 2806 429 701 2807 2807 359 675 2808 2808 360 700 2809 2809 290 702 2810 2810 384 591 2811 2811 383 590 2812 2812 375 589 2813 2813 348 705 2814 2814 349 285 2815 2815 246 284 2816 2816 368 706 2817 2817 454 724 2818 2818 453 707 2819 2819 328 708 2820 2820 321 679 2821 2821 234 681 2822 2822 291 684 2823 2823 457 346 2824 2824 456 348 2825 2825 325 604 2826 2826 236 606 2827 2827 237 662 2828 2828 297 553 2829 2829 469 719 2830 2830 468 712 2831 2831 337 665 2832 2832 442 664 2833 2833 443 666 2834 2834 295 555 2835 2835 467 554 2836 2836 294 695 2837 2837 254 762 2838 2838 255 762 2839 2839 296 762 2840 2840 310 717 2841 2841 309 638 2842 2842 492 639 2843 2843 471 718 2844 2844 468 712 2845 2845 469 719 2846 2846 298 721 2847 2847 471 718 2848 2848 470 720 2849 2849 298 721 2850 2850 472 722 2851 2851 316 520 2852 2852 454 724 2853 2853 367 339 2854 2854 366 338 2855 2855 301 725 2856 2856 300 519 2857 2857 299 521 2858 2858 302 727 2859 2859 301 725 2860 2860 474 726 2861 2861 331 686 2862 2862 334 682 2863 2863 435 683 2864 2864 248 763 2865 2865 510 763 2866 2866 57 763 2867 2867</p>
        </triangles>
        <triangles material="rollcage_01a-material" count="144">
          <input semantic="VERTEX" source="#ibishu_wheel_07a_14x7-mesh-vertices" offset="0"/>
          <input semantic="NORMAL" source="#ibishu_wheel_07a_14x7-mesh-normals" offset="1"/>
          <input semantic="TEXCOORD" source="#ibishu_wheel_07a_14x7-mesh-map-0" offset="2" set="0"/>
          <input semantic="COLOR" source="#ibishu_wheel_07a_14x7-mesh-colors-geom-ibishu_wheel_07a_14x7-map0" offset="3" set="0"/>
          <p>538 764 2868 2868 573 765 2869 2869 574 766 2870 2870 541 767 2871 2871 574 766 2872 2872 577 768 2873 2873 514 769 2874 2874 565 770 2875 2875 529 771 2876 2876 546 772 2877 2877 581 773 2878 2878 582 774 2879 2879 535 775 2880 2880 572 776 2881 2881 536 777 2882 2882 547 778 2883 2883 582 774 2884 2884 583 779 2885 2885 517 780 2886 2886 552 781 2887 2887 516 782 2888 2888 543 783 2889 2889 580 784 2890 2890 544 785 2891 2891 544 785 2892 2892 581 773 2893 2893 545 786 2894 2894 525 787 2895 2895 560 788 2896 2896 524 789 2897 2897 534 790 2898 2898 573 765 2899 2899 537 791 2900 2900 534 790 2901 2901 569 792 2902 2902 570 793 2903 2903 512 794 2904 2904 583 779 2905 2905 548 795 2906 2906 513 796 2907 2907 550 797 2908 2908 514 769 2909 2909 527 798 2910 2910 562 799 2911 2911 526 800 2912 2912 526 800 2913 2913 559 801 2914 2914 523 802 2915 2915 535 775 2916 2916 568 803 2917 2917 571 804 2918 2918 520 805 2919 2919 553 806 2920 2920 517 780 2921 2921 515 807 2922 2922 552 781 2923 2923 551 808 2924 2924 519 809 2925 2925 558 810 2926 2926 555 811 2927 2927 527 798 2928 2928 560 788 2929 2929 563 812 2930 2930 520 805 2931 2931 557 813 2932 2932 556 814 2933 2933 518 815 2934 2934 557 813 2935 2935 521 816 2936 2936 540 817 2937 2937 575 818 2938 2938 576 819 2939 2939 528 820 2940 2940 565 770 2941 2941 564 821 2942 2942 530 822 2943 2943 567 823 2944 2944 531 824 2945 2945 515 807 2946 2946 566 825 2947 2947 530 822 2948 2948 565 770 2949 2949 600 826 2950 2950 564 821 2951 2951 562 799 2952 2952 595 827 2953 2953 559 801 2954 2954 555 811 2955 2955 590 828 2956 2956 554 829 2957 2957 582 774 2958 2958 619 830 2959 2959 583 779 2960 2960 567 823 2961 2961 604 831 2962 2962 568 803 2963 2963 563 812 2964 2964 596 832 2965 2965 599 833 2966 2966 556 814 2967 2967 589 834 2968 2968 553 806 2969 2969 577 768 2970 2970 610 835 2971 2971 613 836 2972 2972 553 806 2973 2973 588 837 2974 2974 552 781 2975 2975 555 811 2976 2976 594 838 2977 2977 591 839 2978 2978 576 819 2979 2979 615 840 2980 2980 579 841 2981 2981 581 773 2982 2982 618 842 2983 2983 582 774 2984 2984 583 779 2985 2985 584 843 2986 2986 548 795 2987 2987 557 813 2988 2988 590 828 2989 2989 593 844 2990 2990 551 808 2991 2991 602 845 2992 2992 566 825 2993 2993 578 846 2994 2994 613 836 2995 2995 614 847 2996 2996 579 841 2997 2997 616 848 2998 2998 580 784 2999 2999 572 776 3000 3000 607 849 3001 3001 608 850 3002 3002 560 788 3003 3003 597 851 3004 3004 596 832 3005 3005 572 776 3006 3006 605 852 3007 3007 569 792 3008 3008 550 797 3009 3009 601 853 3010 3010 565 770 3011 3011 566 825 3012 3012 603 854 3013 3013 567 823 3014 3014 561 855 3015 3015 600 826 3016 3016 597 851 3017 3017 581 773 3018 3018 616 848 3019 3019 617 856 3020 3020 551 808 3021 3021 588 837 3022 3022 587 857 3023 3023 573 765 3024 3024 606 858 3025 3025 609 859 3026 3026 549 860 3027 3027 584 843 3028 3028 585 861 3029 3029 576 819 3030 3030 611 862 3031 3031 612 863 3032 3032 571 804 3033 3033 604 831 3034 3034 607 849 3035 3035 573 765 3036 3036 610 835 3037 3037 574 766 3038 3038 557 813 3039 3039 592 864 3040 3040 556 814 3041 3041 549 860 3042 3042 586 865 3043 3043 550 797 3044 3044 558 810 3045 3045 595 827 3046 3046 594 838 3047 3047 563 812 3048 3048 598 866 3049 3049 562 799 3050 3050 570 793 3051 3051 605 852 3052 3052 606 858 3053 3053 533 867 3054 3054 572 776 3055 3055 569 792 3056 3056 528 820 3057 3057 561 855 3058 3058 525 787 3059 3059 541 767 3060 3060 578 846 3061 3061 542 868 3062 3062 512 794 3063 3063 549 860 3064 3064 513 796 3065 3065 519 809 3066 3066 554 829 3067 3067 518 815 3068 3068 532 869 3069 3069 567 823 3070 3070 568 803 3071 3071 543 783 3072 3072 576 819 3073 3073 579 841 3074 3074 542 868 3075 3075 575 818 3076 3076 539 870 3077 3077 578 846 3078 3078 611 862 3079 3079 575 818 3080 3080 523 802 3081 3081 558 810 3082 3082 522 871 3083 3083 538 764 3084 3084 537 791 3085 3085 573 765 3086 3086 541 767 3087 3087 538 764 3088 3088 574 766 3089 3089 514 769 3090 3090 550 797 3091 3091 565 770 3092 3092 546 772 3093 3093 545 786 3094 3094 581 773 3095 3095 535 775 3096 3096 571 804 3097 3097 572 776 3098 3098 547 778 3099 3099 546 772 3100 3100 582 774 3101 3101 517 780 3102 3102 553 806 3103 3103 552 781 3104 3104 543 783 3105 3105 579 841 3106 3106 580 784 3107 3107 544 785 3108 3108 580 784 3109 3109 581 773 3110 3110 525 787 3111 3111 561 855 3112 3112 560 788 3113 3113 534 790 3114 3114 570 793 3115 3115 573 765 3116 3116 534 790 3117 3117 533 867 3118 3118 569 792 3119 3119 512 794 3120 3120 547 778 3121 3121 583 779 3122 3122 513 796 3123 3123 549 860 3124 3124 550 797 3125 3125 527 798 3126 3126 563 812 3127 3127 562 799 3128 3128 526 800 3129 3129 562 799 3130 3130 559 801 3131 3131 535 775 3132 3132 532 869 3133 3133 568 803 3134 3134 520 805 3135 3135 556 814 3136 3136 553 806 3137 3137 515 807 3138 3138 516 782 3139 3139 552 781 3140 3140 519 809 3141 3141 522 871 3142 3142 558 810 3143 3143 527 798 3144 3144 524 789 3145 3145 560 788 3146 3146 520 805 3147 3147 521 816 3148 3148 557 813 3149 3149 518 815 3150 3150 554 829 3151 3151 557 813 3152 3152 540 817 3153 3153 539 870 3154 3154 575 818 3155 3155 528 820 3156 3156 529 771 3157 3157 565 770 3158 3158 530 822 3159 3159 566 825 3160 3160 567 823 3161 3161 515 807 3162 3162 551 808 3163 3163 566 825 3164 3164 565 770 3165 3165 601 853 3166 3166 600 826 3167 3167 562 799 3168 3168 598 866 3169 3169 595 827 3170 3170 555 811 3171 3171 591 839 3172 3172 590 828 3173 3173 582 774 3174 3174 618 842 3175 3175 619 830 3176 3176 567 823 3177 3177 603 854 3178 3178 604 831 3179 3179 563 812 3180 3180 560 788 3181 3181 596 832 3182 3182 556 814 3183 3183 592 864 3184 3184 589 834 3185 3185 577 768 3186 3186 574 766 3187 3187 610 835 3188 3188 553 806 3189 3189 589 834 3190 3190 588 837 3191 3191 555 811 3192 3192 558 810 3193 3193 594 838 3194 3194 576 819 3195 3195 612 863 3196 3196 615 840 3197 3197 581 773 3198 3198 617 856 3199 3199 618 842 3200 3200 583 779 3201 3201 619 830 3202 3202 584 843 3203 3203 557 813 3204 3204 554 829 3205 3205 590 828 3206 3206 551 808 3207 3207 587 857 3208 3208 602 845 3209 3209 578 846 3210 3210 577 768 3211 3211 613 836 3212 3212 579 841 3213 3213 615 840 3214 3214 616 848 3215 3215 572 776 3216 3216 571 804 3217 3217 607 849 3218 3218 560 788 3219 3219 561 855 3220 3220 597 851 3221 3221 572 776 3222 3222 608 850 3223 3223 605 852 3224 3224 550 797 3225 3225 586 865 3226 3226 601 853 3227 3227 566 825 3228 3228 602 845 3229 3229 603 854 3230 3230 561 855 3231 3231 564 821 3232 3232 600 826 3233 3233 581 773 3234 3234 580 784 3235 3235 616 848 3236 3236 551 808 3237 3237 552 781 3238 3238 588 837 3239 3239 573 765 3240 3240 570 793 3241 3241 606 858 3242 3242 549 860 3243 3243 548 795 3244 3244 584 843 3245 3245 576 819 3246 3246 575 818 3247 3247 611 862 3248 3248 571 804 3249 3249 568 803 3250 3250 604 831 3251 3251 573 765 3252 3252 609 859 3253 3253 610 835 3254 3254 557 813 3255 3255 593 844 3256 3256 592 864 3257 3257 549 860 3258 3258 585 861 3259 3259 586 865 3260 3260 558 810 3261 3261 559 801 3262 3262 595 827 3263 3263 563 812 3264 3264 599 833 3265 3265 598 866 3266 3266 570 793 3267 3267 569 792 3268 3268 605 852 3269 3269 533 867 3270 3270 536 777 3271 3271 572 776 3272 3272 528 820 3273 3273 564 821 3274 3274 561 855 3275 3275 541 767 3276 3276 577 768 3277 3277 578 846 3278 3278 512 794 3279 3279 548 795 3280 3280 549 860 3281 3281 519 809 3282 3282 555 811 3283 3283 554 829 3284 3284 532 869 3285 3285 531 824 3286 3286 567 823 3287 3287 543 783 3288 3288 540 817 3289 3289 576 819 3290 3290 542 868 3291 3291 578 846 3292 3292 575 818 3293 3293 578 846 3294 3294 614 847 3295 3295 611 862 3296 3296 523 802 3297 3297 559 801 3298 3298 558 810 3299 3299</p>
        </triangles>
      </mesh>
    </geometry>
    <geometry id="ibishu_wheel_07a_14x7_flipped-mesh" name="ibishu_wheel_07a_14x7_flipped">
      <mesh>
        <source id="ibishu_wheel_07a_14x7_flipped-mesh-positions">
          <float_array id="ibishu_wheel_07a_14x7_flipped-mesh-positions-array" count="1860">5.671431 16.58708 -6.037217 7.499579 17.59215 -8.201866 8.110303 17.59214 -8.201865 7.49958 15.9003 -11.13221 5.67143 13.52192 -11.34624 7.499578 13.7253 -13.72428 7.499562 -18.75121 5.026034 8.11028 -19.33879 1.693767 8.11028 -19.33878 -1.689942 7.499561 -19.33878 -1.689943 7.49956 -19.33878 1.693764 5.671413 -17.65162 -3.96166e-7 7.499564 -13.72706 -13.72429 7.499562 -15.90207 -11.13222 5.671416 -13.52192 -11.34624 8.110286 -18.75121 -5.022221 8.110285 -17.59391 -8.201868 7.499566 -17.59391 -8.201869 7.499563 -18.75121 -5.022222 5.671418 -16.58709 -6.037209 8.11028 -11.13503 -15.89928 8.110287 -8.204648 -17.59113 7.499564 -8.204646 -17.59113 7.499564 -11.13502 -15.89928 5.671417 -8.825809 -15.28675 8.110294 5.023262 -18.74841 7.499572 5.023262 -18.74841 7.49957 1.690957 -19.33599 5.671425 3.065168 -17.38344 8.110291 -5.025024 -18.74841 7.499569 -1.692719 -19.33599 7.499571 -5.025023 -18.74841 5.671421 -3.065171 -17.38345 8.110296 11.13325 -15.89927 7.499572 11.13326 -15.89927 7.499569 8.202879 -17.59113 5.671422 8.825806 -15.28675 8.110301 18.74944 -5.022227 7.499578 19.33701 -1.689946 7.499563 -17.59391 8.205698 5.671415 -16.5871 6.037212 8.110284 -15.90208 11.13605 8.110284 -13.72706 13.72812 7.499564 -13.72706 13.72811 7.499561 -15.90207 11.13605 5.671417 -13.52192 11.34625 8.110288 -5.025011 18.75224 7.49957 -1.692711 19.33981 7.49957 -5.025012 18.75224 5.671421 -3.065163 17.38344 8.110291 -8.204633 17.59496 7.499571 -8.204632 17.59496 7.499569 -11.13501 15.9031 5.671423 -8.825798 15.28675 7.49957 5.023266 18.75223 7.499572 1.690965 19.33981 5.671424 3.065178 17.38345 8.110301 13.72531 13.7281 7.499579 15.90032 11.13603 7.499578 13.72531 13.72809 5.67143 13.52193 11.34623 7.499577 11.13326 15.90308 7.499578 8.202887 17.59494 5.671429 8.825818 15.28674 8.110299 17.59215 8.205677 7.499578 18.74944 5.026031 7.499575 17.59216 8.205676 5.671428 16.58709 6.037198 8.110284 -15.90208 -11.13222 7.499581 19.33702 1.693745 5.67143 17.65161 -1.27085e-5 7.499581 18.74943 -5.022234 -8.110282 17.59215 -8.201876 -7.499563 17.59215 -8.201875 -8.110281 15.90031 -11.13222 -7.499558 15.90031 -11.13222 -5.671415 13.52191 -11.34624 -8.110282 13.7253 -13.72429 -7.499563 13.7253 -13.72429 -8.110301 -18.7512 5.026049 -7.499579 -18.7512 5.02605 -5.671431 -16.58709 6.037215 -8.110302 -19.33878 -1.68993 -8.110304 -19.33877 1.693779 -7.499584 -19.33878 1.69378 -7.499581 -19.33878 -1.689932 -5.671432 -17.65161 9.60906e-6 -8.110301 -13.72707 -13.72428 -8.110301 -15.90207 -11.1322 -7.499579 -15.90207 -11.1322 -7.499578 -13.72707 -13.72428 -5.67143 -13.52193 -11.34623 -8.1103 -17.59391 -8.201854 -8.110301 -18.75121 -5.022206 -7.499582 -18.75121 -5.022207 -7.499576 -17.59391 -8.201852 -5.67143 -16.5871 -6.037199 -8.110298 -8.204648 -17.59113 -8.110301 -11.13502 -15.89927 -7.499578 -11.13502 -15.89927 -7.499577 -8.204648 -17.59113 -5.67143 -8.825819 -15.28674 -8.11029 5.023256 -18.74842 -8.110289 1.690951 -19.33599 -7.499571 1.690951 -19.33599 -7.499568 5.023257 -18.74842 -5.671421 3.065162 -17.38344 -8.11029 -1.692725 -19.33599 -8.110291 -5.02503 -18.74841 -7.499571 -5.02503 -18.74841 -7.49957 -1.692725 -19.33599 -5.671422 -3.06518 -17.38345 -8.110288 11.13326 -15.89928 -8.110286 8.202876 -17.59113 -7.499569 8.202875 -17.59113 -7.499568 11.13326 -15.89928 -5.671422 8.825798 -15.28674 -8.110301 -17.59391 8.205688 -7.499578 -17.59391 8.205693 -8.110301 -13.72705 13.72811 -8.110301 -15.90207 11.13604 -7.499583 -15.90207 11.13604 -7.499579 -13.72706 13.72811 -5.671431 -13.52192 11.34624 -8.110296 -1.692712 19.33981 -8.110295 -5.025012 18.75223 -7.499573 -5.02501 18.75224 -7.499571 -1.692711 19.33981 -5.671425 -3.065161 17.38346 -8.110297 -8.204629 17.59495 -8.110297 -11.135 15.90309 -7.499573 -11.13501 15.90309 -7.499573 -8.204629 17.59495 -5.671424 -8.825801 15.28675 -8.110295 5.023272 18.75224 -8.110295 1.690967 19.33981 -7.499572 1.690968 19.33981 -7.49957 5.023273 18.75224 -5.671425 3.065181 17.38345 -8.110284 15.90032 11.13604 -8.110283 13.72531 13.7281 -7.499564 13.72531 13.7281 -7.499562 15.90032 11.13604 -5.671416 13.52192 11.34623 -8.110285 11.13327 15.90309 -8.110287 8.202888 17.59494 -7.499565 8.202888 17.59494 -7.499566 11.13326 15.90309 -5.671416 8.825817 15.28675 -8.110283 18.74945 5.026037 -8.110285 17.59215 8.205682 -7.499566 17.59216 8.205681 -7.499559 18.74945 5.026037 -5.671417 16.58709 6.0372 -8.11028 15.5707 -7.259254 -8.110281 14.07326 -9.85291 -8.110285 12.14816 -12.14715 -8.110301 -16.59678 4.448774 -8.110301 -17.11684 1.499378 -8.110303 -17.11684 -1.495538 -8.1103 -14.07501 -9.85289 -8.110299 -12.14993 -12.14714 -8.110301 -16.59679 -4.444936 -8.110299 -15.57247 -7.25924 -8.110297 -9.855706 -14.07222 -8.1103 -7.262029 -15.56968 -8.110291 1.49656 -17.11406 -8.110289 4.445982 -16.594 -8.110294 -4.447751 -16.59399 -8.110289 -1.498335 -17.11406 -8.110291 7.260261 -15.56968 -8.110288 9.85394 -14.07222 -8.110305 -15.57246 7.263071 -8.110301 -14.07501 9.856723 -8.110301 -12.14991 12.15096 -8.110296 -4.447734 16.59781 -8.110295 -1.498318 17.11788 -8.110295 -9.85569 14.07605 -8.110291 -7.262015 15.57351 -8.110296 1.496574 17.11787 -8.110291 4.445993 16.59781 -8.110288 12.14817 12.15096 -8.110287 14.07327 9.856725 -8.110285 7.260271 15.5735 -8.110286 9.853954 14.07604 -8.110288 15.57071 7.263059 -8.110285 16.59503 4.448759 -5.671413 17.65161 -5.5643e-6 -8.110281 19.33703 1.693742 -7.49956 19.33703 1.693742 -8.110282 18.74944 -5.02223 -8.110281 19.33702 -1.689935 -7.49956 18.74944 -5.02223 -7.499563 19.33702 -1.689936 -5.671414 16.58708 -6.03722 -8.110284 17.1151 1.499353 -8.110286 17.11508 -1.495546 -8.110283 16.59502 -4.444955 -4.819757 13.92442 -6.491581 -4.819758 12.58529 -8.811027 -4.819757 10.86372 -10.86271 -4.819774 -14.84222 3.978641 -4.819774 -15.30729 1.341062 -4.819774 -15.30729 -1.337224 -4.819772 -12.58706 -8.81101 -4.81977 -10.86549 -10.8627 -4.81977 -14.84222 -3.974805 -4.819772 -13.9262 -6.491569 -4.819773 -8.813824 -12.58426 -4.819772 -6.49436 -13.9234 -4.819766 1.338242 -15.30451 -4.819765 3.975847 -14.83943 -4.819768 -3.977615 -14.83942 -4.819766 -1.340019 -15.30451 -4.819763 6.492587 -13.9234 -4.819765 8.812054 -12.58426 -4.819775 -13.92619 6.495401 -4.819776 -12.58705 8.814846 -4.819775 -10.86548 10.86653 -4.819769 -3.9776 14.84325 -4.819766 -1.340007 15.30832 -4.819767 -8.813813 12.58809 -4.819769 -6.494345 13.92723 -4.819767 1.338259 15.30832 -4.819764 3.975858 14.84324 -4.819762 10.86373 10.86652 -4.819762 12.58531 8.814845 -4.81976 6.4926 13.92722 -4.819759 8.81207 12.58809 -4.819758 13.92443 6.49539 -4.819762 14.84046 3.978631 -4.819762 15.30554 1.34104 -4.819762 15.30553 -1.337229 -4.819758 14.84046 -3.974819 8.110301 8.501119 14.8923 8.110298 16.88555 4.013206 8.110294 12.47479 12.46676 8.110291 14.42291 10.14506 8.110294 15.93829 7.520364 8.110301 16.96501 4.699476 8.110298 16.31918 3.787068 8.110298 14.42371 4.287261 8.110297 4.131726 8.878417 8.110287 2.86068 9.728147 8.110294 2.457585 10.60048 8.110287 2.691185 11.62958 8.110287 3.652859 12.54279 8.110298 6.976312 14.40124 8.110307 10.17108 14.3998 6.230288 4.521212 9.348815 8.110294 7.141858 7.307237 0.3429737 0 0 6.230317 6.750287 -3.897281 6.230311 5.010239 -5.970984 6.230302 2.665893 -7.324501 6.230303 -5.36462e-6 -7.794564 6.230306 -2.665906 -7.324492 6.230308 -5.010255 -5.970983 6.230307 -6.750292 -3.897279 6.230299 -7.676154 -1.353507 6.230298 -7.676147 1.353517 6.2303 -6.750286 3.897292 6.230302 -5.010245 5.970989 6.230307 -2.665888 7.324501 6.230307 6.94423e-6 7.794564 6.230307 2.665904 7.324493 6.230306 5.010254 5.970974 6.230306 6.75029 3.897275 6.23031 7.67615 1.353504 6.230308 7.67614 -1.353519 0.3429796 6.750287 -3.897282 0.3429709 7.676141 -1.35352 0.3429772 7.676149 1.353503 0.3429734 6.750291 3.897274 0.3429769 5.010254 5.970975 0.3429743 2.665904 7.324492 0.3429733 8.57388e-6 7.794563 0.342974 -2.665888 7.324501 0.3429689 -5.010244 5.970988 0.3429678 -6.750284 3.897291 0.342965 -7.676146 1.353516 0.3429664 -7.676151 -1.353508 0.342974 -6.750291 -3.897278 0.3429705 -5.010253 -5.97098 0.3429731 -2.665905 -7.324493 0.3429703 -4.80786e-6 -7.794563 0.3429696 2.665895 -7.3245 0.3429785 5.010241 -5.970982 8.110294 -4.74264 9.050374 6.230289 -7.494119 7.18887 8.110287 -9.322219 5.613032 6.230288 -16.56252 -2.609396 6.230293 -2.636416 -16.55823 6.230289 -7.711446 -14.86354 6.230294 -6.548174 -13.36597 8.110299 -1.4828 -10.10955 6.230296 1.837358 -10.22085 8.110301 1.875963 -9.611356 6.230293 3.97334 -10.99505 8.1103 2.820879 -15.75142 6.230293 2.568356 -15.27769 6.2303 1.859639 -16.23042 6.230296 0.3243634 -16.75033 6.230297 13.34089 -10.1544 6.230297 11.20121 -11.94781 6.230291 10.28838 -1.410985 8.110298 10.13601 0.2854931 8.110295 10.84109 0.9384259 8.110298 15.85219 -2.18464 6.230303 16.01071 -3.246854 6.230295 16.03074 -4.867648 8.110291 -10.80011 7.350012 8.110291 -10.07297 -1.713798 8.110295 -8.219036 -7.131433 8.110299 8.534602 -12.39293 8.110301 8.644619 -14.3502 8.110295 4.417241 -12.29443 8.110299 9.03444 -14.81921 8.110298 -2.24326e-7 9.61634e-7 6.230295 14.8244 6.960904 6.230257 17.72033 3.089696 6.230289 8.03552 14.22376 6.230247 6.154135 16.87379 6.23026 11.5661 13.74918 6.230291 13.77996 9.550064 6.230297 11.86558 11.84625 6.230258 15.58301 8.962019 6.230291 14.97526 7.492184 6.23029 9.58318 13.74195 6.230242 -6.154376 16.8738 6.230289 -4.824404 16.05666 6.230289 -7.59978 14.94554 6.230241 -1.16422e-4 17.95895 6.230239 -11.56632 13.7492 6.230289 -10.10801 13.36065 6.230238 -17.72061 -3.159483 6.230233 -17.72061 3.089711 6.230291 -16.08471 3.082078 6.23026 -15.58096 -8.403785 6.230244 -6.154387 -16.94356 6.230231 -11.56634 -13.81897 6.230301 -7.90168 -14.34505 6.230249 -1.30539e-4 -18.02873 6.23025 15.58298 -9.031807 6.230252 11.56609 -13.81896 6.230258 17.72033 -3.159497 6.230248 6.154125 -16.94356 6.230286 -2.028479 15.75427 6.230293 6.902153 13.86955 6.230288 4.084244 12.02241 6.230285 -5.784147 9.425204 6.230287 3.248224 11.23065 6.230283 3.119873 10.52113 6.230287 3.408559 9.967801 6.230295 13.15391 6.964382 6.230291 14.35637 6.797536 6.23029 7.176496 8.4136 6.230294 -14.73529 2.09737 6.230289 -11.05784 10.85027 6.23029 -9.677229 6.559706 6.230283 -9.042094 6.218383 6.230288 -8.426635 6.321951 6.230298 10.6883 -10.358 6.230295 10.21947 -4.225311 6.230241 -15.58325 8.962043 8.110285 -9.012908 -7.826681 8.110286 -10.32769 -8.000233 6.230291 -10.37082 -7.325672 6.230295 -14.86139 -6.784098 6.080292 -2.88884e-6 -16.66974 6.029198 -0.3606527 -16.52936 5.90585 -0.5100381 -16.19046 5.782498 -0.3606525 -15.85156 5.731408 -3.36439e-6 -15.71118 5.7825 0.3606457 -15.85156 5.905852 0.5100319 -16.19046 6.029201 0.3606455 -16.52936 6.679065 -3.43369e-6 -16.30004 6.642256 -0.2598151 -16.19891 6.553399 -0.3674327 -15.95477 6.46454 -0.2598151 -15.71063 6.427735 -2.95593e-6 -15.6095 6.46454 0.2598082 -15.71063 6.553401 0.3674263 -15.95477 6.642257 0.2598087 -16.19892 6.618611 -0.1907004 -16.13396 6.553393 -0.2696894 -15.95477 6.48817 -0.1907001 -15.77558 6.461158 -3.19447e-6 -15.70135 6.488173 0.1906937 -15.77558 6.553393 0.2696826 -15.95477 6.618611 0.1906937 -16.13397 6.645631 -3.19515e-6 -16.20819 7.328496 -0.1906999 -15.87559 7.263284 -0.2696895 -15.69639 7.19806 -0.1906999 -15.5172 7.171044 -3.29218e-6 -15.44297 7.19806 0.1906944 -15.5172 7.263284 0.2696829 -15.69639 7.328496 0.1906939 -15.87559 7.355512 -4.00811e-6 -15.94982 7.347512 -0.2462814 -15.92782 7.263287 -0.3482942 -15.6964 7.179055 -0.246282 -15.46497 7.144166 -2.81525e-6 -15.36911 7.179055 0.2462755 -15.46497 7.263288 0.3482864 -15.6964 7.347512 0.2462752 -15.92782 7.382401 -3.53138e-6 -16.02368 7.940515 -3.13635e-6 -15.4499 7.878488 -4.01352e-6 -15.7847 7.849107 0.2074571 -15.70395 7.77815 0.2933898 -15.509 7.707192 0.2074578 -15.31405 7.677804 -3.29752e-6 -15.2333 7.707192 -0.2074632 -15.31405 7.77815 -0.2933969 -15.509 7.849107 -0.2074635 -15.70395 8.110291 -8.001369 15.71721 8.11029 -5.191294 16.85255 8.110298 -2.226783 17.48268 6.23029 -2.497882 16.55753 8.1103 0.773307 17.58743 8.1103 1.401437 17.2998 6.23029 -2.03922 16.24989 8.1103 1.441189 16.69073 6.230289 -2.55874 14.66222 8.110294 0.3797439 15.0426 8.110296 -7.167103 6.673089 8.110288 -8.368019 5.726831 8.110288 -10.22876 6.153206 6.23029 -10.17189 7.599475 8.110295 -11.54044 11.08537 8.110296 -11.53627 12.68729 6.230293 -11.04448 12.03762 8.110297 -10.55169 14.1236 8.110291 -17.41991 -2.752387 8.110297 -17.63132 0.2709924 6.230294 -16.76162 0.3735014 8.110291 -17.31453 3.28513 6.23029 -16.51904 2.740935 8.110296 -16.48738 6.170818 8.110296 -16.01987 6.679049 8.110296 -15.42855 6.528873 6.230291 -15.61004 2.939141 8.110291 -14.18902 5.00958 6.230284 -10.7513 -2.588505 6.23029 -9.152832 -4.905848 8.110295 -8.561241 -4.754219 6.23029 -8.61651 -6.060617 8.110295 -8.032402 -6.188767 6.230285 -8.708196 -6.677955 6.230292 -9.229083 -7.176526 8.110294 -14.10882 -7.550022 6.230295 -13.73628 -7.163716 8.110298 -15.63093 -7.050817 8.110298 -16.69238 -5.670336 6.230291 -15.83028 -5.484625 8.110297 -2.765221 -17.41759 8.110297 -5.705954 -16.68437 6.230299 -5.534843 -15.82582 8.110294 -8.474678 -15.45166 8.110298 -10.96338 -13.773 8.110298 -11.30241 -13.17159 8.110299 -10.97686 -12.65561 6.230293 -7.619057 -13.93778 8.110295 -9.149044 -11.94651 6.230289 -0.8605211 -11.02498 6.230293 3.10134 -10.06762 8.11029 3.40372 -9.551699 8.110291 4.242575 -10.0205 6.230289 3.660132 -10.34559 8.110302 4.658476 -10.99036 6.230292 3.762372 -12.12699 8.110298 1.87558 -17.04458 8.110297 0.2347324 -17.62737 8.1103 15.7109 -8.011671 8.110296 14.10484 -10.5819 6.230296 14.93312 -7.624157 8.110296 12.07689 -12.83418 6.230298 11.7531 -11.92711 8.110299 9.711338 -14.68234 6.230294 10.9012 -11.55316 8.110299 9.15655 -4.534251 8.110297 9.72065 -1.185924 6.230292 10.53324 -0.1615143 6.230289 10.97028 0.2840306 8.110295 11.892 1.034267 6.230292 11.68474 0.3812168 8.110289 13.0577 0.4018597 6.230293 12.69609 -0.1692183 6.230295 15.32361 -2.278413 8.1103 16.7898 -3.482952 8.110302 16.83746 -5.22337 8.110298 15.9003 -11.13221 8.110298 13.7253 -13.72428 8.11028 -18.75122 5.026037 8.11028 -13.72707 -13.72429 8.110291 1.690956 -19.33599 8.110289 -1.69272 -19.33599 8.110294 8.202878 -17.59113 8.110301 19.33701 1.693753 8.110301 19.33701 -1.689955 8.110279 -17.59391 8.2057 8.11029 -1.692709 19.33981 8.110286 -11.13501 15.9031 8.110291 1.690966 19.33981 8.11029 5.023267 18.75223 8.110301 15.90032 11.13602 8.110295 8.202886 17.59494 8.110301 11.13327 15.90309 8.110296 18.74944 5.026025 -4.819757 13.92442 -6.491581 -4.819758 12.58529 -8.811027 -4.819757 10.86372 -10.86271 -4.819774 -14.84222 3.978641 -4.819774 -15.30729 1.341062 -4.819774 -15.30729 -1.337224 -4.819772 -12.58706 -8.81101 -4.81977 -10.86549 -10.8627 -4.81977 -14.84222 -3.974805 -4.819772 -13.9262 -6.491569 -4.819773 -8.813824 -12.58426 -4.819772 -6.49436 -13.9234 -4.819766 1.338242 -15.30451 -4.819765 3.975847 -14.83943 -4.819768 -3.977615 -14.83942 -4.819766 -1.340019 -15.30451 -4.819763 6.492587 -13.9234 -4.819765 8.812054 -12.58426 -4.819775 -13.92619 6.495401 -4.819776 -12.58705 8.814846 -4.819775 -10.86548 10.86653 -4.819769 -3.9776 14.84325 -4.819766 -1.340007 15.30832 -4.819767 -8.813813 12.58809 -4.819769 -6.494345 13.92723 -4.819767 1.338259 15.30832 -4.819764 3.975858 14.84324 -4.819762 10.86373 10.86652 -4.819762 12.58531 8.814845 -4.81976 6.4926 13.92722 -4.819759 8.81207 12.58809 -4.819758 13.92443 6.49539 -4.819762 14.84046 3.978631 -4.819762 15.30554 1.34104 -4.819762 15.30553 -1.337229 -4.819758 14.84046 -3.974819 5.659395 13.92443 -6.491582 5.659395 12.5853 -8.811028 5.659395 10.86372 -10.86271 5.659379 -14.84222 3.978642 5.659379 -15.30728 1.341061 5.659379 -15.30729 -1.337223 5.65938 -12.58706 -8.811007 5.659383 -10.86549 -10.8627 5.659382 -14.84222 -3.974808 5.659379 -13.92619 -6.491567 5.65938 -8.813826 -12.58426 5.659381 -6.494361 -13.9234 5.659387 1.338244 -15.30451 5.659388 3.975849 -14.83943 5.659386 -3.977617 -14.83942 5.659389 -1.340023 -15.30451 5.659389 6.492591 -13.9234 5.659388 8.812057 -12.58426 5.659378 -13.92619 6.495403 5.659377 -12.58705 8.814847 5.659378 -10.86548 10.86653 5.659384 -3.977602 14.84325 5.659387 -1.340008 15.30833 5.659388 -8.813807 12.58809 5.659384 -6.494342 13.92724 5.659386 1.338258 15.30832 5.659387 3.975857 14.84325 5.65939 10.86373 10.86652 5.659391 12.58531 8.814845 5.659392 6.492601 13.92723 5.659393 8.812071 12.58809 5.659395 13.92444 6.495391 5.659391 14.84046 3.978633 5.659391 15.30555 1.341042 5.659391 15.30554 -1.337229 5.659394 14.84046 -3.974818 6.296787 15.70122 -7.320115 6.29679 14.19123 -9.93551 6.296789 12.24999 -12.24898 6.296769 -16.7359 4.486052 6.296766 -17.26031 1.511933 6.296769 -17.26031 -1.508089 6.29677 -14.19299 -9.935493 6.29677 -12.25177 -12.24897 6.296771 -16.73589 -4.482213 6.296773 -15.70299 -7.320097 6.296771 -9.938317 -14.19019 6.296772 -7.322896 -15.7002 6.296777 1.509109 -17.25753 6.296783 4.483255 -16.7331 6.296777 -4.485026 -16.7331 6.296782 -1.510889 -17.25753 6.29678 7.321126 -15.7002 6.296777 9.936538 -14.19019 6.29677 -15.70299 7.323936 6.296768 -14.19299 9.939335 6.296767 -12.25175 12.2528 6.296772 -4.485008 16.73693 6.296779 -1.510874 17.26134 6.296779 -9.938298 14.19402 6.296777 -7.32288 15.70404 6.296775 1.509126 17.26135 6.296778 4.483265 16.73692 6.296785 12.25 12.25279 6.296786 14.19124 9.939331 6.296783 7.321129 15.70402 6.296786 9.936553 14.19401 6.296782 15.70123 7.323926 6.296784 16.73414 4.486043 6.296784 17.25856 1.511908 6.296786 17.25855 -1.508095 6.296787 16.73413 -4.482225</float_array>
          <technique_common>
            <accessor source="#ibishu_wheel_07a_14x7_flipped-mesh-positions-array" count="620" stride="3">
              <param name="X" type="float"/>
              <param name="Y" type="float"/>
              <param name="Z" type="float"/>
            </accessor>
          </technique_common>
        </source>
        <source id="ibishu_wheel_07a_14x7_flipped-mesh-normals">
          <float_array id="ibishu_wheel_07a_14x7_flipped-mesh-normals-array" count="2613">0.3802374 0.07013285 -0.9222261 0.404589 -0.1587593 -0.9006127 0.3802374 -0.07013285 -0.9222261 0.3802729 0.8337317 -0.4003548 -0.6880072 0.7009781 -0.1878187 0.3802998 0.8960133 -0.2291992 -0.4046226 0.859327 -0.3127905 -0.3802998 0.8960133 -0.2291992 -0.3802372 0.8337507 -0.4003493 -0.6880188 -0.4162477 0.5944477 0.3806914 -0.3812713 0.8424407 -0.6879984 -0.3066893 0.6577233 0.3802062 0.3813354 -0.8426308 0.4045615 0.158791 -0.9006195 0.3802093 0.2494952 -0.8906139 -0.6880028 0.06323653 -0.7229477 -0.6880028 -0.06323653 -0.7229477 -0.4045689 0.7005489 -0.5878397 -0.3802431 0.7635992 -0.5218539 -0.3802064 0.6465461 -0.6613784 0.3806953 -0.5389369 0.7514109 -0.6880167 -0.5131438 0.5131438 0.3806999 -0.6464024 0.6612349 -0.3805465 0.6464317 0.6612946 -0.4049882 0.4571758 0.7918176 -0.3805759 0.5389711 0.7514467 -0.6880145 0.6577094 0.3066828 0.3804846 0.7635023 0.5218197 0.3804536 0.8336652 0.4003216 -0.4049517 -0.9143381 0 -0.3805171 -0.9202849 -0.09100914 -0.380605 -0.9202456 0.09103876 0.4049517 -0.9143381 0 0.3805164 -0.8959288 -0.2291705 0.4048368 -0.8592368 -0.3127605 0.3806322 0.2494313 0.8904511 -0.6879984 0.3066893 0.6577233 -0.6880072 0.1878187 0.7009781 -0.6700209 0.4771694 0.5686663 -0.7483575 0.5744295 0.3316504 -0.6700189 0.6428874 0.3711748 -0.6700189 -0.6428874 -0.3711748 -0.7483672 -0.6532076 -0.1151803 -0.6700254 -0.7310643 -0.1288838 0.3804235 -0.7635328 -0.5218196 0.3804536 -0.8336652 -0.4003216 -0.404589 -0.1587593 -0.9006127 -0.4045615 0.158791 -0.9006195 -0.6880072 0.7009781 0.1878187 0.3803989 0.8959701 0.2292038 -0.4047466 -0.7004784 -0.5878012 -0.3803672 -0.6464992 -0.6613318 -0.3804235 -0.7635328 -0.5218196 0.6880145 0.6577094 0.3066828 -0.3804846 0.7635023 0.5218197 0.6880188 0.5944477 0.4162477 -0.4048368 -0.8592368 -0.3127605 -0.3804582 -0.8336755 -0.400296 -0.3805164 -0.8959288 -0.2291705 0.4047136 0.9144436 0 0.4046226 0.859327 -0.3127905 -0.6880072 -0.1878187 -0.7009781 0.3802943 -0.3813319 -0.8425925 -0.6879984 -0.3066893 -0.6577233 0.6880027 -0.5944602 0.4162564 -0.3806999 -0.6464024 0.6612349 -0.380665 -0.7634359 0.5217854 -0.4046529 -0.4572069 -0.791971 -0.3802943 -0.3813319 -0.8425925 -0.3803632 -0.5390336 -0.7515097 0.3802431 0.7635992 -0.5218539 0.6880006 -0.5131546 0.5131546 -0.3806953 -0.5389369 0.7514109 -0.6880072 -0.7009781 -0.1878187 0.3805171 -0.9202849 -0.09100914 -0.6880028 -0.7229477 -0.06323653 0.4045689 0.7005489 -0.5878397 0.380209 0.5390618 -0.7515675 0.3802138 0.6465283 -0.6613914 0.6880027 -0.4162564 0.5944602 -0.3806958 -0.3812451 0.8424505 -0.6880027 0.5944602 -0.4162564 -0.6880006 0.5131546 -0.5131546 -0.3802093 0.2494952 -0.8906139 -0.3802374 0.07013285 -0.9222261 -0.6700189 0.6428874 -0.3711748 -0.7483607 0.4263529 -0.5081138 -0.6700209 0.4771694 -0.5686663 -0.7483607 -0.4263529 0.5081138 -0.6700189 -0.2538894 0.6975778 -0.6700209 -0.4771694 0.5686663 -0.3802374 -0.07013285 -0.9222261 -0.3802719 -0.2494962 -0.890587 0.8790506 0.4761028 -0.02441549 -0.3754441 0.9268299 0.005310297 -0.5359098 0.8438749 -0.02600198 -0.7483672 -0.6532076 0.1151803 -0.6700189 -0.6428874 0.3711748 -0.6700254 -0.7310643 0.1288838 -0.3806603 -0.833589 0.4002839 0.6879984 -0.6577233 0.3066893 -0.4045354 0.4572425 -0.7920104 -0.380209 0.5390618 -0.7515675 -0.3802062 0.3813354 -0.8426308 -0.6700254 0.7310643 0.1288838 0.6880027 -0.4162564 -0.5944602 0.6880006 -0.5131546 -0.5131546 -0.3420298 0 0.9396891 -0.2418358 -0.7071045 0.6644688 0.6880006 0.5131546 0.5131546 -0.4050497 0.1587604 0.9004054 -0.3806294 0.3812703 0.8424692 -0.4048085 0.8592719 0.3127011 -0.4047136 0.9144436 0 0.6880006 0.5131546 -0.5131546 -0.4050823 -0.7003868 0.5876792 0.4051113 -0.457116 0.7917891 0.6880027 -0.5944602 -0.4162564 0.6879984 -0.6577233 -0.3066893 0.3806948 -0.2494322 0.8904241 0.4051138 -0.1587311 0.9003818 -0.6879984 -0.6577233 -0.3066893 -0.3806932 -0.07013249 0.9220381 -0.4051138 -0.1587311 0.9003818 -0.3806948 -0.2494322 0.8904241 0.4049882 0.4571758 0.7918176 -0.4051113 -0.457116 0.7917891 0.3806671 0.07013332 0.9220488 0.4050497 0.1587604 0.9004054 -0.6880072 0.1878187 -0.7009781 -0.3806322 0.2494313 0.8904511 -0.3806671 0.07013332 0.9220488 0.3806294 0.3812703 0.8424692 0.6880072 -0.1878187 0.7009781 0.3805465 0.6464317 0.6612946 0.4049047 0.7004573 0.5877176 0.6880145 0.6577094 -0.3066828 -0.4049047 0.7004573 0.5877176 0.6880028 -0.7229477 -0.06323653 0.6880028 -0.7229477 0.06323653 0 -1 0 0.6879984 0.3066893 0.6577233 -0.3803885 0.8959761 0.2291975 -0.3804536 0.8336652 0.4003216 0.6880072 0.7009781 0.1878187 0.6880028 0.7229477 -0.06323653 0.6879925 0.7009936 -0.1878146 0.2418306 -0.7071197 -0.6644545 -0.4050227 -0.8591818 0.3126711 -0.3806024 -0.8958852 0.2291976 0.3803371 -0.5390399 -0.7515184 0.4047466 -0.7004784 -0.5878012 0.3803672 -0.6464992 -0.6613318 -0.3803902 0.9203344 0.09103852 -0.3803273 0.9203604 -0.09103804 0.4046529 -0.4572069 -0.791971 0.3802719 -0.2494962 -0.890587 -0.8735395 -0.3987281 0.279186 -0.8735369 -0.34419 0.34419 0.3803273 0.9203604 -0.09103804 -0.8735474 -0.04242146 0.484887 0.4045354 0.4572425 -0.7920104 -0.6880028 0.06323653 0.7229477 -0.8735374 -0.1259813 -0.4701715 -0.8735474 -0.04242146 -0.484887 0.6880072 -0.7009781 -0.1878187 0.4050227 -0.8591818 0.3126711 0.3806603 -0.833589 0.4002839 0.3806024 -0.8958852 0.2291976 0.4048085 0.8592719 0.3127011 -0.8735474 0.04242146 0.484887 -0.8735374 0.1259813 0.4701715 0.3420028 0 -0.9396989 0.3805789 -0.9202562 0.09103983 -0.6879984 0.6577233 -0.3066893 -0.2418358 0.7071045 0.6644688 -0.8735474 0.04242146 -0.484887 -0.6880028 -0.06323653 0.7229477 -0.8735474 -0.484887 -0.04242146 -0.6880028 0.7229477 0.06323653 0.3803902 0.9203344 0.09103852 -0.6880028 0.7229477 -0.06323653 -0.7483613 0.2268492 -0.6232936 -0.6700189 0.2538894 -0.6975778 -0.8735417 0.2056972 0.4411503 -0.6880027 -0.4162564 -0.5944602 -0.8735395 0.279186 0.3987281 -0.8735417 -0.4411503 0.2056972 -0.8735374 -0.4701715 0.1259813 0.4050823 -0.7003868 0.5876792 -0.8735395 -0.279186 -0.3987281 -0.8735417 -0.2056972 -0.4411503 -0.7483701 0 0.6632816 -0.6700189 0.2538894 0.6975778 -0.6700162 0 0.7423465 -0.8735474 0.484887 0.04242146 -0.7483549 0 -0.6632987 -0.6700189 -0.2538894 -0.6975778 -0.6700162 0 -0.7423465 -0.8735417 0.4411503 -0.2056972 -0.6880072 -0.7009781 0.1878187 -0.6879984 -0.6577233 0.3066893 -0.7483607 -0.4263529 -0.5081138 -0.6700209 -0.4771694 -0.5686663 -0.6880006 -0.5131546 -0.5131546 -0.6880027 -0.5944602 -0.4162564 -0.8735474 -0.484887 0.04242146 -0.8735369 0.34419 0.34419 -0.8735395 0.3987281 0.279186 0.6880028 0.06323653 0.7229477 -0.6880233 -0.1878147 0.7009634 -0.8735374 0.1259813 -0.4701715 -0.6879984 0.3066893 -0.6577233 -0.8735374 -0.1259813 0.4701715 -0.8735417 -0.2056972 0.4411503 1 -4.60932e-6 -2.16938e-6 0.3806932 -0.07013249 0.9220381 0.380665 -0.7634359 0.5217854 -0.6880006 0.5131546 0.5131546 -0.6880027 0.4162564 0.5944602 -0.6880189 -0.7229325 0.06323522 -0.8735374 0.4701715 -0.1259813 -0.8735474 0.484887 -0.04242146 -0.8735417 0.2056972 -0.4411503 0.6880027 0.4162564 -0.5944602 0.6879984 0.3066893 -0.6577233 -0.6880027 -0.5944602 0.4162564 -0.8735417 -0.4411503 -0.2056972 0.3805759 0.5389711 0.7514467 -0.8735395 -0.279186 0.3987281 -0.8735395 -0.3987281 -0.279186 -0.8735369 -0.34419 -0.34419 -0.6880027 0.4162564 -0.5944602 -0.8735374 0.4701715 0.1259813 0 1 0 -0.8735417 0.4411503 0.2056972 -0.8735395 0.279186 -0.3987281 0.9396947 -3.53205e-6 0.3420147 -0.8735395 0.3987281 -0.279186 -0.8735369 0.34419 -0.34419 -0.4832714 0.6190513 -0.6190513 -0.4832683 0.07629746 -0.8721413 -0.4832683 0.8721413 -0.07629746 -0.4832755 0.3699873 -0.7934446 -0.4832683 -0.07629746 -0.8721413 -0.4832786 -0.2265778 0.8456384 -0.4832683 -0.8721413 -0.07629746 -0.4832768 -0.717148 0.5021378 -0.4832786 -0.8456384 0.2265778 -0.4832768 -0.717148 -0.5021378 -0.4832683 0.8721413 0.07629746 -0.4832768 -0.5021378 0.717148 -0.8735374 -0.4701715 -0.1259813 -0.4832755 0.7934446 -0.3699873 -0.4832683 -0.07629746 0.8721413 -0.4832683 0.07629746 0.8721413 -0.4832755 0.7934446 0.3699873 -0.4832768 -0.5021378 -0.717148 -0.4832768 0.5021378 0.717148 -0.4832714 -0.6190513 -0.6190513 -0.4832786 -0.8456384 -0.2265778 -0.4832786 -0.2265778 -0.8456384 0.834365 0.3371763 -0.4360587 -0.6616469 0.6602429 -0.355391 -0.5980532 0.4969127 -0.6288165 -0.4832755 0.3699873 0.7934446 -0.4832768 0.717148 -0.5021378 -0.4832786 0.8456384 -0.2265778 -0.4832714 0.6190513 0.6190513 -0.7483672 0.6532076 -0.1151803 -0.6700254 0.7310643 -0.1288838 0.6880028 0.06323653 -0.7229477 0.6880028 -0.06323653 -0.7229477 0.6880072 0.1878187 -0.7009781 0.6880028 -0.06323653 0.7229477 -0.7483575 -0.5744295 0.3316504 -0.6880027 0.5944602 0.4162564 0.6880027 0.5944602 -0.4162564 0.6879925 -0.7009936 0.1878146 0.6880072 0.1878187 0.7009781 0.6880072 -0.1878187 -0.7009781 1 -1.41116e-6 2.66403e-7 1 -4.59878e-7 0 -0.3647597 -0.740323 0.5646878 0.9773029 -0.02969473 0.2097555 0.9865935 -0.1231449 0.1070918 1 4.33012e-7 5.4024e-6 1 7.16635e-7 -6.43842e-6 1 -2.84649e-6 -3.44007e-6 -0.6616351 -0.3252477 0.6756131 0.8712673 -0.4227545 0.2493433 -0.6730173 -0.6611452 0.3315645 1 3.18249e-6 -6.05824e-6 1 0 1.73168e-6 1 -1.38752e-6 -6.88509e-7 1 -3.90779e-6 1.4383e-6 0.6745279 0.614772 -0.4087392 -0.5567049 0.8056213 -0.2026184 0.4642601 0.8694348 0.168955 -0.5788081 0.4674718 0.6681701 0.8556151 0.167186 0.489869 -0.560598 0.2722879 0.7820417 0.8582291 -0.4672787 -0.2123522 -0.5787699 -0.7709811 -0.2657324 0.949298 -0.3143777 -3.05191e-5 -0.3647062 0.9308706 -0.02166873 0.9773049 0.1472839 -0.1522585 0.986603 0.1625162 -0.01425254 -0.318557 -0.02081394 0.9476752 -0.3754515 0.2813292 0.8831138 0.8790404 -0.3995555 -0.2600834 -0.3754434 -0.7467058 -0.5490654 -0.5359133 -0.6979996 -0.4749669 0.8227361 0.5605153 -0.09448736 -0.6137782 0.7851759 -0.08231115 -0.6709149 -0.3287279 0.6646889 0.8227322 -0.3979377 0.4059032 -0.6137706 -0.5868222 0.5281339 -1 4.61103e-6 6.62875e-7 -0.6730088 0.3399836 -0.6568641 0.8528681 0.4425941 -0.2769952 -0.6709094 0.6566568 -0.3445037 0.8343525 -0.01644957 0.5509858 -0.5980429 -0.03241074 0.8008086 -0.6456281 0.1525336 0.7482632 -0.6677926 0.7186682 -0.193828 0.8064728 0.5890837 0.05081462 -0.6456353 0.7587702 0.08615589 -0.5960955 0.718751 0.3578648 0.8717198 0.3001868 0.3872886 -0.6678329 0.4064313 0.6235487 -0.5611876 -0.7375277 0.3756612 0.8732551 -0.4786072 0.09143644 -0.5961381 -0.7917989 0.1329431 1 -1.39739e-6 -1.98689e-7 1 -6.91617e-7 4.33451e-6 1 -4.11517e-6 2.20028e-6 1 5.98042e-7 4.34673e-6 1 9.76082e-7 3.06553e-6 1 -1.06581e-6 1.72189e-6 1 -5.8752e-6 0 1 -1.09854e-5 -2.71471e-6 1 -8.17834e-6 2.66311e-6 1 -5.90882e-6 1.06084e-6 1 -5.21533e-6 2.26053e-6 1 -1.09522e-5 1.8298e-6 1 -5.79229e-6 -2.14162e-6 1 -7.08316e-6 -5.6388e-6 1 -4.82347e-6 9.78723e-7 1 -5.28906e-6 8.3467e-7 1 -8.56001e-7 -3.02073e-6 1 -2.312e-6 -3.60035e-6 1 -3.46309e-6 -1.63637e-6 1 -3.37675e-6 -6.49625e-6 1 -3.4183e-6 -7.77377e-6 1 -7.1306e-6 -7.53332e-6 1 -9.84007e-7 -2.86795e-6 1 2.27028e-6 -6.35641e-6 1 -2.79418e-7 -4.26299e-6 1 0 -3.84328e-6 1 2.23543e-6 -3.90714e-6 -1 2.87202e-6 -4.12324e-6 -1 -1.00838e-6 -5.54297e-6 1 1.27758e-6 -1.85808e-6 1 0 -1.83133e-6 1 -1.42884e-7 1.65277e-6 1 -1.28277e-6 1.50744e-7 1 -3.10594e-6 1.25261e-6 -1 8.14635e-7 -1.35919e-7 -1 2.8627e-6 1.60722e-6 -1 1.23916e-6 6.47126e-7 -1 1.03264e-6 -5.17437e-7 -1 1.38258e-6 -2.48203e-6 -1 -6.82687e-7 1.11745e-6 -1 9.69531e-7 -2.69221e-7 -1 -9.75267e-7 4.35877e-7 -1 -3.5712e-7 4.35876e-7 -1 -9.12165e-7 -3.08989e-6 -1 0 2.32295e-6 -1 8.03162e-7 -1.35917e-7 -1 1.77556e-6 6.87434e-7 -1 -2.68199e-7 0 -1 3.90107e-7 0 -1 9.60925e-7 -2.65397e-7 -1 -7.05636e-7 1.10777e-6 -1 6.71213e-7 -1.24281e-6 -0.7483613 0.2268492 0.6232936 -1 4.99681e-6 3.67946e-6 0.9423015 0.09885066 0.3198381 1 1.06575e-6 -7.893e-7 1 1.32815e-6 -1.49012e-6 1 1.17671e-6 -1.05483e-6 1 1.24287e-6 -6.9603e-6 1 -1.08254e-6 6.82023e-6 1 -9.21555e-7 -3.01886e-6 1 1.97185e-6 2.34284e-6 1 -2.32845e-6 0 1 -1.06663e-6 2.75553e-7 1 -7.3047e-7 -3.56674e-7 1 4.95132e-6 -3.30454e-6 1 2.20954e-6 1.62992e-6 1 0 1.42209e-7 1 -2.98427e-6 2.23975e-7 1 7.96875e-6 4.82866e-7 1 -2.35343e-7 0 1 0 6.30765e-7 1 0 3.89099e-7 1 2.15018e-6 -5.97794e-7 1 0 0 -1 1.67288e-6 -3.98754e-7 1 0 5.74129e-6 1 -8.237e-7 1.89103e-6 1 -2.76194e-7 0 1 -4.33021e-6 -8.6857e-6 1 4.14789e-6 3.09377e-6 1 -3.61065e-6 -9.76799e-7 1 -1.7053e-6 -3.59888e-6 1 1.23958e-5 -8.17893e-6 1 -9.4137e-7 0 1 -1.10477e-6 -2.4814e-7 1 -9.74297e-6 7.52922e-6 1 0 -1.49922e-6 1 -4.9544e-6 -2.96729e-6 1 -3.75033e-6 -2.99036e-6 1 -6.62361e-6 -6.80811e-6 1 -6.37483e-6 -3.73309e-6 1 0 -2.88519e-6 1 7.28803e-7 -1.93109e-6 1 -8.48261e-6 2.78451e-6 1 -5.04022e-6 5.30186e-6 1 -3.56224e-6 2.66194e-6 1 -3.60216e-6 3.13391e-6 1 6.89053e-7 -2.6945e-7 1 0 5.36822e-7 1 0 -6.53328e-7 1 2.29684e-7 5.41974e-7 1 -6.35542e-7 -1.01496e-6 1 6.18778e-6 1.62551e-6 1 4.59369e-7 1.81576e-7 1 -6.35542e-7 1.65252e-7 1 -5.15649e-7 0 1 -9.18737e-7 8.52983e-7 1 -8.47389e-7 5.58133e-7 1 -3.09389e-6 -3.54089e-6 1 0 5.50757e-7 1 6.35542e-7 8.42249e-7 1 -4.12519e-6 2.74507e-6 -1 -1.34905e-5 -1.52604e-7 -1 -2.60759e-5 -3.77197e-6 -1 -3.91697e-6 -1.85502e-5 -1 -2.41104e-5 -2.05322e-5 -1 -3.42065e-5 -2.47214e-5 -1 -2.28306e-5 -1.30762e-5 -1 -2.89922e-5 -1.03931e-5 -1 -1.61749e-5 -3.14397e-6 -1 -1.12684e-5 -2.39709e-5 -1 -1.52931e-5 -5.0057e-5 -1 -1.51556e-5 -2.19169e-5 -1 1.42582e-5 -3.49786e-5 -1 1.32891e-5 -5.80515e-5 -1 7.51492e-6 -4.50845e-5 -1 -4.75683e-6 -7.01286e-6 -1 -3.95431e-6 -2.80318e-5 -1 2.82785e-5 -2.28715e-5 -1 2.84711e-5 -4.65117e-5 -1 2.34858e-5 -4.00622e-5 -1 8.38659e-5 7.56313e-6 -1 4.32223e-5 -7.63038e-7 -1 4.49287e-5 -6.26396e-6 -1 9.40556e-6 -9.327e-6 -1 4.30294e-5 -1.43709e-5 -1 4.63467e-5 1.45361e-5 -1 3.80696e-5 8.93438e-6 -1 9.29545e-6 4.40725e-5 -1 3.25448e-5 6.13014e-5 -1 2.29312e-5 3.61303e-5 -1 2.38417e-5 3.16779e-5 -1 5.90576e-6 7.28045e-5 -1 6.84532e-6 3.51563e-5 -1 -3.04343e-5 1.8794e-5 -1 -3.41405e-5 2.77667e-5 -1 -3.65438e-5 3.32173e-5 -1 2.26947e-6 8.40385e-6 -1 -1.42247e-5 2.58545e-5 -1 -2.68283e-5 4.38048e-6 -1 -3.74493e-5 1.52571e-5 -1 -3.70163e-5 1.40928e-5 -1 -9.05962e-6 1.88894e-5 -1 1.77393e-7 -2.70558e-6 -1 5.80645e-7 1.74352e-6 -1 1.76183e-7 6.56222e-7 -1 0 1.24411e-6 -1 6.36603e-7 -7.41912e-6 -1 -1.23515e-6 6.23579e-6 -1 1.53464e-6 7.72847e-6 -1 -1.07975e-6 -7.85629e-6 -0.6456107 -0.6645327 0.3762755 0.8343571 -0.5291067 0.1545783 -0.5980437 -0.7716339 0.2166215 -1 6.99715e-7 -4.11334e-7 -1 1.26834e-5 6.49403e-7 -1 7.73835e-6 4.86256e-7 1 -2.87606e-6 5.35429e-6 -1 -5.82035e-6 -1.99062e-6 -1 2.1287e-6 -1.36646e-6 -1 -3.87097e-7 -3.92284e-7 -1 -1.76183e-6 6.54035e-7 -1 2.70448e-6 5.01676e-7 -1 9.1625e-6 -1.87776e-6 -1 -1.11162e-5 1.83207e-6 -1 0 1.82116e-7 -1 -7.19841e-6 3.28167e-6 -1 -7.09572e-7 7.80035e-7 -1 -7.74193e-7 -1.32088e-6 -1 -5.28548e-7 -7.96702e-7 -1 6.76118e-7 1.9935e-6 -1 4.72906e-6 7.07024e-6 -1 -4.94058e-6 -8.80307e-6 1 8.03475e-7 0 -1 -1.06437e-6 3.34483e-6 -1 8.70965e-7 -7.1066e-7 -1 1.10114e-6 -3.90473e-7 -1 -1.35224e-6 9.66631e-7 -1 -3.5013e-6 5.43283e-6 -1 4.94056e-6 -3.73653e-6 -1 2.30194e-6 -6.44458e-6 -1 5.75881e-6 -1.13746e-5 -1 2.18886e-5 2.18803e-5 -1 -6.11255e-6 3.48955e-5 -1 1.8508e-5 -1.00738e-5 -1 2.70635e-5 -2.31973e-5 0.8227356 0.08331727 -0.562285 -0.5359142 0.2360036 -0.810616 -0.6137707 0.1643151 -0.7721956 1 -1.39531e-6 5.50335e-6 -1 8.41704e-7 -1.05141e-5 -1 -3.36514e-6 -6.76067e-6 -1 -1.28947e-6 -7.21893e-6 1 -6.91349e-7 7.01011e-7 -1 -9.10571e-6 -4.71866e-6 -1 -6.89345e-6 -2.93565e-6 -1 2.56758e-6 -2.56247e-6 -1 9.58503e-7 -4.41268e-7 1 -1.29477e-6 3.05449e-7 -1 1.06977e-6 3.88271e-6 -1 -3.1731e-7 4.40716e-6 -1 4.87024e-6 9.69462e-6 -1 4.25179e-6 6.65804e-6 1 0 0 -0.5786685 0.01449644 -0.815434 0.8557037 0.1526277 -0.4944452 -0.5604218 0.2393916 -0.7928551 -1 -4.14528e-6 -3.22684e-6 -1 4.69706e-6 -3.52313e-7 -1 5.56749e-6 -1.20442e-6 -1 6.27516e-6 -1.11944e-6 -1 -5.77252e-6 7.68492e-6 -1 2.17355e-6 3.58745e-6 -1 -5.50767e-6 6.90959e-6 -1 1.48463e-6 -8.27552e-6 -1 -1.14293e-5 3.97093e-5 -1 6.37153e-6 1.89458e-5 -1 2.13251e-5 1.24184e-5 0.1904066 -0.9792558 0.0693081 0.8341159 -0.5013668 -0.2299609 0.6626337 -0.7090535 0.241163 0.1904066 0.9792558 0.0693081 0.4911473 0.5013714 0.7123209 0.6626337 0.7090535 0.241163 0.5253604 0 -0.8508799 0.8341159 0.5013668 -0.2299609 0.9051443 0 -0.4251047 -0.1444756 0 0.9895084 0.4201301 0 0.907464 0.4272384 -0.6924504 -0.5813604 0.4911473 -0.5013714 0.7123209 0.2418306 0.7071197 -0.6644545 -0.9396967 3.9309e-6 -0.3420091 0.6880189 0.7229325 0.06323522 0.6879984 -0.3066893 -0.6577233 -0.5610928 -0.5852335 -0.585386 0.8733198 -0.2348182 -0.4268173 -0.5960152 -0.3711475 -0.7120503 -0.7515379 0.5696734 0.3326604 0.2539529 0.6147853 0.7466907 -0.8322475 0 0.5544044 0.2539815 -0.6147806 0.7466849 0.1668779 0 0.9859776 -0.3618717 -0.5696496 -0.7379351 0.7616041 0 -0.6480426 0.6745279 -0.614772 -0.4087392 -0.7515303 -0.5696676 0.3326876 0.4642601 -0.8694348 0.168955 -0.5567049 -0.8056213 -0.2026184 -0.3618717 0.5696496 -0.7379351 0.9396989 0 0.3420028 0.9397075 2.98429e-5 0.3419795 0.93969 1.9186e-5 0.3420276 0.9396927 -2.13178e-5 0.34202 0.9396984 -8.52721e-6 0.3420044 -0.9396967 0 -0.342009 -0.9396921 0 -0.3420217 -0.9397017 -1.18629e-5 -0.3419951 -0.9397 9.49038e-6 -0.3420001 0.8555995 -0.4142646 0.310378 -0.5606058 -0.6596099 0.5006357 -0.5787699 0.7799538 -0.2381123 0.8556398 0.5175162 -0.007599294 -0.5605195 0.8279612 -0.01727396 0.8582823 0.05755859 -0.5099399 0.949323 -0.09708082 -0.2989333 -0.3647325 -0.765874 -0.529535 0.9866039 -0.1398708 -0.0839591 -0.6678227 -0.6953511 -0.2655177 0.8065297 -0.4466478 -0.3873186 -0.645595 -0.5632247 -0.5157375 0.9772892 -0.2087215 0.03662312 -0.3185592 -0.9077322 0.2730246 -0.375451 -0.7529468 0.54047 0.8790517 0.1703596 0.4452482 -0.5359144 0.2855057 0.7945328 0.8227292 -0.5090252 -0.2530019 -0.613771 -0.6836293 -0.3948875 -0.6709088 -0.7337483 -0.1072148 0.85287 -0.5208778 -0.03604358 0.8712639 0.4885829 0.04675549 -0.6730088 0.7297745 0.1203676 0.8343568 -0.31053 -0.4554339 -0.661656 -0.1339792 -0.7377404 -0.5980556 -0.4444826 -0.666907 -1 1.26644e-5 9.53611e-6 -1 -6.69145e-6 2.04226e-6 -1 -6.16387e-6 -1.21842e-6 -0.5611884 0.1293407 0.8175198 0.8732188 -0.06082499 0.4835176 -0.5961307 -0.1182007 0.794139 0.9423027 -0.2736328 0.1928492 0.8556624 -0.423116 -0.2980184 -0.5605229 -0.6800071 -0.4726569 0.8582287 0.5028638 -0.102819 0.9493357 0.2542569 -0.1847032 -0.3647012 0.2669491 -0.8920378 0.986603 0.03662335 -0.1589759 0.9773035 -0.09927761 -0.1871412 -0.3185264 -0.5401856 -0.7789354 0.8227276 0.2630726 0.503897 -0.6137783 0.3209434 0.7212986 0.8528661 0.4002016 0.3353477 -0.67091 0.5305814 0.5180379 0.8712648 0.1954455 -0.4502207 0.8343614 0.5189161 0.1859223 -0.6616572 0.5420218 0.5180947 -0.5980535 0.7515955 0.2782737 -0.6677623 0.03769129 -0.7434197 0.8065024 0.23039 -0.5444945 -0.6455988 0.3164209 -0.6950396 -0.5959812 0.5625321 -0.5730307 0.8717582 0.4610577 -0.1657207 -0.5611476 0.8175048 0.1296129 0.9422896 -0.2680222 -0.2006352 -0.5610042 0.3759357 -0.7375274 -0.5788556 -0.4909606 0.6510637 0.8582065 0.2532197 0.4464993 0.9492858 0.2543128 0.1848826 -0.3647686 0.3082466 0.8785943 0.9772876 0.1904096 0.09302264 0.9866099 0.0637536 0.1501216 -0.318533 0.5738905 -0.7544444 -0.3754461 0.291427 -0.8798355 0.8790523 -0.3708116 0.2996096 -0.5359146 -0.6674212 0.5170539 -0.6730181 0.1109997 0.7312495 0.8528624 -0.1952626 0.4842501 0.8712652 0.1064819 0.4791226 0.8064705 0.1337047 0.5759588 0.871753 -0.01510703 -0.4897125 0.8732475 0.4410033 0.2072562 0.9422788 0.1079767 -0.3169414 -0.6709103 -0.1247332 -0.7309727 0.8581781 -0.346427 0.3788387 0.9492367 -0.09735602 0.2991181 -0.3185617 0.8948599 0.3126409 0.8790497 0.1238781 -0.4603543 -1 -5.20287e-7 2.18832e-6 0.8716898 -0.4705452 -0.1369091 -0.6730182 -0.5196267 -0.526341 0.8528677 -0.1266559 -0.5065323 -0.6616497 -0.7430436 -0.1005292 0.8712669 -0.3677889 -0.3250008 -0.6678262 -0.4674051 0.5792588 0.806526 -0.5063715 0.3051291 0.8716942 -0.2755594 0.4052362 0.8733358 0.33333 -0.3552123 0.9423015 0.3347313 0.004791438 -0.7483607 0.4263529 0.5081138 -0.7483575 -0.5744295 -0.3316504 0.6879984 -0.3066893 0.6577233 -0.7483651 0.5744353 -0.3316233 -0.7483613 -0.2268492 0.6232936 -0.7483698 0.6532098 0.1151502 0.6879903 0.4162489 0.5944799 0.2418358 -0.7071045 -0.6644688 -0.7483613 -0.2268492 -0.6232936 1 -3.17584e-6 -2.1311e-6 0.9396947 -1.76602e-6 0.3420147 -0.4832768 0.5021378 -0.717148 -0.4832786 0.2265778 -0.8456384 -0.4832683 -0.8721413 0.07629746 -0.4832714 -0.6190513 0.6190513 -0.4832755 -0.7934446 -0.3699873 -0.4832786 0.8456384 0.2265778 -0.4832786 0.2265778 0.8456384 -0.4832755 -0.3699873 0.7934446 -0.4832768 0.717148 0.5021378 -0.4832755 -0.3699873 -0.7934446 -0.4832755 -0.7934446 0.3699873 0.8699446 0.4271747 -0.2464106 1 1.91074e-6 2.47636e-6 1 -4.4617e-6 -3.81238e-6 0.869941 -0.2007227 0.4504588 1 -1.83887e-6 -7.38832e-7 1 3.78206e-6 2.50629e-7 -1 7.44496e-6 -5.08429e-7 0.8561009 -0.4605384 0.2345114 1 0 4.34974e-7 1 0 5.04554e-6 1 -3.89172e-6 4.43428e-6 1 -9.33179e-7 1.41156e-6 1 0 -1.89011e-6 -1 4.79684e-6 -3.83432e-6 -1 -3.94248e-6 -5.91788e-6 1 -1.29868e-6 4.501e-6 -1 5.75318e-6 2.777e-6 1 9.47776e-7 -2.00745e-6 1 9.47886e-7 2.50775e-6 1 -9.47995e-7 -2.02151e-6 -1 1.32775e-6 5.94019e-7 1 4.73997e-7 -3.20764e-6 1 -1.54333e-6 1.99278e-6 1 4.11419e-7 2.16311e-6 1 -9.78729e-7 -1.65782e-7 1 -1.14098e-6 7.09035e-7 -1 3.9354e-6 -2.42982e-6 -1 -2.80454e-6 1.26437e-6 1 1.38549e-6 -4.90279e-7 1 6.52324e-7 9.55719e-7 -0.04638898 0.6924474 0.7199756 0.4272384 0.6924504 -0.5813604 -0.04638898 -0.6924474 0.7199756 0.2418358 0.7071045 -0.6644688 -0.9396967 -1.96544e-6 -0.342009 0.8561726 -0.3652787 -0.3654313 -0.2811682 0 -0.9596585 0.8699427 -0.1023606 -0.482413 -1 -1.15804e-5 -1.1102e-5 -1 -6.16529e-6 7.04613e-7 -1 -6.7419e-6 -1.36325e-6 0.8560976 0.0807541 0.5104662 0.8699357 0.3663771 0.3301208 0.8561352 0.5103789 0.0809074 0.8562173 0.2346319 -0.4602606 -1 -3.06964e-6 2.82914e-6 0.869941 -0.4904386 -0.05169898 0.6037259 0.7225057 0.3368987 0 0.819156 0.573571 0 0.9063133 0.4226064 0.603724 0.7941617 -0.06946086 0 0.9961968 0.08713132 0 0.9961968 -0.08713132 0.9510101 -0.2186093 0.2186093 0.6037332 -0.6530219 0.4572405 0.603736 -0.5636945 0.5636945 0.6037259 -0.3368987 0.7225056 0.9510068 -0.1773467 0.2532477 0.6037332 -0.4572405 0.6530219 0 0.2588022 -0.9659304 0.6037259 0.3368987 -0.7225056 0 0.4225947 -0.9063188 0 -0.573571 -0.819156 0.6037259 -0.3368987 -0.7225056 0 -0.4225947 -0.9063188 0 0.7071068 -0.7071068 0.6037332 0.6530219 -0.4572405 0 0.819156 -0.573571 0.6037239 -0.06946086 -0.7941616 0 0.08713132 -0.9961968 0 -0.08713132 -0.9961968 0 -0.9659304 0.2588022 0.603724 -0.7941617 0.06946086 0 -0.9961968 0.08713132 0.6037239 -0.06946086 0.7941616 0.9509995 -0.08002054 0.298658 0.6037306 -0.2063097 0.7700297 0.9510059 0.02691781 -0.3079988 0.6037239 0.06946086 -0.7941616 0.9510052 -0.3079986 0.02694833 0.603724 -0.7941617 -0.06946086 0.9510045 0.1773157 -0.2532777 0.6037332 0.4572405 -0.6530219 0.9510098 0.280197 -0.1306528 0.6037306 0.7700297 -0.2063097 0.6037259 0.7225057 -0.3368987 0.9510098 -0.280197 -0.1306528 0.6037332 -0.6530219 -0.4572405 0.6037259 -0.7225057 -0.3368987 0 -0.7071068 0.7071068 0 -0.573571 0.819156 0 -0.4226064 0.9063133 0 -0.2588022 0.9659304 0 -0.2588022 -0.9659304 0.6037332 0.6530219 0.4572405 0 0.7071068 0.7071068 0.6037259 0.3368987 0.7225056 0 0.2588022 0.9659304 0 0.4226064 0.9063133 0 0.9659304 -0.2588022 0 0.9063016 -0.4226315 0.9510083 0.08002126 -0.2986302 0.6037306 0.2063097 -0.7700297 0 0.573571 -0.819156 0.6037332 0.4572405 0.6530219 0 0.573571 0.819156 0 -0.9659304 -0.2588022 0 -0.9961968 -0.08713132 0.9509995 -0.298658 0.08002054 0.6037306 -0.7700297 0.2063097 0.9510059 0.3079988 -0.02691781 0.603724 0.7941617 0.06946086 0.603736 0.5636945 0.5636945 0.9510068 0.1773467 0.2532477 0.9510101 -0.2186093 -0.2186093 0.6037332 -0.4572405 -0.6530219 0.603736 -0.5636945 -0.5636945 0.9509995 -0.298658 -0.08002054 0.6037306 -0.7700297 -0.2063097 0 -0.819156 0.573571 0.6037306 -0.2063097 -0.7700297 0 -0.819156 -0.573571 0 -0.7071068 -0.7071068 0.9510098 0.1306528 0.280197 0.6037306 0.7700297 0.2063097 0.9510016 0.2802252 0.1306517 0.9510068 0.2532477 -0.1773467 0.9510016 -0.1306517 -0.2802252 0.9510068 0.2532477 0.1773467 0.9510016 -0.2802252 0.1306517 0.6037259 -0.7225057 0.3368987 0.9510083 0.08002126 0.2986302 0.6037239 0.06946086 0.7941616 0.6037306 0.2063097 0.7700297 0 -0.08713132 0.9961968 0 -0.9063188 -0.4225947 0.9510052 -0.02694833 0.3079986 0.9510101 0.2186093 -0.2186093 0.603736 0.5636945 -0.5636945 0.9510059 -0.02691781 -0.3079988 0.9510016 -0.1306517 0.2802252 0 0.08713132 0.9961968 0.9510052 0.3079986 0.02694833 0 0.9659304 0.2588022 0 -0.9063133 0.4226064 0.9509994 -0.2532763 0.1773453 0.9510059 -0.3079988 -0.02691781 0.9510098 0.1306528 -0.280197 0.9510083 0.2986302 -0.08002126 0.9509994 -0.2532763 -0.1773453 0.9510101 0.2186093 0.2186093 0.9509994 -0.1773453 -0.2532763 0.9509995 0.298658 0.08002054 0.9510052 0.02694833 0.3079986 0.9509995 -0.08002054 -0.298658</float_array>
          <technique_common>
            <accessor source="#ibishu_wheel_07a_14x7_flipped-mesh-normals-array" count="871" stride="3">
              <param name="X" type="float"/>
              <param name="Y" type="float"/>
              <param name="Z" type="float"/>
            </accessor>
          </technique_common>
        </source>
        <source id="ibishu_wheel_07a_14x7_flipped-mesh-map-0">
          <float_array id="ibishu_wheel_07a_14x7_flipped-mesh-map-0-array" count="6600">0.92898 0.2427289 0.9082301 0.2070949 0.92898 0.2189669 0.92898 0.1001782 0.9332401 0.1239404 0.92898 0.1239404 0.8286761 0.1120479 0.8079261 0.1239404 0.8079261 0.1001782 0.9332399 0.1714743 0.9289801 0.1477121 0.9332399 0.1477121 0.92898 0.290253 0.9082301 0.254614 0.92898 0.2664911 0.9332401 0.2427289 0.92898 0.2189669 0.9332401 0.2189669 0.8286761 0.06452816 0.8079261 0.07641619 0.8079261 0.05265402 0.9289801 0.1714743 0.9332399 0.1952362 0.9289801 0.1952362 0.8079259 0.2665133 0.828676 0.3021431 0.8079259 0.2902752 0.9332399 0.2189892 0.9289799 0.242751 0.9289799 0.218989 0.8286761 0.30218 0.8079262 0.3140464 0.8079262 0.2902842 0.9082302 0.0170049 0.9289802 0.05263298 0.9082302 0.06453013 0.9289801 0.05266386 0.9332399 0.02890187 0.9332399 0.05266386 0.01029968 0.3170168 0.06282258 0.2927437 0.01029968 0.2927437 0.01029944 0.219929 0.06282222 0.2442023 0.01029944 0.2442023 0.9289802 0.1001568 0.9082302 0.06453013 0.92898 0.07639503 0.8286761 0.2070951 0.9082301 0.254614 0.8286761 0.254614 0.9332399 0.1952268 0.9289799 0.218989 0.9289799 0.1952268 0.8286761 0.1120536 0.8079262 0.123919 0.8079262 0.1001571 0.803666 0.218989 0.8079259 0.242751 0.803666 0.242751 0.8286761 0.06453037 0.8079262 0.07639527 0.8079262 0.0526331 0.92898 0.1239404 0.9082299 0.1595688 0.9082299 0.1120479 0.9332401 0.1952048 0.9289802 0.1714428 0.9332401 0.1714428 0.8036661 0.2189983 0.8079259 0.1952362 0.8079262 0.2189983 0.8286761 0.1595753 0.8079262 0.1714429 0.8079262 0.1476809 0.9082299 0.1120479 0.92898 0.07641619 0.92898 0.1001782 0.8036661 0.1952362 0.8079259 0.1714743 0.8079259 0.1952362 0.9332401 0.05263298 0.9289802 0.02887111 0.9332401 0.02887111 0.9082299 0.06452816 0.92898 0.02889198 0.92898 0.05265402 0.8036661 0.1714743 0.8079259 0.1477121 0.8079259 0.1714743 0.9332401 0.07641619 0.92898 0.05265402 0.9332401 0.05265402 0.8286761 0.254614 0.8079261 0.2664911 0.8079262 0.2427289 0.01029968 0.2199238 0.06282258 0.1956503 0.01029968 0.1956505 0.06282234 0.3170225 0.01029968 0.341296 0.0102995 0.3170225 0.8286761 0.2070951 0.8079262 0.218967 0.8079261 0.1952049 0.9435097 0.7128584 0.8861282 0.6058809 0.9029047 0.7220524 0.06282234 0.2684758 0.0102995 0.2927491 0.0102995 0.2684758 0.8036661 0.2189983 0.8079259 0.2427603 0.8036661 0.2427603 0.8286761 0.3021325 0.8079261 0.3140152 0.8079262 0.290253 0.06282258 0.2927437 0.01029968 0.2684702 0.01029968 0.2927437 0.8079262 0.123919 0.8036664 0.1476809 0.8036664 0.123919 0.4560595 0.2510943 0.4471219 0.2858336 0.4560595 0.2858337 0.803666 0.242751 0.8079259 0.2665133 0.803666 0.2665133 0.828676 0.06453579 0.8079259 0.02890187 0.828676 0.01700747 0.9082299 0.1595688 0.828676 0.2070917 0.828676 0.1595688 0.8036662 0.05265402 0.8079261 0.02889215 0.8079261 0.05265402 0.8079259 0.1952362 0.8286761 0.2071242 0.8079262 0.2189983 0.9289801 0.1952362 0.9082299 0.1595947 0.9289801 0.1714743 0.8079262 0.1001571 0.8036664 0.123919 0.8036664 0.1001571 0.8079262 0.07639527 0.8036664 0.1001571 0.8036662 0.07639527 0.9289801 0.1239502 0.9082299 0.1595947 0.9082299 0.1120652 0.9332401 0.07639503 0.9289802 0.05263298 0.9332401 0.05263298 0.8079259 0.100188 0.828676 0.1120652 0.8079259 0.1239503 0.9082299 0.01700758 0.828676 0.06453579 0.828676 0.01700747 0.8079259 0.1477121 0.828676 0.1595947 0.8079259 0.1714743 0.9289801 0.07642596 0.9082299 0.1120652 0.9082299 0.06453579 0.9332401 0.2664911 0.92898 0.2427289 0.9332401 0.2427289 0.8079259 0.05266386 0.828676 0.06453579 0.8079259 0.07642608 0.9082299 0.06453579 0.9289799 0.02890187 0.9289801 0.05266386 0.8036661 0.1239503 0.8079259 0.100188 0.8079259 0.1239503 0.9289799 0.2665133 0.9082299 0.3021432 0.9082299 0.2546164 0.8079261 0.1239404 0.8036661 0.1001782 0.8079261 0.1001782 0.8079259 0.242751 0.828676 0.2546164 0.8079259 0.2665133 0.8079262 0.2902842 0.8036661 0.3140464 0.8036661 0.2902842 0.5186234 0.2858336 0.5096858 0.2510943 0.5096858 0.2858336 0.8079259 0.2902752 0.828676 0.3021431 0.8079259 0.3140375 0.8079262 0.1001571 0.8286761 0.06453037 0.8286761 0.1120536 0.803666 0.3140375 0.8079259 0.2902752 0.8079259 0.3140375 0.8079261 0.1952268 0.828676 0.2070917 0.8079259 0.218989 0.803666 0.1952268 0.8079259 0.218989 0.803666 0.218989 0.8079261 0.1239404 0.8036661 0.1477026 0.8036661 0.1239404 0.5096858 0.2510943 0.500748 0.2858337 0.5096858 0.2858336 0.8079259 0.2427603 0.8286761 0.2546528 0.8079262 0.2665225 0.9289802 0.1476809 0.9082302 0.1120534 0.9289802 0.1239189 0.828676 0.1595688 0.8079261 0.1714646 0.8079261 0.1477026 0.9082301 0.159575 0.92898 0.1952048 0.9082301 0.2070949 0.3689615 0.02932566 0.3451995 0.01312035 0.3451995 0.02932566 0.9332401 0.1239404 0.92898 0.1477027 0.92898 0.1239404 0.8286761 0.1120479 0.8079261 0.07641619 0.8286761 0.06452816 0.2263895 0.01312029 0.2501515 0.02932572 0.2501515 0.01312029 0.8286761 0.254614 0.9082301 0.3021324 0.8286761 0.3021325 0.2263889 0.01312029 0.2501509 0.02932572 0.2263889 0.02932572 0.8036662 0.0526331 0.8079262 0.02887135 0.8079262 0.0526331 0.9082299 0.06452816 0.92898 0.05265402 0.92898 0.07641619 0.8286761 0.06452816 0.8079261 0.02889215 0.8286761 0.01700955 0.9082301 0.2546528 0.9289799 0.2427603 0.9289799 0.2665223 0.9289799 0.218989 0.9082299 0.2546164 0.9082299 0.2070917 0.2263895 0.02932572 0.2026275 0.01312029 0.2026275 0.02932572 0.500748 0.2858337 0.4918104 0.2510943 0.4918104 0.2858336 0.9082301 0.30218 0.9289801 0.2902842 0.9289801 0.3140464 0.8079262 0.2902842 0.8286761 0.2546528 0.8286761 0.30218 0.3689615 0.02932566 0.3927232 0.01312035 0.3689615 0.01312035 0.4649974 0.2858337 0.4560595 0.2510943 0.4560595 0.2858337 0.2263889 0.01312029 0.2026269 0.02932572 0.2026269 0.01312029 0.4164847 0.02932566 0.3927227 0.01312035 0.4164848 0.01312035 0.9332401 0.2189669 0.92898 0.1952048 0.9332401 0.1952048 0.9082302 0.1120534 0.9289802 0.1001568 0.9289802 0.1239189 0.9082299 0.2070917 0.9289799 0.1714646 0.9289799 0.1952268 0.4402467 0.01312035 0.4164847 0.02932566 0.4164848 0.01312035 0.01029968 0.1956505 0.06282258 0.1713771 0.0102995 0.1713771 0.1788658 0.0293256 0.1551037 0.01312017 0.1551037 0.0293256 0.9082302 0.06453013 0.9289802 0.05263298 0.92898 0.07639503 0.8286761 0.1595753 0.8079261 0.1952049 0.8079262 0.1714429 0.4164854 0.01312035 0.3927232 0.02932566 0.4164854 0.02932566 0.8286761 0.2546528 0.9082301 0.2071242 0.9082301 0.2546528 0.9082301 0.159575 0.9289802 0.1476809 0.9289802 0.1714428 0.8079262 0.1476809 0.8286761 0.1120536 0.8286761 0.1595753 0.2739128 0.01312041 0.2976748 0.02932572 0.2739128 0.02932572 0.06282258 0.3655636 0.01029968 0.3412903 0.01029968 0.3655636 0.0362941 0.0293256 0.06005585 0.01312029 0.0362941 0.01312017 0.06282258 0.1471091 0.01029944 0.1713826 0.01029944 0.1471091 0.06005537 0.0293256 0.03629314 0.01312029 0.06005537 0.01312029 0.06282258 0.195656 0.01029944 0.219929 0.01029944 0.195656 0.9082301 0.254614 0.92898 0.2427289 0.92898 0.2664911 0.8079262 0.2427289 0.8286761 0.2070951 0.8286761 0.254614 0.1788658 0.0293256 0.2026275 0.01312029 0.1788658 0.01312029 0.9332401 0.1239189 0.9289802 0.1001568 0.9332401 0.1001568 0.4164854 0.01312035 0.4402473 0.02932566 0.4402473 0.01312035 0.9082301 0.2070949 0.92898 0.1952048 0.92898 0.2189669 0.828676 0.3021431 0.9082299 0.2546164 0.9082299 0.3021432 0.1313418 0.0293256 0.1075798 0.01312017 0.1075798 0.0293256 0.803666 0.07642608 0.8079259 0.05266386 0.8079259 0.07642608 0.9082301 0.3021324 0.92898 0.290253 0.92898 0.3140149 0.8079262 0.290253 0.8286761 0.254614 0.8286761 0.3021325 0.1788651 0.01312029 0.2026269 0.02932572 0.1788651 0.02932572 0.2976755 0.01312029 0.2739137 0.02932572 0.2976755 0.02932572 0.8079259 0.07642608 0.828676 0.1120652 0.8079259 0.100188 0.09285265 0.7281481 0.09367245 0.8062238 0.1255754 0.7848251 0.9332399 0.100188 0.9289801 0.1239502 0.9289801 0.100188 0.9289801 0.2189983 0.9082301 0.2071242 0.9289801 0.1952362 0.8286761 0.2071242 0.8079259 0.2427603 0.8079262 0.2189983 0.3214368 0.01312035 0.2976748 0.02932572 0.297675 0.01312041 0.9332399 0.2427603 0.9289799 0.2665223 0.9289799 0.2427603 0.01253134 0.01312017 0.03629314 0.0293256 0.01253134 0.0293256 0.9332399 0.3140464 0.9289801 0.2902842 0.9332399 0.2902842 0.1788651 0.01312029 0.1551032 0.02932572 0.1551032 0.01312029 0.8079262 0.290253 0.8036662 0.3140152 0.8036662 0.290253 0.9289801 0.1239502 0.9082299 0.1120652 0.9289801 0.100188 0.8079259 0.1952362 0.828676 0.1595947 0.8286761 0.2071242 0.2739137 0.02932572 0.2501515 0.01312029 0.2501515 0.02932572 0.9332399 0.2189983 0.9289801 0.1952362 0.9332399 0.1952362 0.9082299 0.06453579 0.828676 0.1120652 0.828676 0.06453579 0.3927227 0.01312035 0.3689607 0.02932566 0.3689607 0.01312035 0.9332399 0.3140375 0.9289799 0.2902752 0.9332399 0.2902752 0.9289801 0.1714743 0.9082299 0.1595947 0.9289801 0.1477121 0.9289801 0.2902842 0.9082301 0.2546528 0.9289799 0.2665223 0.828676 0.1120652 0.9082299 0.1595947 0.828676 0.1595947 0.3214375 0.02932566 0.2976755 0.01312029 0.2976755 0.02932572 0.9289801 0.07642596 0.9082299 0.06453579 0.9289801 0.05266386 0.9082301 0.2071242 0.9289799 0.2427603 0.9082301 0.2546528 0.3214368 0.01312035 0.3451988 0.02932566 0.3214368 0.02932566 0.9332399 0.05266386 0.9289801 0.07642596 0.9289801 0.05266386 0.1551037 0.01312017 0.1313418 0.0293256 0.1551037 0.0293256 0.9082301 0.2070949 0.8286761 0.1595753 0.9082301 0.159575 0.2501509 0.02932572 0.2739128 0.01312041 0.2739128 0.02932572 0.9332399 0.1714646 0.9289799 0.1952268 0.9289799 0.1714646 0.9289799 0.2665133 0.9082299 0.2546164 0.9289799 0.242751 0.8286761 0.0170049 0.8079262 0.0526331 0.8079262 0.02887135 0.3214375 0.02932566 0.3451995 0.01312035 0.3214375 0.01312023 0.8079259 0.2902752 0.803666 0.2665133 0.8079259 0.2665133 0.8079262 0.0526331 0.8036662 0.07639527 0.8036662 0.0526331 0.08381712 0.01312029 0.06005537 0.0293256 0.06005537 0.01312029 0.9289799 0.2665133 0.9332399 0.2902752 0.9289799 0.2902752 0.9289799 0.3140375 0.9082299 0.3021432 0.9289799 0.2902752 0.06005585 0.0293256 0.08381783 0.01312029 0.06005585 0.01312029 0.473935 0.2510943 0.4649974 0.2858337 0.473935 0.2858336 0.9289799 0.218989 0.9082299 0.2070917 0.9289799 0.1952268 0.8079259 0.218989 0.828676 0.2546164 0.8079259 0.242751 0.08381783 0.0293256 0.1075798 0.01312017 0.08381783 0.01312029 0.9332399 0.1239503 0.9289801 0.1477121 0.9289801 0.1239502 0.92898 0.1239404 0.9082299 0.1120479 0.92898 0.1001782 0.131341 0.01312029 0.1551032 0.02932572 0.131341 0.02932572 0.4248252 0.2486619 0.4248252 0.2216717 0.4113301 0.235167 0.01029968 0.341296 0.06282258 0.3655692 0.01029968 0.3655692 0.0362941 0.01312017 0.01253187 0.0293256 0.0362941 0.0293256 0.828676 0.2070917 0.8079261 0.1714646 0.828676 0.1595688 0.1075793 0.01312029 0.08381712 0.0293256 0.08381712 0.01312029 0.92898 0.02889198 0.9332401 0.05265402 0.92898 0.05265402 0.828676 0.1595688 0.8079261 0.1239404 0.8286761 0.1120479 0.9289799 0.1714646 0.9082299 0.1595688 0.92898 0.1477027 0.1075793 0.01312029 0.131341 0.02932572 0.1075793 0.0293256 0.8286761 0.06453037 0.9082302 0.1120534 0.8286761 0.1120536 0.131341 0.02932572 0.1075793 0.06182575 0.1075793 0.0293256 0.2263889 0.02932572 0.2026269 0.06182575 0.2026269 0.02932572 0.01253187 0.06182563 0.0362941 0.0293256 0.01253187 0.0293256 0.1551032 0.06182575 0.131341 0.02932572 0.1551032 0.02932572 0.2501509 0.02932572 0.2263889 0.06182575 0.2263889 0.02932572 0.2501515 0.02932572 0.2739137 0.06182575 0.2739137 0.02932572 0.1788651 0.02932572 0.1551032 0.06182575 0.1551032 0.02932572 0.4402467 0.02932566 0.4164847 0.06182569 0.4164847 0.02932566 0.3451995 0.02932566 0.3689615 0.06182569 0.3689615 0.02932566 0.4164854 0.06182569 0.4402473 0.02932566 0.4164854 0.02932566 0.3689607 0.02932566 0.3451988 0.06182569 0.3451988 0.02932566 0.0362941 0.06182563 0.06005585 0.0293256 0.0362941 0.0293256 0.3214375 0.06182569 0.3451995 0.02932566 0.3214375 0.02932566 0.4164847 0.06182569 0.3927227 0.02932566 0.4164847 0.02932566 0.06005537 0.06182563 0.03629314 0.0293256 0.06005537 0.0293256 0.2263895 0.02932572 0.2501515 0.06182575 0.2501515 0.02932572 0.2026275 0.02932572 0.2263895 0.06182575 0.2263895 0.02932572 0.2026269 0.06182575 0.1788651 0.02932572 0.2026269 0.02932572 0.2739137 0.06182575 0.2976755 0.02932572 0.2739137 0.02932572 0.08381783 0.06182575 0.1075798 0.0293256 0.08381783 0.0293256 0.2976755 0.02932572 0.3214375 0.06182569 0.3214375 0.02932566 0.2976748 0.06182575 0.2739128 0.02932572 0.2976748 0.02932572 0.1313418 0.0293256 0.1551035 0.06182563 0.1551037 0.0293256 0.3214368 0.06182569 0.2976748 0.02932572 0.3214368 0.02932566 0.3451988 0.06182569 0.3214368 0.02932566 0.3451988 0.02932566 0.3689615 0.06182569 0.3927232 0.02932566 0.3689615 0.02932566 0.3927227 0.06182569 0.3689607 0.02932566 0.3927227 0.02932566 0.06005585 0.0293256 0.08381783 0.06182575 0.08381783 0.0293256 0.2739128 0.02932572 0.2501509 0.06182575 0.2501509 0.02932572 0.3927232 0.02932566 0.4164854 0.06182569 0.4164854 0.02932566 0.9156737 0.8646959 0.899489 0.8233628 0.8863857 0.8403473 0.08381712 0.0293256 0.06005537 0.06182563 0.06005537 0.0293256 0.1551037 0.0293256 0.1788658 0.06182563 0.1788658 0.0293256 0.1075793 0.0293256 0.08381712 0.06182563 0.08381712 0.0293256 0.03629314 0.06182575 0.01253134 0.0293256 0.03629314 0.0293256 0.1075798 0.0293256 0.1313418 0.06182575 0.1313418 0.0293256 0.9332401 0.1714428 0.9289802 0.1476809 0.9332401 0.1476809 0.9332399 0.07642608 0.9289801 0.100188 0.9289801 0.07642596 0.06282258 0.2441971 0.01029968 0.2199238 0.01029968 0.2441971 0.92898 0.2664911 0.9332401 0.290253 0.92898 0.290253 0.8079262 0.218967 0.8036662 0.2427289 0.8036662 0.218967 0.8079261 0.2664911 0.8036662 0.290253 0.8036662 0.2664911 0.8079259 0.07642608 0.8036661 0.100188 0.803666 0.07642608 0.06282258 0.1713771 0.0102995 0.1471039 0.0102995 0.1713771 0.06282258 0.2927491 0.0102995 0.3170225 0.0102995 0.2927491 0.8079262 0.2427289 0.8036662 0.2664911 0.8036662 0.2427289 0.8286761 0.2546528 0.9082301 0.30218 0.8286761 0.30218 0.828676 0.1595688 0.9082299 0.1120479 0.9082299 0.1595688 0.9332399 0.242751 0.9289799 0.2665133 0.9289799 0.242751 0.9082299 0.1595947 0.8286761 0.2071242 0.828676 0.1595947 0.8036662 0.05265402 0.8079261 0.07641619 0.8036662 0.07641619 0.9332399 0.2189983 0.9289799 0.2427603 0.9289801 0.2189983 0.9332401 0.07639503 0.9289802 0.1001568 0.92898 0.07639503 0.8079262 0.2665225 0.8036661 0.2902842 0.8036661 0.2665225 0.803666 0.05266386 0.8079259 0.02890187 0.8079259 0.05266386 0.9332401 0.1239189 0.9289802 0.1476809 0.9289802 0.1239189 0.9082299 0.2070917 0.828676 0.2546164 0.828676 0.2070917 0.8079261 0.1952049 0.8036662 0.218967 0.8036662 0.1952049 0.9082302 0.06453013 0.8286761 0.0170049 0.9082302 0.0170049 0.8079259 0.1477121 0.8036661 0.1239503 0.8079259 0.1239503 0.8036662 0.1952049 0.8079262 0.1714429 0.8079261 0.1952049 0.3689607 0.01312035 0.3451988 0.02932566 0.3451988 0.01312035 0.072398 0.6524156 0.07447844 0.4905482 0.01946163 0.529263 0.01946163 0.529263 0.01946181 0.6023298 0.072398 0.6524156 0.8754153 0.5756469 0.9324173 0.5254451 0.9252003 0.5163156 0.2598888 0.9456959 0.3285489 0.9706861 0.4067512 0.9393344 0.1406392 0.8621964 0.2173883 0.8767009 0.1676426 0.8349596 0.1255754 0.7848251 0.1406392 0.8621964 0.1676426 0.8349596 0.899489 0.8233628 0.9401237 0.8254932 0.9048255 0.8112499 0.03214943 0.6742861 0.07068216 0.6672348 0.072398 0.6524156 0.072398 0.6524156 0.01946181 0.6023298 0.03214943 0.6742861 0.09367281 0.3253694 0.09777563 0.3927562 0.1324566 0.3372554 0.07068216 0.6672348 0.05713963 0.7429465 0.09285265 0.7281481 0.4828728 0.3149936 0.473935 0.2967269 0.473935 0.3149936 0.6464179 0.950035 0.6997008 0.9839013 0.6913021 0.9452256 0.6419203 0.990097 0.6464179 0.950035 0.5846627 0.9919344 0.5846627 0.9919344 0.6464179 0.950035 0.6367002 0.9459931 0.6367002 0.9459931 0.5719499 0.9884884 0.5846627 0.9919344 0.8754153 0.5756469 0.9324173 0.5254451 0.9252003 0.5163156 0.9324173 0.5254451 0.8809897 0.5832902 0.8861282 0.6058809 0.9435097 0.7128584 0.8861282 0.6058809 0.9029047 0.7220524 0.9442082 0.7776493 0.9029047 0.7220524 0.906593 0.7756504 0.9067746 0.8000288 0.9442082 0.7776493 0.906593 0.7756504 0.08262473 0.8521708 0.07690662 0.8265304 0.06340914 0.8402191 0.9048255 0.8112499 0.9438274 0.8070046 0.9067746 0.8000288 0.9156737 0.8646959 0.899489 0.8233628 0.8863857 0.8403473 0.8430969 0.8871133 0.9156737 0.8646959 0.8863857 0.8403473 0.8266314 0.9019009 0.8648804 0.9173566 0.8430969 0.8871133 0.7999972 0.9165408 0.8416256 0.9380083 0.8266314 0.9019009 0.7466109 0.9336868 0.8120463 0.9542918 0.7999972 0.9165408 0.05713981 0.3886466 0.07344925 0.4529659 0.09777563 0.3927562 0.4203148 0.9455455 0.4735718 0.9833744 0.485098 0.9432835 0.6648635 0.8707484 0.7334383 0.8621968 0.6861278 0.8397272 0.3285489 0.9706861 0.4005056 0.9833744 0.4203148 0.9455455 0.4203148 0.9455455 0.4067512 0.9393344 0.3285489 0.9706861 0.8079259 0.1239503 0.828676 0.1595947 0.8079259 0.1477121 0.2503501 0.2558811 0.341635 0.300273 0.3761066 0.2256235 0.8546168 0.6023301 0.8546164 0.5292633 0.8131766 0.5063412 0.8131766 0.5063412 0.8177417 0.5716273 0.8546168 0.6023301 0.8546168 0.6023301 0.8177417 0.5716273 0.8109012 0.6367139 0.8109012 0.6367139 0.8419287 0.6742862 0.8546168 0.6023301 0.8169382 0.742947 0.8419287 0.6742862 0.8109012 0.6367139 0.8109012 0.6367139 0.7930466 0.6990278 0.8169382 0.742947 0.8419287 0.4573069 0.8169382 0.3886464 0.7745479 0.413512 0.7745479 0.413512 0.7974668 0.4433318 0.8419287 0.4573069 0.8419287 0.4573069 0.7974668 0.4433318 0.8131766 0.5063412 0.8131766 0.5063412 0.8546164 0.5292633 0.8419287 0.4573069 0.5455289 0.1609072 0.4967459 0.1896607 0.5602473 0.2054935 0.5602473 0.2054935 0.6141888 0.1858973 0.5455289 0.1609072 0.6774666 0.2224305 0.6141888 0.1858973 0.5602473 0.2054935 0.5602473 0.2054935 0.6200343 0.2321123 0.6774666 0.2224305 0.6774666 0.2224305 0.6200343 0.2321123 0.6737746 0.2683608 0.6737746 0.2683608 0.7334385 0.2693969 0.6774666 0.2224305 0.473572 0.1482193 0.4005057 0.1482192 0.3965263 0.1977071 0.3965263 0.1977071 0.4319657 0.1851308 0.473572 0.1482193 0.5455289 0.1609072 0.473572 0.1482193 0.4319657 0.1851308 0.4319657 0.1851308 0.4967459 0.1896607 0.5455289 0.1609072 0.2503501 0.2558811 0.3285489 0.1609072 0.2419383 0.2457482 0.08256703 0.9269003 0.09186738 0.9045886 0.07371944 0.9098335 0.1592547 0.9164709 0.1519605 0.9386068 0.170926 0.9354662 0.2598892 0.1858974 0.1966113 0.222431 0.2273288 0.2487115 0.2273288 0.2487115 0.2419383 0.2457482 0.2598892 0.1858974 0.07447844 0.4905482 0.07344925 0.4529659 0.03214943 0.4573068 0.03214943 0.4573068 0.01946163 0.529263 0.07447844 0.4905482 0.485098 0.9432835 0.5455285 0.9706863 0.5491126 0.9296765 0.1586019 0.4659972 0.1933711 0.5262187 0.2118712 0.5106952 0.1586019 0.4659972 0.2118712 0.5106952 0.2239464 0.4897802 0.1586019 0.4659972 0.1465269 0.3975156 0.123833 0.4057754 0.1586019 0.4659972 0.1706773 0.3975156 0.1465269 0.3975156 0.1586019 0.4659972 0.1933711 0.4057754 0.1706773 0.3975156 0.1586019 0.4659972 0.2118712 0.4212991 0.1933711 0.4057754 0.1586019 0.4659972 0.2239464 0.4422135 0.2118712 0.4212991 0.1586019 0.4659972 0.2281401 0.4659972 0.2239464 0.4422135 0.1586019 0.4659972 0.2239464 0.4897802 0.2281401 0.4659972 0.1586019 0.4659972 0.1706773 0.5344785 0.1933711 0.5262187 0.1586019 0.4659972 0.1465273 0.5344785 0.1706773 0.5344785 0.1586019 0.4659972 0.123833 0.4057754 0.1053331 0.4212991 0.1586019 0.4659972 0.1053331 0.4212991 0.0932579 0.4422138 0.1586019 0.4659972 0.0932579 0.4422138 0.08906424 0.4659972 0.1586019 0.4659972 0.08906424 0.4659972 0.0932579 0.4897802 0.1586019 0.4659972 0.0932579 0.4897802 0.1053331 0.5106953 0.1586019 0.4659972 0.1053331 0.5106953 0.1238332 0.5262187 0.1586019 0.4659972 0.1238332 0.5262187 0.1465273 0.5344785 0.9082299 0.06452816 0.8286761 0.01700955 0.9082301 0.01700937 0.8286761 0.1120536 0.9082301 0.159575 0.8286761 0.1595753 0.06282258 0.3412903 0.01029968 0.3170168 0.01029968 0.3412903 0.9332401 0.1477027 0.9289799 0.1714646 0.92898 0.1477027 0.01029968 0.2684702 0.06282258 0.2441971 0.01029968 0.2441971 0.01029944 0.2442023 0.06282234 0.2684758 0.0102995 0.2684758 0.92898 0.3140149 0.9332401 0.290253 0.9332401 0.3140149 0.8286761 0.06452816 0.9082299 0.1120479 0.8286761 0.1120479 0.01029944 0.1713826 0.06282258 0.195656 0.01029944 0.195656 0.9332401 0.07641619 0.92898 0.1001782 0.92898 0.07641619 0.722565 0.04899561 0.7041422 0.04257398 0.7009323 0.06077867 0.9324173 0.5254451 0.8861282 0.6058809 0.9371871 0.5625508 0.7701808 0.706749 0.6702346 0.7244697 0.6862177 0.8051356 0.539431 0.7611868 0.3789071 0.8168812 0.3581411 0.8366011 0.3581411 0.8366011 0.4288199 0.8905814 0.539431 0.7611868 0.539431 0.7611868 0.375247 0.7758223 0.3839515 0.7946594 0.3789071 0.8168812 0.539431 0.7611868 0.3839515 0.7946594 0.4058992 0.9261708 0.2863752 0.8767318 0.2534491 0.8873358 0.6740584 0.2924815 0.6600333 0.3930006 0.7416826 0.4027276 0.072398 0.6524156 0.08462786 0.6475323 0.09471166 0.5185809 0.09471166 0.5185809 0.07447844 0.4905482 0.072398 0.6524156 0.1255581 0.6583335 0.2828006 0.7235461 0.180227 0.588089 0.180227 0.588089 0.1550553 0.5744332 0.1255581 0.6583335 0.2029201 0.5860196 0.2828006 0.7235461 0.2181455 0.5719202 0.180227 0.588089 0.2828006 0.7235461 0.2029201 0.5860196 0.08462786 0.6475323 0.1550553 0.5744332 0.09471166 0.5185809 0.6545328 0.5287482 0.6578969 0.6986262 0.6702346 0.7244697 0.6702346 0.7244697 0.7434137 0.673931 0.6545328 0.5287482 0.6545328 0.5287482 0.6177166 0.6894192 0.6383215 0.6869618 0.6578969 0.6986262 0.6545328 0.5287482 0.6383215 0.6869618 0.7701808 0.706749 0.6862177 0.8051356 0.6861278 0.8397272 0.6861278 0.8397272 0.7829544 0.7099966 0.7701808 0.706749 0.5850698 0.0783506 0.5493476 0.04629987 0.5805129 0.08021527 0.469039 0.3474523 0.6316422 0.3967482 0.6600333 0.3930006 0.6600333 0.3930006 0.6345818 0.3077855 0.469039 0.3474523 0.469039 0.3474523 0.6104694 0.4321168 0.6144994 0.4117613 0.6316422 0.3967482 0.469039 0.3474523 0.6144994 0.4117613 0.6740584 0.2924815 0.7416826 0.4027276 0.7745479 0.413512 0.7745479 0.413512 0.6810944 0.2813368 0.6740584 0.2924815 0.4058992 0.9261708 0.3581411 0.8366011 0.2863752 0.8767318 0.2392958 0.4678442 0.3364259 0.3284325 0.341635 0.300273 0.341635 0.300273 0.252726 0.2981458 0.2392958 0.4678442 0.2392958 0.4678442 0.3635209 0.3594985 0.3454067 0.3493755 0.3364259 0.3284325 0.2392958 0.4678442 0.3454067 0.3493755 0.2503501 0.2558811 0.3761066 0.2256235 0.3965263 0.1977071 0.8169382 0.3886464 0.7804049 0.3253693 0.7745479 0.413512 0.7745479 0.413512 0.7804049 0.3253693 0.6810944 0.2813368 0.6810944 0.2813368 0.7804049 0.3253693 0.7334385 0.2693969 0.7334385 0.2693969 0.6737746 0.2683608 0.6810944 0.2813368 0.3285489 0.1609072 0.3965263 0.1977071 0.4005057 0.1482192 0.2419383 0.2457482 0.3285489 0.1609072 0.2598892 0.1858974 0.7804049 0.8062242 0.8169382 0.742947 0.7829544 0.7099966 0.7829544 0.7099966 0.8169382 0.742947 0.7930466 0.6990278 0.7804049 0.8062242 0.7829544 0.7099966 0.6861278 0.8397272 0.7804049 0.8062242 0.6861278 0.8397272 0.7334383 0.8621968 0.3478005 0.7574737 0.4370198 0.5657554 0.2828006 0.7235461 0.2828006 0.7235461 0.4370198 0.5657554 0.2181455 0.5719202 0.2181455 0.5719202 0.4370198 0.5657554 0.2271147 0.5401471 0.2271147 0.5401471 0.4370198 0.5657554 0.2392958 0.4678442 0.2392958 0.4678442 0.4370198 0.5657554 0.3635209 0.3594985 0.3635209 0.3594985 0.4370198 0.5657554 0.3965108 0.3582104 0.3965108 0.3582104 0.4370198 0.5657554 0.469039 0.3474523 0.469039 0.3474523 0.4370198 0.5657554 0.6104694 0.4321168 0.6104694 0.4321168 0.4370198 0.5657554 0.6218889 0.4630942 0.6218889 0.4630942 0.4370198 0.5657554 0.6545328 0.5287482 0.6545328 0.5287482 0.4370198 0.5657554 0.6177166 0.6894192 0.6177166 0.6894192 0.4370198 0.5657554 0.5917843 0.7098523 0.5917843 0.7098523 0.4370198 0.5657554 0.539431 0.7611868 0.539431 0.7611868 0.4370198 0.5657554 0.375247 0.7758223 0.375247 0.7758223 0.4370198 0.5657554 0.3478005 0.7574737 0.5394802 0.05202406 0.5355719 0.08480548 0.5569087 0.1217617 0.5569087 0.1217617 0.5673172 0.116441 0.5394802 0.05202406 0.169813 0.9755576 0.09965872 0.9772365 0.1540186 0.991148 0.1941187 0.9765527 0.2268088 0.9491227 0.213986 0.9509392 0.213986 0.9509392 0.1983893 0.9641107 0.1941187 0.9765527 0.213986 0.9509392 0.2268088 0.9491227 0.2244649 0.9385175 0.5281615 0.0427798 0.5355719 0.08480548 0.536774 0.04939717 0.536774 0.04939717 0.5355719 0.08480548 0.5394802 0.05202406 0.169813 0.9755576 0.1540186 0.991148 0.1941187 0.9765527 0.1941187 0.9765527 0.1807924 0.9741527 0.169813 0.9755576 0.1807924 0.9741527 0.1941187 0.9765527 0.1983893 0.9641107 0.06381082 0.9618713 0.07124459 0.9765525 0.0811578 0.9726344 0.1113451 0.9911479 0.0962094 0.9787615 0.0811578 0.9726344 0.0811578 0.9726344 0.07124459 0.9765525 0.1113451 0.9911479 0.1540186 0.991148 0.09965872 0.9772365 0.0962094 0.9787615 0.0962094 0.9787615 0.1113451 0.9911479 0.1540186 0.991148 0.04409366 0.9382309 0.03855484 0.9491223 0.04882264 0.9482387 0.07124459 0.9765525 0.06381082 0.9618713 0.04882264 0.9482387 0.04882264 0.9482387 0.03855484 0.9491223 0.07124459 0.9765525 0.009807705 0.8701403 0.01947784 0.8530111 0.02435398 0.8331874 0.02435398 0.8331874 0.01721811 0.8281147 0.009807705 0.8701403 0.01947784 0.8530111 0.009807705 0.8701403 0.01830172 0.8692197 0.01721781 0.9121658 0.02081799 0.8720289 0.01830172 0.8692197 0.01830172 0.8692197 0.009807705 0.8701403 0.01721781 0.9121658 0.03782564 0.7953845 0.01721811 0.8281147 0.03268754 0.81472 0.03268754 0.81472 0.01721811 0.8281147 0.02435398 0.8331874 0.7230423 0.1314947 0.7451625 0.1217617 0.7376824 0.1172668 0.7664993 0.08480507 0.7472689 0.1041447 0.7376824 0.1172668 0.7376824 0.1172668 0.7451625 0.1217617 0.7664993 0.08480507 0.7472689 0.1041447 0.7664993 0.08480507 0.7466235 0.1004287 0.7451625 0.1217617 0.7230423 0.1314947 0.7061889 0.1427395 0.7061889 0.1427395 0.7124724 0.1491917 0.7451625 0.1217617 0.5886351 0.1386483 0.5895987 0.149192 0.6066908 0.1481752 0.5895987 0.149192 0.6296987 0.1637872 0.6221334 0.1532378 0.6221334 0.1532378 0.6066908 0.1481752 0.5895987 0.149192 0.6723725 0.1637873 0.6254677 0.1514755 0.6221334 0.1532378 0.6221334 0.1532378 0.6296987 0.1637872 0.6723725 0.1637873 0.5673172 0.116441 0.5569087 0.1217617 0.5727329 0.1260948 0.5569087 0.1217617 0.5895987 0.149192 0.5886351 0.1386483 0.5886351 0.1386483 0.5727329 0.1260948 0.5569087 0.1217617 0.6254677 0.1514755 0.6723725 0.1637873 0.6953344 0.1449072 0.09804743 0.9659437 0.1003185 0.9739162 0.1626113 0.9718315 0.1626113 0.9718315 0.1458516 0.9560682 0.09804743 0.9659437 0.08256703 0.9269003 0.09804743 0.9659437 0.1458516 0.9560682 0.1458516 0.9560682 0.1411682 0.9497524 0.08256703 0.9269003 0.08256703 0.9269003 0.1411463 0.9448289 0.1437439 0.9414499 0.1411682 0.9497524 0.1411463 0.9448289 0.08256703 0.9269003 0.1003185 0.9739162 0.09965872 0.9772365 0.169813 0.9755576 0.169813 0.9755576 0.1626113 0.9718315 0.1003185 0.9739162 0.8430969 0.8871133 0.9156737 0.8646959 0.8863857 0.8403473 0.542806 0.05139195 0.568074 0.1083678 0.5764112 0.08692348 0.5394802 0.05202406 0.5673172 0.116441 0.568074 0.1083678 0.568074 0.1083678 0.542806 0.05139195 0.5394802 0.05202406 0.1966111 0.9091627 0.2534491 0.8873358 0.2173883 0.8767009 0.5850698 0.0783506 0.5891756 0.07949298 0.5797485 0.01732075 0.03106033 0.867007 0.02417963 0.8716306 0.04541194 0.9302302 0.04541194 0.9302302 0.05522471 0.9094195 0.03106033 0.867007 0.06340914 0.8402191 0.03106033 0.867007 0.05522471 0.9094195 0.05522471 0.9094195 0.05978429 0.9030136 0.06340914 0.8402191 0.06340914 0.8402191 0.06446021 0.9014714 0.06847637 0.9028978 0.05978429 0.9030136 0.06446021 0.9014714 0.06340914 0.8402191 0.02417963 0.8716306 0.02081799 0.8720289 0.04409366 0.9382309 0.04409366 0.9382309 0.04541194 0.9302302 0.02417963 0.8716306 0.7352764 0.09926038 0.7435616 0.09898507 0.7566089 0.03803843 0.7566089 0.03803843 0.7372591 0.05048722 0.7352764 0.09926038 0.6936476 0.1048358 0.7352764 0.09926038 0.7372591 0.05048722 0.7372591 0.05048722 0.7299976 0.05350351 0.6936476 0.1048358 0.6936476 0.1048358 0.7252153 0.05233347 0.722565 0.04899561 0.7299976 0.05350351 0.7252153 0.05233347 0.6936476 0.1048358 0.4058992 0.9261708 0.2598888 0.9456959 0.4067512 0.9393344 0.6230729 0.1403227 0.6258947 0.1481177 0.6878901 0.1416926 0.6878901 0.1416926 0.6700714 0.1271369 0.6230729 0.1403227 0.6049061 0.1024542 0.6230729 0.1403227 0.6700714 0.1271369 0.6700714 0.1271369 0.6649587 0.1211629 0.6049061 0.1024542 0.6049061 0.1024542 0.6645938 0.1162526 0.6669492 0.1127009 0.6649587 0.1211629 0.6645938 0.1162526 0.6049061 0.1024542 0.6258947 0.1481177 0.6254677 0.1514755 0.6953344 0.1449072 0.6953344 0.1449072 0.6878901 0.1416926 0.6258947 0.1481177 0.7717521 0.03907382 0.7466235 0.1004287 0.7664993 0.08480507 0.6723725 0.1637873 0.7124724 0.1491917 0.6953344 0.1449072 0.01721781 0.9121658 0.04409366 0.9382309 0.02081799 0.8720289 0.01721781 0.9121658 0.03855484 0.9491223 0.04409366 0.9382309 0.9442082 0.7776493 0.9029047 0.7220524 0.906593 0.7756504 0.6097928 0.9051604 0.6774663 0.9091629 0.6648635 0.8707484 0.1437439 0.9414499 0.1233987 0.9227933 0.08256703 0.9269003 0.1437439 0.9414499 0.1519605 0.9386068 0.141884 0.9227933 0.141884 0.9227933 0.1233987 0.9227933 0.1437439 0.9414499 0.1406394 0.269397 0.1324566 0.3372554 0.1762477 0.2886202 0.5891756 0.07949298 0.600899 0.06077837 0.5976894 0.04257428 0.5976894 0.04257428 0.5797485 0.01732075 0.5891756 0.07949298 0.07371944 0.9098335 0.08262473 0.8885799 0.06847637 0.9028978 0.5805129 0.08021527 0.542806 0.05139195 0.5764112 0.08692348 0.1762477 0.2886202 0.1966113 0.222431 0.1406394 0.269397 0.6775292 0.08866935 0.6749473 0.1092917 0.6936476 0.1048358 0.6936476 0.1048358 0.6916897 0.07678705 0.6775292 0.08866935 0.722565 0.04899561 0.7009323 0.06077867 0.6916897 0.07678705 0.6916897 0.07678705 0.6936476 0.1048358 0.722565 0.04899561 0.5491126 0.9296765 0.6141886 0.9456962 0.6097928 0.9051604 0.6464179 0.950035 0.6997008 0.9839013 0.6913021 0.9452256 0.1734153 0.9045887 0.1592547 0.9164709 0.170926 0.9354662 0.07941478 0.8703754 0.08262473 0.8521708 0.06340914 0.8402191 0.07941478 0.8703754 0.06847637 0.9028978 0.08262473 0.8885799 0.07941478 0.8703754 0.06340914 0.8402191 0.06847637 0.9028978 0.641673 0.09499198 0.6243026 0.08866947 0.6049061 0.1024542 0.641673 0.09499198 0.6669492 0.1127009 0.6601584 0.09499186 0.641673 0.09499198 0.6049061 0.1024542 0.6669492 0.1127009 0.08256703 0.9269003 0.1233987 0.9227933 0.1060281 0.916471 0.7124724 0.1491917 0.7061889 0.1427395 0.6953344 0.1449072 0.04876053 0.8059114 0.03782564 0.7953845 0.04074412 0.8071302 0.04074412 0.8071302 0.03782564 0.7953845 0.03268754 0.81472 0.5096858 0.2211215 0.500748 0.2404657 0.5096858 0.2404657 0.473935 0.2211215 0.4649974 0.2404657 0.473935 0.2404657 0.4918104 0.2211215 0.4828728 0.2404657 0.4918104 0.2404657 0.4649974 0.2404657 0.4560595 0.2211215 0.4560595 0.2404657 0.4918104 0.2404657 0.500748 0.2211215 0.4918104 0.2211215 0.5186234 0.2404657 0.5096858 0.2211215 0.5096858 0.2404657 0.4560595 0.2211215 0.4471219 0.2404657 0.4560595 0.2404657 0.4918104 0.2510943 0.4828728 0.2858336 0.4918104 0.2858336 0.4248252 0.2588178 0.4248252 0.2844022 0.4376172 0.2716099 0.8036661 0.1714648 0.8079261 0.1477026 0.8079261 0.1714646 0.8079259 0.2427603 0.8036661 0.2665225 0.8036661 0.2427603 0.8079262 0.1476809 0.8036662 0.1714429 0.8036664 0.1476809 0.7466109 0.9336868 0.8120463 0.9542918 0.7999972 0.9165408 0.4828728 0.2858336 0.473935 0.2510943 0.473935 0.2858336 0.8079261 0.07641619 0.8036661 0.1001782 0.8036662 0.07641619 0.473935 0.3149936 0.4649974 0.2967269 0.4649974 0.3149936 0.4560595 0.2967269 0.4471219 0.3149936 0.4560595 0.3149936 0.4649974 0.3149936 0.4560595 0.2967269 0.4560595 0.3149936 0.500748 0.2967269 0.4918104 0.3149936 0.500748 0.3149936 0.5186234 0.2967269 0.5096858 0.3149936 0.5186234 0.3149936 0.5096858 0.2967269 0.500748 0.3149936 0.5096858 0.3149936 0.1788658 0.06182563 0.2026275 0.02932572 0.1788658 0.0293256 0.4918104 0.3149936 0.4828728 0.2967269 0.4828728 0.3149936 0.4362347 0.3038894 0.4330787 0.2962699 0.4254588 0.3038894 0.4330787 0.3115092 0.4362347 0.3038894 0.4254588 0.3038894 0.4254588 0.3146652 0.4330787 0.3115092 0.4254588 0.3038894 0.417839 0.3115092 0.4254588 0.3146652 0.4254588 0.3038894 0.4146828 0.3038894 0.417839 0.3115092 0.4254588 0.3038894 0.417839 0.2962699 0.4146828 0.3038894 0.4254588 0.3038894 0.4254588 0.2931134 0.417839 0.2962699 0.4254588 0.3038894 0.4330787 0.2962699 0.4254588 0.2931134 0.4254588 0.3038894 0.4248252 0.2216717 0.4152826 0.2256244 0.4113301 0.235167 0.4113301 0.235167 0.4152826 0.2447096 0.4248252 0.2486619 0.9332399 0.2665223 0.9289801 0.2902842 0.9289799 0.2665223 0.4248252 0.2486619 0.4343678 0.2447096 0.4383202 0.235167 0.4343678 0.2256244 0.4248252 0.2216717 0.4383202 0.235167 0.4120329 0.2716099 0.4157796 0.2806553 0.4248252 0.2844022 0.4248252 0.2844022 0.4338708 0.2806553 0.4376172 0.2716099 0.8079261 0.1952268 0.8036661 0.1714648 0.8079261 0.1714646 0.4376172 0.2716099 0.4338708 0.2625645 0.4248252 0.2588178 0.4157796 0.2625645 0.4120329 0.2716099 0.4248252 0.2588178 0.6997008 0.9839013 0.7466109 0.9336868 0.6913021 0.9452256 0.6464179 0.950035 0.6997008 0.9839013 0.6913021 0.9452256 0.6419203 0.990097 0.6464179 0.950035 0.5846627 0.9919344 0.5846627 0.9919344 0.6464179 0.950035 0.6367002 0.9459931 0.6367002 0.9459931 0.5719499 0.9884884 0.5846627 0.9919344 0.8266314 0.9019009 0.8648804 0.9173566 0.8430969 0.8871133 0.9324173 0.5254451 0.8809897 0.5832902 0.8861282 0.6058809 0.9435097 0.7128584 0.8861282 0.6058809 0.9029047 0.7220524 0.9442082 0.7776493 0.9029047 0.7220524 0.906593 0.7756504 0.9067746 0.8000288 0.9442082 0.7776493 0.906593 0.7756504 0.9048255 0.8112499 0.9438274 0.8070046 0.9067746 0.8000288 0.899489 0.8233628 0.9401237 0.8254932 0.9048255 0.8112499 0.9156737 0.8646959 0.899489 0.8233628 0.8863857 0.8403473 0.7566089 0.03803843 0.7466235 0.1004287 0.7717521 0.03907382 0.6101419 0.07678717 0.5891756 0.07949298 0.5948898 0.08604598 0.6101419 0.07678717 0.6049061 0.1024542 0.6243026 0.08866947 0.7466109 0.9336868 0.8120463 0.9542918 0.7999972 0.9165408 0.9324173 0.5254451 0.8861282 0.6058809 0.9371871 0.5625508 0.6997008 0.9839013 0.7466109 0.9336868 0.6913021 0.9452256 0.6464179 0.950035 0.6997008 0.9839013 0.6913021 0.9452256 0.6419203 0.990097 0.6464179 0.950035 0.5846627 0.9919344 0.5846627 0.9919344 0.6464179 0.950035 0.6367002 0.9459931 0.6367002 0.9459931 0.5719499 0.9884884 0.5846627 0.9919344 0.8754153 0.5756469 0.9324173 0.5254451 0.9252003 0.5163156 0.9324173 0.5254451 0.8809897 0.5832902 0.8861282 0.6058809 0.9442082 0.7776493 0.9029047 0.7220524 0.906593 0.7756504 0.9067746 0.8000288 0.9442082 0.7776493 0.906593 0.7756504 0.9048255 0.8112499 0.9438274 0.8070046 0.9067746 0.8000288 0.899489 0.8233628 0.9401237 0.8254932 0.9048255 0.8112499 0.9156737 0.8646959 0.899489 0.8233628 0.8863857 0.8403473 0.8430969 0.8871133 0.9156737 0.8646959 0.8863857 0.8403473 0.8266314 0.9019009 0.8648804 0.9173566 0.8430969 0.8871133 0.7999972 0.9165408 0.8416256 0.9380083 0.8266314 0.9019009 0.6997008 0.9839013 0.7466109 0.9336868 0.6913021 0.9452256 0.9324173 0.5254451 0.8861282 0.6058809 0.9371871 0.5625508 0.6997008 0.9839013 0.7466109 0.9336868 0.6913021 0.9452256 0.6464179 0.950035 0.6997008 0.9839013 0.6913021 0.9452256 0.6419203 0.990097 0.6464179 0.950035 0.5846627 0.9919344 0.5846627 0.9919344 0.6464179 0.950035 0.6367002 0.9459931 0.6367002 0.9459931 0.5719499 0.9884884 0.5846627 0.9919344 0.8754153 0.5756469 0.9324173 0.5254451 0.9252003 0.5163156 0.9324173 0.5254451 0.8809897 0.5832902 0.8861282 0.6058809 0.9435097 0.7128584 0.8861282 0.6058809 0.9029047 0.7220524 0.9442082 0.7776493 0.9029047 0.7220524 0.906593 0.7756504 0.9067746 0.8000288 0.9442082 0.7776493 0.906593 0.7756504 0.9048255 0.8112499 0.9438274 0.8070046 0.9067746 0.8000288 0.899489 0.8233628 0.9401237 0.8254932 0.9048255 0.8112499 0.4828728 0.2404657 0.473935 0.2211215 0.473935 0.2404657 0.8430969 0.8871133 0.9156737 0.8646959 0.8863857 0.8403473 0.8266314 0.9019009 0.8648804 0.9173566 0.8430969 0.8871133 0.7999972 0.9165408 0.8416256 0.9380083 0.8266314 0.9019009 0.7466109 0.9336868 0.8120463 0.9542918 0.7999972 0.9165408 0.9324173 0.5254451 0.8861282 0.6058809 0.9371871 0.5625508 0.6997008 0.9839013 0.7466109 0.9336868 0.6913021 0.9452256 0.9067746 0.8000288 0.9442082 0.7776493 0.906593 0.7756504 0.6419203 0.990097 0.6464179 0.950035 0.5846627 0.9919344 0.5846627 0.9919344 0.6464179 0.950035 0.6367002 0.9459931 0.6367002 0.9459931 0.5719499 0.9884884 0.5846627 0.9919344 0.8754153 0.5756469 0.9324173 0.5254451 0.9252003 0.5163156 0.9324173 0.5254451 0.8809897 0.5832902 0.8861282 0.6058809 0.9435097 0.7128584 0.8861282 0.6058809 0.9029047 0.7220524 0.6601584 0.09499186 0.6749473 0.1092917 0.6775292 0.08866935 0.7999972 0.9165408 0.8416256 0.9380083 0.8266314 0.9019009 0.9048255 0.8112499 0.9438274 0.8070046 0.9067746 0.8000288 0.899489 0.8233628 0.9401237 0.8254932 0.9048255 0.8112499 0.9156737 0.8646959 0.899489 0.8233628 0.8863857 0.8403473 0.8430969 0.8871133 0.9156737 0.8646959 0.8863857 0.8403473 0.8266314 0.9019009 0.8648804 0.9173566 0.8430969 0.8871133 0.7999972 0.9165408 0.8416256 0.9380083 0.8266314 0.9019009 0.7466109 0.9336868 0.8120463 0.9542918 0.7999972 0.9165408 0.9324173 0.5254451 0.8861282 0.6058809 0.9371871 0.5625508 0.92898 0.2427289 0.9082301 0.254614 0.9082301 0.2070949 0.92898 0.1001782 0.9332401 0.1001782 0.9332401 0.1239404 0.9332399 0.1714743 0.9289801 0.1714743 0.9289801 0.1477121 0.92898 0.290253 0.9082301 0.3021324 0.9082301 0.254614 0.9332401 0.2427289 0.92898 0.2427289 0.92898 0.2189669 0.9289801 0.1714743 0.9332399 0.1714743 0.9332399 0.1952362 0.8079259 0.2665133 0.828676 0.2546164 0.828676 0.3021431 0.9332399 0.2189892 0.9332399 0.242751 0.9289799 0.242751 0.9082302 0.0170049 0.9289802 0.02887111 0.9289802 0.05263298 0.9289801 0.05266386 0.9289799 0.02890187 0.9332399 0.02890187 0.01029968 0.3170168 0.06282258 0.3170168 0.06282258 0.2927437 0.01029944 0.219929 0.06282222 0.219929 0.06282222 0.2442023 0.9289802 0.1001568 0.9082302 0.1120534 0.9082302 0.06453013 0.8286761 0.2070951 0.9082301 0.2070949 0.9082301 0.254614 0.9332399 0.1952268 0.9332399 0.2189892 0.9289799 0.218989 0.803666 0.218989 0.8079259 0.218989 0.8079259 0.242751 0.92898 0.1239404 0.92898 0.1477027 0.9082299 0.1595688 0.9332401 0.1952048 0.92898 0.1952048 0.9289802 0.1714428 0.8036661 0.2189983 0.8036661 0.1952362 0.8079259 0.1952362 0.9082299 0.1120479 0.9082299 0.06452816 0.92898 0.07641619 0.8036661 0.1952362 0.8036661 0.1714743 0.8079259 0.1714743 0.9332401 0.05263298 0.9289802 0.05263298 0.9289802 0.02887111 0.9082299 0.06452816 0.9082301 0.01700937 0.92898 0.02889198 0.8036661 0.1714743 0.8036661 0.1477121 0.8079259 0.1477121 0.9332401 0.07641619 0.92898 0.07641619 0.92898 0.05265402 0.01029968 0.2199238 0.06282258 0.2199238 0.06282258 0.1956503 0.06282234 0.3170225 0.06282258 0.341296 0.01029968 0.341296 0.9435097 0.7128584 0.9371871 0.5625508 0.8861282 0.6058809 0.06282234 0.2684758 0.06282258 0.2927491 0.0102995 0.2927491 0.8036661 0.2189983 0.8079262 0.2189983 0.8079259 0.2427603 0.06282258 0.2927437 0.06282258 0.2684702 0.01029968 0.2684702 0.8079262 0.123919 0.8079262 0.1476809 0.8036664 0.1476809 0.4560595 0.2510943 0.4471219 0.2510943 0.4471219 0.2858336 0.803666 0.242751 0.8079259 0.242751 0.8079259 0.2665133 0.828676 0.06453579 0.8079259 0.05266386 0.8079259 0.02890187 0.9082299 0.1595688 0.9082299 0.2070917 0.828676 0.2070917 0.8036662 0.05265402 0.8036662 0.02889215 0.8079261 0.02889215 0.9289801 0.1952362 0.9082301 0.2071242 0.9082299 0.1595947 0.8079262 0.1001571 0.8079262 0.123919 0.8036664 0.123919 0.8079262 0.07639527 0.8079262 0.1001571 0.8036664 0.1001571 0.9289801 0.1239502 0.9289801 0.1477121 0.9082299 0.1595947 0.9332401 0.07639503 0.92898 0.07639503 0.9289802 0.05263298 0.9082299 0.01700758 0.9082299 0.06453579 0.828676 0.06453579 0.9289801 0.07642596 0.9289801 0.100188 0.9082299 0.1120652 0.9332401 0.2664911 0.92898 0.2664911 0.92898 0.2427289 0.9082299 0.06453579 0.9082299 0.01700758 0.9289799 0.02890187 0.8036661 0.1239503 0.8036661 0.100188 0.8079259 0.100188 0.9289799 0.2665133 0.9289799 0.2902752 0.9082299 0.3021432 0.8079261 0.1239404 0.8036661 0.1239404 0.8036661 0.1001782 0.8079262 0.2902842 0.8079262 0.3140464 0.8036661 0.3140464 0.5186234 0.2858336 0.5186234 0.2510943 0.5096858 0.2510943 0.8079262 0.1001571 0.8079262 0.07639527 0.8286761 0.06453037 0.803666 0.3140375 0.803666 0.2902752 0.8079259 0.2902752 0.803666 0.1952268 0.8079261 0.1952268 0.8079259 0.218989 0.8079261 0.1239404 0.8079261 0.1477026 0.8036661 0.1477026 0.5096858 0.2510943 0.500748 0.2510943 0.500748 0.2858337 0.9289802 0.1476809 0.9082301 0.159575 0.9082302 0.1120534 0.9082301 0.159575 0.9289802 0.1714428 0.92898 0.1952048 0.3689615 0.02932566 0.3689615 0.01312035 0.3451995 0.01312035 0.9332401 0.1239404 0.9332401 0.1477027 0.92898 0.1477027 0.8286761 0.1120479 0.8079261 0.1001782 0.8079261 0.07641619 0.2263895 0.01312029 0.2263895 0.02932572 0.2501515 0.02932572 0.8286761 0.254614 0.9082301 0.254614 0.9082301 0.3021324 0.2263889 0.01312029 0.2501509 0.01312029 0.2501509 0.02932572 0.8036662 0.0526331 0.8036662 0.02887135 0.8079262 0.02887135 0.8286761 0.06452816 0.8079261 0.05265402 0.8079261 0.02889215 0.9289799 0.218989 0.9289799 0.242751 0.9082299 0.2546164 0.2263895 0.02932572 0.2263895 0.01312029 0.2026275 0.01312029 0.500748 0.2858337 0.500748 0.2510943 0.4918104 0.2510943 0.8079262 0.2902842 0.8079262 0.2665225 0.8286761 0.2546528 0.3689615 0.02932566 0.3927232 0.02932566 0.3927232 0.01312035 0.4649974 0.2858337 0.4649974 0.2510943 0.4560595 0.2510943 0.2263889 0.01312029 0.2263889 0.02932572 0.2026269 0.02932572 0.4164847 0.02932566 0.3927227 0.02932566 0.3927227 0.01312035 0.9332401 0.2189669 0.92898 0.2189669 0.92898 0.1952048 0.9082299 0.2070917 0.9082299 0.1595688 0.9289799 0.1714646 0.4402467 0.01312035 0.4402467 0.02932566 0.4164847 0.02932566 0.01029968 0.1956505 0.06282258 0.1956503 0.06282258 0.1713771 0.1788658 0.0293256 0.1788658 0.01312029 0.1551037 0.01312017 0.8286761 0.1595753 0.8286761 0.2070951 0.8079261 0.1952049 0.4164854 0.01312035 0.3927232 0.01312035 0.3927232 0.02932566 0.8286761 0.2546528 0.8286761 0.2071242 0.9082301 0.2071242 0.8079262 0.1476809 0.8079262 0.123919 0.8286761 0.1120536 0.2739128 0.01312041 0.297675 0.01312041 0.2976748 0.02932572 0.06282258 0.3655636 0.06282258 0.3412903 0.01029968 0.3412903 0.0362941 0.0293256 0.06005585 0.0293256 0.06005585 0.01312029 0.06282258 0.1471091 0.06282258 0.1713826 0.01029944 0.1713826 0.06005537 0.0293256 0.03629314 0.0293256 0.03629314 0.01312029 0.06282258 0.195656 0.06282222 0.219929 0.01029944 0.219929 0.8079262 0.2427289 0.8079262 0.218967 0.8286761 0.2070951 0.1788658 0.0293256 0.2026275 0.02932572 0.2026275 0.01312029 0.9332401 0.1239189 0.9289802 0.1239189 0.9289802 0.1001568 0.4164854 0.01312035 0.4164854 0.02932566 0.4402473 0.02932566 0.828676 0.3021431 0.828676 0.2546164 0.9082299 0.2546164 0.1313418 0.0293256 0.1313418 0.01312017 0.1075798 0.01312017 0.803666 0.07642608 0.803666 0.05266386 0.8079259 0.05266386 0.8079262 0.290253 0.8079261 0.2664911 0.8286761 0.254614 0.1788651 0.01312029 0.2026269 0.01312029 0.2026269 0.02932572 0.2976755 0.01312029 0.2739137 0.01312029 0.2739137 0.02932572 0.8079259 0.07642608 0.828676 0.06453579 0.828676 0.1120652 0.09285265 0.7281481 0.05713963 0.7429465 0.09367245 0.8062238 0.9332399 0.100188 0.9332399 0.1239503 0.9289801 0.1239502 0.8286761 0.2071242 0.8286761 0.2546528 0.8079259 0.2427603 0.3214368 0.01312035 0.3214368 0.02932566 0.2976748 0.02932572 0.9332399 0.2427603 0.9332399 0.2665223 0.9289799 0.2665223 0.01253134 0.01312017 0.03629314 0.01312029 0.03629314 0.0293256 0.9332399 0.3140464 0.9289801 0.3140464 0.9289801 0.2902842 0.1788651 0.01312029 0.1788651 0.02932572 0.1551032 0.02932572 0.8079262 0.290253 0.8079261 0.3140152 0.8036662 0.3140152 0.8079259 0.1952362 0.8079259 0.1714743 0.828676 0.1595947 0.2739137 0.02932572 0.2739137 0.01312029 0.2501515 0.01312029 0.9332399 0.2189983 0.9289801 0.2189983 0.9289801 0.1952362 0.9082299 0.06453579 0.9082299 0.1120652 0.828676 0.1120652 0.3927227 0.01312035 0.3927227 0.02932566 0.3689607 0.02932566 0.9332399 0.3140375 0.9289799 0.3140375 0.9289799 0.2902752 0.9289801 0.2902842 0.9082301 0.30218 0.9082301 0.2546528 0.828676 0.1120652 0.9082299 0.1120652 0.9082299 0.1595947 0.3214375 0.02932566 0.3214375 0.01312023 0.2976755 0.01312029 0.9082301 0.2071242 0.9289801 0.2189983 0.9289799 0.2427603 0.3214368 0.01312035 0.3451988 0.01312035 0.3451988 0.02932566 0.9332399 0.05266386 0.9332399 0.07642608 0.9289801 0.07642596 0.1551037 0.01312017 0.1313418 0.01312017 0.1313418 0.0293256 0.9082301 0.2070949 0.8286761 0.2070951 0.8286761 0.1595753 0.2501509 0.02932572 0.2501509 0.01312029 0.2739128 0.01312041 0.9332399 0.1714646 0.9332399 0.1952268 0.9289799 0.1952268 0.8286761 0.0170049 0.8286761 0.06453037 0.8079262 0.0526331 0.3214375 0.02932566 0.3451995 0.02932566 0.3451995 0.01312035 0.8079259 0.2902752 0.803666 0.2902752 0.803666 0.2665133 0.8079262 0.0526331 0.8079262 0.07639527 0.8036662 0.07639527 0.08381712 0.01312029 0.08381712 0.0293256 0.06005537 0.0293256 0.9289799 0.2665133 0.9332399 0.2665133 0.9332399 0.2902752 0.06005585 0.0293256 0.08381783 0.0293256 0.08381783 0.01312029 0.473935 0.2510943 0.4649974 0.2510943 0.4649974 0.2858337 0.8079259 0.218989 0.828676 0.2070917 0.828676 0.2546164 0.08381783 0.0293256 0.1075798 0.0293256 0.1075798 0.01312017 0.9332399 0.1239503 0.9332399 0.1477121 0.9289801 0.1477121 0.131341 0.01312029 0.1551032 0.01312029 0.1551032 0.02932572 0.4248252 0.2486619 0.4383202 0.235167 0.4248252 0.2216717 0.01029968 0.341296 0.06282258 0.341296 0.06282258 0.3655692 0.0362941 0.01312017 0.01253187 0.01312017 0.01253187 0.0293256 0.828676 0.2070917 0.8079261 0.1952268 0.8079261 0.1714646 0.1075793 0.01312029 0.1075793 0.0293256 0.08381712 0.0293256 0.92898 0.02889198 0.9332401 0.02889198 0.9332401 0.05265402 0.828676 0.1595688 0.8079261 0.1477026 0.8079261 0.1239404 0.1075793 0.01312029 0.131341 0.01312029 0.131341 0.02932572 0.8286761 0.06453037 0.9082302 0.06453013 0.9082302 0.1120534 0.131341 0.02932572 0.131341 0.06182575 0.1075793 0.06182575 0.2263889 0.02932572 0.2263889 0.06182575 0.2026269 0.06182575 0.01253187 0.06182563 0.0362941 0.06182563 0.0362941 0.0293256 0.1551032 0.06182575 0.131341 0.06182575 0.131341 0.02932572 0.2501509 0.02932572 0.2501509 0.06182575 0.2263889 0.06182575 0.2501515 0.02932572 0.2501515 0.06182575 0.2739137 0.06182575 0.1788651 0.02932572 0.1788651 0.06182575 0.1551032 0.06182575 0.4402467 0.02932566 0.4402467 0.06182569 0.4164847 0.06182569 0.3451995 0.02932566 0.3451995 0.06182569 0.3689615 0.06182569 0.4164854 0.06182569 0.4402473 0.06182569 0.4402473 0.02932566 0.3689607 0.02932566 0.3689607 0.06182569 0.3451988 0.06182569 0.0362941 0.06182563 0.06005597 0.06182575 0.06005585 0.0293256 0.3214375 0.06182569 0.3451995 0.06182569 0.3451995 0.02932566 0.4164847 0.06182569 0.3927227 0.06182569 0.3927227 0.02932566 0.06005537 0.06182563 0.03629314 0.06182575 0.03629314 0.0293256 0.2263895 0.02932572 0.2263895 0.06182575 0.2501515 0.06182575 0.2026275 0.02932572 0.2026275 0.06182575 0.2263895 0.06182575 0.2026269 0.06182575 0.1788651 0.06182575 0.1788651 0.02932572 0.2739137 0.06182575 0.2976755 0.06182575 0.2976755 0.02932572 0.08381783 0.06182575 0.1075798 0.06182575 0.1075798 0.0293256 0.2976755 0.02932572 0.2976755 0.06182575 0.3214375 0.06182569 0.2976748 0.06182575 0.2739128 0.06182575 0.2739128 0.02932572 0.1313418 0.0293256 0.1313418 0.06182575 0.1551035 0.06182563 0.3214368 0.06182569 0.2976748 0.06182575 0.2976748 0.02932572 0.3451988 0.06182569 0.3214368 0.06182569 0.3214368 0.02932566 0.3689615 0.06182569 0.3927232 0.06182569 0.3927232 0.02932566 0.3927227 0.06182569 0.3689607 0.06182569 0.3689607 0.02932566 0.06005585 0.0293256 0.06005597 0.06182575 0.08381783 0.06182575 0.2739128 0.02932572 0.2739128 0.06182575 0.2501509 0.06182575 0.3927232 0.02932566 0.3927232 0.06182569 0.4164854 0.06182569 0.9156737 0.8646959 0.9314547 0.8442439 0.899489 0.8233628 0.08381712 0.0293256 0.08381712 0.06182563 0.06005537 0.06182563 0.1551037 0.0293256 0.1551035 0.06182563 0.1788658 0.06182563 0.1075793 0.0293256 0.1075793 0.06182575 0.08381712 0.06182563 0.03629314 0.06182575 0.01253134 0.06182563 0.01253134 0.0293256 0.1075798 0.0293256 0.1075798 0.06182575 0.1313418 0.06182575 0.9332401 0.1714428 0.9289802 0.1714428 0.9289802 0.1476809 0.9332399 0.07642608 0.9332399 0.100188 0.9289801 0.100188 0.06282258 0.2441971 0.06282258 0.2199238 0.01029968 0.2199238 0.92898 0.2664911 0.9332401 0.2664911 0.9332401 0.290253 0.8079262 0.218967 0.8079262 0.2427289 0.8036662 0.2427289 0.8079261 0.2664911 0.8079262 0.290253 0.8036662 0.290253 0.8079259 0.07642608 0.8079259 0.100188 0.8036661 0.100188 0.06282258 0.1713771 0.06282258 0.1471039 0.0102995 0.1471039 0.06282258 0.2927491 0.06282234 0.3170225 0.0102995 0.3170225 0.8079262 0.2427289 0.8079261 0.2664911 0.8036662 0.2664911 0.8286761 0.2546528 0.9082301 0.2546528 0.9082301 0.30218 0.828676 0.1595688 0.8286761 0.1120479 0.9082299 0.1120479 0.9332399 0.242751 0.9332399 0.2665133 0.9289799 0.2665133 0.9082299 0.1595947 0.9082301 0.2071242 0.8286761 0.2071242 0.8036662 0.05265402 0.8079261 0.05265402 0.8079261 0.07641619 0.9332399 0.2189983 0.9332399 0.2427603 0.9289799 0.2427603 0.9332401 0.07639503 0.9332401 0.1001568 0.9289802 0.1001568 0.8079262 0.2665225 0.8079262 0.2902842 0.8036661 0.2902842 0.803666 0.05266386 0.803666 0.02890187 0.8079259 0.02890187 0.9332401 0.1239189 0.9332401 0.1476809 0.9289802 0.1476809 0.9082299 0.2070917 0.9082299 0.2546164 0.828676 0.2546164 0.8079261 0.1952049 0.8079262 0.218967 0.8036662 0.218967 0.9082302 0.06453013 0.8286761 0.06453037 0.8286761 0.0170049 0.8079259 0.1477121 0.8036661 0.1477121 0.8036661 0.1239503 0.8036662 0.1952049 0.8036662 0.1714429 0.8079262 0.1714429 0.3689607 0.01312035 0.3689607 0.02932566 0.3451988 0.02932566 0.8754153 0.5756469 0.8809897 0.5832902 0.9324173 0.5254451 0.1406392 0.8621964 0.1966111 0.9091627 0.2173883 0.8767009 0.1255754 0.7848251 0.09367245 0.8062238 0.1406392 0.8621964 0.899489 0.8233628 0.9314547 0.8442439 0.9401237 0.8254932 0.09367281 0.3253694 0.05713981 0.3886466 0.09777563 0.3927562 0.07068216 0.6672348 0.03214943 0.6742861 0.05713963 0.7429465 0.4828728 0.3149936 0.4828728 0.2967269 0.473935 0.2967269 0.6464179 0.950035 0.6419203 0.990097 0.6997008 0.9839013 0.8754153 0.5756469 0.8809897 0.5832902 0.9324173 0.5254451 0.9435097 0.7128584 0.9371871 0.5625508 0.8861282 0.6058809 0.9442082 0.7776493 0.9435097 0.7128584 0.9029047 0.7220524 0.9067746 0.8000288 0.9438274 0.8070046 0.9442082 0.7776493 0.08262473 0.8521708 0.0918675 0.836162 0.07690662 0.8265304 0.9048255 0.8112499 0.9401237 0.8254932 0.9438274 0.8070046 0.9156737 0.8646959 0.9314547 0.8442439 0.899489 0.8233628 0.8430969 0.8871133 0.8648804 0.9173566 0.9156737 0.8646959 0.8266314 0.9019009 0.8416256 0.9380083 0.8648804 0.9173566 0.7999972 0.9165408 0.8120463 0.9542918 0.8416256 0.9380083 0.7466109 0.9336868 0.7568368 0.9718663 0.8120463 0.9542918 0.05713981 0.3886466 0.03214943 0.4573068 0.07344925 0.4529659 0.4203148 0.9455455 0.4005056 0.9833744 0.4735718 0.9833744 0.6648635 0.8707484 0.6774663 0.9091629 0.7334383 0.8621968 0.8079259 0.1239503 0.828676 0.1120652 0.828676 0.1595947 0.2503501 0.2558811 0.252726 0.2981458 0.341635 0.300273 0.2503501 0.2558811 0.3965263 0.1977071 0.3285489 0.1609072 0.08256703 0.9269003 0.1060281 0.916471 0.09186738 0.9045886 0.1592547 0.9164709 0.141884 0.9227933 0.1519605 0.9386068 0.485098 0.9432835 0.4735718 0.9833744 0.5455285 0.9706863 0.9082299 0.06452816 0.8286761 0.06452816 0.8286761 0.01700955 0.8286761 0.1120536 0.9082302 0.1120534 0.9082301 0.159575 0.06282258 0.3412903 0.06282258 0.3170168 0.01029968 0.3170168 0.9332401 0.1477027 0.9332399 0.1714646 0.9289799 0.1714646 0.01029968 0.2684702 0.06282258 0.2684702 0.06282258 0.2441971 0.01029944 0.2442023 0.06282222 0.2442023 0.06282234 0.2684758 0.92898 0.3140149 0.92898 0.290253 0.9332401 0.290253 0.8286761 0.06452816 0.9082299 0.06452816 0.9082299 0.1120479 0.01029944 0.1713826 0.06282258 0.1713826 0.06282258 0.195656 0.9332401 0.07641619 0.9332401 0.1001782 0.92898 0.1001782 0.722565 0.04899561 0.7217939 0.04033529 0.7041422 0.04257398 0.7701808 0.706749 0.7434137 0.673931 0.6702346 0.7244697 0.6740584 0.2924815 0.6345818 0.3077855 0.6600333 0.3930006 0.08462786 0.6475323 0.1255581 0.6583335 0.1550553 0.5744332 0.5850698 0.0783506 0.5797485 0.01732075 0.5493476 0.04629987 0.4058992 0.9261708 0.4288199 0.8905814 0.3581411 0.8366011 0.8430969 0.8871133 0.8648804 0.9173566 0.9156737 0.8646959 0.1966111 0.9091627 0.2598888 0.9456959 0.2534491 0.8873358 0.4058992 0.9261708 0.2534491 0.8873358 0.2598888 0.9456959 0.9442082 0.7776493 0.9435097 0.7128584 0.9029047 0.7220524 0.6097928 0.9051604 0.6141886 0.9456962 0.6774663 0.9091629 0.1406394 0.269397 0.09367281 0.3253694 0.1324566 0.3372554 0.07371944 0.9098335 0.09186738 0.9045886 0.08262473 0.8885799 0.5805129 0.08021527 0.5493476 0.04629987 0.542806 0.05139195 0.1762477 0.2886202 0.2273288 0.2487115 0.1966113 0.222431 0.5491126 0.9296765 0.5455285 0.9706863 0.6141886 0.9456962 0.6464179 0.950035 0.6419203 0.990097 0.6997008 0.9839013 0.5096858 0.2211215 0.500748 0.2211215 0.500748 0.2404657 0.473935 0.2211215 0.4649974 0.2211215 0.4649974 0.2404657 0.4918104 0.2211215 0.4828728 0.2211215 0.4828728 0.2404657 0.4649974 0.2404657 0.4649974 0.2211215 0.4560595 0.2211215 0.4918104 0.2404657 0.500748 0.2404657 0.500748 0.2211215 0.5186234 0.2404657 0.5186234 0.2211215 0.5096858 0.2211215 0.4560595 0.2211215 0.4471219 0.2211215 0.4471219 0.2404657 0.4918104 0.2510943 0.4828728 0.2510943 0.4828728 0.2858336 0.4248252 0.2588178 0.4120329 0.2716099 0.4248252 0.2844022 0.8036661 0.1714648 0.8036661 0.1477026 0.8079261 0.1477026 0.8079259 0.2427603 0.8079262 0.2665225 0.8036661 0.2665225 0.8079262 0.1476809 0.8079262 0.1714429 0.8036662 0.1714429 0.7466109 0.9336868 0.7568368 0.9718663 0.8120463 0.9542918 0.4828728 0.2858336 0.4828728 0.2510943 0.473935 0.2510943 0.8079261 0.07641619 0.8079261 0.1001782 0.8036661 0.1001782 0.473935 0.3149936 0.473935 0.2967269 0.4649974 0.2967269 0.4560595 0.2967269 0.4471219 0.2967269 0.4471219 0.3149936 0.4649974 0.3149936 0.4649974 0.2967269 0.4560595 0.2967269 0.500748 0.2967269 0.4918104 0.2967269 0.4918104 0.3149936 0.5186234 0.2967269 0.5096858 0.2967269 0.5096858 0.3149936 0.5096858 0.2967269 0.500748 0.2967269 0.500748 0.3149936 0.1788658 0.06182563 0.2026275 0.06182575 0.2026275 0.02932572 0.4918104 0.3149936 0.4918104 0.2967269 0.4828728 0.2967269 0.9332399 0.2665223 0.9332399 0.2902842 0.9289801 0.2902842 0.8079261 0.1952268 0.803666 0.1952268 0.8036661 0.1714648 0.6997008 0.9839013 0.7568368 0.9718663 0.7466109 0.9336868 0.6464179 0.950035 0.6419203 0.990097 0.6997008 0.9839013 0.8266314 0.9019009 0.8416256 0.9380083 0.8648804 0.9173566 0.9435097 0.7128584 0.9371871 0.5625508 0.8861282 0.6058809 0.9442082 0.7776493 0.9435097 0.7128584 0.9029047 0.7220524 0.9067746 0.8000288 0.9438274 0.8070046 0.9442082 0.7776493 0.9048255 0.8112499 0.9401237 0.8254932 0.9438274 0.8070046 0.899489 0.8233628 0.9314547 0.8442439 0.9401237 0.8254932 0.9156737 0.8646959 0.9314547 0.8442439 0.899489 0.8233628 0.7566089 0.03803843 0.7435616 0.09898507 0.7466235 0.1004287 0.6101419 0.07678717 0.600899 0.06077837 0.5891756 0.07949298 0.6101419 0.07678717 0.5948898 0.08604598 0.6049061 0.1024542 0.7466109 0.9336868 0.7568368 0.9718663 0.8120463 0.9542918 0.6997008 0.9839013 0.7568368 0.9718663 0.7466109 0.9336868 0.6464179 0.950035 0.6419203 0.990097 0.6997008 0.9839013 0.8754153 0.5756469 0.8809897 0.5832902 0.9324173 0.5254451 0.9442082 0.7776493 0.9435097 0.7128584 0.9029047 0.7220524 0.9067746 0.8000288 0.9438274 0.8070046 0.9442082 0.7776493 0.9048255 0.8112499 0.9401237 0.8254932 0.9438274 0.8070046 0.899489 0.8233628 0.9314547 0.8442439 0.9401237 0.8254932 0.9156737 0.8646959 0.9314547 0.8442439 0.899489 0.8233628 0.8430969 0.8871133 0.8648804 0.9173566 0.9156737 0.8646959 0.8266314 0.9019009 0.8416256 0.9380083 0.8648804 0.9173566 0.7999972 0.9165408 0.8120463 0.9542918 0.8416256 0.9380083 0.6997008 0.9839013 0.7568368 0.9718663 0.7466109 0.9336868 0.6997008 0.9839013 0.7568368 0.9718663 0.7466109 0.9336868 0.6464179 0.950035 0.6419203 0.990097 0.6997008 0.9839013 0.8754153 0.5756469 0.8809897 0.5832902 0.9324173 0.5254451 0.9435097 0.7128584 0.9371871 0.5625508 0.8861282 0.6058809 0.9442082 0.7776493 0.9435097 0.7128584 0.9029047 0.7220524 0.9067746 0.8000288 0.9438274 0.8070046 0.9442082 0.7776493 0.9048255 0.8112499 0.9401237 0.8254932 0.9438274 0.8070046 0.899489 0.8233628 0.9314547 0.8442439 0.9401237 0.8254932 0.4828728 0.2404657 0.4828728 0.2211215 0.473935 0.2211215 0.8430969 0.8871133 0.8648804 0.9173566 0.9156737 0.8646959 0.8266314 0.9019009 0.8416256 0.9380083 0.8648804 0.9173566 0.7999972 0.9165408 0.8120463 0.9542918 0.8416256 0.9380083 0.7466109 0.9336868 0.7568368 0.9718663 0.8120463 0.9542918 0.6997008 0.9839013 0.7568368 0.9718663 0.7466109 0.9336868 0.9067746 0.8000288 0.9438274 0.8070046 0.9442082 0.7776493 0.8754153 0.5756469 0.8809897 0.5832902 0.9324173 0.5254451 0.9435097 0.7128584 0.9371871 0.5625508 0.8861282 0.6058809 0.6601584 0.09499186 0.6669492 0.1127009 0.6749473 0.1092917 0.7999972 0.9165408 0.8120463 0.9542918 0.8416256 0.9380083 0.9048255 0.8112499 0.9401237 0.8254932 0.9438274 0.8070046 0.899489 0.8233628 0.9314547 0.8442439 0.9401237 0.8254932 0.9156737 0.8646959 0.9314547 0.8442439 0.899489 0.8233628 0.8430969 0.8871133 0.8648804 0.9173566 0.9156737 0.8646959 0.8266314 0.9019009 0.8416256 0.9380083 0.8648804 0.9173566 0.7999972 0.9165408 0.8120463 0.9542918 0.8416256 0.9380083 0.7466109 0.9336868 0.7568368 0.9718663 0.8120463 0.9542918 0.08381783 0.1353221 0.1075798 0.06182575 0.08381783 0.06182575 0.01253187 0.1353221 0.0362941 0.06182563 0.01253187 0.06182563 0.954605 0.7736478 0.9919232 0.7191138 0.9919232 0.7736412 0.9919239 0.8827009 0.9546055 0.8281757 0.9919234 0.8281699 0.1788651 0.06182575 0.1551032 0.1353222 0.1551032 0.06182575 0.2976748 0.06182575 0.2739128 0.1353222 0.2739128 0.06182575 0.1075793 0.06182575 0.08381712 0.1353221 0.08381712 0.06182563 0.2263889 0.1353222 0.2026269 0.06182575 0.2263889 0.06182575 0.4164854 0.06182569 0.4402472 0.1353222 0.4402473 0.06182569 0.991924 0.991765 0.9546058 0.9372357 0.991924 0.9372324 0.9919239 0.06493037 0.954606 0.01041918 0.991924 0.01042133 0.9546046 0.5555521 0.9919229 0.5010254 0.9919229 0.5555441 0.9919243 0.8828155 0.9546065 0.8282978 0.9919246 0.8283036 0.9546073 0.6647509 0.9919253 0.6102394 0.9919251 0.6647586 0.9546048 0.3919998 0.9919229 0.3374804 0.9919229 0.3919935 0.3214375 0.1353222 0.3451995 0.06182569 0.3214375 0.06182569 0.2739137 0.1353222 0.2976755 0.06182575 0.2739137 0.06182575 0.2501509 0.06182575 0.2263889 0.1353222 0.2263889 0.06182575 0.1075798 0.1353221 0.1313418 0.06182575 0.1075798 0.06182575 0.1788655 0.1353221 0.2026275 0.06182575 0.1788658 0.06182563 0.06005537 0.1353221 0.03629314 0.06182575 0.06005537 0.06182563 0.9546062 0.9373224 0.9919243 0.8828155 0.9919243 0.9373257 0.1551032 0.1353222 0.131341 0.06182575 0.1551032 0.06182575 0.1551035 0.1353221 0.1788658 0.06182563 0.1551035 0.06182563 0.1313418 0.06182575 0.1551035 0.1353221 0.1551035 0.06182563 0.4164847 0.1353222 0.3927227 0.06182569 0.4164847 0.06182569 0.4402467 0.1353222 0.4164847 0.06182569 0.4402467 0.06182569 0.9546046 0.610073 0.9919229 0.5555441 0.9919229 0.6100654 0.9546075 0.5557109 0.9919253 0.5011954 0.9919253 0.5557188 0.9919252 0.2830834 0.954607 0.2285485 0.9919251 0.2285518 0.9546049 0.2829728 0.9919232 0.228458 0.9919229 0.2829685 0.9919229 0.3374804 0.9546049 0.2829728 0.9919229 0.2829685 0.9919229 0.5010254 0.9546046 0.4465156 0.9919229 0.4465084 0.2976755 0.06182575 0.3214375 0.1353222 0.3214375 0.06182569 0.3451995 0.1353222 0.3689615 0.06182569 0.3451995 0.06182569 0.2739128 0.06182575 0.2501509 0.1353222 0.2501509 0.06182575 0.9546055 0.8281757 0.9919232 0.7736412 0.9919234 0.8281699 0.3451988 0.06182569 0.3214368 0.1353222 0.3214368 0.06182569 0.9919253 0.6102394 0.9546075 0.5557109 0.9919253 0.5557188 0.9919251 0.2285518 0.9546067 0.174017 0.9919248 0.174019 0.9919253 0.4466702 0.9546073 0.3921365 0.9919253 0.3921429 0.9546071 0.7192681 0.9919251 0.6647586 0.9919251 0.7192752 0.9919232 0.228458 0.9546052 0.1739498 0.9919232 0.1739482 0.9919253 0.3921429 0.9546074 0.3376086 0.9919252 0.3376141 0.9546048 0.6645963 0.9919229 0.6100654 0.9919229 0.6645887 0.9546065 0.1194855 0.9919243 0.06495267 0.9919246 0.1194861 0.954606 0.9918336 0.9919243 0.9373257 0.991924 0.9918354 0.2501515 0.1353222 0.2739137 0.06182575 0.2501515 0.06182575 0.3927227 0.1353222 0.3689607 0.06182569 0.3927227 0.06182569 0.9919243 0.06495267 0.9546062 0.01042169 0.991924 0.01041942 0.9546074 0.3376086 0.9919252 0.2830834 0.9919252 0.3376141 0.9546046 0.4465156 0.9919229 0.3919935 0.9919229 0.4465084 0.9919246 0.8283036 0.9546068 0.7737839 0.9919248 0.7737905 0.9919234 0.1194393 0.9546058 0.06492954 0.9919239 0.06493037 0.9546068 0.7737839 0.9919251 0.7192752 0.9919248 0.7737905 0.991924 0.9372324 0.9546058 0.8827053 0.9919239 0.8827009 0.2263895 0.06182575 0.2501515 0.1353222 0.2501515 0.06182575 0.9546075 0.5011877 0.9919253 0.4466702 0.9919253 0.5011954 0.9546067 0.174017 0.9919246 0.1194861 0.9919248 0.174019 0.06005597 0.06182575 0.08381783 0.1353221 0.08381783 0.06182575 0.131341 0.06182575 0.1075793 0.1353221 0.1075793 0.06182575 0.9919232 0.7191138 0.9546048 0.6645963 0.9919229 0.6645887 0.9546052 0.1739498 0.9919234 0.1194393 0.9919232 0.1739482 0.3689607 0.06182569 0.3451988 0.1353222 0.3451988 0.06182569 0.3214368 0.1353222 0.2976748 0.06182575 0.3214368 0.06182569 0.2026275 0.1353222 0.2263895 0.06182575 0.2026275 0.06182575 0.3689615 0.1353222 0.3927232 0.06182569 0.3689615 0.06182569 0.03629314 0.06182575 0.01253134 0.1353221 0.01253134 0.06182563 0.0362941 0.1353221 0.06005597 0.06182575 0.0362941 0.06182563 0.3927232 0.06182569 0.4164854 0.1353222 0.4164854 0.06182569 0.08381712 0.1353221 0.06005537 0.06182563 0.08381712 0.06182563 0.2026269 0.06182575 0.1788651 0.1353222 0.1788651 0.06182575 0.08381783 0.1353221 0.1075798 0.1353221 0.1075798 0.06182575 0.01253187 0.1353221 0.0362941 0.1353221 0.0362941 0.06182563 0.954605 0.7736478 0.9546048 0.7191212 0.9919232 0.7191138 0.9919239 0.8827009 0.9546058 0.8827053 0.9546055 0.8281757 0.1788651 0.06182575 0.1788651 0.1353222 0.1551032 0.1353222 0.2976748 0.06182575 0.2976748 0.1353222 0.2739128 0.1353222 0.1075793 0.06182575 0.1075793 0.1353221 0.08381712 0.1353221 0.2263889 0.1353222 0.2026269 0.1353222 0.2026269 0.06182575 0.4164854 0.06182569 0.4164854 0.1353222 0.4402472 0.1353222 0.991924 0.991765 0.9546062 0.9917673 0.9546058 0.9372357 0.9919239 0.06493037 0.9546058 0.06492954 0.954606 0.01041918 0.9546046 0.5555521 0.9546046 0.5010333 0.9919229 0.5010254 0.9919243 0.8828155 0.9546065 0.882811 0.9546065 0.8282978 0.9546073 0.6647509 0.9546073 0.6102316 0.9919253 0.6102394 0.9546048 0.3919998 0.9546049 0.3374858 0.9919229 0.3374804 0.3214375 0.1353222 0.3451995 0.1353222 0.3451995 0.06182569 0.2739137 0.1353222 0.2976755 0.1353222 0.2976755 0.06182575 0.2501509 0.06182575 0.2501509 0.1353222 0.2263889 0.1353222 0.1075798 0.1353221 0.1313418 0.1353221 0.1313418 0.06182575 0.1788655 0.1353221 0.2026275 0.1353222 0.2026275 0.06182575 0.06005537 0.1353221 0.03629314 0.1353221 0.03629314 0.06182575 0.9546062 0.9373224 0.9546065 0.882811 0.9919243 0.8828155 0.1551032 0.1353222 0.131341 0.1353222 0.131341 0.06182575 0.1551035 0.1353221 0.1788655 0.1353221 0.1788658 0.06182563 0.1313418 0.06182575 0.1313418 0.1353221 0.1551035 0.1353221 0.4164847 0.1353222 0.3927227 0.1353222 0.3927227 0.06182569 0.4402467 0.1353222 0.4164847 0.1353222 0.4164847 0.06182569 0.9546046 0.610073 0.9546046 0.5555521 0.9919229 0.5555441 0.9546075 0.5557109 0.9546075 0.5011877 0.9919253 0.5011954 0.9919252 0.2830834 0.9546074 0.283079 0.954607 0.2285485 0.9546049 0.2829728 0.9546052 0.2284613 0.9919232 0.228458 0.9919229 0.3374804 0.9546049 0.3374858 0.9546049 0.2829728 0.9919229 0.5010254 0.9546046 0.5010333 0.9546046 0.4465156 0.2976755 0.06182575 0.2976755 0.1353222 0.3214375 0.1353222 0.3451995 0.1353222 0.3689615 0.1353222 0.3689615 0.06182569 0.2739128 0.06182575 0.2739128 0.1353222 0.2501509 0.1353222 0.9546055 0.8281757 0.954605 0.7736478 0.9919232 0.7736412 0.3451988 0.06182569 0.3451988 0.1353222 0.3214368 0.1353222 0.9919253 0.6102394 0.9546073 0.6102316 0.9546075 0.5557109 0.9919251 0.2285518 0.954607 0.2285485 0.9546067 0.174017 0.9919253 0.4466702 0.9546075 0.446663 0.9546073 0.3921365 0.9546071 0.7192681 0.9546073 0.6647509 0.9919251 0.6647586 0.9919232 0.228458 0.9546052 0.2284613 0.9546052 0.1739498 0.9919253 0.3921429 0.9546073 0.3921365 0.9546074 0.3376086 0.9546048 0.6645963 0.9546046 0.610073 0.9919229 0.6100654 0.9546065 0.1194855 0.9546062 0.0649532 0.9919243 0.06495267 0.954606 0.9918336 0.9546062 0.9373224 0.9919243 0.9373257 0.2501515 0.1353222 0.2739137 0.1353222 0.2739137 0.06182575 0.3927227 0.1353222 0.3689607 0.1353222 0.3689607 0.06182569 0.9919243 0.06495267 0.9546062 0.0649532 0.9546062 0.01042169 0.9546074 0.3376086 0.9546074 0.283079 0.9919252 0.2830834 0.9546046 0.4465156 0.9546048 0.3919998 0.9919229 0.3919935 0.9919246 0.8283036 0.9546065 0.8282978 0.9546068 0.7737839 0.9919234 0.1194393 0.9546055 0.1194398 0.9546058 0.06492954 0.9546068 0.7737839 0.9546071 0.7192681 0.9919251 0.7192752 0.991924 0.9372324 0.9546058 0.9372357 0.9546058 0.8827053 0.2263895 0.06182575 0.2263895 0.1353222 0.2501515 0.1353222 0.9546075 0.5011877 0.9546075 0.446663 0.9919253 0.4466702 0.9546067 0.174017 0.9546065 0.1194855 0.9919246 0.1194861 0.06005597 0.06182575 0.06005597 0.1353221 0.08381783 0.1353221 0.131341 0.06182575 0.131341 0.1353222 0.1075793 0.1353221 0.9919232 0.7191138 0.9546048 0.7191212 0.9546048 0.6645963 0.9546052 0.1739498 0.9546055 0.1194398 0.9919234 0.1194393 0.3689607 0.06182569 0.3689607 0.1353222 0.3451988 0.1353222 0.3214368 0.1353222 0.2976748 0.1353222 0.2976748 0.06182575 0.2026275 0.1353222 0.2263895 0.1353222 0.2263895 0.06182575 0.3689615 0.1353222 0.3927232 0.1353222 0.3927232 0.06182569 0.03629314 0.06182575 0.03629314 0.1353221 0.01253134 0.1353221 0.0362941 0.1353221 0.06005597 0.1353221 0.06005597 0.06182575 0.3927232 0.06182569 0.3927232 0.1353222 0.4164854 0.1353222 0.08381712 0.1353221 0.06005537 0.1353221 0.06005537 0.06182563 0.2026269 0.06182575 0.2026269 0.1353222 0.1788651 0.1353222</float_array>
          <technique_common>
            <accessor source="#ibishu_wheel_07a_14x7_flipped-mesh-map-0-array" count="3300" stride="2">
              <param name="S" type="float"/>
              <param name="T" type="float"/>
            </accessor>
          </technique_common>
        </source>
        <source id="ibishu_wheel_07a_14x7_flipped-mesh-colors-geom-ibishu_wheel_07a_14x7_flipped-map0" name="geom-ibishu_wheel_07a_14x7_flipped-map0">
          <float_array id="ibishu_wheel_07a_14x7_flipped-mesh-colors-geom-ibishu_wheel_07a_14x7_flipped-map0-array" count="13200">1 1 1 1 1 1 1 1 1 1 1 1 1 1 1 1 1 1 1 1 1 1 1 1 1 1 1 1 1 1 1 1 1 1 1 1 1 1 1 1 1 1 1 1 1 1 1 1 1 1 1 1 1 1 1 1 1 1 1 1 1 1 1 1 1 1 1 1 1 1 1 1 1 1 1 1 1 1 1 1 1 1 1 1 1 1 1 1 1 1 1 1 1 1 1 1 1 1 1 1 1 1 1 1 1 1 1 1 1 1 1 1 1 1 1 1 1 1 1 1 1 1 1 1 1 1 1 1 1 1 1 1 1 1 1 1 1 1 1 1 1 1 1 1 1 1 1 1 1 1 1 1 1 1 1 1 1 1 1 1 1 1 1 1 1 1 1 1 1 1 1 1 1 1 1 1 1 1 1 1 1 1 1 1 1 1 1 1 1 1 1 1 1 1 1 1 1 1 1 1 1 1 1 1 1 1 1 1 1 1 1 1 1 1 1 1 1 1 1 1 1 1 1 1 1 1 1 1 1 1 1 1 1 1 1 1 1 1 1 1 1 1 1 1 1 1 1 1 1 1 1 1 1 1 1 1 1 1 1 1 1 1 1 1 1 1 1 1 1 1 1 1 1 1 1 1 1 1 1 1 1 1 1 1 1 1 1 1 1 1 1 1 1 1 1 1 1 1 1 1 1 1 1 1 1 1 1 1 1 1 1 1 1 1 1 1 1 1 1 1 1 1 1 1 1 1 1 1 1 1 1 1 1 1 1 1 1 1 1 1 1 1 1 1 1 1 1 1 1 1 1 1 1 1 1 1 1 1 1 1 1 1 1 1 1 1 1 1 1 1 1 1 1 1 1 1 1 1 1 1 1 1 1 1 1 1 1 1 1 1 1 1 1 1 1 1 1 1 1 1 1 1 1 1 1 1 1 1 1 1 1 1 1 1 1 1 1 1 1 1 1 1 1 1 1 1 1 1 1 1 1 1 1 1 1 1 1 1 1 1 1 1 1 1 1 1 1 1 1 1 1 1 1 1 1 1 1 1 1 1 1 1 1 1 1 1 1 1 1 1 1 1 1 1 1 1 1 1 1 1 1 1 1 1 1 1 1 1 1 1 1 1 1 1 1 1 1 1 1 1 1 1 1 1 1 1 1 1 1 1 1 1 1 1 1 1 1 1 1 1 1 1 1 1 1 1 1 1 1 1 1 1 1 1 1 1 1 1 1 1 1 1 1 1 1 1 1 1 1 1 1 1 1 1 1 1 1 1 1 1 1 1 1 1 1 1 1 1 1 1 1 1 1 1 1 1 1 1 1 1 1 1 1 1 1 1 1 1 1 1 1 1 1 1 1 1 1 1 1 1 1 1 1 1 1 1 1 1 1 1 1 1 1 1 1 1 1 1 1 1 1 1 1 1 1 1 1 1 1 1 1 1 1 1 1 1 1 1 1 1 1 1 1 1 1 1 1 1 1 1 1 1 1 1 1 1 1 1 1 1 1 1 1 1 1 1 1 1 1 1 1 1 1 1 1 1 1 1 1 1 1 1 1 1 1 1 1 1 1 1 1 1 1 1 1 1 1 1 1 1 1 1 1 1 1 1 1 1 1 1 1 1 1 1 1 1 1 1 1 1 1 1 1 1 1 1 1 1 1 1 1 1 1 1 1 1 1 1 1 1 1 1 1 1 1 1 1 1 1 1 1 1 1 1 1 1 1 1 1 1 1 1 1 1 1 1 1 1 1 1 1 1 1 1 1 1 1 1 1 1 1 1 1 1 1 1 1 1 1 1 1 1 1 1 1 1 1 1 1 1 1 1 1 1 1 1 1 1 1 1 1 1 1 1 1 1 1 1 1 1 1 1 1 1 1 1 1 1 1 1 1 1 1 1 1 1 1 1 1 1 1 1 1 1 1 1 1 1 1 1 1 1 1 1 1 1 1 1 1 1 1 1 1 1 1 1 1 1 1 1 1 1 1 1 1 1 1 1 1 1 1 1 1 1 1 1 1 1 1 1 1 1 1 1 1 1 1 1 1 1 1 1 1 1 1 1 1 1 1 1 1 1 1 1 1 1 1 1 1 1 1 1 1 1 1 1 1 1 1 1 1 1 1 1 1 1 1 1 1 1 1 1 1 1 1 1 1 1 1 1 1 1 1 1 1 1 1 1 1 1 1 1 1 1 1 1 1 1 1 1 1 1 1 1 1 1 1 1 1 1 1 1 1 1 1 1 1 1 1 1 1 1 1 1 1 1 1 1 1 1 1 1 1 1 1 1 1 1 1 1 1 1 1 1 1 1 1 1 1 1 1 1 1 1 1 1 1 1 1 1 1 1 1 1 1 1 1 1 1 1 1 1 1 1 1 1 1 1 1 1 1 1 1 1 1 1 1 1 1 1 1 1 1 1 1 1 1 1 1 1 1 1 1 1 1 1 1 1 1 1 1 1 1 1 1 1 1 1 1 1 1 1 1 1 1 1 1 1 1 1 1 1 1 1 1 1 1 1 1 1 1 1 1 1 1 1 1 1 1 1 1 1 1 1 1 1 1 1 1 1 1 1 1 1 1 1 1 1 1 1 1 1 1 1 1 1 1 1 1 1 1 1 1 1 1 1 1 1 1 1 1 1 1 1 1 1 1 1 1 1 1 1 1 1 1 1 1 1 1 1 1 1 1 1 1 1 1 1 1 1 1 1 1 1 1 1 1 1 1 1 1 1 1 1 1 1 1 1 1 1 1 1 1 1 1 1 1 1 1 1 1 1 1 1 1 1 1 1 1 1 1 1 1 1 1 1 1 1 1 1 1 1 1 1 1 1 1 1 1 1 1 1 1 1 1 1 1 1 1 1 1 1 1 1 1 1 1 1 1 1 1 1 1 1 1 1 1 1 1 1 1 1 1 1 1 1 1 1 1 1 1 1 1 1 1 1 1 1 1 1 1 1 1 1 1 1 1 1 1 1 1 1 1 1 1 1 1 1 1 1 1 1 1 1 1 1 1 1 1 1 1 1 1 1 1 1 1 1 1 1 1 1 1 1 1 1 1 1 1 1 1 1 1 1 1 1 1 1 1 1 1 1 1 1 1 1 1 1 1 1 1 1 1 1 1 1 1 1 1 1 1 1 1 1 1 1 1 1 1 1 1 1 1 1 1 1 1 1 1 1 1 1 1 1 1 1 1 1 1 1 1 1 1 1 1 1 1 1 1 1 1 1 1 1 1 1 1 1 1 1 1 1 1 1 1 1 1 1 1 1 1 1 1 1 1 1 1 1 1 1 1 1 1 1 1 1 1 1 1 1 1 1 1 1 1 1 1 1 1 1 1 1 1 1 1 1 1 1 1 1 1 1 1 1 1 1 1 1 1 1 1 1 1 1 1 1 1 1 1 1 1 1 1 1 1 1 1 1 1 1 1 1 1 1 1 1 1 1 1 1 1 1 1 1 1 1 1 1 1 1 1 1 1 1 1 1 1 1 1 1 1 1 1 1 1 1 1 1 1 1 1 1 1 1 1 1 1 1 1 1 1 1 1 1 1 1 1 1 1 1 1 1 1 1 1 1 1 1 1 1 1 1 1 1 1 1 1 1 1 1 1 1 1 1 1 1 1 1 1 1 1 1 1 1 1 1 1 1 1 1 1 1 1 1 1 1 1 1 1 1 1 1 1 1 1 1 1 1 1 1 1 1 1 1 1 1 1 1 1 1 1 1 1 1 1 1 1 1 1 1 1 1 1 1 1 1 1 1 1 1 1 1 1 1 1 1 1 1 1 1 1 1 1 1 1 1 1 1 1 1 1 1 1 1 1 1 1 1 1 1 1 1 1 1 1 1 1 1 1 1 1 1 1 1 1 1 1 1 1 1 1 1 1 1 1 1 1 1 1 1 1 1 1 1 1 1 1 1 1 1 1 1 1 1 1 1 1 1 1 1 1 1 1 1 1 1 1 1 1 1 1 1 1 1 1 1 1 1 1 1 1 1 1 1 1 1 1 1 1 1 1 1 1 1 1 1 1 1 1 1 1 1 1 1 1 1 1 1 1 1 1 1 1 1 1 1 1 1 1 1 1 1 1 1 1 1 1 1 1 1 1 1 1 1 1 1 1 1 1 1 1 1 1 1 1 1 1 1 1 1 1 1 1 1 1 1 1 1 1 1 1 1 1 1 1 1 1 1 1 1 1 1 1 1 1 1 1 1 1 1 1 1 1 1 1 1 1 1 1 1 1 1 1 1 1 1 1 1 1 1 1 1 1 1 1 1 1 1 1 1 1 1 1 1 1 1 1 1 1 1 1 1 1 1 1 1 1 1 1 1 1 1 1 1 1 1 1 1 1 1 1 1 1 1 1 1 1 1 1 1 1 1 1 1 1 1 1 1 1 1 1 1 1 1 1 1 1 1 1 1 1 1 1 1 1 1 1 1 1 1 1 1 1 1 1 1 1 1 1 1 1 1 1 1 1 1 1 1 1 1 1 1 1 1 1 1 1 1 1 1 1 1 1 1 1 1 1 1 1 1 1 1 1 1 1 1 1 1 1 1 1 1 1 1 1 1 1 1 1 1 1 1 1 1 1 1 1 1 1 1 1 1 1 1 1 1 1 1 1 1 1 1 1 1 1 1 1 1 1 1 1 1 1 1 1 1 1 1 1 1 1 1 1 1 1 1 1 1 1 1 1 1 1 1 1 1 1 1 1 1 1 1 1 1 1 1 1 1 1 1 1 1 1 1 1 1 1 1 1 1 1 1 1 1 1 1 1 1 1 1 1 1 1 1 1 1 1 1 1 1 1 1 1 1 1 1 1 1 1 1 1 1 1 1 1 1 1 1 1 1 1 1 1 1 1 1 1 1 1 1 1 1 1 1 1 1 1 1 1 1 1 1 1 1 1 1 1 1 1 1 1 1 1 1 1 1 1 1 1 1 1 1 1 1 1 1 1 1 1 1 1 1 1 1 1 1 1 1 1 1 1 1 1 1 1 1 1 1 1 1 1 1 1 1 1 1 1 1 1 1 1 1 1 1 1 1 1 1 1 1 1 1 1 1 1 1 1 1 1 1 1 1 1 1 1 1 1 1 1 1 1 1 1 1 1 1 1 1 1 1 1 1 1 1 1 1 1 1 1 1 1 1 1 1 1 1 1 1 1 1 1 1 1 1 1 1 1 1 1 1 1 1 1 1 1 1 1 1 1 1 1 1 1 1 1 1 1 1 1 1 1 1 1 1 1 1 1 1 1 1 1 1 1 1 1 1 1 1 1 1 1 1 1 1 1 1 1 1 1 1 1 1 1 1 1 1 1 1 1 1 1 1 1 1 1 1 1 1 1 1 1 1 1 1 1 1 1 1 1 1 1 1 1 1 1 1 1 1 1 1 1 1 1 1 1 1 1 1 1 1 1 1 1 1 1 1 1 1 1 1 1 1 1 1 1 1 1 1 1 1 1 1 1 1 1 1 1 1 1 1 1 1 1 1 1 1 1 1 1 1 1 1 1 1 1 1 1 1 1 1 1 1 1 1 1 1 1 1 1 1 1 1 1 1 1 1 1 1 1 1 1 1 1 1 1 1 1 1 1 1 1 1 1 1 1 1 1 1 1 1 1 1 1 1 1 1 1 1 1 1 1 1 1 1 1 1 1 1 1 1 1 1 1 1 1 1 1 1 1 1 1 1 1 1 1 1 1 1 1 1 1 1 1 1 1 1 1 1 1 1 1 1 1 1 1 1 1 1 1 1 1 1 1 1 1 1 1 1 1 1 1 1 1 1 1 1 1 1 1 1 1 1 1 1 1 1 1 1 1 1 1 1 1 1 1 1 1 1 1 1 1 1 1 1 1 1 1 1 1 1 1 1 1 1 1 1 1 1 1 1 1 1 1 1 1 1 1 1 1 1 1 1 1 1 1 1 1 1 1 1 1 1 1 1 1 1 1 1 1 1 1 1 1 1 1 1 1 1 1 1 1 1 1 1 1 1 1 1 1 1 1 1 1 1 1 1 1 1 1 1 1 1 1 1 1 1 1 1 1 1 1 1 1 1 1 1 1 1 1 1 1 1 1 1 1 1 1 1 1 1 1 1 1 1 1 1 1 1 1 1 1 1 1 1 1 1 1 1 1 1 1 1 1 1 1 1 1 1 1 1 1 1 1 1 1 1 1 1 1 1 1 1 1 1 1 1 1 1 1 1 1 1 1 1 1 1 1 1 1 1 1 1 1 1 1 1 1 1 1 1 1 1 1 1 1 1 1 1 1 1 1 1 1 1 1 1 1 1 1 1 1 1 1 1 1 1 1 1 1 1 1 1 1 1 1 1 1 1 1 1 1 1 1 1 1 1 1 1 1 1 1 1 1 1 1 1 1 1 1 1 1 1 1 1 1 1 1 1 1 1 1 1 1 1 1 1 1 1 1 1 1 1 1 1 1 1 1 1 1 1 1 1 1 1 1 1 1 1 1 1 1 1 1 1 1 1 1 1 1 1 1 1 1 1 1 1 1 1 1 1 1 1 1 1 1 1 1 1 1 1 1 1 1 1 1 1 1 1 1 1 1 1 1 1 1 1 1 1 1 1 1 1 1 1 1 1 1 1 1 1 1 1 1 1 1 1 1 1 1 1 1 1 1 1 1 1 1 1 1 1 1 1 1 1 1 1 1 1 1 1 1 1 1 1 1 1 1 1 1 1 1 1 1 1 1 1 1 1 1 1 1 1 1 1 1 1 1 1 1 1 1 1 1 1 1 1 1 1 1 1 1 1 1 1 1 1 1 1 1 1 1 1 1 1 1 1 1 1 1 1 1 1 1 1 1 1 1 1 1 1 1 1 1 1 1 1 1 1 1 1 1 1 1 1 1 1 1 1 1 1 1 1 1 1 1 1 1 1 1 1 1 1 1 1 1 1 1 1 1 1 1 1 1 1 1 1 1 1 1 1 1 1 1 1 1 1 1 1 1 1 1 1 1 1 1 1 1 1 1 1 1 1 1 1 1 1 1 1 1 1 1 1 1 1 1 1 1 1 1 1 1 1 1 1 1 1 1 1 1 1 1 1 1 1 1 1 1 1 1 1 1 1 1 1 1 1 1 1 1 1 1 1 1 1 1 1 1 1 1 1 1 1 1 1 1 1 1 1 1 1 1 1 1 1 1 1 1 1 1 1 1 1 1 1 1 1 1 1 1 1 1 1 1 1 1 1 1 1 1 1 1 1 1 1 1 1 1 1 1 1 1 1 1 1 1 1 1 1 1 1 1 1 1 1 1 1 1 1 1 1 1 1 1 1 1 1 1 1 1 1 1 1 1 1 1 1 1 1 1 1 1 1 1 1 1 1 1 1 1 1 1 1 1 1 1 1 1 1 1 1 1 1 1 1 1 1 1 1 1 1 1 1 1 1 1 1 1 1 1 1 1 1 1 1 1 1 1 1 1 1 1 1 1 1 1 1 1 1 1 1 1 1 1 1 1 1 1 1 1 1 1 1 1 1 1 1 1 1 1 1 1 1 1 1 1 1 1 1 1 1 1 1 1 1 1 1 1 1 1 1 1 1 1 1 1 1 1 1 1 1 1 1 1 1 1 1 1 1 1 1 1 1 1 1 1 1 1 1 1 1 1 1 1 1 1 1 1 1 1 1 1 1 1 1 1 1 1 1 1 1 1 1 1 1 1 1 1 1 1 1 1 1 1 1 1 1 1 1 1 1 1 1 1 1 1 1 1 1 1 1 1 1 1 1 1 1 1 1 1 1 1 1 1 1 1 1 1 1 1 1 1 1 1 1 1 1 1 1 1 1 1 1 1 1 1 1 1 1 1 1 1 1 1 1 1 1 1 1 1 1 1 1 1 1 1 1 1 1 1 1 1 1 1 1 1 1 1 1 1 1 1 1 1 1 1 1 1 1 1 1 1 1 1 1 1 1 1 1 1 1 1 1 1 1 1 1 1 1 1 1 1 1 1 1 1 1 1 1 1 1 1 1 1 1 1 1 1 1 1 1 1 1 1 1 1 1 1 1 1 1 1 1 1 1 1 1 1 1 1 1 1 1 1 1 1 1 1 1 1 1 1 1 1 1 1 1 1 1 1 1 1 1 1 1 1 1 1 1 1 1 1 1 1 1 1 1 1 1 1 1 1 1 1 1 1 1 1 1 1 1 1 1 1 1 1 1 1 1 1 1 1 1 1 1 1 1 1 1 1 1 1 1 1 1 1 1 1 1 1 1 1 1 1 1 1 1 1 1 1 1 1 1 1 1 1 1 1 1 1 1 1 1 1 1 1 1 1 1 1 1 1 1 1 1 1 1 1 1 1 1 1 1 1 1 1 1 1 1 1 1 1 1 1 1 1 1 1 1 1 1 1 1 1 1 1 1 1 1 1 1 1 1 1 1 1 1 1 1 1 1 1 1 1 1 1 1 1 1 1 1 1 1 1 1 1 1 1 1 1 1 1 1 1 1 1 1 1 1 1 1 1 1 1 1 1 1 1 1 1 1 1 1 1 1 1 1 1 1 1 1 1 1 1 1 1 1 1 1 1 1 1 1 1 1 1 1 1 1 1 1 1 1 1 1 1 1 1 1 1 1 1 1 1 1 1 1 1 1 1 1 1 1 1 1 1 1 1 1 1 1 1 1 1 1 1 1 1 1 1 1 1 1 1 1 1 1 1 1 1 1 1 1 1 1 1 1 1 1 1 1 1 1 1 1 1 1 1 1 1 1 1 1 1 1 1 1 1 1 1 1 1 1 1 1 1 1 1 1 1 1 1 1 1 1 1 1 1 1 1 1 1 1 1 1 1 1 1 1 1 1 1 1 1 1 1 1 1 1 1 1 1 1 1 1 1 1 1 1 1 1 1 1 1 1 1 1 1 1 1 1 1 1 1 1 1 1 1 1 1 1 1 1 1 1 1 1 1 1 1 1 1 1 1 1 1 1 1 1 1 1 1 1 1 1 1 1 1 1 1 1 1 1 1 1 1 1 1 1 1 1 1 1 1 1 1 1 1 1 1 1 1 1 1 1 1 1 1 1 1 1 1 1 1 1 1 1 1 1 1 1 1 1 1 1 1 1 1 1 1 1 1 1 1 1 1 1 1 1 1 1 1 1 1 1 1 1 1 1 1 1 1 1 1 1 1 1 1 1 1 1 1 1 1 1 1 1 1 1 1 1 1 1 1 1 1 1 1 1 1 1 1 1 1 1 1 1 1 1 1 1 1 1 1 1 1 1 1 1 1 1 1 1 1 1 1 1 1 1 1 1 1 1 1 1 1 1 1 1 1 1 1 1 1 1 1 1 1 1 1 1 1 1 1 1 1 1 1 1 1 1 1 1 1 1 1 1 1 1 1 1 1 1 1 1 1 1 1 1 1 1 1 1 1 1 1 1 1 1 1 1 1 1 1 1 1 1 1 1 1 1 1 1 1 1 1 1 1 1 1 1 1 1 1 1 1 1 1 1 1 1 1 1 1 1 1 1 1 1 1 1 1 1 1 1 1 1 1 1 1 1 1 1 1 1 1 1 1 1 1 1 1 1 1 1 1 1 1 1 1 1 1 1 1 1 1 1 1 1 1 1 1 1 1 1 1 1 1 1 1 1 1 1 1 1 1 1 1 1 1 1 1 1 1 1 1 1 1 1 1 1 1 1 1 1 1 1 1 1 1 1 1 1 1 1 1 1 1 1 1 1 1 1 1 1 1 1 1 1 1 1 1 1 1 1 1 1 1 1 1 1 1 1 1 1 1 1 1 1 1 1 1 1 1 1 1 1 1 1 1 1 1 1 1 1 1 1 1 1 1 1 1 1 1 1 1 1 1 1 1 1 1 1 1 1 1 1 1 1 1 1 1 1 1 1 1 1 1 1 1 1 1 1 1 1 1 1 1 1 1 1 1 1 1 1 1 1 1 1 1 1 1 1 1 1 1 1 1 1 1 1 1 1 1 1 1 1 1 1 1 1 1 1 1 1 1 1 1 1 1 1 1 1 1 1 1 1 1 1 1 1 1 1 1 1 1 1 1 1 1 1 1 1 1 1 1 1 1 1 1 1 1 1 1 1 1 1 1 1 1 1 1 1 1 1 1 1 1 1 1 1 1 1 1 1 1 1 1 1 1 1 1 1 1 1 1 1 1 1 1 1 1 1 1 1 1 1 1 1 1 1 1 1 1 1 1 1 1 1 1 1 1 1 1 1 1 1 1 1 1 1 1 1 1 1 1 1 1 1 1 1 1 1 1 1 1 1 1 1 1 1 1 1 1 1 1 1 1 1 1 1 1 1 1 1 1 1 1 1 1 1 1 1 1 1 1 1 1 1 1 1 1 1 1 1 1 1 1 1 1 1 1 1 1 1 1 1 1 1 1 1 1 1 1 1 1 1 1 1 1 1 1 1 1 1 1 1 1 1 1 1 1 1 1 1 1 1 1 1 1 1 1 1 1 1 1 1 1 1 1 1 1 1 1 1 1 1 1 1 1 1 1 1 1 1 1 1 1 1 1 1 1 1 1 1 1 1 1 1 1 1 1 1 1 1 1 1 1 1 1 1 1 1 1 1 1 1 1 1 1 1 1 1 1 1 1 1 1 1 1 1 1 1 1 1 1 1 1 1 1 1 1 1 1 1 1 1 1 1 1 1 1 1 1 1 1 1 1 1 1 1 1 1 1 1 1 1 1 1 1 1 1 1 1 1 1 1 1 1 1 1 1 1 1 1 1 1 1 1 1 1 1 1 1 1 1 1 1 1 1 1 1 1 1 1 1 1 1 1 1 1 1 1 1 1 1 1 1 1 1 1 1 1 1 1 1 1 1 1 1 1 1 1 1 1 1 1 1 1 1 1 1 1 1 1 1 1 1 1 1 1 1 1 1 1 1 1 1 1 1 1 1 1 1 1 1 1 1 1 1 1 1 1 1 1 1 1 1 1 1 1 1 1 1 1 1 1 1 1 1 1 1 1 1 1 1 1 1 1 1 1 1 1 1 1 1 1 1 1 1 1 1 1 1 1 1 1 1 1 1 1 1 1 1 1 1 1 1 1 1 1 1 1 1 1 1 1 1 1 1 1 1 1 1 1 1 1 1 1 1 1 1 1 1 1 1 1 1 1 1 1 1 1 1 1 1 1 1 1 1 1 1 1 1 1 1 1 1 1 1 1 1 1 1 1 1 1 1 1 1 1 1 1 1 1 1 1 1 1 1 1 1 1 1 1 1 1 1 1 1 1 1 1 1 1 1 1 1 1 1 1 1 1 1 1 1 1 1 1 1 1 1 1 1 1 1 1 1 1 1 1 1 1 1 1 1 1 1 1 1 1 1 1 1 1 1 1 1 1 1 1 1 1 1 1 1 1 1 1 1 1 1 1 1 1 1 1 1 1 1 1 1 1 1 1 1 1 1 1 1 1 1 1 1 1 1 1 1 1 1 1 1 1 1 1 1 1 1 1 1 1 1 1 1 1 1 1 1 1 1 1 1 1 1 1 1 1 1 1 1 1 1 1 1 1 1 1 1 1 1 1 1 1 1 1 1 1 1 1 1 1 1 1 1 1 1 1 1 1 1 1 1 1 1 1 1 1 1 1 1 1 1 1 1 1 1 1 1 1 1 1 1 1 1 1 1 1 1 1 1 1 1 1 1 1 1 1 1 1 1 1 1 1 1 1 1 1 1 1 1 1 1 1 1 1 1 1 1 1 1 1 1 1 1 1 1 1 1 1 1 1 1 1 1 1 1 1 1 1 1 1 1 1 1 1 1 1 1 1 1 1 1 1 1 1 1 1 1 1 1 1 1 1 1 1 1 1 1 1 1 1 1 1 1 1 1 1 1 1 1 1 1 1 1 1 1 1 1 1 1 1 1 1 1 1 1 1 1 1 1 1 1 1 1 1 1 1 1 1 1 1 1 1 1 1 1 1 1 1 1 1 1 1 1 1 1 1 1 1 1 1 1 1 1 1 1 1 1 1 1 1 1 1 1 1 1 1 1 1 1 1 1 1 1 1 1 1 1 1 1 1 1 1 1 1 1 1 1 1 1 1 1 1 1 1 1 1 1 1 1 1 1 1 1 1 1 1 1 1 1 1 1 1 1 1 1 1 1 1 1 1 1 1 1 1 1 1 1 1 1 1 1 1 1 1 1 1 1 1 1 1 1 1 1 1 1 1 1 1 1 1 1 1 1 1 1 1 1 1 1 1 1 1 1 1 1 1 1 1 1 1 1 1 1 1 1 1 1 1 1 1 1 1 1 1 1 1 1 1 1 1 1 1 1 1 1 1 1 1 1 1 1 1 1 1 1 1 1 1 1 1 1 1 1 1 1 1 1 1 1 1 1 1 1 1 1 1 1 1 1 1 1 1 1 1 1 1 1 1 1 1 1 1 1 1 1 1 1 1 1 1 1 1 1 1 1 1 1 1 1 1 1 1 1 1 1 1 1 1 1 1 1 1 1 1 1 1 1 1 1 1 1 1 1 1 1 1 1 1 1 1 1 1 1 1 1 1 1 1 1 1 1 1 1 1 1 1 1 1 1 1 1 1 1 1 1 1 1 1 1 1 1 1 1 1 1 1 1 1 1 1 1 1 1 1 1 1 1 1 1 1 1 1 1 1 1 1 1 1 1 1 1 1 1 1 1 1 1 1 1 1 1 1 1 1 1 1 1 1 1 1 1 1 1 1 1 1 1 1 1 1 1 1 1 1 1 1 1 1 1 1 1 1 1 1 1 1 1 1 1 1 1 1 1 1 1 1 1 1 1 1 1 1 1 1 1 1 1 1 1 1 1 1 1 1 1 1 1 1 1 1 1 1 1 1 1 1 1 1 1 1 1 1 1 1 1 1 1 1 1 1 1 1 1 1 1 1 1 1 1 1 1 1 1 1 1 1 1 1 1 1 1 1 1 1 1 1 1 1 1 1 1 1 1 1 1 1 1 1 1 1 1 1 1 1 1 1 1 1 1 1 1 1 1 1 1 1 1 1 1 1 1 1 1 1 1 1 1 1 1 1 1 1 1 1 1 1 1 1 1 1 1 1 1 1 1 1 1 1 1 1 1 1 1 1 1 1 1 1 1 1 1 1 1 1 1 1 1 1 1 1 1 1 1 1 1 1 1 1 1 1 1 1 1 1 1 1 1 1 1 1 1 1 1 1 1 1 1 1 1 1 1 1 1 1 1 1 1 1 1 1 1 1 1 1 1 1 1 1 1 1 1 1 1 1 1 1 1 1 1 1 1 1 1 1 1 1 1 1 1 1 1 1 1 1 1 1 1 1 1 1 1 1 1 1 1 1 1 1 1 1 1 1 1 1 1 1 1 1 1 1 1 1 1 1 1 1 1 1 1 1 1 1 1 1 1 1 1 1 1 1 1 1 1 1 1 1 1 1 1 1 1 1 1 1 1 1 1 1 1 1 1 1 1 1 1 1 1 1 1 1 1 1 1 1 1 1 1 1 1 1 1 1 1 1 1 1 1 1 1 1 1 1 1 1 1 1 1 1 1 1 1 1 1 1 1 1 1 1 1 1 1 1 1 1 1 1 1 1 1 1 1 1 1 1 1 1 1 1 1 1 1 1 1 1 1 1 1 1 1 1 1 1 1 1 1 1 1 1 1 1 1 1 1 1 1 1 1 1 1 1 1 1 1 1 1 1 1 1 1 1 1 1 1 1 1 1 1 1 1 1 1 1 1 1 1 1 1 1 1 1 1 1 1 1 1 1 1 1 1 1 1 1 1 1 1 1 1 1 1 1 1 1 1 1 1 1 1 1 1 1 1 1 1 1 1 1 1 1 1 1 1 1 1 1 1 1 1 1 1 1 1 1 1 1 1 1 1 1 1 1 1 1 1 1 1 1 1 1 1 1 1 1 1 1 1 1 1 1 1 1 1 1 1 1 1 1 1 1 1 1 1 1 1 1 1 1 1 1 1 1 1 1 1 1 1 1 1 1 1 1 1 1 1 1 1 1 1 1 1 1 1 1 1 1 1 1 1 1 1 1 1 1 1 1 1 1 1 1 1 1 1 1 1 1 1 1 1 1 1 1 1 1 1 1 1 1 1 1 1 1 1 1 1 1 1 1 1 1 1 1 1 1 1 1 1 1 1 1 1 1 1 1 1 1 1 1 1 1 1 1 1 1 1 1 1 1 1 1 1 1 1 1 1 1 1 1 1 1 1 1 1 1 1 1 1 1 1 1 1 1 1 1 1 1 1 1 1 1 1 1 1 1 1 1 1 1 1 1 1 1 1 1 1 1 1 1 1 1 1 1 1 1 1 1 1 1 1 1 1 1 1 1 1 1 1 1 1 1 1 1 1 1 1 1 1 1 1 1 1 1 1 1 1 1 1 1 1 1 1 1 1 1 1 1 1 1 1 1 1 1 1 1 1 1 1 1 1 1 1 1 1 1 1 1 1 1 1 1 1 1 1 1 1 1 1 1 1 1 1 1 1 1 1 1 1 1 1 1 1 1 1 1 1 1 1 1 1 1 1 1 1 1 1 1 1 1 1 1 1 1 1 1 1 1 1 1 1 1 1 1 1 1 1 1 1 1 1 1 1 1 1 1 1 1 1 1 1 1 1 1 1 1 1 1 1 1 1 1 1 1 1 1 1 1 1 1 1 1 1 1 1 1 1 1 1 1 1 1 1 1 1 1 1 1 1 1 1 1 1 1 1 1 1 1 1 1 1 1 1 1 1 1 1 1 1 1 1 1 1 1 1 1 1 1 1 1 1 1 1 1 1 1 1 1 1 1 1 1 1 1 1 1 1 1 1 1 1 1 1 1 1 1 1 1 1 1 1 1 1 1 1 1 1 1 1 1 1 1 1 1 1 1 1 1 1 1 1 1 1 1 1 1 1 1 1 1 1 1 1 1 1 1 1 1 1 1 1 1 1 1 1 1 1 1 1 1 1 1 1 1 1 1 1 1 1 1 1 1 1 1 1 1 1 1 1 1 1 1 1 1 1 1 1 1 1 1 1 1 1 1 1 1 1 1 1 1 1 1 1 1 1 1 1 1 1 1 1 1 1 1 1 1 1 1 1 1 1 1 1 1 1 1 1 1 1 1 1 1 1 1 1 1 1 1 1 1 1 1 1 1 1 1 1 1 1 1 1 1 1 1 1 1 1 1 1 1 1 1 1 1 1 1 1 1 1 1 1 1 1 1 1 1 1 1 1 1 1 1 1 1 1 1 1 1 1 1 1 1 1 1 1 1 1 1 1 1 1 1 1 1 1 1 1 1 1 1 1 1 1 1 1 1 1 1 1 1 1 1 1 1 1 1 1 1 1 1 1 1 1 1 1 1 1 1 1 1 1 1 1 1 1 1 1 1 1 1 1 1 1 1 1 1 1 1 1 1 1 1 1 1 1 1 1 1 1 1 1 1 1 1 1 1 1 1 1 1 1 1 1 1 1 1 1 1 1 1 1 1 1 1 1 1 1 1 1 1 1 1 1 1 1 1 1 1 1 1 1 1 1 1 1 1 1 1 1 1 1 1 1 1 1 1 1 1 1 1 1 1 1 1 1 1 1 1 1 1 1 1 1 1 1 1 1 1 1 1 1 1 1 1 1 1 1 1 1 1 1 1 1 1 1 1 1 1 1 1 1 1 1 1 1 1 1 1 1 1 1 1 1 1 1 1 1 1 1 1 1 1 1 1 1 1 1 1 1 1 1 1 1 1 1 1 1 1 1 1 1 1 1 1 1 1 1 1 1 1 1 1 1 1 1 1 1 1 1 1 1 1 1 1 1 1 1 1 1 1 1 1 1 1 1 1 1 1 1 1 1 1 1 1 1 1 1 1 1 1 1 1 1 1 1 1 1 1 1 1 1 1 1 1 1 1 1 1 1 1 1 1 1 1 1 1 1 1 1 1 1 1 1 1 1 1 1 1 1 1 1 1 1 1 1 1 1 1 1 1 1 1 1 1 1 1 1 1 1 1 1 1 1 1 1 1 1 1 1 1 1 1 1 1 1 1 1 1 1 1 1 1 1 1 1 1 1 1 1 1 1 1 1 1 1 1 1 1 1 1 1 1 1 1 1 1 1 1 1 1 1 1 1 1 1 1 1 1 1 1 1 1 1 1 1 1 1 1 1 1 1 1 1 1 1 1 1 1 1 1 1 1 1 1 1 1 1 1 1 1 1 1 1 1 1 1 1 1 1 1 1 1 1 1 1 1 1 1 1 1 1 1 1 1 1 1 1 1 1 1 1 1 1 1 1 1 1 1 1 1 1 1 1 1 1 1 1 1 1 1 1 1 1 1 1 1 1 1 1 1 1 1 1 1 1 1 1 1 1 1 1 1 1 1 1 1 1 1 1 1 1 1 1 1 1 1 1 1 1 1 1 1 1 1 1 1 1 1 1 1 1 1 1 1 1 1 1 1 1 1 1 1 1 1 1 1 1 1 1 1 1 1 1 1 1 1 1 1 1 1 1 1 1 1 1 1 1 1 1 1 1 1 1 1 1 1 1 1 1 1 1 1 1 1 1 1 1 1 1 1 1 1 1 1 1 1 1 1 1 1 1 1 1 1 1 1 1 1 1 1 1 1 1 1 1 1 1 1 1 1 1 1 1 1 1 1 1 1 1 1 1 1 1 1 1 1 1 1 1 1 1 1 1 1 1 1 1 1 1 1 1 1 1 1 1 1 1 1 1 1 1 1 1 1 1 1 1 1 1 1 1 1 1 1 1 1 1 1 1 1 1 1 1 1 1 1 1 1 1 1 1 1 1 1 1 1 1 1 1 1 1 1 1 1 1 1 1 1 1 1 1 1 1 1 1 1 1 1 1 1 1 1 1 1 1 1 1 1 1 1 1 1 1 1 1 1 1 1 1 1 1 1 1 1 1 1 1 1 1 1 1 1 1 1 1 1 1 1 1 1 1 1 1 1 1 1 1 1 1 1 1 1 1 1 1 1 1 1 1 1 1 1 1 1 1 1 1 1 1 1 1 1 1 1 1 1 1 1 1 1 1 1 1 1 1 1 1 1 1 1 1 1 1 1 1 1 1 1 1 1 1 1 1 1 1 1 1 1 1 1 1 1 1 1 1 1 1 1 1 1 1 1 1 1 1 1 1 1 1 1 1 1 1 1 1 1 1 1 1 1 1 1 1 1 1 1 1 1 1 1 1 1 1 1 1 1 1 1 1 1 1 1 1 1 1 1 1 1 1 1 1 1 1 1 1 1 1 1 1 1 1 1 1 1 1 1 1 1 1 1 1 1 1 1 1 1 1 1 1 1 1 1 1 1 1 1 1 1 1 1 1 1 1 1 1 1 1 1 1 1 1 1 1 1 1 1 1 1 1 1 1 1 1 1 1 1 1 1 1 1 1 1 1 1 1 1 1 1 1 1 1 1 1 1 1 1 1 1 1 1 1 1 1 1 1 1 1 1 1 1 1 1 1 1 1 1 1 1 1 1 1 1 1 1 1 1 1 1 1 1 1 1 1 1 1 1 1 1 1 1 1 1 1 1 1 1 1 1 1 1 1 1 1 1 1 1 1 1 1 1 1 1 1 1 1 1 1 1 1 1 1 1 1 1 1 1 1 1 1 1 1 1 1 1 1 1 1 1 1 1 1 1 1 1 1 1 1 1 1 1 1 1 1 1 1 1 1 1 1 1 1 1 1 1 1 1 1 1 1 1 1 1 1 1 1 1 1 1 1 1 1 1 1 1 1 1 1 1 1 1 1 1 1 1 1 1 1 1 1 1 1 1 1 1 1 1 1 1 1 1 1 1 1 1 1 1 1 1 1 1 1 1 1 1 1 1 1 1 1 1 1 1 1 1 1 1 1 1 1 1 1 1 1 1 1 1 1 1 1 1 1 1 1 1 1 1 1 1 1 1 1 1 1 1 1 1 1 1 1 1 1 1 1 1 1 1 1 1 1 1 1 1 1 1 1 1 1 1 1 1 1 1 1 1 1 1 1 1 1 1 1 1 1 1 1 1 1 1 1 1 1 1 1 1 1 1 1 1 1 1 1 1 1 1 1 1 1 1 1 1 1 1 1 1 1 1 1 1 1 1 1 1 1 1 1 1 1 1 1 1 1 1 1 1 1 1 1 1 1 1 1 1 1 1 1 1 1 1 1 1 1 1 1 1 1 1 1 1 1 1 1 1 1 1 1 1 1 1 1 1 1 1 1 1 1 1 1 1 1 1 1 1 1 1 1 1 1 1 1 1 1 1 1 1 1 1 1 1 1 1 1 1 1 1 1 1 1 1 1 1 1 1 1 1 1 1 1 1 1 1 1 1 1 1 1 1 1 1 1 1 1 1 1 1 1 1 1 1 1 1 1 1 1 1 1 1 1 1 1 1 1 1 1 1 1 1 1 1 1 1 1 1 1 1 1 1 1 1 1 1 1 1 1 1 1 1 1 1 1 1 1 1 1 1 1 1 1 1 1 1 1 1 1 1 1 1 1 1 1 1 1 1 1 1 1 1 1 1 1 1 1 1 1 1 1 1 1 1 1 1 1 1 1 1 1 1 1 1 1 1 1 1 1 1 1 1 1 1 1 1 1 1 1 1 1 1 1 1 1 1 1 1 1 1 1 1 1 1 1 1 1 1 1 1 1 1 1 1 1 1 1 1 1 1 1 1 1 1 1 1 1 1 1 1 1 1 1 1 1 1 1 1 1 1 1 1 1 1 1 1 1 1 1 1 1 1 1 1 1 1 1 1 1 1 1 1 1 1 1 1 1 1 1 1 1 1 1 1 1 1 1 1 1 1 1 1 1 1 1 1 1 1 1 1 1 1 1 1 1 1 1 1 1 1 1 1 1 1 1 1 1 1 1 1 1 1 1 1 1 1 1 1 1 1 1 1 1 1 1 1 1 1 1 1 1 1 1 1 1 1 1 1 1 1 1 1 1 1 1 1 1 1 1 1 1 1 1 1 1 1 1 1 1 1 1 1 1 1 1 1 1 1 1 1 1 1 1 1 1 1 1 1 1 1 1 1 1 1 1 1 1 1 1 1 1 1 1 1 1 1 1 1 1 1 1 1 1 1 1 1 1 1 1 1 1 1 1 1 1 1 1 1 1 1 1 1 1 1 1 1 1 1 1 1 1 1 1 1 1 1 1 1 1 1 1 1 1 1 1 1 1 1 1 1 1 1 1 1 1 1 1 1 1 1 1 1 1 1 1 1 1 1 1 1 1 1 1 1 1 1 1 1 1 1 1 1 1 1 1 1 1 1 1 1 1 1 1 1 1 1 1 1 1 1 1 1 1 1 1 1 1 1 1 1 1 1 1 1 1 1 1 1 1 1 1 1 1 1 1 1 1 1 1 1 1 1 1 1 1 1 1 1 1 1 1 1 1 1 1 1 1 1 1 1 1 1 1 1 1 1 1 1 1 1 1 1 1 1 1 1 1 1 1 1 1 1 1 1 1 1 1 1 1 1 1 1 1 1 1 1 1 1 1 1 1 1 1 1 1 1 1 1 1 1 1 1 1 1 1 1 1 1 1 1 1 1 1 1 1 1 1 1 1 1 1 1 1 1 1 1 1 1 1 1 1 1 1 1 1 1 1 1 1 1 1 1 1 1 1 1 1 1 1 1 1 1 1 1 1 1 1 1 1 1 1 1 1 1 1 1 1 1 1 1 1 1 1 1 1 1 1 1 1 1 1 1 1 1 1 1 1 1 1 1 1 1 1 1 1 1 1 1 1 1 1 1 1 1 1 1 1 1 1 1 1 1 1 1 1 1 1 1 1 1 1 1 1 1 1 1 1 1 1 1 1 1 1 1 1 1 1 1 1 1 1 1 1 1 1 1 1 1 1 1 1 1 1 1 1 1 1 1 1 1 1 1 1 1 1 1 1 1 1 1 1 1 1 1 1 1 1 1 1 1 1 1 1 1 1 1 1 1 1 1 1 1 1 1 1 1 1 1 1 1 1 1 1 1 1 1 1 1 1 1 1 1 1 1 1 1 1 1 1 1 1 1 1 1 1 1 1 1 1 1 1 1 1 1 1 1 1 1 1 1 1 1 1 1 1 1 1 1 1 1 1 1 1 1 1 1 1 1 1 1 1 1 1 1 1 1 1 1 1 1 1 1 1 1 1 1 1 1 1 1 1 1 1 1 1 1 1 1 1 1 1 1 1 1 1 1 1 1 1 1 1 1 1 1 1 1 1 1 1 1 1 1 1 1 1 1 1 1 1 1 1 1 1 1 1 1 1 1 1 1 1 1 1 1 1 1 1 1 1 1 1 1 1 1 1 1 1 1 1 1 1 1 1 1 1 1 1 1 1 1 1 1 1 1 1 1 1 1 1 1 1 1 1 1 1 1 1 1 1 1 1 1 1 1 1 1 1 1 1 1 1 1 1 1 1 1 1 1 1 1 1 1 1 1 1 1 1 1 1 1 1 1 1 1 1 1 1 1 1 1 1 1 1 1 1 1 1 1 1 1 1 1 1 1 1 1 1 1 1 1 1 1 1 1 1 1 1 1 1 1 1 1 1 1 1 1 1 1 1 1 1 1 1 1 1 1 1 1 1 1 1 1 1 1 1 1 1 1 1 1 1 1 1 1 1 1 1 1 1 1 1 1 1 1 1 1 1 1 1 1 1 1 1 1 1 1 1 1 1 1 1 1 1 1 1 1 1 1 1 1 1 1 1 1 1 1 1 1 1 1 1 1 1 1 1 1 1 1 1 1 1 1 1 1 1 1 1 1 1 1 1 1 1 1 1 1 1 1 1 1 1 1 1 1 1 1 1 1 1 1 1 1 1 1 1 1 1 1 1 1 1 1 1 1 1 1 1 1 1 1 1 1 1 1 1 1 1 1 1 1 1 1 1 1 1 1 1 1 1 1 1 1 1 1 1 1 1 1 1 1 1 1 1 1 1 1 1 1 1 1 1 1 1 1 1 1 1 1 1 1 1 1 1 1 1 1 1 1 1 1 1 1 1 1 1 1 1 1 1 1 1 1 1 1 1 1 1 1 1 1 1 1 1 1 1 1 1 1 1 1 1 1 1 1 1 1 1 1 1 1 1 1 1 1 1 1 1 1 1 1 1 1 1 1 1 1 1 1 1 1 1 1 1 1 1 1 1 1 1 1 1 1 1 1 1 1 1 1 1 1 1 1 1 1 1 1 1 1 1 1 1 1 1 1 1 1 1 1 1 1 1 1 1 1 1 1 1 1 1 1 1 1 1 1 1 1 1 1 1 1 1 1 1 1 1 1 1 1 1 1 1 1 1 1 1 1 1 1 1 1 1 1 1 1 1 1 1 1 1 1 1 1 1 1 1 1 1 1 1 1 1 1 1 1 1 1 1 1 1 1 1 1 1 1 1 1 1 1 1 1 1 1 1 1 1 1 1 1 1 1 1 1 1 1 1 1 1 1 1 1 1 1 1 1 1 1 1 1 1 1 1 1 1 1 1 1 1 1 1 1 1 1 1 1 1 1 1 1 1 1 1 1 1 1 1 1 1 1 1 1 1 1 1 1 1 1 1 1 1 1 1 1 1 1 1 1 1 1 1 1 1 1 1 1 1 1 1 1 1 1 1 1 1 1 1 1 1 1 1 1 1 1 1 1 1 1 1 1 1 1 1 1 1 1 1 1 1 1 1 1 1 1 1 1 1 1 1 1 1 1 1 1 1 1 1 1 1 1 1 1 1 1 1 1 1 1 1 1 1 1 1 1 1 1 1 1 1 1 1 1 1 1 1 1 1 1 1 1 1 1 1 1 1 1 1 1 1 1 1 1 1 1 1 1 1 1 1 1 1 1 1 1 1 1 1 1 1 1 1 1 1 1 1 1 1 1 1 1 1 1 1 1 1 1 1 1 1 1 1 1 1 1 1 1 1 1 1 1 1 1 1 1 1 1 1 1 1 1 1 1 1 1 1 1 1 1 1 1 1 1 1 1 1 1 1 1 1 1 1 1 1 1 1 1 1 1 1 1 1 1 1 1 1 1 1 1 1 1 1 1 1 1 1 1 1 1 1 1 1 1 1 1 1 1 1 1 1 1 1 1 1 1 1 1 1 1 1 1 1 1 1 1 1 1 1 1 1 1 1 1 1 1 1 1 1 1 1 1 1 1 1 1 1 1 1 1 1 1 1 1 1 1 1 1 1 1 1 1 1 1 1 1 1 1 1 1 1 1 1 1 1 1 1 1 1 1 1 1 1 1 1 1 1 1 1 1 1 1 1 1 1 1 1 1 1 1 1 1 1 1 1 1 1 1 1 1 1 1 1 1 1 1 1 1 1 1 1 1 1 1 1 1 1 1 1 1 1 1 1 1 1 1 1 1 1 1 1 1 1 1 1 1 1 1 1 1 1 1 1 1 1 1 1 1 1 1 1 1 1 1 1 1 1 1 1 1 1 1 1 1 1 1 1 1 1 1 1 1 1 1 1 1 1 1 1 1 1 1 1 1 1 1 1 1 1 1 1 1 1 1 1 1 1 1 1 1 1 1 1 1 1 1 1 1 1 1 1 1 1 1 1 1 1 1 1 1 1 1 1 1 1 1 1 1 1 1 1 1 1 1 1 1 1 1 1 1 1 1 1 1 1 1 1 1 1 1 1 1 1 1 1 1 1 1 1 1 1 1 1 1 1 1 1 1 1 1 1 1 1 1 1 1 1 1 1 1 1 1 1 1 1 1 1 1 1 1 1 1 1 1 1 1 1 1 1 1 1 1 1 1 1 1 1 1 1 1 1 1 1 1 1 1 1 1 1 1 1 1 1 1 1 1 1 1 1 1 1 1 1 1 1 1 1 1 1 1 1 1 1 1 1 1 1 1 1 1 1 1 1 1 1 1 1 1 1 1 1 1 1 1 1 1 1 1 1 1 1 1 1 1 1 1 1 1 1 1 1 1 1 1 1 1 1 1 1 1 1 1 1 1 1 1 1 1 1 1 1 1 1 1 1 1 1 1 1 1 1 1 1 1 1 1 1 1 1 1 1 1 1 1 1 1 1 1 1 1 1 1 1 1 1 1 1 1 1 1 1 1 1 1 1 1 1 1 1 1 1 1 1 1 1 1 1 1 1 1 1 1 1 1 1 1 1 1 1 1 1 1 1 1 1 1 1 1 1 1 1 1 1 1 1 1 1 1 1 1 1 1 1 1 1 1 1 1 1 1 1 1 1 1 1 1 1 1 1 1 1 1 1 1 1 1 1 1 1 1 1 1 1 1 1 1 1 1 1 1 1 1 1 1 1 1 1 1 1 1 1 1 1 1 1 1 1 1 1 1 1 1 1 1 1 1 1 1 1 1 1 1 1 1 1 1 1 1 1 1 1 1 1 1 1 1 1 1 1 1 1 1 1 1 1 1 1 1 1 1 1 1 1 1 1 1 1 1 1 1 1 1 1 1 1 1 1 1 1 1 1 1 1 1 1 1 1 1 1 1 1 1 1 1 1 1 1 1 1 1 1 1 1 1 1 1 1 1 1 1 1 1 1 1 1 1 1 1 1 1 1 1 1 1 1 1 1 1 1 1 1 1 1 1 1 1 1 1 1 1 1 1 1 1 1 1 1 1 1 1 1 1 1 1 1 1 1 1 1 1 1 1 1 1 1 1 1 1 1 1 1 1 1 1 1 1 1 1 1 1 1 1 1 1 1 1 1 1 1 1 1 1 1 1 1 1 1 1 1 1 1 1 1 1 1 1 1 1 1 1 1 1 1 1 1 1 1 1 1 1 1 1 1 1 1 1 1 1 1 1 1 1 1 1 1 1 1 1 1 1 1 1 1 1 1 1 1 1 1 1 1 1 1 1 1 1 1 1 1 1 1 1 1 1 1 1 1 1 1 1 1 1 1 1 1 1 1 1 1 1 1 1 1 1 1 1 1 1 1 1 1 1 1 1 1 1 1 1 1 1 1 1 1 1 1 1 1 1 1 1 1 1 1 1 1 1 1 1 1 1 1 1 1 1 1 1 1 1 1 1 1 1 1 1 1 1 1 1 1 1 1 1 1 1 1 1 1 1 1 1 1 1 1 1 1 1 1 1 1 1 1 1 1 1 1 1 1 1 1 1 1 1 1 1 1 1 1 1 1 1 1 1 1 1 1 1 1 1 1 1 1 1 1 1 1 1 1 1 1 1 1 1 1 1 1 1 1 1 1 1 1 1 1 1 1 1 1 1 1 1 1 1 1 1 1 1 1 1 1 1 1 1 1 1 1 1 1 1 1 1 1 1 1 1 1 1 1 1 1 1 1 1 1 1 1 1 1 1 1 1 1 1 1 1 1 1 1 1 1 1 1 1 1 1 1 1 1 1 1 1 1 1 1 1 1 1 1 1 1 1 1 1 1 1 1 1 1 1 1 1 1 1 1 1 1 1 1 1 1 1 1 1 1 1 1 1 1 1 1 1 1 1 1 1 1 1 1 1 1 1 1 1 1 1 1 1 1 1 1 1 1 1 1 1 1 1 1 1 1 1 1 1 1 1 1 1 1 1 1 1 1 1 1 1 1 1 1 1 1 1 1 1 1 1 1 1 1 1 1 1 1 1 1 1 1 1 1 1 1 1 1 1 1 1 1 1 1 1 1 1 1 1 1 1 1 1 1 1 1 1 1 1 1 1 1 1 1 1 1 1 1 1 1 1 1 1 1 1 1 1 1 1 1 1 1 1 1 1 1 1 1 1 1 1 1 1 1 1 1 1 1 1 1 1 1 1 1 1 1 1 1 1 1 1 1 1 1 1 1 1 1 1 1 1 1 1 1 1 1 1 1 1 1 1 1 1 1 1 1 1 1 1 1 1 1 1 1 1 1 1 1 1 1 1 1 1 1 1 1 1 1 1 1 1 1 1 1 1 1 1 1 1 1 1 1 1 1 1 1 1 1 1 1 1 1 1 1 1 1 1 1 1 1 1 1 1 1 1 1 1 1 1 1 1 1 1 1 1 1 1 1 1 1 1 1 1 1 1 1 1 1 1 1 1 1 1 1 1 1 1 1 1 1 1 1 1 1 1 1 1 1 1 1 1 1 1 1 1 1 1 1 1 1 1 1 1 1 1 1 1 1 1 1 1 1 1 1 1 1 1 1 1 1 1 1 1 1 1 1 1 1 1 1 1 1 1 1 1 1 1 1 1 1 1 1 1 1 1 1 1 1 1 1 1 1 1 1 1 1 1 1 1 1 1 1 1 1 1 1 1 1 1 1 1 1 1 1 1 1 1 1 1 1 1 1 1 1 1 1 1 1 1 1 1 1 1 1 1 1 1 1 1 1 1 1 1 1 1 1 1 1 1 1 1 1 1 1 1 1 1 1 1 1 1 1 1 1 1 1 1 1 1 1 1 1 1 1 1 1 1 1 1 1 1 1 1 1 1 1 1 1 1 1 1 1 1 1 1 1 1 1 1 1 1 1 1 1 1 1 1 1 1 1 1 1 1 1 1 1 1 1 1 1 1 1 1 1 1 1 1 1 1 1 1 1 1 1 1 1 1 1 1 1 1 1 1 1 1 1 1 1 1 1 1 1 1 1 1 1 1 1 1 1 1 1 1 1 1 1 1 1 1 1 1 1 1 1 1 1 1 1 1 1 1 1 1 1 1 1 1 1 1 1 1 1 1 1 1 1 1 1 1 1 1 1 1 1 1 1 1 1 1 1 1 1 1 1 1 1 1 1 1 1 1 1 1 1 1 1 1 1 1 1 1 1 1 1 1 1 1 1 1 1 1 1 1 1 1 1 1 1 1 1 1 1 1 1 1 1 1 1 1 1 1 1 1 1 1 1 1 1 1 1 1 1 1 1 1 1 1 1 1 1 1 1 1 1 1 1 1 1 1 1 1 1 1 1 1 1 1 1 1 1 1 1 1 1 1 1 1 1 1 1 1 1 1 1 1 1 1 1 1 1 1 1 1 1 1 1 1 1 1 1 1 1 1 1 1 1 1 1 1 1 1 1 1 1 1 1 1 1 1 1 1 1 1 1 1 1 1 1 1 1 1 1 1 1 1 1 1 1 1 1 1 1 1 1 1 1 1 1 1 1 1 1 1 1 1 1 1 1 1 1 1 1 1 1 1 1 1 1 1 1 1 1 1 1 1 1 1 1 1 1 1 1 1 1 1 1 1 1 1 1 1 1 1 1 1 1 1 1 1 1 1 1 1 1 1 1 1 1 1 1 1 1 1 1 1 1 1 1 1 1 1 1 1 1 1 1 1 1 1 1 1 1 1 1 1 1 1 1 1 1 1 1 1 1 1 1 1 1 1 1 1 1 1 1 1 1 1 1 1 1 1 1 1 1 1 1 1 1 1 1 1 1 1 1 1 1 1 1 1 1 1 1 1 1 1 1 1 1 1 1 1 1 1 1 1 1 1 1 1 1 1 1 1 1 1 1 1 1 1 1 1 1 1 1 1 1 1 1 1 1 1 1 1 1 1 1 1 1 1 1 1 1 1 1 1 1 1 1 1 1 1 1 1 1 1 1 1 1 1 1 1 1 1 1 1 1 1 1 1 1 1 1 1 1 1 1 1 1 1 1 1 1 1 1 1 1 1 1 1 1 1 1 1 1 1 1 1 1 1 1 1 1 1 1 1 1 1 1 1 1 1 1 1 1 1 1 1 1 1 1 1 1 1 1 1 1 1 1 1 1 1 1 1 1 1 1 1 1 1 1 1 1 1 1 1 1 1 1 1 1 1 1 1 1 1 1 1 1 1 1 1 1 1 1 1 1 1 1 1 1 1 1 1 1 1 1 1 1 1 1 1 1 1 1 1 1 1 1 1 1 1 1 1 1 1 1 1 1 1 1 1 1 1 1 1 1 1 1 1 1 1 1 1 1 1 1 1 1 1 1 1 1 1 1 1 1 1 1 1 1 1 1 1 1 1 1 1 1 1 1 1 1 1 1 1 1 1 1 1 1 1 1 1 1 1 1 1 1 1 1 1 1 1 1 1 1 1 1 1 1 1 1 1 1 1 1 1 1 1 1 1 1 1 1 1 1 1 1 1 1 1 1 1 1 1 1 1 1 1 1 1 1 1 1 1 1 1 1 1 1 1 1 1 1 1 1 1 1 1 1 1 1 1 1 1 1 1 1 1 1 1 1 1 1 1 1 1 1 1 1 1 1 1 1 1 1 1 1 1 1 1 1 1 1 1 1 1 1 1 1 1 1 1 1 1 1 1 1 1 1 1 1 1 1 1 1 1 1 1 1 1 1 1 1 1 1 1 1 1 1 1 1 1 1 1 1 1 1 1 1 1 1 1 1 1 1 1 1 1 1 1 1 1 1 1 1 1 1 1 1 1 1 1 1 1 1 1 1 1 1 1 1 1 1 1 1 1 1 1 1 1 1 1 1 1 1 1 1 1 1 1 1 1 1 1 1 1 1 1 1 1 1 1 1 1 1 1 1 1 1 1 1 1 1 1 1 1 1 1 1 1 1 1 1 1 1 1 1 1 1 1 1 1 1 1 1 1 1 1 1 1 1 1 1 1 1 1 1 1 1 1 1 1 1 1 1 1 1 1 1 1 1 1 1 1 1 1 1 1 1 1 1 1 1 1 1 1 1 1 1 1 1 1 1 1 1 1 1 1 1 1 1 1 1 1 1 1 1 1 1 1 1 1 1 1 1 1 1 1 1 1 1 1 1 1 1 1 1 1 1 1 1 1 1 1 1 1 1 1 1 1 1 1 1 1 1 1 1 1 1 1 1 1 1 1 1 1 1 1 1 1 1 1 1 1 1 1 1 1 1 1 1 1 1 1 1 1 1 1 1 1 1 1 1 1 1 1 1 1 1 1 1 1 1 1 1 1 1 1 1 1 1 1 1 1 1 1 1 1 1 1 1 1 1 1 1 1 1 1 1 1 1 1 1 1 1 1 1 1 1 1 1 1 1 1 1 1 1 1 1 1 1 1 1 1 1 1 1 1 1 1 1 1 1 1 1 1 1 1 1 1 1 1 1 1 1 1 1 1 1 1 1 1 1 1 1 1 1 1 1 1 1 1 1 1 1 1 1 1 1 1 1 1 1 1 1 1 1 1 1 1 1 1 1 1 1 1 1 1 1 1 1 1 1 1 1 1 1 1 1 1 1 1 1 1 1 1 1 1 1 1 1 1 1 1 1 1 1 1 1 1 1 1 1 1 1 1 1 1 1 1 1 1 1 1 1 1 1 1 1 1 1 1 1 1 1 1 1 1 1 1 1 1 1 1 1 1 1 1 1 1 1 1 1 1 1 1 1 1 1 1 1 1 1 1 1 1 1 1 1 1 1 1 1 1 1 1 1 1 1 1 1 1 1 1 1 1 1 1 1 1 1 1 1 1 1 1 1 1 1 1 1 1 1 1 1 1 1 1 1 1 1 1 1 1 1 1 1 1 1 1 1 1 1 1 1 1 1 1 1 1 1 1 1 1 1 1 1 1 1 1 1 1 1 1 1 1 1 1 1 1 1 1 1 1 1 1 1 1 1 1 1 1 1 1 1 1 1 1 1 1 1 1 1 1 1 1 1 1 1 1 1 1 1 1 1 1 1 1 1 1 1 1 1 1 1 1 1 1 1 1 1 1 1 1 1 1 1 1 1 1 1 1 1 1 1 1 1 1 1 1 1 1 1 1 1 1 1 1 1 1 1 1 1 1 1 1 1 1 1 1 1 1 1 1 1 1 1 1 1 1 1 1 1 1 1 1 1 1 1 1 1 1 1 1 1 1 1 1 1 1 1 1 1 1 1 1 1 1 1 1 1 1 1 1 1 1 1 1 1 1 1 1 1 1 1 1 1 1 1 1 1 1 1 1 1 1 1 1 1 1 1 1 1 1 1 1 1 1 1 1 1 1 1 1 1 1 1 1 1 1 1 1 1 1 1 1 1 1 1 1 1 1 1 1 1 1 1 1 1 1 1 1 1 1 1 1 1 1 1 1 1 1 1 1 1 1 1 1 1 1 1 1 1 1 1 1 1 1 1 1 1 1 1 1 1 1 1 1 1 1 1 1 1 1 1 1 1 1 1 1 1 1 1 1 1 1 1 1 1 1 1 1 1 1 1 1 1 1 1 1 1 1 1 1 1 1 1 1 1 1 1 1 1 1 1 1 1 1 1 1 1 1 1 1 1 1 1 1 1 1 1 1 1 1 1 1 1 1 1 1 1 1 1 1 1 1 1 1 1 1 1 1 1 1 1 1 1 1 1 1 1 1 1 1 1 1 1 1 1 1 1 1 1 1 1 1 1 1 1 1 1 1 1 1 1 1 1 1 1 1 1 1 1 1 1 1 1 1 1 1 1 1 1 1 1 1 1 1 1 1 1 1 1 1 1 1 1 1 1 1 1 1 1 1 1 1 1 1 1 1 1 1 1 1 1 1 1 1 1 1 1 1 1 1 1 1 1 1 1 1 1 1 1 1 1 1 1 1 1 1 1 1 1 1 1 1 1 1 1 1 1 1 1 1 1 1 1 1 1 1 1 1 1 1 1 1 1 1 1 1 1 1 1 1 1 1 1 1 1 1 1 1 1 1 1 1 1 1 1 1 1 1 1 1 1 1 1 1 1 1 1 1 1 1 1 1 1 1 1 1 1 1 1 1 1 1 1 1 1 1 1 1 1 1 1 1 1 1 1 1 1 1 1 1 1 1 1 1 1 1 1 1 1 1 1 1 1 1 1 1 1 1 1 1 1 1 1 1 1 1 1 1 1 1 1 1 1 1 1 1 1 1 1 1 1 1 1 1 1 1 1 1 1 1 1 1 1 1 1 1 1 1 1 1 1 1 1 1 1 1 1 1 1 1 1 1 1 1 1 1</float_array>
          <technique_common>
            <accessor source="#ibishu_wheel_07a_14x7_flipped-mesh-colors-geom-ibishu_wheel_07a_14x7_flipped-map0-array" count="3300" stride="4">
              <param name="R" type="float"/>
              <param name="G" type="float"/>
              <param name="B" type="float"/>
              <param name="A" type="float"/>
            </accessor>
          </technique_common>
        </source>
        <source id="ibishu_wheel_07a_14x7_flipped-mesh-colors-geom-ibishu_wheel_07a_14x7-map0" name="geom-ibishu_wheel_07a_14x7-map0">
          <float_array id="ibishu_wheel_07a_14x7_flipped-mesh-colors-geom-ibishu_wheel_07a_14x7-map0-array" count="13200">1 1 1 1 1 1 1 1 1 1 1 1 1 1 1 1 1 1 1 1 1 1 1 1 1 1 1 1 1 1 1 1 1 1 1 1 1 1 1 1 1 1 1 1 1 1 1 1 1 1 1 1 1 1 1 1 1 1 1 1 1 1 1 1 1 1 1 1 1 1 1 1 1 1 1 1 1 1 1 1 1 1 1 1 1 1 1 1 1 1 1 1 1 1 1 1 1 1 1 1 1 1 1 1 1 1 1 1 1 1 1 1 1 1 1 1 1 1 1 1 1 1 1 1 1 1 1 1 1 1 1 1 1 1 1 1 1 1 1 1 1 1 1 1 1 1 1 1 1 1 1 1 1 1 1 1 1 1 1 1 1 1 1 1 1 1 1 1 1 1 1 1 1 1 1 1 1 1 1 1 1 1 1 1 1 1 1 1 1 1 1 1 1 1 1 1 1 1 1 1 1 1 1 1 1 1 1 1 1 1 1 1 1 1 1 1 1 1 1 1 1 1 1 1 1 1 1 1 1 1 1 1 1 1 1 1 1 1 1 1 1 1 1 1 1 1 1 1 1 1 1 1 1 1 1 1 1 1 1 1 1 1 1 1 1 1 1 1 1 1 1 1 1 1 1 1 1 1 1 1 1 1 1 1 1 1 1 1 1 1 1 1 1 1 1 1 1 1 1 1 1 1 1 1 1 1 1 1 1 1 1 1 1 1 1 1 1 1 1 1 1 1 1 1 1 1 1 1 1 1 1 1 1 1 1 1 1 1 1 1 1 1 1 1 1 1 1 1 1 1 1 1 1 1 1 1 1 1 1 1 1 1 1 1 1 1 1 1 1 1 1 1 1 1 1 1 1 1 1 1 1 1 1 1 1 1 1 1 1 1 1 1 1 1 1 1 1 1 1 1 1 1 1 1 1 1 1 1 1 1 1 1 1 1 1 1 1 1 1 1 1 1 1 1 1 1 1 1 1 1 1 1 1 1 1 1 1 1 1 1 1 1 1 1 1 1 1 1 1 1 1 1 1 1 1 1 1 1 1 1 1 1 1 1 1 1 1 1 1 1 1 1 1 1 1 1 1 1 1 1 1 1 1 1 1 1 1 1 1 1 1 1 1 1 1 1 1 1 1 1 1 1 1 1 1 1 1 1 1 1 1 1 1 1 1 1 1 1 1 1 1 1 1 1 1 1 1 1 1 1 1 1 1 1 1 1 1 1 1 1 1 1 1 1 1 1 1 1 1 1 1 1 1 1 1 1 1 1 1 1 1 1 1 1 1 1 1 1 1 1 1 1 1 1 1 1 1 1 1 1 1 1 1 1 1 1 1 1 1 1 1 1 1 1 1 1 1 1 1 1 1 1 1 1 1 1 1 1 1 1 1 1 1 1 1 1 1 1 1 1 1 1 1 1 1 1 1 1 1 1 1 1 1 1 1 1 1 1 1 1 1 1 1 1 1 1 1 1 1 1 1 1 1 1 1 1 1 1 1 1 1 1 1 1 1 1 1 1 1 1 1 1 1 1 1 1 1 1 1 1 1 1 1 1 1 1 1 1 1 1 1 1 1 1 1 1 1 1 1 1 1 1 1 1 1 1 1 1 1 1 1 1 1 1 1 1 1 1 1 1 1 1 1 1 1 1 1 1 1 1 1 1 1 1 1 1 1 1 1 1 1 1 1 1 1 1 1 1 1 1 1 1 1 1 1 1 1 1 1 1 1 1 1 1 1 1 1 1 1 1 1 1 1 1 1 1 1 1 1 1 1 1 1 1 1 1 1 1 1 1 1 1 1 1 1 1 1 1 1 1 1 1 1 1 1 1 1 1 1 1 1 1 1 1 1 1 1 1 1 1 1 1 1 1 1 1 1 1 1 1 1 1 1 1 1 1 1 1 1 1 1 1 1 1 1 1 1 1 1 1 1 1 1 1 1 1 1 1 1 1 1 1 1 1 1 1 1 1 1 1 1 1 1 1 1 1 1 1 1 1 1 1 1 1 1 1 1 1 1 1 1 1 1 1 1 1 1 1 1 1 1 1 1 1 1 1 1 1 1 1 1 1 1 1 1 1 1 1 1 1 1 1 1 1 1 1 1 1 1 1 1 1 1 1 1 1 1 1 1 1 1 1 1 1 1 1 1 1 1 1 1 1 1 1 1 1 1 1 1 1 1 1 1 1 1 1 1 1 1 1 1 1 1 1 1 1 1 1 1 1 1 1 1 1 1 1 1 1 1 1 1 1 1 1 1 1 1 1 1 1 1 1 1 1 1 1 1 1 1 1 1 1 1 1 1 1 1 1 1 1 1 1 1 1 1 1 1 1 1 1 1 1 1 1 1 1 1 1 1 1 1 1 1 1 1 1 1 1 1 1 1 1 1 1 1 1 1 1 1 1 1 1 1 1 1 1 1 1 1 1 1 1 1 1 1 1 1 1 1 1 1 1 1 1 1 1 1 1 1 1 1 1 1 1 1 1 1 1 1 1 1 1 1 1 1 1 1 1 1 1 1 1 1 1 1 1 1 1 1 1 1 1 1 1 1 1 1 1 1 1 1 1 1 1 1 1 1 1 1 1 1 1 1 1 1 1 1 1 1 1 1 1 1 1 1 1 1 1 1 1 1 1 1 1 1 1 1 1 1 1 1 1 1 1 1 1 1 1 1 1 1 1 1 1 1 1 1 1 1 1 1 1 1 1 1 1 1 1 1 1 1 1 1 1 1 1 1 1 1 1 1 1 1 1 1 1 1 1 1 1 1 1 1 1 1 1 1 1 1 1 1 1 1 1 1 1 1 1 1 1 1 1 1 1 1 1 1 1 1 1 1 1 1 1 1 1 1 1 1 1 1 1 1 1 1 1 1 1 1 1 1 1 1 1 1 1 1 1 1 1 1 1 1 1 1 1 1 1 1 1 1 1 1 1 1 1 1 1 1 1 1 1 1 1 1 1 1 1 1 1 1 1 1 1 1 1 1 1 1 1 1 1 1 1 1 1 1 1 1 1 1 1 1 1 1 1 1 1 1 1 1 1 1 1 1 1 1 1 1 1 1 1 1 1 1 1 1 1 1 1 1 1 1 1 1 1 1 1 1 1 1 1 1 1 1 1 1 1 1 1 1 1 1 1 1 1 1 1 1 1 1 1 1 1 1 1 1 1 1 1 1 1 1 1 1 1 1 1 1 1 1 1 1 1 1 1 1 1 1 1 1 1 1 1 1 1 1 1 1 1 1 1 1 1 1 1 1 1 1 1 1 1 1 1 1 1 1 1 1 1 1 1 1 1 1 1 1 1 1 1 1 1 1 1 1 1 1 1 1 1 1 1 1 1 1 1 1 1 1 1 1 1 1 1 1 1 1 1 1 1 1 1 1 1 1 1 1 1 1 1 1 1 1 1 1 1 1 1 1 1 1 1 1 1 1 1 1 1 1 1 1 1 1 1 1 1 1 1 1 1 1 1 1 1 1 1 1 1 1 1 1 1 1 1 1 1 1 1 1 1 1 1 1 1 1 1 1 1 1 1 1 1 1 1 1 1 1 1 1 1 1 1 1 1 1 1 1 1 1 1 1 1 1 1 1 1 1 1 1 1 1 1 1 1 1 1 1 1 1 1 1 1 1 1 1 1 1 1 1 1 1 1 1 1 1 1 1 1 1 1 1 1 1 1 1 1 1 1 1 1 1 1 1 1 1 1 1 1 1 1 1 1 1 1 1 1 1 1 1 1 1 1 1 1 1 1 1 1 1 1 1 1 1 1 1 1 1 1 1 1 1 1 1 1 1 1 1 1 1 1 1 1 1 1 1 1 1 1 1 1 1 1 1 1 1 1 1 1 1 1 1 1 1 1 1 1 1 1 1 1 1 1 1 1 1 1 1 1 1 1 1 1 1 1 1 1 1 1 1 1 1 1 1 1 1 1 1 1 1 1 1 1 1 1 1 1 1 1 1 1 1 1 1 1 1 1 1 1 1 1 1 1 1 1 1 1 1 1 1 1 1 1 1 1 1 1 1 1 1 1 1 1 1 1 1 1 1 1 1 1 1 1 1 1 1 1 1 1 1 1 1 1 1 1 1 1 1 1 1 1 1 1 1 1 1 1 1 1 1 1 1 1 1 1 1 1 1 1 1 1 1 1 1 1 1 1 1 1 1 1 1 1 1 1 1 1 1 1 1 1 1 1 1 1 1 1 1 1 1 1 1 1 1 1 1 1 1 1 1 1 1 1 1 1 1 1 1 1 1 1 1 1 1 1 1 1 1 1 1 1 1 1 1 1 1 1 1 1 1 1 1 1 1 1 1 1 1 1 1 1 1 1 1 1 1 1 1 1 1 1 1 1 1 1 1 1 1 1 1 1 1 1 1 1 1 1 1 1 1 1 1 1 1 1 1 1 1 1 1 1 1 1 1 1 1 1 1 1 1 1 1 1 1 1 1 1 1 1 1 1 1 1 1 1 1 1 1 1 1 1 1 1 1 1 1 1 1 1 1 1 1 1 1 1 1 1 1 1 1 1 1 1 1 1 1 1 1 1 1 1 1 1 1 1 1 1 1 1 1 1 1 1 1 1 1 1 1 1 1 1 1 1 1 1 1 1 1 1 1 1 1 1 1 1 1 1 1 1 1 1 1 1 1 1 1 1 1 1 1 1 1 1 1 1 1 1 1 1 1 1 1 1 1 1 1 1 1 1 1 1 1 1 1 1 1 1 1 1 1 1 1 1 1 1 1 1 1 1 1 1 1 1 1 1 1 1 1 1 1 1 1 1 1 1 1 1 1 1 1 1 1 1 1 1 1 1 1 1 1 1 1 1 1 1 1 1 1 1 1 1 1 1 1 1 1 1 1 1 1 1 1 1 1 1 1 1 1 1 1 1 1 1 1 1 1 1 1 1 1 1 1 1 1 1 1 1 1 1 1 1 1 1 1 1 1 1 1 1 1 1 1 1 1 1 1 1 1 1 1 1 1 1 1 1 1 1 1 1 1 1 1 1 1 1 1 1 1 1 1 1 1 1 1 1 1 1 1 1 1 1 1 1 1 1 1 1 1 1 1 1 1 1 1 1 1 1 1 1 1 1 1 1 1 1 1 1 1 1 1 1 1 1 1 1 1 1 1 1 1 1 1 1 1 1 1 1 1 1 1 1 1 1 1 1 1 1 1 1 1 1 1 1 1 1 1 1 1 1 1 1 1 1 1 1 1 1 1 1 1 1 1 1 1 1 1 1 1 1 1 1 1 1 1 1 1 1 1 1 1 1 1 1 1 1 1 1 1 1 1 1 1 1 1 1 1 1 1 1 1 1 1 1 1 1 1 1 1 1 1 1 1 1 1 1 1 1 1 1 1 1 1 1 1 1 1 1 1 1 1 1 1 1 1 1 1 1 1 1 1 1 1 1 1 1 1 1 1 1 1 1 1 1 1 1 1 1 1 1 1 1 1 1 1 1 1 1 1 1 1 1 1 1 1 1 1 1 1 1 1 1 1 1 1 1 1 1 1 1 1 1 1 1 1 1 1 1 1 1 1 1 1 1 1 1 1 1 1 1 1 1 1 1 1 1 1 1 1 1 1 1 1 1 1 1 1 1 1 1 1 1 1 1 1 1 1 1 1 1 1 1 1 1 1 1 1 1 1 1 1 1 1 1 1 1 1 1 1 1 1 1 1 1 1 1 1 1 1 1 1 1 1 1 1 1 1 1 1 1 1 1 1 1 1 1 1 1 1 1 1 1 1 1 1 1 1 1 1 1 1 1 1 1 1 1 1 1 1 1 1 1 1 1 1 1 1 1 1 1 1 1 1 1 1 1 1 1 1 1 1 1 1 1 1 1 1 1 1 1 1 1 1 1 1 1 1 1 1 1 1 1 1 1 1 1 1 1 1 1 1 1 1 1 1 1 1 1 1 1 1 1 1 1 1 1 1 1 1 1 1 1 1 1 1 1 1 1 1 1 1 1 1 1 1 1 1 1 1 1 1 1 1 1 1 1 1 1 1 1 1 1 1 1 1 1 1 1 1 1 1 1 1 1 1 1 1 1 1 1 1 1 1 1 1 1 1 1 1 1 1 1 1 1 1 1 1 1 1 1 1 1 1 1 1 1 1 1 1 1 1 1 1 1 1 1 1 1 1 1 1 1 1 1 1 1 1 1 1 1 1 1 1 1 1 1 1 1 1 1 1 1 1 1 1 1 1 1 1 1 1 1 1 1 1 1 1 1 1 1 1 1 1 1 1 1 1 1 1 1 1 1 1 1 1 1 1 1 1 1 1 1 1 1 1 1 1 1 1 1 1 1 1 1 1 1 1 1 1 1 1 1 1 1 1 1 1 1 1 1 1 1 1 1 1 1 1 1 1 1 1 1 1 1 1 1 1 1 1 1 1 1 1 1 1 1 1 1 1 1 1 1 1 1 1 1 1 1 1 1 1 1 1 1 1 1 1 1 1 1 1 1 1 1 1 1 1 1 1 1 1 1 1 1 1 1 1 1 1 1 1 1 1 1 1 1 1 1 1 1 1 1 1 1 1 1 1 1 1 1 1 1 1 1 1 1 1 1 1 1 1 1 1 1 1 1 1 1 1 1 1 1 1 1 1 1 1 1 1 1 1 1 1 1 1 1 1 1 1 1 1 1 1 1 1 1 1 1 1 1 1 1 1 1 1 1 1 1 1 1 1 1 1 1 1 1 1 1 1 1 1 1 1 1 1 1 1 1 1 1 1 1 1 1 1 1 1 1 1 1 1 1 1 1 1 1 1 1 1 1 1 1 1 1 1 1 1 1 1 1 1 1 1 1 1 1 1 1 1 1 1 1 1 1 1 1 1 1 1 1 1 1 1 1 1 1 1 1 1 1 1 1 1 1 1 1 1 1 1 1 1 1 1 1 1 1 1 1 1 1 1 1 1 1 1 1 1 1 1 1 1 1 1 1 1 1 1 1 1 1 1 1 1 1 1 1 1 1 1 1 1 1 1 1 1 1 1 1 1 1 1 1 1 1 1 1 1 1 1 1 1 1 1 1 1 1 1 1 1 1 1 1 1 1 1 1 1 1 1 1 1 1 1 1 1 1 1 1 1 1 1 1 1 1 1 1 1 1 1 1 1 1 1 1 1 1 1 1 1 1 1 1 1 1 1 1 1 1 1 1 1 1 1 1 1 1 1 1 1 1 1 1 1 1 1 1 1 1 1 1 1 1 1 1 1 1 1 1 1 1 1 1 1 1 1 1 1 1 1 1 1 1 1 1 1 1 1 1 1 1 1 1 1 1 1 1 1 1 1 1 1 1 1 1 1 1 1 1 1 1 1 1 1 1 1 1 1 1 1 1 1 1 1 1 1 1 1 1 1 1 1 1 1 1 1 1 1 1 1 1 1 1 1 1 1 1 1 1 1 1 1 1 1 1 1 1 1 1 1 1 1 1 1 1 1 1 1 1 1 1 1 1 1 1 1 1 1 1 1 1 1 1 1 1 1 1 1 1 1 1 1 1 1 1 1 1 1 1 1 1 1 1 1 1 1 1 1 1 1 1 1 1 1 1 1 1 1 1 1 1 1 1 1 1 1 1 1 1 1 1 1 1 1 1 1 1 1 1 1 1 1 1 1 1 1 1 1 1 1 1 1 1 1 1 1 1 1 1 1 1 1 1 1 1 1 1 1 1 1 1 1 1 1 1 1 1 1 1 1 1 1 1 1 1 1 1 1 1 1 1 1 1 1 1 1 1 1 1 1 1 1 1 1 1 1 1 1 1 1 1 1 1 1 1 1 1 1 1 1 1 1 1 1 1 1 1 1 1 1 1 1 1 1 1 1 1 1 1 1 1 1 1 1 1 1 1 1 1 1 1 1 1 1 1 1 1 1 1 1 1 1 1 1 1 1 1 1 1 1 1 1 1 1 1 1 1 1 1 1 1 1 1 1 1 1 1 1 1 1 1 1 1 1 1 1 1 1 1 1 1 1 1 1 1 1 1 1 1 1 1 1 1 1 1 1 1 1 1 1 1 1 1 1 1 1 1 1 1 1 1 1 1 1 1 1 1 1 1 1 1 1 1 1 1 1 1 1 1 1 1 1 1 1 1 1 1 1 1 1 1 1 1 1 1 1 1 1 1 1 1 1 1 1 1 1 1 1 1 1 1 1 1 1 1 1 1 1 1 1 1 1 1 1 1 1 1 1 1 1 1 1 1 1 1 1 1 1 1 1 1 1 1 1 1 1 1 1 1 1 1 1 1 1 1 1 1 1 1 1 1 1 1 1 1 1 1 1 1 1 1 1 1 1 1 1 1 1 1 1 1 1 1 1 1 1 1 1 1 1 1 1 1 1 1 1 1 1 1 1 1 1 1 1 1 1 1 1 1 1 1 1 1 1 1 1 1 1 1 1 1 1 1 1 1 1 1 1 1 1 1 1 1 1 1 1 1 1 1 1 1 1 1 1 1 1 1 1 1 1 1 1 1 1 1 1 1 1 1 1 1 1 1 1 1 1 1 1 1 1 1 1 1 1 1 1 1 1 1 1 1 1 1 1 1 1 1 1 1 1 1 1 1 1 1 1 1 1 1 1 1 1 1 1 1 1 1 1 1 1 1 1 1 1 1 1 1 1 1 1 1 1 1 1 1 1 1 1 1 1 1 1 1 1 1 1 1 1 1 1 1 1 1 1 1 1 1 1 1 1 1 1 1 1 1 1 1 1 1 1 1 1 1 1 1 1 1 1 1 1 1 1 1 1 1 1 1 1 1 1 1 1 1 1 1 1 1 1 1 1 1 1 1 1 1 1 1 1 1 1 1 1 1 1 1 1 1 1 1 1 1 1 1 1 1 1 1 1 1 1 1 1 1 1 1 1 1 1 1 1 1 1 1 1 1 1 1 1 1 1 1 1 1 1 1 1 1 1 1 1 1 1 1 1 1 1 1 1 1 1 1 1 1 1 1 1 1 1 1 1 1 1 1 1 1 1 1 1 1 1 1 1 1 1 1 1 1 1 1 1 1 1 1 1 1 1 1 1 1 1 1 1 1 1 1 1 1 1 1 1 1 1 1 1 1 1 1 1 1 1 1 1 1 1 1 1 1 1 1 1 1 1 1 1 1 1 1 1 1 1 1 1 1 1 1 1 1 1 1 1 1 1 1 1 1 1 1 1 1 1 1 1 1 1 1 1 1 1 1 1 1 1 1 1 1 1 1 1 1 1 1 1 1 1 1 1 1 1 1 1 1 1 1 1 1 1 1 1 1 1 1 1 1 1 1 1 1 1 1 1 1 1 1 1 1 1 1 1 1 1 1 1 1 1 1 1 1 1 1 1 1 1 1 1 1 1 1 1 1 1 1 1 1 1 1 1 1 1 1 1 1 1 1 1 1 1 1 1 1 1 1 1 1 1 1 1 1 1 1 1 1 1 1 1 1 1 1 1 1 1 1 1 1 1 1 1 1 1 1 1 1 1 1 1 1 1 1 1 1 1 1 1 1 1 1 1 1 1 1 1 1 1 1 1 1 1 1 1 1 1 1 1 1 1 1 1 1 1 1 1 1 1 1 1 1 1 1 1 1 1 1 1 1 1 1 1 1 1 1 1 1 1 1 1 1 1 1 1 1 1 1 1 1 1 1 1 1 1 1 1 1 1 1 1 1 1 1 1 1 1 1 1 1 1 1 1 1 1 1 1 1 1 1 1 1 1 1 1 1 1 1 1 1 1 1 1 1 1 1 1 1 1 1 1 1 1 1 1 1 1 1 1 1 1 1 1 1 1 1 1 1 1 1 1 1 1 1 1 1 1 1 1 1 1 1 1 1 1 1 1 1 1 1 1 1 1 1 1 1 1 1 1 1 1 1 1 1 1 1 1 1 1 1 1 1 1 1 1 1 1 1 1 1 1 1 1 1 1 1 1 1 1 1 1 1 1 1 1 1 1 1 1 1 1 1 1 1 1 1 1 1 1 1 1 1 1 1 1 1 1 1 1 1 1 1 1 1 1 1 1 1 1 1 1 1 1 1 1 1 1 1 1 1 1 1 1 1 1 1 1 1 1 1 1 1 1 1 1 1 1 1 1 1 1 1 1 1 1 1 1 1 1 1 1 1 1 1 1 1 1 1 1 1 1 1 1 1 1 1 1 1 1 1 1 1 1 1 1 1 1 1 1 1 1 1 1 1 1 1 1 1 1 1 1 1 1 1 1 1 1 1 1 1 1 1 1 1 1 1 1 1 1 1 1 1 1 1 1 1 1 1 1 1 1 1 1 1 1 1 1 1 1 1 1 1 1 1 1 1 1 1 1 1 1 1 1 1 1 1 1 1 1 1 1 1 1 1 1 1 1 1 1 1 1 1 1 1 1 1 1 1 1 1 1 1 1 1 1 1 1 1 1 1 1 1 1 1 1 1 1 1 1 1 1 1 1 1 1 1 1 1 1 1 1 1 1 1 1 1 1 1 1 1 1 1 1 1 1 1 1 1 1 1 1 1 1 1 1 1 1 1 1 1 1 1 1 1 1 1 1 1 1 1 1 1 1 1 1 1 1 1 1 1 1 1 1 1 1 1 1 1 1 1 1 1 1 1 1 1 1 1 1 1 1 1 1 1 1 1 1 1 1 1 1 1 1 1 1 1 1 1 1 1 1 1 1 1 1 1 1 1 1 1 1 1 1 1 1 1 1 1 1 1 1 1 1 1 1 1 1 1 1 1 1 1 1 1 1 1 1 1 1 1 1 1 1 1 1 1 1 1 1 1 1 1 1 1 1 1 1 1 1 1 1 1 1 1 1 1 1 1 1 1 1 1 1 1 1 1 1 1 1 1 1 1 1 1 1 1 1 1 1 1 1 1 1 1 1 1 1 1 1 1 1 1 1 1 1 1 1 1 1 1 1 1 1 1 1 1 1 1 1 1 1 1 1 1 1 1 1 1 1 1 1 1 1 1 1 1 1 1 1 1 1 1 1 1 1 1 1 1 1 1 1 1 1 1 1 1 1 1 1 1 1 1 1 1 1 1 1 1 1 1 1 1 1 1 1 1 1 1 1 1 1 1 1 1 1 1 1 1 1 1 1 1 1 1 1 1 1 1 1 1 1 1 1 1 1 1 1 1 1 1 1 1 1 1 1 1 1 1 1 1 1 1 1 1 1 1 1 1 1 1 1 1 1 1 1 1 1 1 1 1 1 1 1 1 1 1 1 1 1 1 1 1 1 1 1 1 1 1 1 1 1 1 1 1 1 1 1 1 1 1 1 1 1 1 1 1 1 1 1 1 1 1 1 1 1 1 1 1 1 1 1 1 1 1 1 1 1 1 1 1 1 1 1 1 1 1 1 1 1 1 1 1 1 1 1 1 1 1 1 1 1 1 1 1 1 1 1 1 1 1 1 1 1 1 1 1 1 1 1 1 1 1 1 1 1 1 1 1 1 1 1 1 1 1 1 1 1 1 1 1 1 1 1 1 1 1 1 1 1 1 1 1 1 1 1 1 1 1 1 1 1 1 1 1 1 1 1 1 1 1 1 1 1 1 1 1 1 1 1 1 1 1 1 1 1 1 1 1 1 1 1 1 1 1 1 1 1 1 1 1 1 1 1 1 1 1 1 1 1 1 1 1 1 1 1 1 1 1 1 1 1 1 1 1 1 1 1 1 1 1 1 1 1 1 1 1 1 1 1 1 1 1 1 1 1 1 1 1 1 1 1 1 1 1 1 1 1 1 1 1 1 1 1 1 1 1 1 1 1 1 1 1 1 1 1 1 1 1 1 1 1 1 1 1 1 1 1 1 1 1 1 1 1 1 1 1 1 1 1 1 1 1 1 1 1 1 1 1 1 1 1 1 1 1 1 1 1 1 1 1 1 1 1 1 1 1 1 1 1 1 1 1 1 1 1 1 1 1 1 1 1 1 1 1 1 1 1 1 1 1 1 1 1 1 1 1 1 1 1 1 1 1 1 1 1 1 1 1 1 1 1 1 1 1 1 1 1 1 1 1 1 1 1 1 1 1 1 1 1 1 1 1 1 1 1 1 1 1 1 1 1 1 1 1 1 1 1 1 1 1 1 1 1 1 1 1 1 1 1 1 1 1 1 1 1 1 1 1 1 1 1 1 1 1 1 1 1 1 1 1 1 1 1 1 1 1 1 1 1 1 1 1 1 1 1 1 1 1 1 1 1 1 1 1 1 1 1 1 1 1 1 1 1 1 1 1 1 1 1 1 1 1 1 1 1 1 1 1 1 1 1 1 1 1 1 1 1 1 1 1 1 1 1 1 1 1 1 1 1 1 1 1 1 1 1 1 1 1 1 1 1 1 1 1 1 1 1 1 1 1 1 1 1 1 1 1 1 1 1 1 1 1 1 1 1 1 1 1 1 1 1 1 1 1 1 1 1 1 1 1 1 1 1 1 1 1 1 1 1 1 1 1 1 1 1 1 1 1 1 1 1 1 1 1 1 1 1 1 1 1 1 1 1 1 1 1 1 1 1 1 1 1 1 1 1 1 1 1 1 1 1 1 1 1 1 1 1 1 1 1 1 1 1 1 1 1 1 1 1 1 1 1 1 1 1 1 1 1 1 1 1 1 1 1 1 1 1 1 1 1 1 1 1 1 1 1 1 1 1 1 1 1 1 1 1 1 1 1 1 1 1 1 1 1 1 1 1 1 1 1 1 1 1 1 1 1 1 1 1 1 1 1 1 1 1 1 1 1 1 1 1 1 1 1 1 1 1 1 1 1 1 1 1 1 1 1 1 1 1 1 1 1 1 1 1 1 1 1 1 1 1 1 1 1 1 1 1 1 1 1 1 1 1 1 1 1 1 1 1 1 1 1 1 1 1 1 1 1 1 1 1 1 1 1 1 1 1 1 1 1 1 1 1 1 1 1 1 1 1 1 1 1 1 1 1 1 1 1 1 1 1 1 1 1 1 1 1 1 1 1 1 1 1 1 1 1 1 1 1 1 1 1 1 1 1 1 1 1 1 1 1 1 1 1 1 1 1 1 1 1 1 1 1 1 1 1 1 1 1 1 1 1 1 1 1 1 1 1 1 1 1 1 1 1 1 1 1 1 1 1 1 1 1 1 1 1 1 1 1 1 1 1 1 1 1 1 1 1 1 1 1 1 1 1 1 1 1 1 1 1 1 1 1 1 1 1 1 1 1 1 1 1 1 1 1 1 1 1 1 1 1 1 1 1 1 1 1 1 1 1 1 1 1 1 1 1 1 1 1 1 1 1 1 1 1 1 1 1 1 1 1 1 1 1 1 1 1 1 1 1 1 1 1 1 1 1 1 1 1 1 1 1 1 1 1 1 1 1 1 1 1 1 1 1 1 1 1 1 1 1 1 1 1 1 1 1 1 1 1 1 1 1 1 1 1 1 1 1 1 1 1 1 1 1 1 1 1 1 1 1 1 1 1 1 1 1 1 1 1 1 1 1 1 1 1 1 1 1 1 1 1 1 1 1 1 1 1 1 1 1 1 1 1 1 1 1 1 1 1 1 1 1 1 1 1 1 1 1 1 1 1 1 1 1 1 1 1 1 1 1 1 1 1 1 1 1 1 1 1 1 1 1 1 1 1 1 1 1 1 1 1 1 1 1 1 1 1 1 1 1 1 1 1 1 1 1 1 1 1 1 1 1 1 1 1 1 1 1 1 1 1 1 1 1 1 1 1 1 1 1 1 1 1 1 1 1 1 1 1 1 1 1 1 1 1 1 1 1 1 1 1 1 1 1 1 1 1 1 1 1 1 1 1 1 1 1 1 1 1 1 1 1 1 1 1 1 1 1 1 1 1 1 1 1 1 1 1 1 1 1 1 1 1 1 1 1 1 1 1 1 1 1 1 1 1 1 1 1 1 1 1 1 1 1 1 1 1 1 1 1 1 1 1 1 1 1 1 1 1 1 1 1 1 1 1 1 1 1 1 1 1 1 1 1 1 1 1 1 1 1 1 1 1 1 1 1 1 1 1 1 1 1 1 1 1 1 1 1 1 1 1 1 1 1 1 1 1 1 1 1 1 1 1 1 1 1 1 1 1 1 1 1 1 1 1 1 1 1 1 1 1 1 1 1 1 1 1 1 1 1 1 1 1 1 1 1 1 1 1 1 1 1 1 1 1 1 1 1 1 1 1 1 1 1 1 1 1 1 1 1 1 1 1 1 1 1 1 1 1 1 1 1 1 1 1 1 1 1 1 1 1 1 1 1 1 1 1 1 1 1 1 1 1 1 1 1 1 1 1 1 1 1 1 1 1 1 1 1 1 1 1 1 1 1 1 1 1 1 1 1 1 1 1 1 1 1 1 1 1 1 1 1 1 1 1 1 1 1 1 1 1 1 1 1 1 1 1 1 1 1 1 1 1 1 1 1 1 1 1 1 1 1 1 1 1 1 1 1 1 1 1 1 1 1 1 1 1 1 1 1 1 1 1 1 1 1 1 1 1 1 1 1 1 1 1 1 1 1 1 1 1 1 1 1 1 1 1 1 1 1 1 1 1 1 1 1 1 1 1 1 1 1 1 1 1 1 1 1 1 1 1 1 1 1 1 1 1 1 1 1 1 1 1 1 1 1 1 1 1 1 1 1 1 1 1 1 1 1 1 1 1 1 1 1 1 1 1 1 1 1 1 1 1 1 1 1 1 1 1 1 1 1 1 1 1 1 1 1 1 1 1 1 1 1 1 1 1 1 1 1 1 1 1 1 1 1 1 1 1 1 1 1 1 1 1 1 1 1 1 1 1 1 1 1 1 1 1 1 1 1 1 1 1 1 1 1 1 1 1 1 1 1 1 1 1 1 1 1 1 1 1 1 1 1 1 1 1 1 1 1 1 1 1 1 1 1 1 1 1 1 1 1 1 1 1 1 1 1 1 1 1 1 1 1 1 1 1 1 1 1 1 1 1 1 1 1 1 1 1 1 1 1 1 1 1 1 1 1 1 1 1 1 1 1 1 1 1 1 1 1 1 1 1 1 1 1 1 1 1 1 1 1 1 1 1 1 1 1 1 1 1 1 1 1 1 1 1 1 1 1 1 1 1 1 1 1 1 1 1 1 1 1 1 1 1 1 1 1 1 1 1 1 1 1 1 1 1 1 1 1 1 1 1 1 1 1 1 1 1 1 1 1 1 1 1 1 1 1 1 1 1 1 1 1 1 1 1 1 1 1 1 1 1 1 1 1 1 1 1 1 1 1 1 1 1 1 1 1 1 1 1 1 1 1 1 1 1 1 1 1 1 1 1 1 1 1 1 1 1 1 1 1 1 1 1 1 1 1 1 1 1 1 1 1 1 1 1 1 1 1 1 1 1 1 1 1 1 1 1 1 1 1 1 1 1 1 1 1 1 1 1 1 1 1 1 1 1 1 1 1 1 1 1 1 1 1 1 1 1 1 1 1 1 1 1 1 1 1 1 1 1 1 1 1 1 1 1 1 1 1 1 1 1 1 1 1 1 1 1 1 1 1 1 1 1 1 1 1 1 1 1 1 1 1 1 1 1 1 1 1 1 1 1 1 1 1 1 1 1 1 1 1 1 1 1 1 1 1 1 1 1 1 1 1 1 1 1 1 1 1 1 1 1 1 1 1 1 1 1 1 1 1 1 1 1 1 1 1 1 1 1 1 1 1 1 1 1 1 1 1 1 1 1 1 1 1 1 1 1 1 1 1 1 1 1 1 1 1 1 1 1 1 1 1 1 1 1 1 1 1 1 1 1 1 1 1 1 1 1 1 1 1 1 1 1 1 1 1 1 1 1 1 1 1 1 1 1 1 1 1 1 1 1 1 1 1 1 1 1 1 1 1 1 1 1 1 1 1 1 1 1 1 1 1 1 1 1 1 1 1 1 1 1 1 1 1 1 1 1 1 1 1 1 1 1 1 1 1 1 1 1 1 1 1 1 1 1 1 1 1 1 1 1 1 1 1 1 1 1 1 1 1 1 1 1 1 1 1 1 1 1 1 1 1 1 1 1 1 1 1 1 1 1 1 1 1 1 1 1 1 1 1 1 1 1 1 1 1 1 1 1 1 1 1 1 1 1 1 1 1 1 1 1 1 1 1 1 1 1 1 1 1 1 1 1 1 1 1 1 1 1 1 1 1 1 1 1 1 1 1 1 1 1 1 1 1 1 1 1 1 1 1 1 1 1 1 1 1 1 1 1 1 1 1 1 1 1 1 1 1 1 1 1 1 1 1 1 1 1 1 1 1 1 1 1 1 1 1 1 1 1 1 1 1 1 1 1 1 1 1 1 1 1 1 1 1 1 1 1 1 1 1 1 1 1 1 1 1 1 1 1 1 1 1 1 1 1 1 1 1 1 1 1 1 1 1 1 1 1 1 1 1 1 1 1 1 1 1 1 1 1 1 1 1 1 1 1 1 1 1 1 1 1 1 1 1 1 1 1 1 1 1 1 1 1 1 1 1 1 1 1 1 1 1 1 1 1 1 1 1 1 1 1 1 1 1 1 1 1 1 1 1 1 1 1 1 1 1 1 1 1 1 1 1 1 1 1 1 1 1 1 1 1 1 1 1 1 1 1 1 1 1 1 1 1 1 1 1 1 1 1 1 1 1 1 1 1 1 1 1 1 1 1 1 1 1 1 1 1 1 1 1 1 1 1 1 1 1 1 1 1 1 1 1 1 1 1 1 1 1 1 1 1 1 1 1 1 1 1 1 1 1 1 1 1 1 1 1 1 1 1 1 1 1 1 1 1 1 1 1 1 1 1 1 1 1 1 1 1 1 1 1 1 1 1 1 1 1 1 1 1 1 1 1 1 1 1 1 1 1 1 1 1 1 1 1 1 1 1 1 1 1 1 1 1 1 1 1 1 1 1 1 1 1 1 1 1 1 1 1 1 1 1 1 1 1 1 1 1 1 1 1 1 1 1 1 1 1 1 1 1 1 1 1 1 1 1 1 1 1 1 1 1 1 1 1 1 1 1 1 1 1 1 1 1 1 1 1 1 1 1 1 1 1 1 1 1 1 1 1 1 1 1 1 1 1 1 1 1 1 1 1 1 1 1 1 1 1 1 1 1 1 1 1 1 1 1 1 1 1 1 1 1 1 1 1 1 1 1 1 1 1 1 1 1 1 1 1 1 1 1 1 1 1 1 1 1 1 1 1 1 1 1 1 1 1 1 1 1 1 1 1 1 1 1 1 1 1 1 1 1 1 1 1 1 1 1 1 1 1 1 1 1 1 1 1 1 1 1 1 1 1 1 1 1 1 1 1 1 1 1 1 1 1 1 1 1 1 1 1 1 1 1 1 1 1 1 1 1 1 1 1 1 1 1 1 1 1 1 1 1 1 1 1 1 1 1 1 1 1 1 1 1 1 1 1 1 1 1 1 1 1 1 1 1 1 1 1 1 1 1 1 1 1 1 1 1 1 1 1 1 1 1 1 1 1 1 1 1 1 1 1 1 1 1 1 1 1 1 1 1 1 1 1 1 1 1 1 1 1 1 1 1 1 1 1 1 1 1 1 1 1 1 1 1 1 1 1 1 1 1 1 1 1 1 1 1 1 1 1 1 1 1 1 1 1 1 1 1 1 1 1 1 1 1 1 1 1 1 1 1 1 1 1 1 1 1 1 1 1 1 1 1 1 1 1 1 1 1 1 1 1 1 1 1 1 1 1 1 1 1 1 1 1 1 1 1 1 1 1 1 1 1 1 1 1 1 1 1 1 1 1 1 1 1 1 1 1 1 1 1 1 1 1 1 1 1 1 1 1 1 1 1 1 1 1 1 1 1 1 1 1 1 1 1 1 1 1 1 1 1 1 1 1 1 1 1 1 1 1 1 1 1 1 1 1 1 1 1 1 1 1 1 1 1 1 1 1 1 1 1 1 1 1 1 1 1 1 1 1 1 1 1 1 1 1 1 1 1 1 1 1 1 1 1 1 1 1 1 1 1 1 1 1 1 1 1 1 1 1 1 1 1 1 1 1 1 1 1 1 1 1 1 1 1 1 1 1 1 1 1 1 1 1 1 1 1 1 1 1 1 1 1 1 1 1 1 1 1 1 1 1 1 1 1 1 1 1 1 1 1 1 1 1 1 1 1 1 1 1 1 1 1 1 1 1 1 1 1 1 1 1 1 1 1 1 1 1 1 1 1 1 1 1 1 1 1 1 1 1 1 1 1 1 1 1 1 1 1 1 1 1 1 1 1 1 1 1 1 1 1 1 1 1 1 1 1 1 1 1 1 1 1 1 1 1 1 1 1 1 1 1 1 1 1 1 1 1 1 1 1 1 1 1 1 1 1 1 1 1 1 1 1 1 1 1 1 1 1 1 1 1 1 1 1 1 1 1 1 1 1 1 1 1 1 1 1 1 1 1 1 1 1 1 1 1 1 1 1 1 1 1 1 1 1 1 1 1 1 1 1 1 1 1 1 1 1 1 1 1 1 1 1 1 1 1 1 1 1 1 1 1 1 1 1 1 1 1 1 1 1 1 1 1 1 1 1 1 1 1 1 1 1 1 1 1 1 1 1 1 1 1 1 1 1 1 1 1 1 1 1 1 1 1 1 1 1 1 1 1 1 1 1 1 1 1 1 1 1 1 1 1 1 1 1 1 1 1 1 1 1 1 1 1 1 1 1 1 1 1 1 1 1 1 1 1 1 1 1 1 1 1 1 1 1 1 1 1 1 1 1 1 1 1 1 1 1 1 1 1 1 1 1 1 1 1 1 1 1 1 1 1 1 1 1 1 1 1 1 1 1 1 1 1 1 1 1 1 1 1 1 1 1 1 1 1 1 1 1 1 1 1 1 1 1 1 1 1 1 1 1 1 1 1 1 1 1 1 1 1 1 1 1 1 1 1 1 1 1 1 1 1 1 1 1 1 1 1 1 1 1 1 1 1 1 1 1 1 1 1 1 1 1 1 1 1 1 1 1 1 1 1 1 1 1 1 1 1 1 1 1 1 1 1 1 1 1 1 1 1 1 1 1 1 1 1 1 1 1 1 1 1 1 1 1 1 1 1 1 1 1 1 1 1 1 1 1 1 1 1 1 1 1 1 1 1 1 1 1 1 1 1 1 1 1 1 1 1 1 1 1 1 1 1 1 1 1 1 1 1 1 1 1 1 1 1 1 1 1 1 1 1 1 1 1 1 1 1 1 1 1 1 1 1 1 1 1 1 1 1 1 1 1 1 1 1 1 1 1 1 1 1 1 1 1 1 1 1 1 1 1 1 1 1 1 1 1 1 1 1 1 1 1 1 1 1 1 1 1 1 1 1 1 1 1 1 1 1 1 1 1 1 1 1 1 1 1 1 1 1 1 1 1 1 1 1 1 1 1 1 1 1 1 1 1 1 1 1 1 1 1 1 1 1 1 1 1 1 1 1 1 1 1 1 1 1 1 1 1 1 1 1 1 1 1 1 1 1 1 1 1 1 1 1 1 1 1 1 1 1 1 1 1 1 1 1 1 1 1 1 1 1 1 1 1 1 1 1 1 1 1 1 1 1 1 1 1 1 1 1 1 1 1 1 1 1 1 1 1 1 1 1 1 1 1 1 1 1 1 1 1 1 1 1 1 1 1 1 1 1 1 1 1 1 1 1 1 1 1 1 1 1 1 1 1 1 1 1 1 1 1 1 1 1 1 1 1 1 1 1 1 1 1 1 1 1 1 1 1 1 1 1 1 1 1 1 1 1 1 1 1 1 1 1 1 1 1 1 1 1 1 1 1 1 1 1 1 1 1 1 1 1 1 1 1 1 1 1 1 1 1 1 1 1 1 1 1 1 1 1 1 1 1 1 1 1 1 1 1 1 1 1 1 1 1 1 1 1 1 1 1 1 1 1 1 1 1 1 1 1 1 1 1 1 1 1 1 1 1 1 1 1 1 1 1 1 1 1 1 1 1 1 1 1 1 1 1 1 1 1 1 1 1 1 1 1 1 1 1 1 1 1 1 1 1 1 1 1 1 1 1 1 1 1 1 1 1 1 1 1 1 1 1 1 1 1 1 1 1 1 1 1 1 1 1 1 1 1 1 1 1 1 1 1 1 1 1 1 1 1 1 1 1 1 1 1 1 1 1 1 1 1 1 1 1 1 1 1 1 1 1 1 1 1 1 1 1 1 1 1 1 1 1 1 1 1 1 1 1 1 1 1 1 1 1 1 1 1 1 1 1 1 1 1 1 1 1 1 1 1 1 1 1 1 1 1 1 1 1 1 1 1 1 1 1 1 1 1 1 1 1 1 1 1 1 1 1 1 1 1 1 1 1 1 1 1 1 1 1 1 1 1 1 1 1 1 1 1 1 1 1 1 1 1 1 1 1 1 1 1 1 1 1 1 1 1 1 1 1 1 1 1 1 1 1 1 1 1 1 1 1 1 1 1 1 1 1 1 1 1 1 1 1 1 1 1 1 1 1 1 1 1 1 1 1 1 1 1 1 1 1 1 1 1 1 1 1 1 1 1 1 1 1 1 1 1 1 1 1 1 1 1 1 1 1 1 1 1 1 1 1 1 1 1 1 1 1 1 1 1 1 1 1 1 1 1 1 1 1 1 1 1 1 1 1 1 1 1 1 1 1 1 1 1 1 1 1 1 1 1 1 1 1 1 1 1 1 1 1 1 1 1 1 1 1 1 1 1 1 1 1 1 1 1 1 1 1 1 1 1 1 1 1 1 1 1 1 1 1 1 1 1 1 1 1 1 1 1 1 1 1 1 1 1 1 1 1 1 1 1 1 1 1 1 1 1 1 1 1 1 1 1 1 1 1 1 1 1 1 1 1 1 1 1 1 1 1 1 1 1 1 1 1 1 1 1 1 1 1 1 1 1 1 1 1 1 1 1 1 1 1 1 1 1 1 1 1 1 1 1 1 1 1 1 1 1 1 1 1 1 1 1 1 1 1 1 1 1 1 1 1 1 1 1 1 1 1 1 1 1 1 1 1 1 1 1 1 1 1 1 1 1 1 1 1 1 1 1 1 1 1 1 1 1 1 1 1 1 1 1 1 1 1 1 1 1 1 1 1 1 1 1 1 1 1 1 1 1 1 1 1 1 1 1 1 1 1 1 1 1 1 1 1 1 1 1 1 1 1 1 1 1 1 1 1 1 1 1 1 1 1 1 1 1 1 1 1 1 1 1 1 1 1 1 1 1 1 1 1 1 1 1 1 1 1 1 1 1 1 1 1 1 1 1 1 1 1 1 1 1 1 1 1 1 1 1 1 1 1 1 1 1 1 1 1 1 1 1 1 1 1 1 1 1 1 1 1 1 1 1 1 1 1 1 1 1 1 1 1 1 1 1 1 1 1 1 1 1 1 1 1 1 1 1 1 1 1 1 1 1 1 1 1 1 1 1 1 1 1 1 1 1 1 1 1 1 1 1 1 1 1 1 1 1 1 1 1 1 1 1 1 1 1 1 1 1 1 1 1 1 1 1 1 1 1 1 1 1 1 1 1 1 1 1 1 1 1 1 1 1 1 1 1 1 1 1 1 1 1 1 1 1 1 1 1 1 1 1 1 1 1 1 1 1 1 1 1 1 1 1 1 1 1 1 1 1 1 1 1 1 1 1 1 1 1 1 1 1 1 1 1 1 1 1 1 1 1 1 1 1 1 1 1 1 1 1 1 1 1 1 1 1 1 1 1 1 1 1 1 1 1 1 1 1 1 1 1 1 1 1 1 1 1 1 1 1 1 1 1 1 1 1 1 1 1 1 1 1 1 1 1 1 1 1 1 1 1 1 1 1 1 1 1 1 1 1 1 1 1 1 1 1 1 1 1 1 1 1 1 1 1 1 1 1 1 1 1 1 1 1 1 1 1 1 1 1 1 1 1 1 1 1 1 1 1 1 1 1 1 1 1 1 1 1 1 1 1 1 1 1 1 1 1 1 1 1 1 1 1 1 1 1 1 1 1 1 1 1 1 1 1 1 1 1 1 1 1 1 1 1 1 1 1 1 1 1 1 1 1 1 1 1 1 1 1 1 1 1 1 1 1 1 1 1 1 1 1 1 1 1 1 1 1 1 1 1 1 1 1 1 1 1 1 1 1 1 1 1 1 1 1 1 1 1 1 1 1 1 1 1 1 1 1 1 1 1 1 1 1 1 1 1 1 1 1 1 1 1 1 1 1 1 1 1 1 1 1 1 1 1 1 1 1 1 1 1 1 1 1 1 1 1 1 1 1 1 1 1 1 1 1 1 1 1 1 1 1 1 1 1 1 1 1 1 1 1 1 1 1 1 1 1 1 1 1 1 1 1 1 1 1 1 1 1 1 1 1 1 1 1 1 1 1 1 1 1 1 1 1 1 1 1 1 1 1 1 1 1 1 1 1 1 1 1 1 1 1 1 1 1 1 1 1 1 1 1 1 1 1 1 1 1 1 1 1 1 1 1 1 1 1 1 1 1 1 1 1 1 1 1 1 1 1 1 1 1 1 1 1 1 1 1 1 1 1 1 1 1 1 1 1 1 1 1 1 1 1 1 1 1 1 1 1 1 1 1 1 1 1 1 1 1 1 1 1 1 1 1 1 1 1 1 1 1 1 1 1 1 1 1 1 1 1 1 1 1 1 1 1 1 1 1 1 1 1 1 1 1 1 1 1 1 1 1 1 1 1 1 1 1 1 1 1 1 1 1 1 1 1 1 1 1 1 1 1 1 1 1 1 1 1 1 1 1 1 1 1 1 1 1 1 1 1 1 1 1 1 1 1 1 1 1 1 1 1 1 1 1 1 1 1 1 1 1 1 1 1 1 1 1 1 1 1 1 1 1 1 1 1 1 1 1 1 1 1 1 1 1 1 1 1 1 1 1 1 1 1 1 1 1 1 1 1 1 1 1 1 1 1 1 1 1 1 1 1 1 1 1 1 1 1 1 1 1 1 1 1 1 1 1 1 1 1 1 1 1 1 1 1 1 1 1 1 1 1 1 1 1 1 1 1 1 1 1 1 1 1 1 1 1 1 1 1 1 1 1 1 1 1 1 1 1 1 1 1 1 1 1 1 1 1 1 1 1 1 1 1 1 1 1 1 1 1 1 1 1 1 1 1 1 1 1 1 1 1 1 1 1 1 1 1 1 1 1 1 1 1 1 1 1 1 1 1 1 1 1 1 1 1 1 1 1 1 1 1 1 1 1 1 1 1 1 1 1 1 1 1 1 1 1 1 1 1 1 1 1 1 1 1 1 1 1 1 1 1 1 1 1 1 1 1 1 1 1 1 1 1 1 1 1 1 1 1 1 1 1 1 1 1 1 1 1 1 1 1 1 1 1 1 1 1 1 1 1 1 1 1 1 1 1 1 1 1 1 1 1 1 1 1 1 1 1 1 1 1 1 1 1 1 1 1 1 1 1 1 1 1 1 1 1 1 1 1 1 1 1 1 1 1 1 1 1 1 1 1 1 1 1 1 1 1 1 1 1 1 1 1 1 1 1 1 1 1 1 1 1 1 1 1 1 1 1 1 1 1 1 1 1 1 1 1 1 1 1 1 1 1 1 1 1 1 1 1 1 1 1 1 1 1 1 1 1 1 1 1 1 1 1 1 1 1 1 1 1 1 1 1 1 1 1 1 1 1 1 1 1 1 1 1 1 1 1 1 1 1 1 1 1 1 1 1 1 1 1 1 1 1 1 1 1 1 1 1 1 1 1 1 1 1 1 1 1 1 1 1 1 1 1 1 1 1 1 1 1 1 1 1 1 1 1 1 1 1 1 1 1 1 1 1 1 1 1 1 1 1 1 1 1 1 1 1 1 1 1 1 1 1 1 1 1 1 1 1 1 1 1 1 1 1 1 1 1 1 1 1 1 1 1 1 1 1 1 1 1 1 1 1 1 1 1 1 1 1 1 1 1 1 1 1 1 1 1 1 1 1 1 1 1 1 1 1 1 1 1 1 1 1 1 1 1 1 1 1 1 1 1 1 1 1 1 1 1 1 1 1 1 1 1 1 1 1 1 1 1 1 1 1 1 1 1 1 1 1 1 1 1 1 1 1 1 1 1 1 1 1 1 1 1 1 1 1 1 1 1 1 1 1 1 1 1 1 1 1 1 1 1 1 1 1 1 1 1 1 1 1 1 1 1 1 1 1 1 1 1 1 1 1 1 1 1 1 1 1 1 1 1 1 1 1 1 1 1 1 1 1 1 1 1 1 1 1 1 1 1 1 1 1 1 1 1 1 1 1 1 1 1 1 1 1 1 1 1 1 1 1 1 1 1 1 1 1 1 1 1 1 1 1 1 1 1 1 1 1 1 1 1 1 1 1 1 1 1 1 1 1 1 1 1 1 1 1 1 1 1 1 1 1 1 1 1 1 1 1 1 1 1 1 1 1 1 1 1 1 1 1 1 1 1 1 1 1 1 1 1 1 1 1 1 1 1 1 1 1 1 1 1 1 1 1 1 1 1 1 1 1 1 1 1 1 1 1 1 1 1 1 1 1 1 1 1 1 1 1 1 1 1 1 1 1 1 1 1 1 1 1 1 1 1 1 1 1 1 1 1 1 1 1 1 1 1 1 1 1 1 1 1 1 1 1 1 1 1 1 1 1 1 1 1 1 1 1 1 1 1 1 1 1 1 1 1 1 1 1 1 1 1 1 1 1 1 1 1 1 1 1 1 1 1 1 1 1 1 1 1 1 1 1 1 1 1 1 1 1 1 1 1 1 1 1 1 1 1 1 1 1 1 1 1 1 1 1 1 1 1 1 1 1 1 1 1 1 1 1 1 1 1 1 1 1 1 1 1 1 1 1 1 1 1 1 1 1 1 1 1 1 1 1 1 1 1 1 1 1 1 1 1 1 1 1 1 1 1 1 1 1 1 1 1 1 1 1 1 1 1 1 1 1 1 1 1 1 1 1 1 1 1 1 1 1 1 1 1 1 1 1 1 1 1 1 1 1 1 1 1 1 1 1 1 1 1 1 1 1 1 1 1 1 1 1 1 1 1 1 1 1 1 1 1 1 1 1 1 1 1 1 1 1 1 1 1 1 1 1 1 1 1 1 1 1 1 1 1 1 1 1 1 1 1 1 1 1 1 1 1 1 1 1 1 1 1 1 1 1 1 1 1 1 1 1 1 1 1 1 1 1 1 1 1 1 1 1 1 1 1 1 1 1 1 1 1 1 1 1 1 1 1 1 1 1 1 1 1 1 1 1 1 1 1 1 1 1 1 1 1 1 1 1 1 1 1 1 1 1 1 1 1 1 1 1 1 1 1 1 1 1 1 1 1 1 1 1 1 1 1 1 1 1 1 1 1 1 1 1 1 1 1 1 1 1 1 1 1 1 1 1 1 1 1 1 1 1 1 1 1 1 1 1 1 1 1 1 1 1 1 1 1 1 1 1 1 1 1 1 1 1 1 1 1 1 1 1 1 1 1 1 1 1 1 1 1 1 1 1 1 1 1 1 1 1 1 1 1 1 1 1 1 1 1 1 1 1 1 1 1 1 1 1 1 1 1 1 1 1 1 1 1 1 1 1 1 1 1 1 1 1 1 1 1 1 1 1 1 1 1 1 1 1 1 1 1 1 1 1 1 1 1 1 1 1 1 1 1 1 1 1 1 1 1 1 1 1 1 1 1 1 1 1 1 1 1 1 1 1 1 1 1 1 1 1 1 1 1 1 1 1 1 1 1 1 1 1 1 1 1 1 1 1 1 1 1 1 1 1 1 1 1 1 1 1 1 1 1 1 1 1 1 1 1 1 1 1 1 1 1 1 1 1 1 1 1 1 1 1 1 1 1 1 1 1 1 1 1 1 1 1 1 1 1 1 1 1 1 1 1 1 1 1 1 1 1 1 1 1 1 1 1 1 1 1 1 1 1 1 1 1 1 1 1 1 1 1 1 1 1 1 1 1 1 1 1 1 1 1 1 1 1 1 1 1 1 1 1 1 1 1 1 1 1 1 1 1 1 1 1 1 1 1 1 1 1 1 1 1 1 1 1 1 1 1 1 1 1 1 1 1 1 1 1 1 1 1 1 1 1 1 1 1 1 1 1 1 1 1 1 1 1 1 1 1 1 1 1 1 1 1 1 1 1 1 1 1 1 1 1 1 1 1 1 1 1 1 1 1 1 1 1 1 1 1 1 1 1 1 1 1 1 1 1 1 1 1 1 1 1 1 1 1 1 1 1 1 1 1 1 1 1 1 1 1 1 1 1 1 1 1 1 1 1 1 1 1 1 1 1 1 1 1 1 1 1 1 1 1 1 1 1 1 1 1 1 1 1 1 1 1 1 1 1 1 1 1 1 1 1 1 1 1 1 1 1 1 1 1 1 1 1 1 1 1 1 1 1 1 1 1 1 1 1 1 1 1 1 1 1 1 1 1 1 1 1 1 1 1 1 1 1 1 1 1 1 1 1 1 1 1 1 1 1 1 1 1 1 1 1 1 1 1 1 1 1 1 1 1 1 1 1 1 1 1 1 1 1 1 1 1 1 1 1 1 1 1 1 1 1 1 1 1 1 1 1 1 1 1 1 1 1 1 1 1 1 1 1 1 1 1 1 1 1 1 1 1 1 1 1 1 1 1 1 1 1 1 1 1 1 1 1 1 1 1 1 1 1 1 1 1 1 1 1 1 1 1 1 1 1 1 1 1 1 1 1 1 1 1 1 1 1 1 1 1 1 1 1 1 1 1 1 1 1 1 1 1 1 1 1 1 1 1 1 1 1 1 1 1 1 1 1 1 1 1 1 1 1 1 1 1 1 1 1 1 1 1 1 1 1 1 1 1 1 1 1 1 1 1 1 1 1 1 1 1 1 1 1 1 1 1 1 1 1 1 1 1 1 1 1 1 1 1 1 1 1 1 1 1 1 1 1 1 1 1 1 1 1 1 1 1 1 1 1 1 1 1 1 1 1 1 1 1 1 1 1 1 1 1 1 1 1 1 1 1 1 1 1 1 1 1 1 1 1 1 1 1 1 1 1 1 1 1 1 1 1 1 1 1 1 1 1 1 1 1 1 1 1 1 1 1 1 1 1 1 1 1 1 1 1 1 1 1 1 1 1 1 1 1 1 1 1 1 1 1 1 1 1 1 1 1 1 1 1 1 1 1 1 1 1 1 1 1 1 1 1 1 1 1 1 1 1 1 1 1 1 1 1 1 1 1 1 1 1 1 1 1 1 1 1 1 1 1 1 1 1 1 1 1 1 1 1 1 1 1 1 1 1 1 1 1 1 1 1 1 1 1 1 1 1 1 1 1 1 1 1 1 1 1 1 1 1 1 1 1 1 1 1 1 1 1 1 1 1 1 1 1 1 1 1 1 1 1 1 1 1 1 1 1 1 1 1 1 1 1 1 1 1 1 1 1 1 1 1 1 1 1 1 1 1 1 1 1 1 1 1 1 1 1 1 1 1 1 1 1 1 1 1 1 1 1 1 1 1 1 1 1 1 1 1 1 1 1 1 1 1 1 1 1 1 1 1 1 1 1 1 1 1 1 1 1 1 1 1 1 1 1 1 1 1 1 1 1 1 1 1 1 1 1 1 1 1 1 1 1 1 1 1 1 1 1 1 1 1 1 1 1 1 1 1 1 1 1 1 1 1 1 1 1 1 1 1 1 1 1 1 1 1 1 1 1 1 1 1 1 1 1 1 1 1 1 1 1 1 1 1 1 1 1 1 1 1 1 1 1 1 1 1 1 1 1 1 1 1 1 1 1 1 1 1 1 1 1 1 1 1 1 1 1 1 1 1 1 1 1 1 1 1 1 1 1 1 1 1 1 1 1 1 1 1 1 1 1 1 1 1 1 1 1 1 1 1 1 1 1 1 1 1 1 1 1 1 1 1 1 1 1 1 1 1 1 1 1 1 1 1 1 1 1 1 1 1 1 1 1 1 1 1 1 1 1 1 1 1 1 1 1 1 1 1 1 1 1 1 1 1 1 1 1 1 1 1 1 1 1 1 1 1 1 1 1 1 1 1 1 1 1 1 1 1 1 1 1 1 1 1 1 1 1 1 1 1 1 1 1 1 1 1 1 1 1 1 1 1 1 1 1 1 1 1 1 1 1 1 1 1 1 1 1 1 1 1 1 1 1 1 1 1 1 1 1 1 1 1 1 1 1 1 1 1 1 1 1 1 1 1 1 1 1 1 1 1 1 1 1 1 1 1 1 1 1 1 1 1 1 1 1 1 1 1 1 1 1 1 1 1 1 1 1 1 1 1 1 1 1 1 1 1 1 1 1 1 1 1 1 1 1 1 1 1 1 1 1 1 1 1 1 1 1 1 1 1 1 1 1 1 1 1 1 1 1 1 1 1 1 1 1 1 1 1 1 1 1 1 1 1 1 1 1 1 1 1 1 1 1 1 1 1 1 1 1 1 1 1 1 1 1 1 1 1 1 1 1 1 1 1 1 1 1 1 1 1 1 1 1 1 1 1 1 1 1 1 1 1 1 1 1 1 1 1 1 1 1 1 1 1 1 1 1 1 1 1 1 1 1 1 1 1 1 1 1 1 1 1 1 1 1 1 1 1 1 1 1 1 1 1 1 1 1 1 1 1 1 1 1 1 1 1 1 1 1 1 1 1 1 1 1 1 1 1 1 1 1 1 1 1 1 1 1 1 1 1 1 1 1 1 1 1 1 1 1 1 1 1 1 1 1 1 1 1 1 1 1 1 1 1 1 1 1 1 1 1 1 1 1 1 1 1 1 1 1 1 1 1 1 1 1 1 1 1 1 1 1 1 1 1 1 1 1 1 1 1 1 1 1 1 1 1 1 1 1 1 1 1 1 1 1 1 1 1 1 1 1 1 1 1 1 1 1 1 1 1 1 1 1 1 1 1 1 1 1 1 1 1 1 1 1 1 1 1 1 1 1 1 1 1 1 1 1 1 1 1 1 1 1 1 1 1 1 1 1 1 1 1 1 1 1 1 1 1 1 1 1 1 1 1 1 1 1 1 1 1 1 1 1 1 1 1 1 1 1 1 1 1 1 1 1 1 1 1 1 1 1 1 1 1 1 1 1 1 1 1 1 1 1 1 1 1 1 1 1 1 1 1 1 1 1 1 1 1 1 1 1 1 1 1 1 1 1 1 1 1 1 1 1 1 1 1 1 1 1 1 1 1 1 1 1 1 1 1 1 1 1 1 1 1 1 1 1 1 1 1 1 1 1 1 1 1 1 1 1 1 1 1 1 1 1 1 1 1 1 1 1 1 1 1 1 1 1 1 1 1 1 1 1 1 1 1 1 1 1 1 1 1 1 1 1 1 1 1 1 1 1 1 1 1 1 1 1 1 1 1 1 1 1 1 1 1 1 1 1 1 1 1 1 1 1 1 1 1 1 1 1 1 1 1 1 1 1 1 1 1 1 1 1 1 1 1 1 1 1 1 1 1 1 1 1 1 1 1 1 1 1 1 1 1 1 1 1 1 1 1 1 1 1 1 1 1 1 1 1 1 1 1 1 1 1 1 1 1 1 1 1 1 1 1 1 1 1 1 1 1 1 1 1 1 1 1 1 1 1 1 1 1 1 1 1 1 1 1 1 1 1 1 1 1 1 1 1 1 1 1 1 1 1 1 1 1 1 1 1 1 1 1 1 1 1 1 1 1 1 1 1 1 1 1 1 1 1 1 1 1 1 1 1 1 1 1 1 1 1 1 1 1 1 1 1 1 1 1 1 1 1 1 1 1 1 1 1 1 1 1 1 1 1 1 1 1 1 1 1 1 1 1 1 1 1 1 1 1 1 1 1 1 1 1 1 1 1 1 1 1 1 1 1 1 1 1 1 1 1 1 1 1 1 1 1 1 1 1 1 1 1 1 1 1</float_array>
          <technique_common>
            <accessor source="#ibishu_wheel_07a_14x7_flipped-mesh-colors-geom-ibishu_wheel_07a_14x7-map0-array" count="3300" stride="4">
              <param name="R" type="float"/>
              <param name="G" type="float"/>
              <param name="B" type="float"/>
              <param name="A" type="float"/>
            </accessor>
          </technique_common>
        </source>
        <vertices id="ibishu_wheel_07a_14x7_flipped-mesh-vertices">
          <input semantic="POSITION" source="#ibishu_wheel_07a_14x7_flipped-mesh-positions"/>
        </vertices>
        <triangles material="ibishu_wheel_07b-material" count="956">
          <input semantic="VERTEX" source="#ibishu_wheel_07a_14x7_flipped-mesh-vertices" offset="0"/>
          <input semantic="NORMAL" source="#ibishu_wheel_07a_14x7_flipped-mesh-normals" offset="1"/>
          <input semantic="TEXCOORD" source="#ibishu_wheel_07a_14x7_flipped-mesh-map-0" offset="2" set="0"/>
          <input semantic="COLOR" source="#ibishu_wheel_07a_14x7_flipped-mesh-colors-geom-ibishu_wheel_07a_14x7_flipped-map0" offset="3" set="0"/>
          <input semantic="COLOR" source="#ibishu_wheel_07a_14x7_flipped-mesh-colors-geom-ibishu_wheel_07a_14x7-map0" offset="3" set="1"/>
          <p>104 0 0 0 111 1 1 1 110 2 2 2 73 3 3 3 190 4 4 4 192 5 5 5 0 6 6 6 71 7 7 7 1 8 8 8 130 9 9 9 132 10 10 10 129 11 11 11 114 12 12 12 106 13 13 13 105 14 14 14 103 15 15 15 110 2 16 16 107 16 17 17 4 17 18 18 3 18 19 19 5 19 20 20 131 20 21 21 119 21 22 22 122 22 23 23 59 23 24 24 63 24 25 25 61 25 26 26 150 26 27 27 142 27 28 28 151 28 29 29 11 29 30 30 9 30 31 31 10 31 32 32 86 32 33 33 94 33 34 34 96 34 35 35 137 35 36 36 145 36 37 37 134 37 38 38 274 38 39 39 267 39 40 40 273 40 41 41 282 41 42 42 259 42 43 43 281 43 44 44 89 44 45 45 96 34 46 46 95 45 47 47 32 46 48 48 106 13 49 49 28 47 50 50 149 48 51 51 151 28 52 52 152 49 53 53 14 50 54 54 12 51 55 55 13 52 56 56 64 53 57 57 58 54 58 58 508 55 59 59 19 56 60 60 17 57 61 61 18 58 62 62 192 5 63 63 187 59 64 64 194 60 65 65 108 61 66 66 100 62 67 67 97 63 68 68 41 64 69 69 43 65 70 70 44 66 71 71 24 67 72 72 22 68 73 73 23 69 74 74 194 60 75 75 75 70 76 76 73 3 77 77 42 71 78 78 52 72 79 79 43 65 80 80 93 73 81 81 85 74 82 82 82 75 83 83 76 76 84 84 115 77 85 85 78 78 86 86 505 79 87 87 51 80 88 88 52 72 89 89 74 81 90 90 78 78 91 91 77 82 92 92 28 47 93 93 26 83 94 94 27 84 95 95 270 85 96 96 253 86 97 97 287 87 98 98 262 88 99 99 277 89 100 100 278 90 101 101 32 46 102 102 30 91 103 103 31 92 104 104 483 93 105 105 362 94 106 106 363 95 107 107 260 96 108 108 279 97 109 109 280 98 110 110 41 64 111 111 39 99 112 112 503 100 113 113 36 101 114 114 34 102 115 115 35 103 116 116 267 39 117 117 272 104 118 118 273 40 119 119 12 51 120 120 20 105 121 121 497 106 122 122 388 107 123 123 395 108 124 124 396 107 125 125 508 55 126 126 59 23 127 127 57 109 128 128 56 110 129 129 62 111 130 130 63 24 131 131 187 59 132 132 67 112 133 133 70 113 134 134 495 114 135 135 34 102 136 136 5 19 137 137 43 65 138 138 45 115 139 139 44 66 140 140 122 22 141 141 133 116 142 142 131 20 143 143 13 52 144 144 497 106 145 145 68 117 146 146 17 57 147 147 68 117 148 148 16 118 149 149 126 119 150 150 133 116 151 151 128 120 152 152 92 121 153 153 94 33 154 154 93 73 155 155 47 122 156 156 49 123 157 157 48 124 158 158 148 125 159 159 56 110 160 160 63 24 161 161 51 80 162 162 53 126 163 163 52 72 164 164 136 127 165 165 128 120 166 166 138 128 167 167 102 129 168 168 104 0 169 169 103 15 170 170 54 130 171 171 56 110 172 172 55 131 173 173 138 128 174 174 146 132 175 175 137 35 176 176 46 133 177 177 47 122 178 178 48 124 179 179 141 134 180 180 148 125 181 181 143 135 182 182 71 7 183 183 2 136 184 184 1 8 185 185 58 54 186 186 60 137 187 187 59 23 188 188 10 31 189 189 8 138 190 190 7 139 191 191 395 108 192 192 386 140 193 193 394 140 194 194 61 25 195 195 63 24 196 196 62 111 197 197 13 52 198 198 19 56 199 199 14 50 200 200 509 141 201 201 61 25 202 202 62 111 203 203 65 142 204 204 67 112 205 205 66 143 206 206 511 144 207 207 66 143 208 208 64 53 209 209 71 7 210 210 502 145 211 211 37 146 212 212 386 140 213 213 393 147 214 214 394 140 215 215 39 99 216 216 40 148 217 217 6 149 218 218 99 150 219 219 91 151 220 220 90 152 221 221 70 113 222 222 69 153 223 223 38 154 224 224 101 155 225 225 109 156 226 226 111 1 227 227 155 157 228 228 77 82 229 229 156 158 230 230 190 4 231 231 193 159 232 232 192 5 233 233 0 6 234 234 3 18 235 235 4 17 236 236 107 16 237 237 166 160 238 238 103 15 239 239 28 47 240 240 116 161 241 241 36 101 242 242 135 162 243 243 180 163 244 244 179 164 245 245 15 165 246 246 9 30 247 247 18 58 248 248 76 76 249 249 78 78 250 250 75 70 251 251 4 17 252 252 34 102 253 253 36 101 254 254 81 166 255 255 118 167 256 256 80 168 257 257 151 28 258 258 143 135 259 259 153 169 260 260 169 170 261 261 108 61 262 262 168 171 263 263 393 147 264 264 392 172 265 265 400 172 266 266 86 32 267 267 84 173 268 268 85 74 269 269 10 31 270 270 40 148 271 271 11 29 272 272 155 157 273 273 72 174 274 274 74 81 275 275 397 175 276 276 388 107 277 277 396 107 278 278 135 162 279 279 176 176 280 280 124 177 281 281 195 178 282 282 149 48 283 283 188 179 284 284 107 16 285 285 109 156 286 286 108 61 287 287 91 151 288 288 89 44 289 289 90 152 290 290 153 169 291 291 189 180 292 292 152 49 293 293 191 181 294 294 195 178 295 295 188 179 296 296 287 87 297 297 254 182 298 298 286 183 299 299 165 184 300 300 98 185 301 301 164 186 302 302 96 34 303 303 94 33 304 304 95 45 305 305 24 67 306 306 31 92 307 307 22 68 308 308 190 4 309 309 154 187 310 310 197 188 311 311 40 148 312 312 123 189 313 313 81 166 314 314 101 155 315 315 99 150 316 316 100 62 317 317 23 69 318 318 14 50 319 319 24 67 320 320 145 36 321 321 184 190 322 322 183 191 323 323 264 192 324 324 275 193 325 325 276 194 326 326 159 195 327 327 93 73 328 328 82 75 329 329 255 196 330 330 284 197 331 331 285 198 332 332 172 199 333 333 79 200 334 334 117 201 335 335 257 202 336 336 282 41 337 337 283 203 338 338 106 13 339 339 104 0 340 340 105 14 341 341 27 84 342 342 32 46 343 343 28 47 344 344 165 184 345 345 108 61 346 346 97 63 347 347 87 204 348 348 89 44 349 349 88 205 350 350 190 4 351 351 196 206 352 352 191 181 353 353 111 1 354 354 109 156 355 355 110 2 356 356 63 24 357 357 143 135 358 358 148 125 359 359 161 207 360 360 88 205 361 361 160 208 362 362 506 209 363 363 54 130 364 364 55 131 365 365 116 161 366 366 114 12 367 367 115 77 368 368 35 103 369 369 28 47 370 370 36 101 371 371 125 210 372 372 176 176 373 373 175 211 374 374 113 212 375 375 167 213 376 376 170 214 377 377 55 131 378 378 49 123 379 379 47 122 380 380 238 215 381 381 508 215 382 382 237 215 383 383 124 177 384 384 126 119 385 385 127 216 386 386 121 217 387 387 123 189 388 388 122 22 389 389 45 115 390 390 39 99 391 391 44 66 392 392 140 218 393 393 184 190 394 394 144 219 395 395 117 201 396 396 80 168 397 397 118 167 398 398 83 220 399 399 157 221 400 400 158 222 401 401 82 75 402 402 84 173 403 403 83 220 404 404 125 210 405 405 178 223 406 406 129 11 407 407 35 103 408 408 33 224 409 409 500 225 410 410 126 119 411 411 128 120 412 412 127 216 413 413 43 65 414 414 53 126 415 415 45 115 416 416 167 213 417 417 103 15 418 418 166 160 419 419 120 226 420 420 122 22 421 421 119 21 422 422 138 128 423 423 49 123 424 424 56 110 425 425 149 48 426 426 185 227 427 427 150 26 428 428 145 36 429 429 147 228 430 430 144 219 431 431 131 20 432 432 133 116 433 433 132 10 434 434 84 173 435 435 81 166 436 436 80 168 437 437 49 123 438 438 133 116 439 439 53 126 440 440 171 229 441 441 113 212 442 442 170 214 443 443 136 127 444 444 138 128 445 445 137 35 446 446 123 189 447 447 118 167 448 448 81 166 449 449 140 218 450 450 182 230 451 451 181 231 452 452 134 37 453 453 136 127 454 454 137 35 455 455 98 185 456 456 161 207 457 457 164 186 458 458 111 1 459 459 24 67 460 460 101 155 461 461 180 163 462 462 145 36 463 463 183 191 464 464 188 179 465 465 152 49 466 466 189 180 467 467 141 134 468 468 143 135 469 469 142 27 470 470 11 29 471 471 18 58 472 472 9 30 473 473 171 229 474 474 77 82 475 475 112 232 476 476 61 25 477 477 57 109 478 478 59 23 479 479 18 58 480 480 16 118 481 481 15 165 482 482 120 226 483 483 172 199 484 484 117 201 485 485 141 134 486 486 144 219 487 487 147 228 488 488 146 132 489 489 148 125 490 490 147 228 491 491 162 233 492 492 92 121 493 493 93 73 494 494 390 234 495 495 397 175 496 496 398 234 497 497 151 28 498 498 153 169 499 499 152 49 500 500 66 143 501 501 60 137 502 502 58 54 503 503 163 235 504 504 88 205 505 505 92 121 506 506 125 210 507 507 132 10 508 508 126 119 509 509 192 5 510 510 194 60 511 511 73 3 512 512 130 9 513 513 178 223 514 514 177 236 515 515 381 237 516 516 377 237 517 517 383 237 518 518 277 89 519 519 264 192 520 520 276 194 521 521 82 75 522 522 158 222 523 523 159 195 524 524 67 112 525 525 69 153 526 526 70 113 527 527 119 21 528 528 173 238 529 529 120 226 530 530 115 77 531 531 77 82 532 532 78 78 533 533 70 113 534 534 71 7 535 535 0 6 536 536 189 180 537 537 187 59 538 538 193 159 539 539 119 21 540 540 177 236 541 541 174 239 542 542 19 56 543 543 91 151 544 544 14 50 545 545 177 236 546 546 218 240 547 547 174 239 548 548 179 164 549 549 220 241 550 550 176 176 551 551 202 242 552 552 159 195 553 553 158 222 554 554 222 243 555 555 177 236 556 556 178 223 557 557 180 163 558 558 223 244 559 559 179 164 560 560 166 160 561 561 211 245 562 562 167 213 563 563 175 211 564 564 222 243 565 565 178 223 566 566 196 206 567 567 231 246 568 568 195 178 569 569 156 158 570 570 199 247 571 571 155 157 572 572 233 248 573 573 196 206 574 574 197 188 575 575 185 227 576 576 226 249 577 577 182 230 578 578 203 250 579 579 162 233 580 580 159 195 581 581 215 251 582 582 156 158 583 583 171 229 584 584 231 246 585 585 186 252 586 586 195 178 587 587 216 253 588 588 157 221 589 589 172 199 590 590 169 170 591 591 210 254 592 592 166 160 593 593 168 171 594 594 213 255 595 595 169 170 596 596 220 241 597 597 175 211 598 598 176 176 599 599 211 245 600 600 170 214 601 601 167 213 602 602 207 256 603 603 160 208 604 604 163 235 605 605 170 214 606 606 215 251 607 607 171 229 608 608 228 257 609 609 183 191 610 610 184 190 611 611 161 207 612 612 208 258 613 613 164 186 614 614 225 259 615 615 184 190 616 616 181 231 617 617 226 249 618 618 181 231 619 619 182 230 620 620 199 247 621 621 154 187 622 622 155 157 623 623 230 260 624 624 185 227 625 625 186 252 626 626 162 233 627 627 207 256 628 628 163 235 629 629 183 191 630 630 224 261 631 631 180 163 632 632 154 187 633 633 233 248 634 634 197 188 635 635 246 262 636 636 351 263 637 637 349 264 638 638 173 238 639 639 216 253 640 640 172 199 641 641 164 186 642 642 209 265 643 643 165 184 644 644 174 239 645 645 217 266 646 646 173 238 647 647 201 267 648 648 158 222 649 649 157 221 650 650 160 208 651 651 205 268 652 652 161 207 653 653 97 63 654 654 99 150 655 655 98 185 656 656 135 162 657 657 127 216 658 658 136 127 659 659 269 269 660 660 270 85 661 661 271 270 662 662 105 14 663 663 113 212 664 664 114 12 665 665 30 91 666 666 498 271 667 667 499 272 668 668 26 83 669 669 500 225 670 670 25 273 671 671 55 131 672 672 504 274 673 673 506 209 674 674 254 182 675 675 285 198 676 676 286 183 677 677 261 275 678 678 278 90 679 679 279 97 680 680 27 84 681 681 25 273 682 682 498 271 683 683 40 148 684 684 86 32 685 685 11 29 686 686 70 113 687 687 194 60 688 688 187 59 689 689 139 276 690 690 141 134 691 691 142 27 692 692 133 116 693 693 45 115 694 694 53 126 695 695 495 114 696 696 3 18 697 697 494 277 698 698 120 226 699 699 118 167 700 700 121 217 701 701 92 121 702 702 89 44 703 703 95 45 704 704 6 149 705 705 7 139 706 706 496 278 707 707 507 279 708 708 62 111 709 709 54 130 710 710 87 204 711 711 99 150 712 712 90 152 713 713 153 169 714 714 60 137 715 715 67 112 716 716 31 92 717 717 499 272 718 718 29 280 719 719 96 34 720 720 11 29 721 721 86 32 722 722 51 80 723 723 46 133 724 724 48 124 725 725 29 280 726 726 22 68 727 727 31 92 728 728 150 26 729 729 182 230 730 730 139 276 731 731 235 281 732 732 492 281 733 733 502 281 734 734 502 282 735 735 501 282 736 736 235 282 737 737 319 283 738 738 240 284 739 739 235 285 740 740 509 286 741 741 507 286 742 742 423 286 743 743 57 287 744 744 248 287 745 745 236 287 746 746 237 288 747 747 57 288 748 748 236 288 749 749 452 289 750 750 313 290 751 751 451 291 752 752 511 292 753 753 239 292 754 754 235 292 755 755 235 293 756 756 501 293 757 757 511 293 758 758 494 294 759 759 476 294 760 760 477 294 761 761 239 295 762 762 64 295 763 763 238 295 764 764 411 296 765 765 406 297 766 766 412 298 767 767 293 299 768 768 459 300 769 769 460 301 770 770 238 302 771 771 327 303 772 772 239 304 773 773 239 304 774 774 327 303 775 775 319 283 776 776 319 283 777 777 235 285 778 778 239 304 779 779 341 305 780 780 464 306 781 781 463 307 782 782 240 284 783 783 355 308 784 784 354 309 785 785 312 310 786 786 357 311 787 787 446 312 788 788 484 313 789 789 363 95 790 790 305 314 791 791 361 315 792 792 428 316 793 793 289 317 794 794 259 318 795 795 447 318 796 796 446 318 797 797 486 319 798 798 306 320 799 799 485 321 800 800 366 322 801 801 452 289 802 802 367 323 803 803 454 324 804 804 366 322 805 805 367 323 806 806 434 325 807 807 432 326 808 808 358 327 809 809 457 328 810 810 455 329 811 811 368 330 812 812 478 331 813 813 493 332 814 814 310 333 815 815 2 334 816 816 493 334 817 817 476 334 818 818 422 335 819 819 504 335 820 820 420 335 821 821 435 336 822 822 42 336 823 823 433 336 824 824 507 337 825 825 506 337 826 826 422 337 827 827 422 338 828 828 423 338 829 829 507 338 830 830 48 124 831 831 53 126 832 832 51 80 833 833 315 339 834 834 316 339 835 835 299 339 836 836 7 340 837 837 8 340 838 838 436 340 839 839 436 341 840 840 437 341 841 841 7 341 842 842 7 342 843 843 437 342 844 844 439 342 845 845 439 343 846 846 496 343 847 847 7 343 848 848 503 344 849 849 496 344 850 850 439 344 851 851 439 345 852 852 441 345 853 853 503 345 854 854 15 346 855 855 16 346 856 856 455 346 857 857 455 347 858 858 456 347 859 859 15 347 860 860 15 348 861 861 456 348 862 862 436 348 863 863 436 349 864 864 8 349 865 865 15 349 866 866 29 350 867 867 458 350 868 868 459 350 869 869 459 351 870 870 21 351 871 871 29 351 872 872 20 352 873 873 21 352 874 874 459 352 875 875 459 353 876 876 461 353 877 877 20 353 878 878 20 354 879 879 461 354 880 880 462 354 881 881 462 355 882 882 497 355 883 883 20 355 884 884 499 356 885 885 498 356 886 886 474 356 887 887 474 357 888 888 475 357 889 889 499 357 890 890 29 358 891 891 499 358 892 892 475 358 893 893 475 359 894 894 458 359 895 895 29 359 896 896 315 360 897 897 25 360 898 898 317 360 899 899 350 361 900 900 262 361 901 901 289 361 902 902 266 362 903 903 249 362 904 904 356 362 905 905 500 363 906 906 33 363 907 907 481 363 908 908 481 364 909 909 317 364 910 910 500 364 911 911 492 365 912 912 493 365 913 913 37 365 914 914 37 366 915 915 502 366 916 916 492 366 917 917 420 367 918 918 46 367 919 919 419 367 920 920 251 368 921 921 270 368 922 922 287 368 923 923 251 369 924 924 287 369 925 925 286 369 926 926 251 370 927 927 280 370 928 928 279 370 929 929 251 371 930 930 281 371 931 931 280 371 932 932 251 372 933 933 282 372 934 934 281 372 935 935 251 373 936 936 283 373 937 937 282 373 938 938 251 374 939 939 284 374 940 940 283 374 941 941 251 375 942 942 285 375 943 943 284 375 944 944 251 376 945 945 286 376 946 946 285 376 947 947 251 377 948 948 271 377 949 949 270 377 950 950 251 378 951 951 272 378 952 952 271 378 953 953 251 379 954 954 279 379 955 955 278 379 956 956 251 380 957 957 278 380 958 958 277 380 959 959 251 381 960 960 277 381 961 961 276 381 962 962 251 382 963 963 276 382 964 964 275 382 965 965 251 383 966 966 275 383 967 967 274 383 968 968 251 384 969 969 274 384 970 970 273 384 971 971 251 385 972 972 273 385 973 973 272 385 974 974 76 76 975 975 36 101 976 976 116 161 977 977 14 50 978 978 101 155 979 979 24 67 980 980 265 386 981 981 274 38 982 982 275 193 983 983 191 181 984 984 189 180 985 985 193 159 986 986 272 104 987 987 269 269 988 988 271 270 989 989 281 43 990 990 260 96 991 991 280 98 992 992 115 77 993 993 113 212 994 994 112 232 995 995 4 17 996 996 194 60 997 997 0 6 998 998 284 197 999 999 257 202 1000 1000 283 203 1001 1001 74 81 1002 1002 73 3 1003 1003 75 70 1004 1004 449 387 1005 1005 258 387 1006 1006 257 387 1007 1007 240 284 1008 1008 354 309 1009 1009 241 388 1010 1010 443 389 1011 1011 311 389 1012 1012 432 389 1013 1013 288 390 1014 1014 245 390 1015 1015 246 390 1016 1016 246 391 1017 1017 427 391 1018 1018 288 391 1019 1019 288 392 1020 1020 243 392 1021 1021 244 392 1022 1022 245 393 1023 1023 288 393 1024 1024 244 393 1025 1025 425 394 1026 1026 247 394 1027 1027 234 394 1028 1028 464 395 1029 1029 366 395 1030 1030 453 395 1031 1031 235 396 1032 1032 240 396 1033 1033 308 396 1034 1034 308 397 1035 1035 492 397 1036 1036 235 397 1037 1037 241 398 1038 1038 250 398 1039 1039 487 398 1040 1040 487 399 1041 1041 489 399 1042 1042 241 399 1043 1043 307 400 1044 1044 250 400 1045 1045 306 400 1046 1046 487 401 1047 1047 250 401 1048 1048 307 401 1049 1049 240 402 1050 1050 489 402 1051 1051 308 402 1052 1052 312 403 1053 1053 430 403 1054 1054 311 403 1055 1055 311 404 1056 1056 445 404 1057 1057 312 404 1058 1058 312 405 1059 1059 429 405 1060 1060 290 405 1061 1061 430 406 1062 1062 312 406 1063 1063 290 406 1064 1064 443 407 1065 1065 432 407 1066 1066 433 407 1067 1067 433 408 1068 1068 442 408 1069 1069 443 408 1070 1070 486 409 1071 1071 354 409 1072 1072 488 409 1073 1073 295 410 1074 1074 365 410 1075 1075 366 410 1076 1076 366 411 1077 1077 466 411 1078 1078 295 411 1079 1079 295 412 1080 1080 450 412 1081 1081 313 412 1082 1082 365 413 1083 1083 295 413 1084 1084 313 413 1085 1085 464 414 1086 1086 453 414 1087 1087 455 414 1088 1088 455 415 1089 1089 463 415 1090 1090 464 415 1091 1091 425 416 1092 1092 246 416 1093 1093 247 416 1094 1094 483 417 1095 1095 472 417 1096 1096 316 417 1097 1097 316 418 1098 1098 314 418 1099 1099 483 418 1100 1100 483 419 1101 1101 469 419 1102 1102 470 419 1103 1103 472 420 1104 1104 483 420 1105 1105 470 420 1106 1106 315 421 1107 1107 299 421 1108 1108 474 421 1109 1109 16 422 1110 1110 68 422 1111 1111 455 422 1112 1112 455 423 1113 1113 68 423 1114 1114 463 423 1115 1115 463 424 1116 1116 68 424 1117 1117 497 424 1118 1118 497 425 1119 1119 462 425 1120 1120 463 425 1121 1121 25 426 1122 1122 474 426 1123 1123 498 426 1124 1124 317 427 1125 1125 25 427 1126 1126 500 427 1127 1127 41 428 1128 1128 503 428 1129 1129 442 428 1130 1130 442 429 1131 1131 503 429 1132 1132 441 429 1133 1133 41 430 1134 1134 442 430 1135 1135 433 430 1136 1136 41 431 1137 1137 433 431 1138 1138 42 431 1139 1139 242 432 1140 1140 318 432 1141 1141 250 432 1142 1142 250 433 1143 1143 318 433 1144 1144 306 433 1145 1145 306 434 1146 1146 318 434 1147 1147 484 434 1148 1148 484 435 1149 1149 318 435 1150 1150 483 435 1151 1151 483 436 1152 1152 318 436 1153 1153 469 436 1154 1154 469 437 1155 1155 318 437 1156 1156 297 437 1157 1157 297 438 1158 1158 318 438 1159 1159 295 438 1160 1160 295 439 1161 1161 318 439 1162 1162 450 439 1163 1163 450 440 1164 1164 318 440 1165 1165 448 440 1166 1166 448 441 1167 1167 318 441 1168 1168 312 441 1169 1169 312 442 1170 1170 318 442 1171 1171 429 442 1172 1172 429 443 1173 1173 318 443 1174 1174 428 443 1175 1175 428 444 1176 1176 318 444 1177 1177 288 444 1178 1178 288 445 1179 1179 318 445 1180 1180 243 445 1181 1181 243 446 1182 1182 318 446 1183 1183 242 446 1184 1184 319 447 1185 1185 320 447 1186 1186 345 447 1187 1187 345 448 1188 1188 309 448 1189 1189 319 448 1190 1190 321 449 1191 1191 424 449 1192 1192 322 449 1193 1193 323 450 1194 1194 326 450 1195 1195 324 450 1196 1196 324 451 1197 1197 325 451 1198 1198 323 451 1199 1199 324 452 1200 1200 326 452 1201 1201 327 452 1202 1202 326 453 1203 1203 320 453 1204 1204 327 453 1205 1205 327 454 1206 1206 320 454 1207 1207 319 454 1208 1208 321 455 1209 1209 322 455 1210 1210 323 455 1211 1211 323 456 1212 1212 328 456 1213 1213 321 456 1214 1214 328 457 1215 1215 323 457 1216 1216 325 457 1217 1217 331 458 1218 1218 329 458 1219 1219 330 458 1220 1220 332 459 1221 1221 421 459 1222 1222 330 459 1223 1223 330 460 1224 1224 329 460 1225 1225 332 460 1226 1226 322 461 1227 1227 424 461 1228 1228 421 461 1229 1229 421 462 1230 1230 332 462 1231 1231 322 462 1232 1232 434 463 1233 1233 333 463 1234 1234 334 463 1235 1235 329 464 1236 1236 331 464 1237 1237 334 464 1238 1238 334 465 1239 1239 333 465 1240 1240 329 465 1241 1241 336 466 1242 1242 438 466 1243 1243 291 466 1244 1244 291 467 1245 1245 335 467 1246 1246 336 467 1247 1247 438 468 1248 1248 336 468 1249 1249 440 468 1250 1250 364 469 1251 1251 337 469 1252 1252 440 469 1253 1253 440 470 1254 1254 336 470 1255 1255 364 470 1256 1256 338 471 1257 1257 335 471 1258 1258 457 471 1259 1259 457 472 1260 1260 335 472 1261 1261 291 472 1262 1262 292 473 1263 1263 339 473 1264 1264 460 473 1265 1265 340 474 1266 1266 293 474 1267 1267 460 474 1268 1268 460 475 1269 1269 339 475 1270 1270 340 475 1271 1271 293 476 1272 1272 340 476 1273 1273 341 476 1274 1274 339 477 1275 1275 292 477 1276 1276 302 477 1277 1277 302 478 1278 1278 342 478 1279 1279 339 478 1280 1280 478 479 1281 1281 343 479 1282 1282 303 479 1283 1283 343 480 1284 1284 344 480 1285 1285 480 480 1286 1286 480 481 1287 1287 303 481 1288 1288 343 481 1289 1289 346 482 1290 1290 304 482 1291 1291 480 482 1292 1292 480 483 1293 1293 344 483 1294 1294 346 483 1295 1295 309 484 1296 1296 345 484 1297 1297 310 484 1298 1298 345 485 1299 1299 343 485 1300 1300 478 485 1301 1301 478 486 1302 1302 310 486 1303 1303 345 486 1304 1304 304 487 1305 1305 346 487 1306 1306 301 487 1307 1307 426 488 1308 1308 347 488 1309 1309 348 488 1310 1310 348 489 1311 1311 349 489 1312 1312 426 489 1313 1313 350 490 1314 1314 426 490 1315 1315 349 490 1316 1316 349 491 1317 1317 351 491 1318 1318 350 491 1319 1319 350 492 1320 1320 352 492 1321 1321 353 492 1322 1322 351 493 1323 1323 352 493 1324 1324 350 493 1325 1325 347 494 1326 1326 424 494 1327 1327 321 494 1328 1328 321 495 1329 1329 348 495 1330 1330 347 495 1331 1331 300 496 1332 1332 316 497 1333 1333 473 498 1334 1334 355 499 1335 1335 491 499 1336 1336 490 499 1337 1337 319 500 1338 1338 309 500 1339 1339 491 500 1340 1340 491 501 1341 1341 355 501 1342 1342 319 501 1343 1343 510 502 1344 1344 234 502 1345 1345 248 502 1346 1346 486 503 1347 1347 485 503 1348 1348 356 503 1349 1349 357 504 1350 1350 444 504 1351 1351 358 504 1352 1352 358 505 1353 1353 431 505 1354 1354 357 505 1355 1355 446 506 1356 1356 357 506 1357 1357 431 506 1358 1358 431 507 1359 1359 359 507 1360 1360 446 507 1361 1361 446 508 1362 1362 360 508 1363 1363 361 508 1364 1364 359 509 1365 1365 360 509 1366 1366 446 509 1367 1367 444 510 1368 1368 337 510 1369 1369 434 510 1370 1370 434 511 1371 1371 358 511 1372 1372 444 511 1373 1373 294 512 1374 1374 465 512 1375 1375 454 512 1376 1376 454 513 1377 1377 367 513 1378 1378 294 513 1379 1379 467 514 1380 1380 294 514 1381 1381 367 514 1382 1382 367 515 1383 1383 452 515 1384 1384 467 515 1385 1385 467 516 1386 1386 451 516 1387 1387 449 516 1388 1388 452 517 1389 1389 451 517 1390 1390 467 517 1391 1391 425 518 1392 1392 509 518 1393 1393 423 518 1394 1394 362 519 1395 1395 482 519 1396 1396 300 519 1397 1397 300 520 1398 1398 473 520 1399 1399 362 520 1400 1400 363 521 1401 1401 362 521 1402 1402 473 521 1403 1403 473 522 1404 1404 298 522 1405 1405 363 522 1406 1406 363 523 1407 1407 471 523 1408 1408 468 523 1409 1409 298 524 1410 1410 471 524 1411 1411 363 524 1412 1412 482 525 1413 1413 304 525 1414 1414 301 525 1415 1415 301 526 1416 1416 300 526 1417 1417 482 526 1418 1418 338 527 1419 1419 341 527 1420 1420 340 527 1421 1421 346 528 1422 1422 342 528 1423 1423 301 528 1424 1424 364 529 1425 1425 434 529 1426 1426 337 529 1427 1427 364 530 1428 1428 333 530 1429 1429 434 530 1430 1430 297 531 1431 1431 467 532 1432 1432 296 533 1433 1433 418 534 1434 1434 505 534 1435 1435 435 534 1436 1436 353 535 1437 1437 264 535 1438 1438 350 535 1439 1439 353 536 1440 1440 249 536 1441 1441 265 536 1442 1442 265 537 1443 1443 264 537 1444 1444 353 537 1445 1445 495 538 1446 1446 477 538 1447 1447 479 538 1448 1448 485 539 1449 1449 268 539 1450 1450 267 539 1451 1451 267 540 1452 1452 356 540 1453 1453 485 540 1454 1454 289 541 1455 1455 261 541 1456 1456 361 541 1457 1457 488 542 1458 1458 355 542 1459 1459 490 542 1460 1460 479 543 1461 1461 33 543 1462 1462 495 543 1463 1463 255 544 1464 1464 296 544 1465 1465 467 544 1466 1466 467 545 1467 1467 256 545 1468 1468 255 545 1469 1469 449 546 1470 1470 257 546 1471 1471 256 546 1472 1472 256 547 1473 1473 467 547 1474 1474 449 547 1475 1475 419 548 1476 1476 50 548 1477 1477 418 548 1478 1478 421 549 1479 1479 419 550 1480 1480 330 551 1481 1481 267 552 1482 1482 266 552 1483 1483 356 552 1484 1484 260 553 1485 1485 259 553 1486 1486 446 553 1487 1487 260 554 1488 1488 361 554 1489 1489 261 554 1490 1490 260 555 1491 1491 446 555 1492 1492 361 555 1493 1493 253 556 1494 1494 252 556 1495 1495 363 556 1496 1496 253 557 1497 1497 468 557 1498 1498 254 557 1499 1499 253 558 1500 1500 363 558 1501 1501 468 558 1502 1502 350 559 1503 1503 264 559 1504 1504 263 559 1505 1505 342 560 1506 1506 302 560 1507 1507 301 560 1508 1508 454 561 1509 1509 338 561 1510 1510 368 561 1511 1511 368 562 1512 1512 338 562 1513 1513 457 562 1514 1514 371 563 1515 1515 378 564 1516 1516 379 565 1517 1517 375 566 1518 1518 382 567 1519 1519 383 568 1520 1520 369 569 1521 1521 384 570 1522 1522 377 571 1523 1523 382 567 1524 1524 373 572 1525 1525 381 573 1526 1526 377 571 1527 1527 370 574 1528 1528 369 569 1529 1529 380 575 1530 1530 371 563 1531 1531 379 565 1532 1532 373 572 1533 1533 380 575 1534 1534 381 573 1535 1535 392 172 1536 1536 399 576 1537 1537 400 172 1538 1538 408 577 1539 1539 404 577 1540 1540 406 577 1541 1541 501 578 1542 1542 38 154 1543 1543 69 153 1544 1544 39 99 1545 1545 496 278 1546 1546 503 100 1547 1547 23 69 1548 1548 21 579 1549 1549 20 105 1550 1550 325 580 1551 1551 248 581 1552 1552 328 582 1553 1553 399 576 1554 1554 390 234 1555 1555 398 234 1556 1556 3 18 1557 1557 2 136 1558 1558 494 277 1559 1559 412 298 1560 1560 405 583 1561 1561 413 584 1562 1562 404 585 1563 1563 415 586 1564 1564 414 587 1565 1565 413 584 1566 1566 404 585 1567 1567 414 587 1568 1568 401 588 1569 1569 410 589 1570 1570 417 590 1571 1571 403 591 1572 1572 416 592 1573 1573 415 586 1574 1574 402 593 1575 1575 417 590 1576 1576 416 592 1577 1577 209 265 1578 1578 168 171 1579 1579 165 184 1580 1580 410 589 1581 1581 407 594 1582 1582 411 296 1583 1583 416 592 1584 1584 417 590 1585 1585 409 595 1586 1586 415 586 1587 1587 416 592 1588 1588 409 595 1589 1589 414 587 1590 1590 415 586 1591 1591 409 595 1592 1592 413 584 1593 1593 414 587 1594 1594 409 595 1595 1595 412 298 1596 1596 413 584 1597 1597 409 595 1598 1598 411 296 1599 1599 412 298 1600 1600 409 595 1601 1601 410 589 1602 1602 411 296 1603 1603 409 595 1604 1604 417 590 1605 1605 410 589 1606 1606 409 595 1607 1607 377 596 1608 1608 384 596 1609 1609 383 596 1610 1610 383 597 1611 1611 382 597 1612 1612 381 597 1613 1613 79 200 1614 1614 84 173 1615 1615 80 168 1616 1616 381 598 1617 1617 380 598 1618 1618 379 598 1619 1619 378 599 1620 1620 377 599 1621 1621 379 599 1622 1622 402 600 1623 1623 403 600 1624 1624 404 600 1625 1625 404 601 1626 1626 405 601 1627 1627 406 601 1628 1628 65 142 1629 1629 501 578 1630 1630 69 153 1631 1631 406 602 1632 1632 407 602 1633 1633 408 602 1634 1634 401 603 1635 1635 402 603 1636 1636 408 603 1637 1637 477 604 1638 1638 478 331 1639 1639 303 605 1640 1640 440 606 1641 1641 437 607 1642 1642 438 608 1643 1643 420 609 1644 1644 421 549 1645 1645 422 610 1646 1646 422 610 1647 1647 421 549 1648 1648 424 611 1649 1649 424 611 1650 1650 423 612 1651 1651 422 610 1652 1652 309 613 1653 1653 308 614 1654 1654 491 615 1655 1655 425 616 1656 1656 347 617 1657 1657 426 618 1658 1658 250 619 1659 1659 354 309 1660 1660 356 620 1661 1661 448 621 1662 1662 446 312 1663 1663 447 622 1664 1664 449 623 1665 1665 448 621 1666 1666 447 622 1667 1667 451 291 1668 1668 450 624 1669 1669 449 623 1670 1670 351 263 1671 1671 244 625 1672 1672 352 626 1673 1673 489 627 1674 1674 488 628 1675 1675 490 629 1676 1676 454 630 1677 1677 341 630 1678 1678 338 630 1679 1679 269 631 1680 1680 485 631 1681 1681 305 631 1682 1682 269 632 1683 1683 363 632 1684 1684 252 632 1685 1685 292 633 1686 1686 475 634 1687 1687 302 635 1688 1688 425 616 1689 1689 426 618 1690 1690 427 636 1691 1691 459 300 1692 1692 292 633 1693 1693 460 301 1694 1694 327 303 1695 1695 237 637 1696 1696 324 638 1697 1697 439 639 1698 1698 440 606 1699 1699 441 640 1700 1700 441 640 1701 1701 440 606 1702 1702 337 641 1703 1703 337 641 1704 1704 442 642 1705 1705 441 640 1706 1706 424 611 1707 1707 425 616 1708 1708 423 612 1709 1709 443 643 1710 1710 444 644 1711 1711 357 311 1712 1712 242 645 1713 1713 356 620 1714 1714 249 646 1715 1715 485 321 1716 1716 484 313 1717 1717 305 314 1718 1718 352 626 1719 1719 243 647 1720 1720 353 648 1721 1721 488 628 1722 1722 307 649 1723 1723 486 319 1724 1724 311 650 1725 1725 359 651 1726 1726 431 652 1727 1727 358 327 1728 1728 311 650 1729 1729 431 652 1730 1730 321 653 1731 1731 247 654 1732 1732 348 655 1733 1733 334 656 1734 1734 433 657 1735 1735 434 325 1736 1736 437 607 1737 1737 291 658 1738 1738 438 608 1739 1739 443 643 1740 1740 357 311 1741 1741 445 659 1742 1742 419 550 1743 1743 331 660 1744 1744 330 551 1745 1745 480 661 1746 1746 477 604 1747 1747 303 605 1748 1748 461 662 1749 1749 293 299 1750 1750 462 663 1751 1751 462 663 1752 1752 293 299 1753 1753 341 305 1754 1754 341 305 1755 1755 463 307 1756 1756 462 663 1757 1757 304 664 1758 1758 315 665 1759 1759 317 666 1760 1760 464 306 1761 1761 465 667 1762 1762 294 668 1763 1763 288 669 1764 1764 426 618 1765 1765 350 670 1766 1766 428 316 1767 1767 350 670 1768 1768 289 317 1769 1769 353 648 1770 1770 242 645 1771 1771 249 646 1772 1772 360 671 1773 1773 429 672 1774 1774 361 315 1775 1775 359 651 1776 1776 290 673 1777 1777 360 671 1778 1778 384 570 1779 1779 375 566 1780 1780 383 568 1781 1781 491 615 1782 1782 489 627 1783 1783 490 629 1784 1784 368 330 1785 1785 453 674 1786 1786 454 324 1787 1787 328 582 1788 1788 234 675 1789 1789 321 653 1790 1790 291 658 1791 1791 456 676 1792 1792 457 328 1793 1793 464 306 1794 1794 294 668 1795 1795 466 677 1796 1796 237 637 1797 1797 325 580 1798 1798 324 638 1799 1799 468 678 1800 1800 297 531 1801 1801 296 533 1802 1802 479 679 1803 1803 480 661 1804 1804 481 680 1805 1805 481 680 1806 1806 480 661 1807 1807 304 664 1808 1808 304 664 1809 1809 317 666 1810 1810 481 680 1811 1811 337 641 1812 1812 443 643 1813 1813 442 642 1814 1814 315 665 1815 1815 482 681 1816 1816 362 94 1817 1817 295 682 1818 1818 294 668 1819 1819 467 532 1820 1820 254 683 1821 1821 296 683 1822 1822 255 683 1823 1823 310 333 1824 1824 492 684 1825 1825 309 613 1826 1826 471 685 1827 1827 469 686 1828 1828 468 678 1829 1829 298 687 1830 1830 470 688 1831 1831 471 685 1832 1832 316 497 1833 1833 298 687 1834 1834 473 498 1835 1835 348 655 1836 1836 246 262 1837 1837 349 264 1838 1838 301 689 1839 1839 299 690 1840 1840 300 496 1841 1841 302 635 1842 1842 474 691 1843 1843 301 689 1844 1844 331 660 1845 1845 435 692 1846 1846 334 656 1847 1847 315 665 1848 1848 362 94 1849 1849 314 693 1850 1850 104 0 1851 1851 106 13 1852 1852 111 1 1853 1853 73 3 1854 1854 72 174 1855 1855 190 4 1856 1856 130 9 1857 1857 131 20 1858 1858 132 10 1859 1859 114 12 1860 1860 116 161 1861 1861 106 13 1862 1862 103 15 1863 1863 104 0 1864 1864 110 2 1865 1865 131 20 1866 1866 130 9 1867 1867 119 21 1868 1868 59 23 1869 1869 60 137 1870 1870 63 24 1871 1871 150 26 1872 1872 139 276 1873 1873 142 27 1874 1874 86 32 1875 1875 85 74 1876 1876 94 33 1877 1877 137 35 1878 1878 146 132 1879 1879 145 36 1880 1880 274 38 1881 1881 266 694 1882 1882 267 39 1883 1883 282 41 1884 1884 258 695 1885 1885 259 42 1886 1886 89 44 1887 1887 91 151 1888 1888 96 34 1889 1889 32 46 1890 1890 111 1 1891 1891 106 13 1892 1892 149 48 1893 1893 150 26 1894 1894 151 28 1895 1895 64 53 1896 1896 66 143 1897 1897 58 54 1898 1898 192 5 1899 1899 193 159 1900 1900 187 59 1901 1901 108 61 1902 1902 109 156 1903 1903 100 62 1904 1904 41 64 1905 1905 42 71 1906 1906 43 65 1907 1907 194 60 1908 1908 76 76 1909 1909 75 70 1910 1910 42 71 1911 1911 505 79 1912 1912 52 72 1913 1913 93 73 1914 1914 94 33 1915 1915 85 74 1916 1916 76 76 1917 1917 116 161 1918 1918 115 77 1919 1919 505 79 1920 1920 50 696 1921 1921 51 80 1922 1922 74 81 1923 1923 75 70 1924 1924 78 78 1925 1925 270 85 1926 1926 252 697 1927 1927 253 86 1928 1928 262 88 1929 1929 263 698 1930 1930 277 89 1931 1931 483 93 1932 1932 314 693 1933 1933 362 94 1934 1934 260 96 1935 1935 261 275 1936 1936 279 97 1937 1937 41 64 1938 1938 44 66 1939 1939 39 99 1940 1940 267 39 1941 1941 268 699 1942 1942 272 104 1943 1943 12 51 1944 1944 23 69 1945 1945 20 105 1946 1946 388 107 1947 1947 387 108 1948 1948 395 108 1949 1949 508 55 1950 1950 58 54 1951 1951 59 23 1952 1952 56 110 1953 1953 54 130 1954 1954 62 111 1955 1955 187 59 1956 1956 153 169 1957 1957 67 112 1958 1958 495 114 1959 1959 33 224 1960 1960 34 102 1961 1961 122 22 1962 1962 123 189 1963 1963 133 116 1964 1964 13 52 1965 1965 12 51 1966 1966 497 106 1967 1967 17 57 1968 1968 13 52 1969 1969 68 117 1970 1970 126 119 1971 1971 132 10 1972 1972 133 116 1973 1973 92 121 1974 1974 95 45 1975 1975 94 33 1976 1976 148 125 1977 1977 138 128 1978 1978 56 110 1979 1979 136 127 1980 1980 127 216 1981 1981 128 120 1982 1982 102 129 1983 1983 105 14 1984 1984 104 0 1985 1985 138 128 1986 1986 148 125 1987 1987 146 132 1988 1988 46 133 1989 1989 504 274 1990 1990 47 122 1991 1991 141 134 1992 1992 147 228 1993 1993 148 125 1994 1994 71 7 1995 1995 37 146 1996 1996 2 136 1997 1997 10 31 1998 1998 9 30 1999 1999 8 138 2000 2000 395 108 2001 2001 387 108 2002 2002 386 140 2003 2003 13 52 2004 2004 17 57 2005 2005 19 56 2006 2006 509 141 2007 2007 510 700 2008 2008 61 25 2009 2009 511 144 2010 2010 65 142 2011 2011 66 143 2012 2012 71 7 2013 2013 38 154 2014 2014 502 145 2015 2015 386 140 2016 2016 385 701 2017 2017 393 147 2018 2018 99 150 2019 2019 101 155 2020 2020 91 151 2021 2021 101 155 2022 2022 100 62 2023 2023 109 156 2024 2024 155 157 2025 2025 74 81 2026 2026 77 82 2027 2027 190 4 2028 2028 191 181 2029 2029 193 159 2030 2030 0 6 2031 2031 1 8 2032 2032 3 18 2033 2033 107 16 2034 2034 169 170 2035 2035 166 160 2036 2036 28 47 2037 2037 106 13 2038 2038 116 161 2039 2039 135 162 2040 2040 134 37 2041 2041 180 163 2042 2042 15 165 2043 2043 8 138 2044 2044 9 30 2045 2045 4 17 2046 2046 5 19 2047 2047 34 102 2048 2048 151 28 2049 2049 142 27 2050 2050 143 135 2051 2051 169 170 2052 2052 107 16 2053 2053 108 61 2054 2054 393 147 2055 2055 385 701 2056 2056 392 172 2057 2057 10 31 2058 2058 6 149 2059 2059 40 148 2060 2060 155 157 2061 2061 154 187 2062 2062 72 174 2063 2063 397 175 2064 2064 389 175 2065 2065 388 107 2066 2066 135 162 2067 2067 179 164 2068 2068 176 176 2069 2069 195 178 2070 2070 186 252 2071 2071 149 48 2072 2072 107 16 2073 2073 110 2 2074 2074 109 156 2075 2075 153 169 2076 2076 187 59 2077 2077 189 180 2078 2078 191 181 2079 2079 196 206 2080 2080 195 178 2081 2081 287 87 2082 2082 253 86 2083 2083 254 182 2084 2084 165 184 2085 2085 97 63 2086 2086 98 185 2087 2087 24 67 2088 2088 32 46 2089 2089 31 92 2090 2090 190 4 2091 2091 72 174 2092 2092 154 187 2093 2093 40 148 2094 2094 45 115 2095 2095 123 189 2096 2096 23 69 2097 2097 12 51 2098 2098 14 50 2099 2099 145 36 2100 2100 144 219 2101 2101 184 190 2102 2102 264 192 2103 2103 265 386 2104 2104 275 193 2105 2105 159 195 2106 2106 162 233 2107 2107 93 73 2108 2108 255 196 2109 2109 256 702 2110 2110 284 197 2111 2111 172 199 2112 2112 157 221 2113 2113 79 200 2114 2114 257 202 2115 2115 258 695 2116 2116 282 41 2117 2117 27 84 2118 2118 30 91 2119 2119 32 46 2120 2120 165 184 2121 2121 168 171 2122 2122 108 61 2123 2123 87 204 2124 2124 90 152 2125 2125 89 44 2126 2126 190 4 2127 2127 197 188 2128 2128 196 206 2129 2129 63 24 2130 2130 60 137 2131 2131 143 135 2132 2132 161 207 2133 2133 87 204 2134 2134 88 205 2135 2135 506 209 2136 2136 507 279 2137 2137 54 130 2138 2138 35 103 2139 2139 26 83 2140 2140 28 47 2141 2141 125 210 2142 2142 124 177 2143 2143 176 176 2144 2144 113 212 2145 2145 102 129 2146 2146 167 213 2147 2147 55 131 2148 2148 56 110 2149 2149 49 123 2150 2150 238 703 2151 2151 64 703 2152 2152 508 703 2153 2153 124 177 2154 2154 125 210 2155 2155 126 119 2156 2156 45 115 2157 2157 40 148 2158 2158 39 99 2159 2159 140 218 2160 2160 181 231 2161 2161 184 190 2162 2162 117 201 2163 2163 79 200 2164 2164 80 168 2165 2165 83 220 2166 2166 79 200 2167 2167 157 221 2168 2168 82 75 2169 2169 85 74 2170 2170 84 173 2171 2171 125 210 2172 2172 175 211 2173 2173 178 223 2174 2174 35 103 2175 2175 34 102 2176 2176 33 224 2177 2177 43 65 2178 2178 52 72 2179 2179 53 126 2180 2180 167 213 2181 2181 102 129 2182 2182 103 15 2183 2183 120 226 2184 2184 121 217 2185 2185 122 22 2186 2186 138 128 2187 2187 128 120 2188 2188 49 123 2189 2189 149 48 2190 2190 186 252 2191 2191 185 227 2192 2192 145 36 2193 2193 146 132 2194 2194 147 228 2195 2195 84 173 2196 2196 86 32 2197 2197 81 166 2198 2198 49 123 2199 2199 128 120 2200 2200 133 116 2201 2201 171 229 2202 2202 112 232 2203 2203 113 212 2204 2204 123 189 2205 2205 121 217 2206 2206 118 167 2207 2207 140 218 2208 2208 139 276 2209 2209 182 230 2210 2210 134 37 2211 2211 135 162 2212 2212 136 127 2213 2213 98 185 2214 2214 87 204 2215 2215 161 207 2216 2216 111 1 2217 2217 32 46 2218 2218 24 67 2219 2219 180 163 2220 2220 134 37 2221 2221 145 36 2222 2222 188 179 2223 2223 149 48 2224 2224 152 49 2225 2225 11 29 2226 2226 19 56 2227 2227 18 58 2228 2228 171 229 2229 2229 156 158 2230 2230 77 82 2231 2231 61 25 2232 2232 510 700 2233 2233 57 109 2234 2234 18 58 2235 2235 17 57 2236 2236 16 118 2237 2237 120 226 2238 2238 173 238 2239 2239 172 199 2240 2240 141 134 2241 2241 140 218 2242 2242 144 219 2243 2243 162 233 2244 2244 163 235 2245 2245 92 121 2246 2246 390 234 2247 2247 389 175 2248 2248 397 175 2249 2249 66 143 2250 2250 67 112 2251 2251 60 137 2252 2252 163 235 2253 2253 160 208 2254 2254 88 205 2255 2255 125 210 2256 2256 129 11 2257 2257 132 10 2258 2258 130 9 2259 2259 129 11 2260 2260 178 223 2261 2261 381 704 2262 2262 379 704 2263 2263 377 704 2264 2264 277 89 2265 2265 263 698 2266 2266 264 192 2267 2267 82 75 2268 2268 83 220 2269 2269 158 222 2270 2270 67 112 2271 2271 65 142 2272 2272 69 153 2273 2273 119 21 2274 2274 174 239 2275 2275 173 238 2276 2276 115 77 2277 2277 112 232 2278 2278 77 82 2279 2279 70 113 2280 2280 38 154 2281 2281 71 7 2282 2282 119 21 2283 2283 130 9 2284 2284 177 236 2285 2285 19 56 2286 2286 96 34 2287 2287 91 151 2288 2288 177 236 2289 2289 221 705 2290 2290 218 240 2291 2291 179 164 2292 2292 223 244 2293 2293 220 241 2294 2294 202 242 2295 2295 203 250 2296 2296 159 195 2297 2297 222 243 2298 2298 221 705 2299 2299 177 236 2300 2300 180 163 2301 2301 224 261 2302 2302 223 244 2303 2303 166 160 2304 2304 210 254 2305 2305 211 245 2306 2306 175 211 2307 2307 219 706 2308 2308 222 243 2309 2309 196 206 2310 2310 232 707 2311 2311 231 246 2312 2312 156 158 2313 2313 200 708 2314 2314 199 247 2315 2315 233 248 2316 2316 232 707 2317 2317 196 206 2318 2318 185 227 2319 2319 229 709 2320 2320 226 249 2321 2321 203 250 2322 2322 206 710 2323 2323 162 233 2324 2324 215 251 2325 2325 200 708 2326 2326 156 158 2327 2327 231 246 2328 2328 230 260 2329 2329 186 252 2330 2330 216 253 2331 2331 201 267 2332 2332 157 221 2333 2333 169 170 2334 2334 213 255 2335 2335 210 254 2336 2336 168 171 2337 2337 212 711 2338 2338 213 255 2339 2339 220 241 2340 2340 219 706 2341 2341 175 211 2342 2342 211 245 2343 2343 214 712 2344 2344 170 214 2345 2345 207 256 2346 2346 204 713 2347 2347 160 208 2348 2348 170 214 2349 2349 214 712 2350 2350 215 251 2351 2351 228 257 2352 2352 227 714 2353 2353 183 191 2354 2354 161 207 2355 2355 205 268 2356 2356 208 258 2357 2357 225 259 2358 2358 228 257 2359 2359 184 190 2360 2360 226 249 2361 2361 225 259 2362 2362 181 231 2363 2363 199 247 2364 2364 198 715 2365 2365 154 187 2366 2366 230 260 2367 2367 229 709 2368 2368 185 227 2369 2369 162 233 2370 2370 206 710 2371 2371 207 256 2372 2372 183 191 2373 2373 227 714 2374 2374 224 261 2375 2375 154 187 2376 2376 198 715 2377 2377 233 248 2378 2378 246 262 2379 2379 245 716 2380 2380 351 263 2381 2381 173 238 2382 2382 217 266 2383 2383 216 253 2384 2384 164 186 2385 2385 208 258 2386 2386 209 265 2387 2387 174 239 2388 2388 218 240 2389 2389 217 266 2390 2390 201 267 2391 2391 202 242 2392 2392 158 222 2393 2393 160 208 2394 2394 204 713 2395 2395 205 268 2396 2396 97 63 2397 2397 100 62 2398 2398 99 150 2399 2399 135 162 2400 2400 124 177 2401 2401 127 216 2402 2402 269 269 2403 2403 252 697 2404 2404 270 85 2405 2405 105 14 2406 2406 102 129 2407 2407 113 212 2408 2408 30 91 2409 2409 27 84 2410 2410 498 271 2411 2411 26 83 2412 2412 35 103 2413 2413 500 225 2414 2414 55 131 2415 2415 47 122 2416 2416 504 274 2417 2417 254 182 2418 2418 255 196 2419 2419 285 198 2420 2420 261 275 2421 2421 262 88 2422 2422 278 90 2423 2423 27 84 2424 2424 26 83 2425 2425 25 273 2426 2426 40 148 2427 2427 81 166 2428 2428 86 32 2429 2429 70 113 2430 2430 0 6 2431 2431 194 60 2432 2432 139 276 2433 2433 140 218 2434 2434 141 134 2435 2435 133 116 2436 2436 123 189 2437 2437 45 115 2438 2438 495 114 2439 2439 5 19 2440 2440 3 18 2441 2441 120 226 2442 2442 117 201 2443 2443 118 167 2444 2444 92 121 2445 2445 88 205 2446 2446 89 44 2447 2447 6 149 2448 2448 10 31 2449 2449 7 139 2450 2450 507 279 2451 2451 509 141 2452 2452 62 111 2453 2453 87 204 2454 2454 98 185 2455 2455 99 150 2456 2456 153 169 2457 2457 143 135 2458 2458 60 137 2459 2459 31 92 2460 2460 30 91 2461 2461 499 272 2462 2462 96 34 2463 2463 19 56 2464 2464 11 29 2465 2465 51 80 2466 2466 50 696 2467 2467 46 133 2468 2468 29 280 2469 2469 21 579 2470 2470 22 68 2471 2471 150 26 2472 2472 185 227 2473 2473 182 230 2474 2474 319 283 2475 2475 355 308 2476 2476 240 284 2477 2477 57 717 2478 2478 510 717 2479 2479 248 717 2480 2480 237 718 2481 2481 508 718 2482 2482 57 718 2483 2483 452 289 2484 2484 365 719 2485 2485 313 290 2486 2486 494 720 2487 2487 2 720 2488 2488 476 720 2489 2489 239 721 2490 2490 511 721 2491 2491 64 721 2492 2492 411 296 2493 2493 407 594 2494 2494 406 297 2495 2495 293 299 2496 2496 461 662 2497 2497 459 300 2498 2498 341 305 2499 2499 465 667 2500 2500 464 306 2501 2501 312 310 2502 2502 445 659 2503 2503 357 311 2504 2504 484 313 2505 2505 483 93 2506 2506 363 95 2507 2507 361 315 2508 2508 429 672 2509 2509 428 316 2510 2510 259 722 2511 2511 258 722 2512 2512 447 722 2513 2513 486 319 2514 2514 307 649 2515 2515 306 320 2516 2516 366 322 2517 2517 365 719 2518 2518 452 289 2519 2519 454 324 2520 2520 453 674 2521 2521 366 322 2522 2522 434 325 2523 2523 433 657 2524 2524 432 326 2525 2525 457 328 2526 2526 456 676 2527 2527 455 329 2528 2528 478 331 2529 2529 476 723 2530 2530 493 332 2531 2531 2 724 2532 2532 37 724 2533 2533 493 724 2534 2534 422 725 2535 2535 506 725 2536 2536 504 725 2537 2537 435 726 2538 2538 505 726 2539 2539 42 726 2540 2540 48 124 2541 2541 49 123 2542 2542 53 126 2543 2543 315 727 2544 2544 314 727 2545 2545 316 727 2546 2546 315 728 2547 2547 474 728 2548 2548 25 728 2549 2549 350 729 2550 2550 263 729 2551 2551 262 729 2552 2552 266 730 2553 2553 265 730 2554 2554 249 730 2555 2555 420 731 2556 2556 504 731 2557 2557 46 731 2558 2558 76 76 2559 2559 4 17 2560 2560 36 101 2561 2561 14 50 2562 2562 91 151 2563 2563 101 155 2564 2564 265 386 2565 2565 266 694 2566 2566 274 38 2567 2567 191 181 2568 2568 188 179 2569 2569 189 180 2570 2570 272 104 2571 2571 268 699 2572 2572 269 269 2573 2573 281 43 2574 2574 259 42 2575 2575 260 96 2576 2576 115 77 2577 2577 114 12 2578 2578 113 212 2579 2579 4 17 2580 2580 76 76 2581 2581 194 60 2582 2582 284 197 2583 2583 256 702 2584 2584 257 202 2585 2585 74 81 2586 2586 72 174 2587 2587 73 3 2588 2588 449 732 2589 2589 447 732 2590 2590 258 732 2591 2591 443 733 2592 2592 445 733 2593 2593 311 733 2594 2594 464 734 2595 2595 466 734 2596 2596 366 734 2597 2597 240 735 2598 2598 241 735 2599 2599 489 735 2600 2600 486 736 2601 2601 356 736 2602 2602 354 736 2603 2603 425 737 2604 2604 427 737 2605 2605 246 737 2606 2606 300 496 2607 2607 299 690 2608 2608 316 497 2609 2609 510 738 2610 2610 509 738 2611 2611 234 738 2612 2612 425 739 2613 2613 234 739 2614 2614 509 739 2615 2615 297 531 2616 2616 295 682 2617 2617 467 532 2618 2618 418 740 2619 2619 50 740 2620 2620 505 740 2621 2621 495 741 2622 2622 494 741 2623 2623 477 741 2624 2624 289 742 2625 2625 262 742 2626 2626 261 742 2627 2627 488 743 2628 2628 354 743 2629 2629 355 743 2630 2630 479 744 2631 2631 481 744 2632 2632 33 744 2633 2633 419 745 2634 2634 46 745 2635 2635 50 745 2636 2636 421 549 2637 2637 420 609 2638 2638 419 550 2639 2639 371 563 2640 2640 370 574 2641 2641 378 564 2642 2642 375 566 2643 2643 374 746 2644 2644 382 567 2645 2645 369 569 2646 2646 376 747 2647 2647 384 570 2648 2648 382 567 2649 2649 374 746 2650 2650 373 572 2651 2651 377 571 2652 2652 378 564 2653 2653 370 574 2654 2654 380 575 2655 2655 372 748 2656 2656 371 563 2657 2657 373 572 2658 2658 372 748 2659 2659 380 575 2660 2660 392 172 2661 2661 391 749 2662 2662 399 576 2663 2663 408 750 2664 2664 402 750 2665 2665 404 750 2666 2666 501 578 2667 2667 502 145 2668 2668 38 154 2669 2669 39 99 2670 2670 6 149 2671 2671 496 278 2672 2672 23 69 2673 2673 22 68 2674 2674 21 579 2675 2675 325 580 2676 2676 236 751 2677 2677 248 581 2678 2678 399 576 2679 2679 391 749 2680 2680 390 234 2681 2681 3 18 2682 2682 1 8 2683 2683 2 136 2684 2684 412 298 2685 2685 406 297 2686 2686 405 583 2687 2687 404 585 2688 2688 403 591 2689 2689 415 586 2690 2690 413 584 2691 2691 405 583 2692 2692 404 585 2693 2693 401 588 2694 2694 408 752 2695 2695 410 589 2696 2696 403 591 2697 2697 402 593 2698 2698 416 592 2699 2699 402 593 2700 2700 401 588 2701 2701 417 590 2702 2702 209 265 2703 2703 212 711 2704 2704 168 171 2705 2705 410 589 2706 2706 408 752 2707 2707 407 594 2708 2708 79 200 2709 2709 83 220 2710 2710 84 173 2711 2711 65 142 2712 2712 511 144 2713 2713 501 578 2714 2714 477 604 2715 2715 476 723 2716 2716 478 331 2717 2717 440 606 2718 2718 439 639 2719 2719 437 607 2720 2720 309 613 2721 2721 492 684 2722 2722 308 614 2723 2723 250 619 2724 2724 241 388 2725 2725 354 309 2726 2726 448 621 2727 2727 312 310 2728 2728 446 312 2729 2729 449 623 2730 2730 450 624 2731 2731 448 621 2732 2732 451 291 2733 2733 313 290 2734 2734 450 624 2735 2735 351 263 2736 2736 245 716 2737 2737 244 625 2738 2738 489 627 2739 2739 487 753 2740 2740 488 628 2741 2741 454 754 2742 2742 465 754 2743 2743 341 754 2744 2744 269 755 2745 2745 268 755 2746 2746 485 755 2747 2747 269 756 2748 2748 305 756 2749 2749 363 756 2750 2750 292 633 2751 2751 458 757 2752 2752 475 634 2753 2753 459 300 2754 2754 458 757 2755 2755 292 633 2756 2756 327 303 2757 2757 238 302 2758 2758 237 637 2759 2759 424 611 2760 2760 347 617 2761 2761 425 616 2762 2762 242 645 2763 2763 250 619 2764 2764 356 620 2765 2765 485 321 2766 2766 306 320 2767 2767 484 313 2768 2768 352 626 2769 2769 244 625 2770 2770 243 647 2771 2771 488 628 2772 2772 487 753 2773 2773 307 649 2774 2774 311 650 2775 2775 430 758 2776 2776 359 651 2777 2777 358 327 2778 2778 432 326 2779 2779 311 650 2780 2780 321 653 2781 2781 234 675 2782 2782 247 654 2783 2783 334 656 2784 2784 435 692 2785 2785 433 657 2786 2786 437 607 2787 2787 436 759 2788 2788 291 658 2789 2789 419 550 2790 2790 418 760 2791 2791 331 660 2792 2792 480 661 2793 2793 479 679 2794 2794 477 604 2795 2795 304 664 2796 2796 482 681 2797 2797 315 665 2798 2798 288 669 2799 2799 427 636 2800 2800 426 618 2801 2801 428 316 2802 2802 288 669 2803 2803 350 670 2804 2804 353 648 2805 2805 243 647 2806 2806 242 645 2807 2807 360 671 2808 2808 290 673 2809 2809 429 672 2810 2810 359 651 2811 2811 430 758 2812 2812 290 673 2813 2813 384 570 2814 2814 376 747 2815 2815 375 566 2816 2816 491 615 2817 2817 308 614 2818 2818 489 627 2819 2819 368 330 2820 2820 455 329 2821 2821 453 674 2822 2822 328 582 2823 2823 248 581 2824 2824 234 675 2825 2825 291 658 2826 2826 436 759 2827 2827 456 676 2828 2828 237 637 2829 2829 236 751 2830 2830 325 580 2831 2831 468 678 2832 2832 469 686 2833 2833 297 531 2834 2834 337 641 2835 2835 444 644 2836 2836 443 643 2837 2837 295 682 2838 2838 466 677 2839 2839 294 668 2840 2840 254 761 2841 2841 468 761 2842 2842 296 761 2843 2843 310 333 2844 2844 493 332 2845 2845 492 684 2846 2846 471 685 2847 2847 470 688 2848 2848 469 686 2849 2849 298 687 2850 2850 472 762 2851 2851 470 688 2852 2852 316 497 2853 2853 472 762 2854 2854 298 687 2855 2855 348 655 2856 2856 247 654 2857 2857 246 262 2858 2858 301 689 2859 2859 474 691 2860 2860 299 690 2861 2861 302 635 2862 2862 475 634 2863 2863 474 691 2864 2864 331 660 2865 2865 418 760 2866 2866 435 692 2867 2867</p>
        </triangles>
        <triangles material="rollcage_01a-material" count="144">
          <input semantic="VERTEX" source="#ibishu_wheel_07a_14x7_flipped-mesh-vertices" offset="0"/>
          <input semantic="NORMAL" source="#ibishu_wheel_07a_14x7_flipped-mesh-normals" offset="1"/>
          <input semantic="TEXCOORD" source="#ibishu_wheel_07a_14x7_flipped-mesh-map-0" offset="2" set="0"/>
          <input semantic="COLOR" source="#ibishu_wheel_07a_14x7_flipped-mesh-colors-geom-ibishu_wheel_07a_14x7_flipped-map0" offset="3" set="0"/>
          <input semantic="COLOR" source="#ibishu_wheel_07a_14x7_flipped-mesh-colors-geom-ibishu_wheel_07a_14x7-map0" offset="3" set="1"/>
          <p>557 763 2868 2868 518 764 2869 2869 521 765 2870 2870 552 766 2871 2871 517 767 2872 2872 516 768 2873 2873 586 769 2874 2874 549 770 2875 2875 550 771 2876 2876 564 772 2877 2877 601 773 2878 2878 565 774 2879 2879 533 775 2880 2880 572 776 2881 2881 536 777 2882 2882 542 778 2883 2883 577 779 2884 2884 541 780 2885 2885 532 781 2886 2886 567 782 2887 2887 531 783 2888 2888 573 784 2889 2889 534 785 2890 2890 537 786 2891 2891 547 787 2892 2892 582 788 2893 2893 546 789 2894 2894 560 790 2895 2895 597 791 2896 2896 561 792 2897 2897 573 784 2898 2898 606 793 2899 2899 570 794 2900 2900 618 795 2901 2901 581 796 2902 2902 582 788 2903 2903 572 776 2904 2904 607 797 2905 2905 571 798 2906 2906 602 799 2907 2907 551 800 2908 2908 566 801 2909 2909 615 802 2910 2910 576 803 2911 2911 579 804 2912 2912 565 774 2913 2913 514 805 2914 2914 529 806 2915 2915 561 792 2916 2916 528 807 2917 2917 525 808 2918 2918 538 809 2919 2919 573 784 2920 2920 537 786 2921 2921 554 810 2922 2922 519 811 2923 2923 518 764 2924 2924 559 812 2925 2925 526 813 2926 2926 523 814 2927 2927 566 801 2928 2928 515 815 2929 2929 530 816 2930 2930 605 817 2931 2931 572 776 2932 2932 569 818 2933 2933 572 776 2934 2934 535 819 2935 2935 536 777 2936 2936 558 820 2937 2937 523 814 2938 2938 522 821 2939 2939 519 811 2940 2940 558 820 2941 2941 522 821 2942 2942 581 796 2943 2943 544 822 2944 2944 545 823 2945 2945 582 788 2946 2946 545 823 2947 2947 546 789 2948 2948 619 824 2949 2949 582 788 2950 2950 583 825 2951 2951 588 826 2952 2952 553 827 2953 2953 552 766 2954 2954 555 828 2955 2955 594 829 2956 2956 558 820 2957 2957 611 830 2958 2958 578 831 2959 2959 575 832 2960 2960 576 803 2961 2961 611 830 2962 2962 575 832 2963 2963 581 796 2964 2964 616 833 2965 2965 580 834 2966 2966 528 807 2967 2967 565 774 2968 2968 529 806 2969 2969 550 771 2970 2970 513 835 2971 2971 514 805 2972 2972 541 780 2973 2973 574 836 2974 2974 538 809 2975 2975 601 773 2976 2976 550 771 2977 2977 565 774 2978 2978 540 837 2979 2979 575 832 2980 2980 539 838 2981 2981 551 800 2982 2982 588 826 2983 2983 552 766 2984 2984 558 820 2985 2985 595 839 2986 2986 559 812 2987 2987 556 840 2988 2988 593 841 2989 2989 557 763 2990 2990 603 842 2991 2991 566 801 2992 2992 567 782 2993 2993 578 831 2994 2994 613 843 2995 2995 577 779 2996 2996 557 763 2997 2997 590 844 2998 2998 554 810 2999 2999 584 845 3000 3000 583 825 3001 3001 548 846 3002 3002 598 847 3003 3003 563 848 3004 3004 562 849 3005 3005 606 793 3006 3006 569 818 3007 3007 570 794 3008 3008 560 790 3009 3009 525 808 3010 3010 524 850 3011 3011 580 834 3012 3012 543 851 3013 3013 544 822 3014 3014 563 848 3015 3015 596 852 3016 3016 560 790 3017 3017 590 844 3018 3018 555 828 3019 3019 554 810 3020 3020 616 833 3021 3021 579 804 3022 3022 580 834 3023 3023 571 798 3024 3024 604 853 3025 3025 568 854 3026 3026 574 836 3027 3027 609 855 3028 3028 573 784 3029 3029 604 853 3030 3030 567 782 3031 3031 568 854 3032 3032 561 792 3033 3033 600 856 3034 3034 564 772 3035 3035 527 857 3036 3036 560 790 3037 3037 524 850 3038 3038 589 858 3039 3039 556 840 3040 3040 553 827 3041 3041 595 839 3042 3042 562 849 3043 3043 559 812 3044 3044 520 859 3045 3045 557 763 3046 3046 521 765 3047 3047 535 819 3048 3048 568 854 3049 3049 532 781 3050 3050 549 770 3051 3051 584 845 3052 3052 548 846 3053 3053 613 843 3054 3054 574 836 3055 3055 577 779 3056 3056 543 851 3057 3057 576 803 3058 3058 540 837 3059 3059 575 832 3060 3060 542 778 3061 3061 539 838 3062 3062 562 849 3063 3063 527 857 3064 3064 526 813 3065 3065 549 770 3066 3066 512 860 3067 3067 513 835 3068 3068 515 815 3069 3069 552 766 3070 3070 516 768 3071 3071 553 827 3072 3072 520 859 3073 3073 517 767 3074 3074 512 860 3075 3075 583 825 3076 3076 547 787 3077 3077 567 782 3078 3078 530 816 3079 3079 531 783 3080 3080 534 785 3081 3081 569 818 3082 3082 533 775 3083 3083 557 763 3084 3084 554 810 3085 3085 518 764 3086 3086 552 766 3087 3087 553 827 3088 3088 517 767 3089 3089 586 769 3090 3090 585 861 3091 3091 549 770 3092 3092 564 772 3093 3093 600 856 3094 3094 601 773 3095 3095 533 775 3096 3096 569 818 3097 3097 572 776 3098 3098 542 778 3099 3099 578 831 3100 3100 577 779 3101 3101 532 781 3102 3102 568 854 3103 3103 567 782 3104 3104 573 784 3105 3105 570 794 3106 3106 534 785 3107 3107 547 787 3108 3108 583 825 3109 3109 582 788 3110 3110 560 790 3111 3111 596 852 3112 3112 597 791 3113 3113 573 784 3114 3114 609 855 3115 3115 606 793 3116 3116 618 795 3117 3117 617 862 3118 3118 581 796 3119 3119 572 776 3120 3120 608 863 3121 3121 607 797 3122 3122 602 799 3123 3123 587 864 3124 3124 551 800 3125 3125 615 802 3126 3126 612 865 3127 3127 576 803 3128 3128 565 774 3129 3129 550 771 3130 3130 514 805 3131 3131 561 792 3132 3132 564 772 3133 3133 528 807 3134 3134 538 809 3135 3135 574 836 3136 3136 573 784 3137 3137 554 810 3138 3138 555 828 3139 3139 519 811 3140 3140 559 812 3141 3141 562 849 3142 3142 526 813 3143 3143 566 801 3144 3144 551 800 3145 3145 515 815 3146 3146 605 817 3147 3147 608 863 3148 3148 572 776 3149 3149 572 776 3150 3150 571 798 3151 3151 535 819 3152 3152 558 820 3153 3153 559 812 3154 3154 523 814 3155 3155 519 811 3156 3156 555 828 3157 3157 558 820 3158 3158 581 796 3159 3159 580 834 3160 3160 544 822 3161 3161 582 788 3162 3162 581 796 3163 3163 545 823 3164 3164 619 824 3165 3165 618 795 3166 3166 582 788 3167 3167 588 826 3168 3168 589 858 3169 3169 553 827 3170 3170 555 828 3171 3171 591 866 3172 3172 594 829 3173 3173 611 830 3174 3174 614 867 3175 3175 578 831 3176 3176 576 803 3177 3177 612 865 3178 3178 611 830 3179 3179 581 796 3180 3180 617 862 3181 3181 616 833 3182 3182 528 807 3183 3183 564 772 3184 3184 565 774 3185 3185 550 771 3186 3186 549 770 3187 3187 513 835 3188 3188 541 780 3189 3189 577 779 3190 3190 574 836 3191 3191 601 773 3192 3192 586 769 3193 3193 550 771 3194 3194 540 837 3195 3195 576 803 3196 3196 575 832 3197 3197 551 800 3198 3198 587 864 3199 3199 588 826 3200 3200 558 820 3201 3201 594 829 3202 3202 595 839 3203 3203 556 840 3204 3204 592 868 3205 3205 593 841 3206 3206 603 842 3207 3207 602 799 3208 3208 566 801 3209 3209 578 831 3210 3210 614 867 3211 3211 613 843 3212 3212 557 763 3213 3213 593 841 3214 3214 590 844 3215 3215 584 845 3216 3216 619 824 3217 3217 583 825 3218 3218 598 847 3219 3219 599 869 3220 3220 563 848 3221 3221 606 793 3222 3222 605 817 3223 3223 569 818 3224 3224 560 790 3225 3225 561 792 3226 3226 525 808 3227 3227 580 834 3228 3228 579 804 3229 3229 543 851 3230 3230 563 848 3231 3231 599 869 3232 3232 596 852 3233 3233 590 844 3234 3234 591 866 3235 3235 555 828 3236 3236 616 833 3237 3237 615 802 3238 3238 579 804 3239 3239 571 798 3240 3240 607 797 3241 3241 604 853 3242 3242 574 836 3243 3243 610 870 3244 3244 609 855 3245 3245 604 853 3246 3246 603 842 3247 3247 567 782 3248 3248 561 792 3249 3249 597 791 3250 3250 600 856 3251 3251 527 857 3252 3252 563 848 3253 3253 560 790 3254 3254 589 858 3255 3255 592 868 3256 3256 556 840 3257 3257 595 839 3258 3258 598 847 3259 3259 562 849 3260 3260 520 859 3261 3261 556 840 3262 3262 557 763 3263 3263 535 819 3264 3264 571 798 3265 3265 568 854 3266 3266 549 770 3267 3267 585 861 3268 3268 584 845 3269 3269 613 843 3270 3270 610 870 3271 3271 574 836 3272 3272 543 851 3273 3273 579 804 3274 3274 576 803 3275 3275 575 832 3276 3276 578 831 3277 3277 542 778 3278 3278 562 849 3279 3279 563 848 3280 3280 527 857 3281 3281 549 770 3282 3282 548 846 3283 3283 512 860 3284 3284 515 815 3285 3285 551 800 3286 3286 552 766 3287 3287 553 827 3288 3288 556 840 3289 3289 520 859 3290 3290 512 860 3291 3291 548 846 3292 3292 583 825 3293 3293 567 782 3294 3294 566 801 3295 3295 530 816 3296 3296 534 785 3297 3297 570 794 3298 3298 569 818 3299 3299</p>
        </triangles>
      </mesh>
    </geometry>
  </library_geometries>
  <library_visual_scenes>
    <visual_scene id="Scene" name="Scene">
      <node id="gavril_allsport_15x7" name="gavril_allsport_15x7" type="NODE">
        <matrix sid="transform">1 0 0 0 0 1 0 0 0 0 1 0 0 0 0 1</matrix>
        <instance_geometry url="#Circle_023-mesh" name="gavril_allsport_15x7">
          <bind_material>
            <technique_common>
              <instance_material symbol="wheel_25a-material" target="#wheel_25a-material">
                <bind_vertex_input semantic="Circle_023-mesh-map-0" input_semantic="TEXCOORD" input_set="0"/>
              </instance_material>
            </technique_common>
          </bind_material>
        </instance_geometry>
      </node>
      <node id="ibishu_wheel_07b_14x7_colorable" name="ibishu_wheel_07b_14x7_colorable" type="NODE">
        <matrix sid="transform">0.01 0 0 0 0 0.01 0 0 0 0 0.01 0 0 0 0 1</matrix>
        <instance_geometry url="#ibishu_wheel_07a_14x7-mesh" name="ibishu_wheel_07b_14x7_colorable">
          <bind_material>
            <technique_common>
              <instance_material symbol="ibishu_wheel_07b-material" target="#ibishu_wheel_07b-material">
                <bind_vertex_input semantic="ibishu_wheel_07a_14x7-mesh-map-0" input_semantic="TEXCOORD" input_set="0"/>
              </instance_material>
              <instance_material symbol="rollcage_01a-material" target="#rollcage_01a-material">
                <bind_vertex_input semantic="ibishu_wheel_07a_14x7-mesh-map-0" input_semantic="TEXCOORD" input_set="0"/>
              </instance_material>
              <instance_material symbol="wheel_25a-material" target="#wheel_25a-material">
                <bind_vertex_input semantic="ibishu_wheel_07a_14x7-mesh-map-0" input_semantic="TEXCOORD" input_set="0"/>
              </instance_material>
            </technique_common>
          </bind_material>
        </instance_geometry>
      </node>
      <node id="ibishu_wheel_07a_14x7_flipped_colorable" name="ibishu_wheel_07a_14x7_flipped_colorable" type="NODE">
        <matrix sid="transform">0.01 0 0 0 0 0.01 0 0 0 0 0.01 0 0 0 0 1</matrix>
        <instance_geometry url="#ibishu_wheel_07a_14x7_flipped-mesh" name="ibishu_wheel_07a_14x7_flipped_colorable">
          <bind_material>
            <technique_common>
              <instance_material symbol="ibishu_wheel_07b-material" target="#ibishu_wheel_07b-material">
                <bind_vertex_input semantic="ibishu_wheel_07a_14x7_flipped-mesh-map-0" input_semantic="TEXCOORD" input_set="0"/>
              </instance_material>
              <instance_material symbol="rollcage_01a-material" target="#rollcage_01a-material">
                <bind_vertex_input semantic="ibishu_wheel_07a_14x7_flipped-mesh-map-0" input_semantic="TEXCOORD" input_set="0"/>
              </instance_material>
              <instance_material symbol="wheel_25a-material" target="#wheel_25a-material">
                <bind_vertex_input semantic="ibishu_wheel_07a_14x7_flipped-mesh-map-0" input_semantic="TEXCOORD" input_set="0"/>
              </instance_material>
            </technique_common>
          </bind_material>
        </instance_geometry>
      </node>
    </visual_scene>
  </library_visual_scenes>
  <scene>
    <instance_visual_scene url="#Scene"/>
  </scene>
</COLLADA>