<?xml version="1.0" encoding="utf-8"?>
<COLLADA xmlns="http://www.collada.org/2005/11/COLLADASchema" version="1.4.1" xmlns:xsi="http://www.w3.org/2001/XMLSchema-instance">
  <asset>
    <contributor>
      <author>Blender User</author>
      <authoring_tool>Blender 2.83.1 commit date:2020-06-25, commit time:09:47, hash:8289fc688b3e</authoring_tool>
    </contributor>
    <created>2021-02-11T16:45:26</created>
    <modified>2021-02-11T16:45:26</modified>
    <unit name="meter" meter="1"/>
    <up_axis>Z_UP</up_axis>
  </asset>
  <library_effects>
    <effect id="daewon_dx8_01a-effect">
      <profile_COMMON>
        <technique sid="common">
          <lambert>
            <emission>
              <color sid="emission">0 0 0 1</color>
            </emission>
            <diffuse>
              <color sid="diffuse">0.08562808 0.09521158 0.3910315 1</color>
            </diffuse>
            <reflectivity>
              <float sid="specular">0.5</float>
            </reflectivity>
          </lambert>
        </technique>
      </profile_COMMON>
    </effect>
  </library_effects>
  <library_images/>
  <library_materials>
    <material id="daewon_dx8_01a-material" name="daewon_dx8_01a">
      <instance_effect url="#daewon_dx8_01a-effect"/>
    </material>
  </library_materials>
  <library_geometries>
    <geometry id="daewon_dx8_01a_16x7-mesh" name="daewon_dx8_01a_16x7">
      <mesh>
        <source id="daewon_dx8_01a_16x7-mesh-positions">
          <float_array id="daewon_dx8_01a_16x7-mesh-positions-array" count="3594">8.292925 3.17248e-5 19.4627 8.581462 3.14841e-5 20.44204 9.070406 3.14635e-5 20.97648 9.3371 3.14988e-5 21.3952 9.070406 3.15288e-5 21.87544 8.696444 3.15856e-5 22.01903 -8.850199 -8.20045e-5 22.01903 7.679262 -3.6725 18.46316 8.292925 -3.796929 19.08873 8.581462 -3.987982 20.04924 9.070406 -4.09225 20.57342 9.3371 -4.173937 20.98409 9.070406 -4.26764 21.45512 8.696444 -4.295651 21.59592 -8.850199 -4.295766 21.59593 7.679262 -7.203937 17.39191 8.292925 -7.448006 17.98119 8.581462 -7.822768 18.88597 9.070406 -8.027289 19.37974 9.3371 -8.187547 19.76659 9.070406 -8.37132 20.21029 8.696444 -8.42626 20.3429 -8.850199 -8.426375 20.3429 7.679262 -10.45847 15.6523 8.292925 -10.81284 16.18264 8.581462 -11.35692 16.99694 9.070406 -11.65385 17.44129 9.3371 -11.88647 17.78945 9.070406 -12.15329 18.18877 8.696444 -12.23307 18.30813 -8.850199 -12.23319 18.30814 7.679262 -13.31113 13.3112 8.292925 -13.76214 13.7622 8.581462 -14.45464 14.4547 9.070406 -14.83254 14.8326 9.3371 -15.12863 15.12868 9.070406 -15.46823 15.46827 8.696444 -15.56972 15.56979 -8.850199 -15.56986 15.56979 7.679262 -15.65226 10.45853 8.292925 -16.18257 10.81289 8.581462 -16.99688 11.35699 9.070406 -17.44126 11.6539 9.3371 -17.78941 11.88652 9.070406 -18.18871 12.15334 8.696444 -18.30807 12.2331 -8.850199 -18.30822 12.2331 7.679262 -17.39187 7.203956 8.292925 -17.98113 7.448042 8.581462 -18.88592 7.822825 9.070406 -19.37967 8.02734 9.3371 -19.76653 8.187579 9.070406 -20.21022 8.37136 8.696444 -20.34286 8.426301 -8.850199 -20.34297 8.426301 7.679262 -18.4631 3.672536 8.292925 -19.08867 3.796972 8.581462 -20.04918 3.98803 9.070406 -20.57338 4.09229 9.3371 -20.98402 4.173981 9.070406 -21.45508 4.267671 8.696444 -21.59588 4.295675 -8.850199 -21.596 4.295675 7.679262 -18.8248 -2.04062e-5 8.292925 -19.46262 -2.03957e-5 8.581462 -20.44199 -2.04691e-5 9.070406 -20.9764 -2.04865e-5 9.3371 -21.39512 -2.05189e-5 9.070406 -21.87539 -2.05047e-5 8.696444 -22.01893 -2.05022e-5 -8.850199 -22.01906 -2.04756e-5 7.679262 -18.4631 -3.672568 8.292925 -19.08867 -3.797002 8.581462 -20.04918 -3.988061 9.070406 -20.57336 -4.092326 9.3371 -20.98402 -4.174014 9.070406 -21.45505 -4.267704 8.696444 -21.59583 -4.295716 -8.850199 -21.59597 -4.295716 7.679262 -17.39187 -7.203987 8.292925 -17.98113 -7.448074 8.581462 -18.88592 -7.822854 9.070406 -19.37967 -8.027373 9.3371 -19.76651 -8.187612 9.070406 -20.21021 -8.371396 8.696444 -20.34286 -8.426337 -8.850199 -20.34297 -8.426337 7.679262 -15.65225 -10.45856 8.292925 -16.18257 -10.81292 8.581462 -16.99686 -11.35702 9.070406 -17.44125 -11.65393 9.3371 -17.7894 -11.88656 9.070406 -18.18869 -12.15337 8.696444 -18.30805 -12.23313 -8.850199 -18.3082 -12.23313 7.679262 -13.31113 -13.31122 8.292925 -13.76214 -13.76223 8.581455 -14.45462 -14.45473 9.070406 -14.83254 -14.83263 9.3371 -15.12862 -15.12871 9.070406 -15.46823 -15.4683 8.696444 -15.56972 -15.56981 -8.850199 -15.56984 -15.56981 7.679262 -10.45845 -15.65232 8.292919 -10.81283 -16.18267 8.581455 -11.35691 -16.99695 9.070406 -11.65384 -17.44132 9.3371 -11.88646 -17.78947 9.070406 -12.15327 -18.1888 8.696444 -12.23305 -18.30816 -8.850193 -12.23317 -18.30815 7.679262 -7.203904 -17.39194 8.292919 -7.447989 -17.98122 8.581455 -7.822751 -18.88602 9.070406 -8.027272 -19.37977 9.3371 -8.18753 -19.76661 9.070406 -8.371286 -20.21032 8.696444 -8.426244 -20.34295 -8.850199 -8.426358 -20.34294 7.679262 -3.672483 -18.46319 8.292919 -3.796913 -19.08876 8.581455 -3.987965 -20.04929 9.070406 -4.092233 -20.57345 9.3371 -4.173921 -20.98412 9.070406 -4.267607 -21.45514 8.696444 -4.295636 -21.59593 -8.850199 -4.295749 -21.59593 7.679262 6.48027e-5 -18.8249 8.292919 6.47562e-5 -19.46272 8.581455 6.48123e-5 -20.44207 9.070406 6.47918e-5 -20.9765 9.3371 6.48271e-5 -21.39521 9.070406 6.48572e-5 -21.87547 8.696444 6.49139e-5 -22.01903 -8.850199 -4.86762e-5 -22.01903 7.679262 3.672629 -18.46318 8.292919 3.797074 -19.08876 8.581455 3.988128 -20.04928 9.070406 4.092379 -20.57344 9.3371 4.174083 -20.98412 9.070406 4.267768 -21.45514 8.696444 4.295782 -21.59595 -8.850193 4.295651 -21.59595 7.679262 7.204033 -17.39193 8.292919 7.448136 -17.98122 8.581455 7.822915 -18.88601 9.070406 8.027434 -19.37976 9.3371 8.187643 -19.7666 9.070406 8.371448 -20.21031 8.696436 8.426391 -20.34294 -8.850193 8.426277 -20.34294 7.679262 10.45862 -15.65232 8.292919 10.81298 -16.18267 8.581455 11.3571 -16.99695 9.070406 11.65401 -17.44132 9.3371 11.88661 -17.78947 9.070406 12.15344 -18.1888 8.696436 12.23318 -18.30816 -8.850199 12.23306 -18.30816 7.679253 13.31128 -13.3112 8.29291 13.76231 -13.76221 8.581446 14.45478 -14.45471 9.0704 14.83269 -14.83261 9.337089 15.12877 -15.12869 9.070391 15.46837 -15.46828 8.696419 15.56988 -15.5698 -8.850222 15.56976 -15.5698 7.679246 15.65238 -10.45854 8.292887 16.18272 -10.81291 8.581423 16.99703 -11.35699 9.070378 17.4414 -11.65391 9.337069 17.78956 -11.88653 9.070378 18.18886 -12.15335 8.696403 18.30822 -12.23311 -8.850245 18.3081 -12.2331 7.67923 17.392 -7.203976 8.292887 17.98127 -7.448061 8.581423 18.88605 -7.822828 9.070378 19.37982 -8.027343 9.337069 19.76663 -8.187582 9.070378 20.21034 -8.371367 8.696396 20.34295 -8.426309 -8.850254 20.34294 -8.426309 7.67923 18.46323 -3.672565 8.292887 19.08879 -3.796998 8.581423 20.04928 -3.988057 9.070369 20.57345 -4.092318 9.337059 20.98413 -4.174005 9.070369 21.45516 -4.267695 8.696403 21.59596 -4.295709 -8.850254 21.59595 -4.295708 7.67923 18.82493 -2.45351e-5 8.292887 19.46273 -2.45246e-5 8.581415 20.44208 -2.46352e-5 9.070369 20.9765 -2.46525e-5 9.337059 21.39522 -2.46848e-5 9.070369 21.87549 -2.46707e-5 8.696403 22.01906 -2.46683e-5 -8.850254 22.01903 -2.88076e-5 7.67923 18.46323 3.672532 8.292887 19.08879 3.796972 8.581423 20.04928 3.988026 9.070369 20.57345 4.092294 9.337059 20.98413 4.173981 9.070369 21.45514 4.267676 8.696403 21.59596 4.29568 -8.850254 21.59595 4.295671 7.67923 17.39197 7.203952 8.292887 17.98125 7.448042 8.581423 18.88605 7.822821 9.070378 19.3798 8.027345 9.337069 19.76662 8.187575 9.070378 20.2103 8.371365 8.696403 20.34292 8.426297 -8.850254 20.34292 8.426288 7.679246 15.65236 10.45854 8.292887 16.18272 10.81289 8.581423 16.99701 11.35698 9.070378 17.44137 11.65389 9.337069 17.78954 11.88652 9.070378 18.18885 12.15335 8.696413 18.3082 12.23309 -8.850245 18.30808 12.23309 7.679253 13.31125 13.3112 8.292919 13.76225 13.76221 8.581455 14.45476 14.45472 9.0704 14.83269 14.83262 9.337089 15.12876 15.1287 9.070391 15.46834 15.46828 8.696428 15.56984 15.5698 -8.850222 15.56972 15.5698 8.292925 10.81296 16.18265 8.581462 11.35703 16.99695 9.070406 11.65399 17.4413 9.3371 11.88661 17.78946 9.070406 12.15341 18.18878 8.696444 12.23318 18.30814 -8.850199 12.23306 18.30814 8.292925 7.448118 17.9812 8.581462 7.822897 18.88598 9.070406 8.027417 19.37974 9.3371 8.187643 19.7666 9.070406 8.371448 20.21029 8.696444 8.426374 20.34291 -8.850199 8.426227 20.34292 8.292925 3.797024 19.08873 8.581462 3.988111 20.04926 9.070406 4.092346 20.57343 9.3371 4.174067 20.9841 9.070406 4.267768 21.45513 8.696444 4.295765 21.59593 -8.850199 4.295634 21.59593 7.715464 3.14085e-5 19.9264 -7.696962 -8.2072e-5 19.92639 -7.69697 -3.887493 19.54351 7.715464 -3.887381 19.54351 -7.696962 -7.625561 18.40959 7.715464 -7.625432 18.40959 -7.696962 -11.0706 16.5682 7.715464 -11.07047 16.56819 -7.696962 -14.09015 14.09009 7.715464 -14.09004 14.09008 -7.696962 -16.56824 11.07051 7.715464 -16.56812 11.0705 -7.696962 -18.40965 7.625489 7.715464 -18.40953 7.62549 -7.696962 -19.54356 3.887433 7.715464 -19.54344 3.887433 -7.696962 -19.92645 -2.04826e-5 7.715464 -19.92634 -2.0457e-5 -7.696962 -19.54356 -3.887461 7.715464 -19.54344 -3.887462 -7.696962 -18.40965 -7.625522 7.715464 -18.40953 -7.625522 -7.696962 -16.56823 -11.07053 7.715464 -16.56811 -11.07053 -7.696962 -14.09013 -14.09011 7.715464 -14.09002 -14.09011 -7.696962 -11.07058 -16.56821 7.715464 -11.07046 -16.56821 -7.696962 -7.625545 -18.40962 7.715464 -7.625415 -18.40962 -7.69697 -3.887476 -19.54355 7.715464 -3.887365 -19.54354 -7.69697 -4.87438e-5 -19.92642 7.715464 6.47367e-5 -19.92642 -7.696962 3.887398 -19.54354 7.715464 3.887509 -19.54354 -7.696962 7.625481 -18.40961 7.715464 7.625594 -18.40961 -7.69697 11.07048 -16.56822 7.715464 11.0706 -16.56821 -7.69697 14.09007 -14.09009 7.715456 14.09018 -14.0901 -7.697009 16.56817 -11.07051 7.715433 16.56828 -11.07051 -7.697009 18.40956 -7.62551 7.715433 18.40969 -7.625504 -7.697009 19.54353 -3.887461 7.715433 19.54355 -3.887462 -7.697009 19.92643 -3.29806e-5 7.715433 19.92645 -2.4623e-5 -7.697017 19.54353 3.887421 7.715433 19.54355 3.887428 -7.697017 18.40951 7.625484 7.715433 18.40966 7.625493 -7.697017 16.56817 11.07049 7.715433 16.56828 11.07049 -7.69697 14.09002 14.09011 7.715456 14.09015 14.0901 -7.696962 11.07046 16.5682 7.715464 11.07058 16.5682 -7.696962 7.625448 18.40959 7.715464 7.62556 18.4096 -7.696962 3.887398 19.54351 7.715464 3.887509 19.54352 5.5764 -1.410528 7.091273 5.5764 -2.766843 6.679825 5.5764 1.52588e-5 3.728432 5.5764 -1.426773 3.444622 5.5764 1.410576 7.091273 5.5764 1.66893e-5 7.230197 5.5764 1.426849 3.444622 5.5764 4.016921 6.011684 5.5764 2.766905 6.679825 5.5764 6.011727 4.016879 5.5764 5.112557 5.112514 5.5764 3.444656 1.4268 5.5764 2.636428 2.636391 5.5764 7.09129 1.410534 5.5764 6.67988 2.766869 5.5764 3.728455 -1.14441e-5 5.5764 6.67988 -2.766894 5.5764 7.09129 -1.410549 5.5764 7.230222 -1.14587e-5 5.5764 3.444656 -1.426815 5.5764 6.011727 -4.016902 5.5764 2.636428 -2.636419 5.5764 4.016921 -6.011711 5.5764 5.112557 -5.112543 5.5764 1.426849 -3.444641 5.5764 1.410576 -7.091294 5.5764 2.766905 -6.679856 5.5764 1.52588e-5 -3.728453 5.5764 -1.410528 -7.091292 5.5764 1.66893e-5 -7.230218 5.5764 -1.426773 -3.444641 5.5764 -4.016845 -6.011709 5.5764 -2.766843 -6.679854 5.5764 -2.636368 -2.636419 5.5764 -6.679802 -2.766894 5.5764 -6.01165 -4.0169 5.5764 -5.112494 -5.112541 5.5764 -3.444611 -1.426815 5.5764 -7.230174 -7.85194e-6 5.5764 -7.091257 -1.410549 5.5764 -3.728394 -1.14441e-5 5.5764 -7.091257 1.410534 5.5764 -3.444611 1.4268 5.5764 -6.01165 4.016879 5.5764 -6.679802 2.766873 5.5764 -2.636368 2.636391 5.5764 -4.016845 6.011684 5.5764 -5.112494 5.112514 5.5764 1.269043 5.669861 5.5764 0.8973694 6.567192 7.652779 0.7458801 6.415668 7.652779 1.054779 5.669861 5.5764 1.52588e-5 6.938877 7.652779 4.57764e-5 6.72459 5.5764 -0.8972931 6.567192 7.652779 -0.7457581 6.415668 5.5764 -1.268997 5.669861 7.652779 -1.054657 5.669861 5.5764 -0.8972931 4.772533 7.652779 -0.7457428 4.924065 5.5764 1.52588e-5 4.400856 7.652779 4.57764e-5 4.615147 5.5764 0.8973694 4.772533 7.652779 0.7458801 4.924065 5.5764 -1.410528 7.091273 5.5764 -2.766843 6.679825 5.5764 1.410576 7.091273 5.5764 1.66893e-5 7.230197 5.5764 4.016921 6.011684 5.5764 2.766905 6.679825 5.5764 6.011727 4.016879 5.5764 5.112557 5.112514 5.5764 7.09129 1.410534 5.5764 6.67988 2.766869 5.5764 6.67988 -2.766894 5.5764 7.09129 -1.410549 5.5764 7.230222 -1.14587e-5 5.5764 6.011727 -4.016902 5.5764 4.016921 -6.011711 5.5764 5.112557 -5.112543 5.5764 1.410576 -7.091294 5.5764 2.766905 -6.679856 5.5764 -1.410528 -7.091292 5.5764 1.66893e-5 -7.230218 5.5764 -4.016845 -6.011709 5.5764 -2.766843 -6.679854 5.5764 -6.679802 -2.766894 5.5764 -6.01165 -4.0169 5.5764 -5.112494 -5.112541 5.5764 -7.230174 -7.85194e-6 5.5764 -7.091257 -1.410549 5.5764 -7.091257 1.410534 5.5764 -6.01165 4.016879 5.5764 -6.679802 2.766873 5.5764 -4.016845 6.011684 5.5764 -5.112494 5.112514 8.629039 2.85379e-5 8.125208 8.629039 5.745436 5.745388 8.629039 6.755909 4.514122 8.629039 7.506769 3.109374 8.629039 7.969126 1.585139 8.629039 8.125251 -1.40941e-5 8.629039 7.969126 -1.58516 8.629039 7.506774 -3.109398 8.629039 6.755915 -4.51414 8.629039 5.745442 -5.74541 8.629039 4.514177 -6.755885 8.629039 3.109426 -7.506737 8.629039 1.585199 -7.969108 8.629039 3.54133e-5 -8.125232 8.629039 -1.585116 -7.96911 8.629039 -3.109339 -7.506738 8.629039 -4.514074 -6.755884 8.629039 -5.745352 -5.745411 8.629039 -6.755819 -4.514142 8.629039 -7.506677 -3.1094 8.629039 -7.969056 -1.58516 8.629039 -8.12517 -1.11361e-5 8.629039 -7.969056 1.58514 8.629039 -7.506677 3.109377 8.629039 -6.755821 4.514119 8.629039 -5.745352 5.745385 8.629039 -4.514077 6.755859 8.629039 -3.109346 7.506709 8.629039 -1.58512 7.969086 7.679262 3.17713e-5 18.82487 2.695133 0 18.34873 -8.850199 -8.20045e-5 22.01903 2.695133 -3.579622 17.99616 -8.850199 -4.295766 21.59593 2.695133 -7.021743 16.95201 -8.850199 -8.426375 20.3429 -8.850199 -12.23319 18.30814 -8.850199 -15.56986 15.56979 2.695133 -15.2564 10.194 -8.850199 -18.30822 12.2331 -8.850199 -20.34297 8.426301 2.695133 3.579679 17.99616 -8.850199 -8.2006e-5 21.00299 -8.850199 -4.097545 20.59942 -8.850199 -8.037549 19.40423 -8.850199 -11.66868 17.46334 -8.850199 -14.85142 14.85135 -8.850199 -17.4634 11.66862 -8.850199 -19.40429 8.037481 -8.850199 -20.5995 4.097472 -8.850199 4.097414 20.59943 -5.367885 -9.30835e-5 18.35273 -5.367885 -3.580497 18.00009 -5.367876 -7.023343 16.95571 -5.367885 -10.19628 15.25973 -5.367885 -12.97742 12.97733 -5.367885 -15.25981 10.19623 -5.367885 -16.9558 7.023273 -5.367885 -18.00015 3.580428 -5.367876 3.580367 18.0001 -9.364704 -8.20559e-5 21.511 -9.364704 -4.196647 21.09767 -9.364704 -8.231953 19.87357 -9.364704 -11.95095 17.88574 -9.364704 -15.21063 15.21057 -9.364704 -17.88581 11.95085 -9.364704 -19.87364 8.231893 -9.364704 -21.09772 4.196573 -9.364704 4.1965 21.09768 -8.255879 -9.30835e-5 19.89442 -8.255879 -3.881287 19.51215 -8.255879 -7.613344 18.38005 -8.255879 -11.05282 16.5416 -8.255879 -14.06756 14.06749 -8.255879 -16.54168 11.05274 -8.255879 -18.3801 7.613246 -8.255879 -19.51222 3.881195 2.695133 -10.19397 15.25642 2.695133 -12.97448 12.9745 2.695133 -16.95199 7.021743 2.695133 -18.34873 2.02373e-6 -8.850199 -22.01903 -8.09494e-5 -8.850199 -21.59593 -4.295764 -8.850199 -20.3429 -8.426373 -8.850199 -18.30814 -12.23319 2.695133 -12.9745 -12.97448 -8.850199 -15.56979 -15.56986 2.695133 -10.194 -15.2564 -8.850199 -12.2331 -18.30822 -8.850199 -8.426302 -20.34296 2.695133 -3.579647 -17.99615 -8.850199 -4.295677 -21.596 -8.850199 -21.59593 4.295636 -8.850199 -21.00299 -8.09494e-5 -8.850199 -20.59942 -4.097543 -8.850199 -19.40423 -8.037549 -8.850199 -17.46334 -11.66868 -8.850199 -14.85135 -14.85142 -8.850199 -11.66862 -17.4634 -8.850199 -8.037482 -19.40429 -8.850199 -4.097474 -20.5995 -5.367885 -18.35273 -9.10681e-5 -5.367885 -18.00009 -3.580497 -5.367876 -16.95571 -7.023343 -5.367885 -15.25973 -10.19628 -5.367885 -12.97733 -12.97742 -5.367885 -10.19623 -15.25981 -5.367885 -7.023276 -16.9558 -5.367885 -3.580429 -18.00015 -9.364704 -21.511 -8.09494e-5 -9.364704 -21.09767 -4.196645 -9.364704 -19.87357 -8.231951 -9.364704 -17.88574 -11.95094 -9.364704 -15.21057 -15.21063 -9.364704 -11.95085 -17.88581 -9.364704 -8.231894 -19.87364 -9.364704 -4.196574 -21.09772 -8.255879 -19.89442 -9.10681e-5 -8.255879 -19.51215 -3.881287 -8.255879 -18.38005 -7.613343 -8.255879 -16.5416 -11.05282 -8.255879 -14.06749 -14.06756 -8.255879 -11.05274 -16.54168 -8.255879 -7.613248 -18.3801 -8.255879 -3.881196 -19.51222 2.695133 -17.99616 -3.579621 2.695133 -16.95202 -7.02174 2.695133 -15.25642 -10.19397 2.695133 -7.021745 -16.95199 2.695133 -17.99616 3.579679 -8.850199 7.86798e-5 -22.01903 2.695133 3.57962 -17.99616 -8.850199 4.295763 -21.59593 2.695133 7.02174 -16.95201 -8.850199 8.426371 -20.3429 -8.850199 12.23318 -18.30814 -8.850199 15.56986 -15.56979 -8.850199 18.30822 -12.23311 -8.850199 20.34296 -8.426304 -8.850199 21.596 -4.295678 -8.850199 7.88347e-5 -21.00299 -8.850199 4.097542 -20.59942 -8.850199 8.037547 -19.40423 -8.850199 11.66868 -17.46334 -8.850199 14.85142 -14.85135 -8.850199 17.4634 -11.66862 -8.850199 19.40429 -8.037484 -5.367885 9.03123e-5 -18.35273 -5.367885 3.580495 -18.00009 -5.367876 7.02334 -16.95571 -5.367885 10.19628 -15.25974 -5.367885 12.97742 -12.97733 -5.367885 15.2598 -10.19623 -5.367885 16.95579 -7.023276 -5.367885 18.00015 -3.580431 -9.364704 7.88078e-5 -21.511 -9.364704 4.196644 -21.09767 -9.364704 8.231949 -19.87357 -9.364704 11.95094 -17.88574 -9.364704 15.21063 -15.21057 -9.364704 17.88581 -11.95085 -9.364704 19.87364 -8.231896 -9.364704 21.09772 -4.196577 -8.255879 9.00796e-5 -19.89442 -8.255879 3.881284 -19.51215 -8.255879 7.61334 -18.38005 -8.255879 11.05282 -16.5416 -8.255879 14.06756 -14.06749 -8.255879 16.54168 -11.05274 -8.255879 18.3801 -7.613249 -8.255879 19.51222 -3.881198 2.695133 -2.77058e-6 -18.34873 2.695133 10.19397 -15.25642 2.695133 12.97448 -12.97451 2.695133 15.2564 -10.194 2.695133 16.95199 -7.021745 -8.850199 22.01903 7.76246e-5 2.695133 17.99616 3.579617 -8.850199 21.59593 4.295761 2.695133 16.95202 7.021739 -8.850199 20.3429 8.42637 2.695133 15.25642 10.19397 -8.850199 18.30814 12.23318 -8.850199 15.56979 15.56986 -8.850199 12.23311 18.30822 2.695133 7.021747 16.95199 -8.850199 8.426305 20.34296 -8.850199 4.29568 21.596 2.695133 17.99616 -3.579682 -8.850199 21.00299 7.7778e-5 -8.850199 20.59942 4.09754 -8.850199 19.40423 8.037546 -8.850199 17.46334 11.66868 -8.850199 14.85135 14.85142 -8.850199 11.66862 17.4634 -8.850199 8.037485 19.40429 -8.850199 20.59943 -4.09742 -5.367885 18.35273 8.82969e-5 -5.367885 18.00009 3.580494 -5.367876 16.95571 7.02334 -5.367885 15.25974 10.19628 -5.367885 12.97734 12.97742 -5.367885 10.19623 15.2598 -5.367885 7.023278 16.95579 -9.364704 21.511 7.77013e-5 -9.364704 21.09767 4.196642 -9.364704 19.87357 8.231947 -9.364704 17.88574 11.95094 -9.364704 15.21057 15.21063 -9.364704 11.95085 17.88581 -9.364704 8.231897 19.87364 -8.255879 19.89442 8.80641e-5 -8.255879 19.51215 3.881283 -8.255879 18.38005 7.613341 -8.255879 16.5416 11.05282 -8.255879 14.06749 14.06755 -8.255879 11.05274 16.54168 -8.255879 7.61325 18.3801 -8.255879 3.8812 19.51222 2.695133 18.34873 -4.79432e-6 2.695133 12.97451 12.97447 2.695133 10.194 15.2564 5.5764 5.784514 0.5451517 5.5764 6.523073 1.175925 7.652779 6.332153 1.273176 7.652779 5.718303 0.7489286 5.5764 6.599269 2.144217 7.652779 6.395479 2.077969 5.5764 5.968492 2.88275 7.652779 5.871211 2.691808 5.5764 5.000216 2.958971 7.652779 5.066452 2.755122 5.5764 4.26167 2.32817 7.652779 4.452617 2.230863 5.5764 4.185468 1.359925 7.652779 4.38928 1.426115 5.5764 4.816251 0.6213446 7.652779 4.913554 0.8122454 5.5764 2.305983 -5.332938 5.5764 3.134111 -5.840431 7.652779 3.167604 -5.628802 7.652779 2.479326 -5.206997 5.5764 4.078557 -5.613678 7.652779 3.952577 -5.440335 5.5764 4.586023 -4.785555 7.652779 4.374365 -4.752039 5.5764 4.3593 -3.841116 7.652779 4.185895 -3.967102 5.5764 3.531149 -3.333645 7.652779 3.497611 -3.545316 5.5764 2.586745 -3.560376 7.652779 2.712678 -3.733759 5.5764 2.079237 -4.388521 7.652779 2.290863 -4.422069 5.5764 -4.359338 -3.841088 5.5764 -4.586086 -4.785509 7.652779 -4.374465 -4.751966 7.652779 -4.185995 -3.967029 5.5764 -4.078583 -5.61366 7.652779 -3.952652 -5.44028 5.5764 -3.134174 -5.840384 7.652779 -3.167705 -5.628729 5.5764 -2.306021 -5.332911 7.652779 -2.479426 -5.206925 5.5764 -2.079299 -4.388475 7.652779 -2.290975 -4.421988 5.5764 -2.586771 -3.560358 7.652779 -2.712753 -3.733705 5.5764 -3.531212 -3.333599 7.652779 -3.497724 -3.545234 5.5764 -5.000201 2.959016 5.5764 -5.968468 2.882824 7.652779 -5.871172 2.691926 7.652779 -5.066412 2.755239 5.5764 -6.599258 2.144246 7.652779 -6.39545 2.078058 5.5764 -6.523048 1.175999 7.652779 -6.332115 1.273294 5.5764 -5.784498 0.5451965 7.652779 -5.718264 0.7490463 5.5764 -4.816226 0.6214187 7.652779 -4.913511 0.8123775 5.5764 -4.185457 1.359955 7.652779 -4.389251 1.426203 5.5764 -4.261645 2.328243 7.652779 -4.452573 2.230994 7.652779 0.7458801 6.415668 7.652779 1.054779 5.669861 7.652779 4.57764e-5 6.72459 7.652779 -0.7457581 6.415668 7.652779 -1.054657 5.669861 7.652779 -0.7457428 4.924065 7.652779 4.57764e-5 4.615147 7.652779 0.7458801 4.924065 7.652779 6.332153 1.273176 7.652779 5.718303 0.7489286 7.652779 6.395479 2.077969 7.652779 5.871211 2.691808 7.652779 5.066452 2.755122 7.652779 4.452617 2.230863 7.652779 4.38928 1.426115 7.652779 4.913554 0.8122454 7.652779 3.167604 -5.628802 7.652779 2.479326 -5.206997 7.652779 3.952577 -5.440335 7.652779 4.374365 -4.752039 7.652779 4.185895 -3.967102 7.652779 3.497611 -3.545316 7.652779 2.712678 -3.733759 7.652779 2.290863 -4.422069 7.652779 -4.374465 -4.751966 7.652779 -4.185995 -3.967029 7.652779 -3.952652 -5.44028 7.652779 -3.167705 -5.628729 7.652779 -2.479426 -5.206925 7.652779 -2.290975 -4.421988 7.652779 -2.712753 -3.733705 7.652779 -3.497724 -3.545234 7.652779 -5.871172 2.691926 7.652779 -5.066412 2.755239 7.652779 -6.39545 2.078058 7.652779 -6.332115 1.273294 7.652779 -5.718264 0.7490463 7.652779 -4.913511 0.8123775 7.652779 -4.389251 1.426203 7.652779 -4.452573 2.230994 7.91618 5.392385 1.752026 7.916179 3.332614 -4.587057 7.916181 -3.332716 -4.586983 7.91618 -5.392346 1.752146 7.91618 6.23733e-5 5.669869 7.679262 7.204033 17.39192 7.679262 3.672612 18.46316 7.679262 10.45862 15.65231 8.629039 1.585195 7.969086 8.629039 3.109426 7.506711 8.629039 4.514177 6.755861 7.679253 13.31125 13.3112 8.629039 2.85379e-5 8.125208 7.679262 7.204033 17.39192 7.679262 3.672612 18.46316 7.679262 10.45862 15.65231 8.629039 1.585195 7.969086 8.629039 3.109426 7.506711 8.629039 4.514177 6.755861 7.473285 6.539727 15.78813 7.473286 3.334082 16.76057 7.472026 10.72385 13.17691 7.473286 9.49409 14.20903 7.472032 1.734642 16.90034 8.160544 1.634365 9.583747 8.159294 1.925954 9.035069 8.159294 3.388655 8.180831 8.159294 5.026986 7.750577 8.160546 5.621129 7.932381 7.811147 6.667022 16.09545 7.811147 3.398847 17.08683 7.809886 11.22875 13.21349 7.811147 9.678996 14.48553 7.809892 1.403485 17.28323 8.498409 1.322769 9.317638 8.497155 1.655972 8.814202 8.497155 3.266118 7.885 8.497155 5.061717 7.403495 8.498411 5.653292 7.523882 2.695133 6.539727 15.78813 2.695133 3.333963 16.76058 2.695133 10.73643 13.18932 2.695133 9.494181 14.20895 2.695133 1.734523 16.91801 2.695133 1.634769 9.600351 2.695133 1.926314 9.035046 2.695133 3.388655 8.180831 2.695133 5.026715 7.750817 2.695133 5.632583 7.944408 7.679253 18.82492 -2.83323e-5 8.629039 5.745409 5.74537 8.629039 8.125241 -3.38554e-5 7.679262 17.39197 7.203923 7.679262 15.65235 10.4585 7.679262 18.46322 3.672498 8.629039 6.755897 4.514093 8.629039 7.506742 3.109351 8.629039 7.96912 1.58511 7.473285 15.78818 6.539612 7.473286 14.20907 9.493963 7.472026 16.90039 1.734581 7.473286 16.76064 3.333966 7.472032 13.17692 10.72377 8.160544 7.932403 5.621063 8.159294 7.750613 5.026904 8.159294 8.180863 3.38858 8.159294 9.035102 1.92587 8.160546 9.58378 1.634303 7.811147 16.0955 6.666908 7.811147 14.48556 9.67887 7.809886 17.28328 1.403424 7.811147 17.0869 3.398732 7.809892 13.2135 11.22867 8.498409 7.523903 5.653226 8.497155 7.40353 5.061634 8.497155 7.885031 3.266043 8.497155 8.814236 1.655888 8.498411 9.31767 1.322707 2.695133 15.78818 6.539612 2.695133 14.20899 9.494055 2.695133 16.91806 1.734462 2.695133 16.76065 3.333846 2.695133 13.18933 10.73635 2.695133 7.944428 5.632517 2.695133 7.750852 5.026633 2.695133 8.180863 3.38858 2.695133 9.03508 1.926232 2.695133 9.600383 1.634707 7.679253 13.31121 -13.31125 8.629039 5.745388 -5.745436 7.679262 17.39192 -7.204032 7.679262 18.46316 -3.672611 7.679262 15.65231 -10.45862 8.629039 7.969086 -1.585194 8.629039 7.506711 -3.109426 8.629039 6.755861 -4.514176 7.473285 15.78813 -6.539725 7.473286 16.76057 -3.33408 7.472026 13.17691 -10.72384 7.473286 14.20903 -9.494089 7.472032 16.90034 -1.73464 8.160544 9.583747 -1.634364 8.159294 9.035069 -1.925953 8.159294 8.180831 -3.388655 8.159294 7.750578 -5.026986 8.160546 7.932382 -5.621129 7.811147 16.09545 -6.667021 7.811147 17.08683 -3.398846 7.809886 13.21349 -11.22875 7.811147 14.48553 -9.678995 7.809892 17.28323 -1.403484 8.498409 9.317638 -1.322768 8.497155 8.814202 -1.655971 8.497155 7.885 -3.266118 8.497155 7.403495 -5.061716 8.498411 7.523882 -5.653292 2.695133 15.78813 -6.539725 2.695133 16.76058 -3.333962 2.695133 13.18932 -10.73642 2.695133 14.20895 -9.49418 2.695133 16.91801 -1.734521 2.695133 9.600351 -1.634768 2.695133 9.035046 -1.926313 2.695133 8.180831 -3.388655 2.695133 7.750817 -5.026714 2.695133 7.944408 -5.632582 8.629039 -3.33786e-5 -8.125241 7.679262 7.203926 -17.39197 7.679262 10.4585 -15.65235 7.679262 3.6725 -18.46322 8.629039 4.514094 -6.755897 8.629039 3.109351 -7.506742 8.629039 1.585111 -7.96912 7.473285 6.539613 -15.78818 7.473286 9.493964 -14.20906 7.472026 1.734582 -16.90039 7.473286 3.333966 -16.76064 7.472032 10.72377 -13.17692 8.160544 5.621063 -7.932402 8.159294 5.026904 -7.750613 8.159294 3.388581 -8.180863 8.159294 1.925871 -9.035101 8.160546 1.634303 -9.583781 7.811147 6.666909 -16.0955 7.811147 9.678871 -14.48556 7.809886 1.403425 -17.28328 7.811147 3.398733 -17.0869 7.809892 11.22867 -13.2135 8.498409 5.653227 -7.523903 8.497155 5.061634 -7.40353 8.497155 3.266044 -7.88503 8.497155 1.655889 -8.814236 8.498411 1.322708 -9.31767 2.695133 6.539613 -15.78818 2.695133 9.494056 -14.20899 2.695133 1.734463 -16.91806 2.695133 3.333847 -16.76065 2.695133 10.73635 -13.18933 2.695133 5.632517 -7.944427 2.695133 5.026633 -7.750851 2.695133 3.388581 -8.180863 2.695133 1.926232 -9.03508 2.695133 1.634708 -9.600383 7.679253 -13.31125 -13.31121 8.629039 -5.745435 -5.745389 7.679262 -2.89288e-5 -18.82487 7.679262 -7.20403 -17.39192 7.679262 -3.67261 -18.46316 7.679262 -10.45862 -15.65232 8.629039 -1.585194 -7.969087 8.629039 -3.109425 -7.506711 8.629039 -4.514176 -6.755862 7.473285 -6.539724 -15.78813 7.473286 -3.334079 -16.76057 7.472026 -10.72384 -13.17691 7.473286 -9.494088 -14.20903 7.472032 -1.734639 -16.90034 8.160544 -1.634363 -9.583747 8.159294 -1.925953 -9.035069 8.159294 -3.388654 -8.180833 8.159294 -5.026985 -7.750578 8.160546 -5.621127 -7.932382 7.811147 -6.667019 -16.09546 7.811147 -3.398845 -17.08683 7.809886 -11.22875 -13.2135 7.811147 -9.678994 -14.48553 7.809892 -1.403482 -17.28323 8.498409 -1.322767 -9.317638 8.497155 -1.65597 -8.814202 8.497155 -3.266117 -7.885001 8.497155 -5.061716 -7.403496 8.498411 -5.653291 -7.523883 2.695133 -6.539724 -15.78813 2.695133 -3.333961 -16.76058 2.695133 -10.73642 -13.18933 2.695133 -9.494179 -14.20895 2.695133 -1.734521 -16.91801 2.695133 -1.634767 -9.600351 2.695133 -1.926313 -9.035046 2.695133 -3.388654 -8.180833 2.695133 -5.026714 -7.750818 2.695133 -5.632582 -7.944409 7.679253 -18.82492 2.54898e-5 8.629039 -8.125241 3.26286e-5 7.679262 -17.39197 -7.203926 7.679262 -15.65235 -10.4585 7.679262 -18.46322 -3.672501 8.629039 -6.755896 -4.514094 8.629039 -7.506742 -3.109352 8.629039 -7.96912 -1.585111 7.473285 -15.78818 -6.539614 7.473286 -14.20907 -9.493965 7.472026 -16.90039 -1.734583 7.473286 -16.76064 -3.333968 7.472032 -13.17692 -10.72377 8.160544 -7.932402 -5.621064 8.159294 -7.750612 -5.026905 8.159294 -8.180863 -3.388581 8.159294 -9.035102 -1.925872 8.160546 -9.58378 -1.634304 7.811147 -16.0955 -6.66691 7.811147 -14.48556 -9.678872 7.809886 -17.28328 -1.403426 7.811147 -17.0869 -3.398735 7.809892 -13.2135 -11.22867 8.498409 -7.523902 -5.653227 8.497155 -7.403529 -5.061635 8.497155 -7.88503 -3.266044 8.497155 -8.814236 -1.655889 8.498411 -9.31767 -1.322709 2.695133 -15.78818 -6.539614 2.695133 -14.20899 -9.494057 2.695133 -16.91806 -1.734465 2.695133 -16.76065 -3.333849 2.695133 -13.18933 -10.73635 2.695133 -7.944427 -5.632519 2.695133 -7.750851 -5.026634 2.695133 -8.180863 -3.388581 2.695133 -9.03508 -1.926233 2.695133 -9.600383 -1.634709 7.679253 -13.31121 13.31124 8.629039 -5.745389 5.745435 7.679262 -17.39192 7.20403 7.679262 -18.46316 3.672608 7.679262 -15.65232 10.45862 8.629039 -7.969087 1.585193 8.629039 -7.506711 3.109425 8.629039 -6.755861 4.514175 7.473285 -15.78813 6.539723 7.473286 -16.76057 3.334077 7.472026 -13.17692 10.72384 7.473286 -14.20903 9.494087 7.472032 -16.90034 1.734638 8.160544 -9.583747 1.634363 8.159294 -9.035069 1.925951 8.159294 -8.180833 3.388654 8.159294 -7.750579 5.026985 8.160546 -7.932383 5.621128 7.811147 -16.09545 6.667019 7.811147 -17.08683 3.398844 7.809886 -13.2135 11.22875 7.811147 -14.48553 9.678993 7.809892 -17.28323 1.403482 8.498409 -9.317638 1.322767 8.497155 -8.814202 1.655969 8.497155 -7.885 3.266117 8.497155 -7.403496 5.061715 8.498411 -7.523883 5.653291 2.695133 -15.78813 6.539723 2.695133 -16.76058 3.33396 2.695133 -13.18933 10.73642 2.695133 -14.20895 9.494178 2.695133 -16.91801 1.734518 2.695133 -9.600351 1.634767 2.695133 -9.035046 1.926312 2.695133 -8.180833 3.388654 2.695133 -7.750818 5.026713 2.695133 -7.944409 5.632581 7.679253 2.34661e-5 18.82492 7.679262 -7.203927 17.39197 7.679262 -10.4585 15.65235 7.679262 -3.672503 18.46322 8.629039 -4.514095 6.755897 8.629039 -3.109352 7.506741 8.629039 -1.585112 7.969119 7.473285 -6.539615 15.78818 7.473286 -9.493966 14.20906 7.472026 -1.734584 16.90039 7.473286 -3.333969 16.76064 7.472032 -10.72377 13.17691 8.160544 -5.621065 7.932401 8.159294 -5.026905 7.750612 8.159294 -3.388582 8.180863 8.159294 -1.925872 9.035101 8.160546 -1.634305 9.583781 7.811147 -6.666911 16.0955 7.811147 -9.678873 14.48556 7.809886 -1.403427 17.28328 7.811147 -3.398736 17.0869 7.809892 -11.22868 13.2135 8.498409 -5.653228 7.523902 8.497155 -5.061635 7.403529 8.497155 -3.266045 7.885029 8.497155 -1.65589 8.814236 8.498411 -1.32271 9.31767 2.695133 -6.539615 15.78818 2.695133 -9.494058 14.20899 2.695133 -1.734466 16.91806 2.695133 -3.33385 16.76065 2.695133 -10.73635 13.18933 2.695133 -5.632518 7.944427 2.695133 -5.026634 7.75085 2.695133 -3.388582 8.180863 2.695133 -1.926234 9.03508 2.695133 -1.63471 9.600383 2.695133 0 18.34873 2.695133 -3.579622 17.99616 2.695133 -7.021743 16.95201 2.695133 -15.2564 10.194 2.695133 3.579679 17.99616 2.695133 -10.19397 15.25642 2.695133 -12.97448 12.9745 2.695133 -16.95199 7.021743 2.695133 -18.34873 2.02373e-6 2.695133 -12.9745 -12.97448 2.695133 -10.194 -15.2564 2.695133 -3.579647 -17.99615 2.695133 -17.99616 -3.579621 2.695133 -16.95202 -7.02174 2.695133 -15.25642 -10.19397 2.695133 -7.021745 -16.95199 2.695133 -17.99616 3.579679 2.695133 3.57962 -17.99616 2.695133 7.02174 -16.95201 2.695133 -2.77058e-6 -18.34873 2.695133 10.19397 -15.25642 2.695133 12.97448 -12.97451 2.695133 15.2564 -10.194 2.695133 16.95199 -7.021745 2.695133 17.99616 3.579617 2.695133 16.95202 7.021739 2.695133 15.25642 10.19397 2.695133 7.021747 16.95199 2.695133 17.99616 -3.579682 2.695133 18.34873 -4.79432e-6 2.695133 12.97451 12.97447 2.695133 10.194 15.2564 2.695133 6.539727 15.78813 2.695133 3.333963 16.76058 2.695133 10.73643 13.18932 2.695133 9.494181 14.20895 2.695133 1.734523 16.91801 2.695133 1.634769 9.600351 2.695133 1.926314 9.035046 2.695133 3.388655 8.180831 2.695133 5.026715 7.750817 2.695133 5.632583 7.944408 2.695133 15.78818 6.539612 2.695133 14.20899 9.494055 2.695133 16.91806 1.734462 2.695133 16.76065 3.333846 2.695133 13.18933 10.73635 2.695133 7.944428 5.632517 2.695133 7.750852 5.026633 2.695133 8.180863 3.38858 2.695133 9.03508 1.926232 2.695133 9.600383 1.634707 2.695133 15.78813 -6.539725 2.695133 16.76058 -3.333962 2.695133 13.18932 -10.73642 2.695133 14.20895 -9.49418 2.695133 16.91801 -1.734521 2.695133 9.600351 -1.634768 2.695133 9.035046 -1.926313 2.695133 8.180831 -3.388655 2.695133 7.750817 -5.026714 2.695133 7.944408 -5.632582 2.695133 6.539613 -15.78818 2.695133 9.494056 -14.20899 2.695133 1.734463 -16.91806 2.695133 3.333847 -16.76065 2.695133 10.73635 -13.18933 2.695133 5.632517 -7.944427 2.695133 5.026633 -7.750851 2.695133 3.388581 -8.180863 2.695133 1.926232 -9.03508 2.695133 1.634708 -9.600383 2.695133 -6.539724 -15.78813 2.695133 -3.333961 -16.76058 2.695133 -10.73642 -13.18933 2.695133 -9.494179 -14.20895 2.695133 -1.734521 -16.91801 2.695133 -1.634767 -9.600351 2.695133 -1.926313 -9.035046 2.695133 -3.388654 -8.180833 2.695133 -5.026714 -7.750818 2.695133 -5.632582 -7.944409 2.695133 -15.78818 -6.539614 2.695133 -14.20899 -9.494057 2.695133 -16.91806 -1.734465 2.695133 -16.76065 -3.333849 2.695133 -13.18933 -10.73635 2.695133 -7.944427 -5.632519 2.695133 -7.750851 -5.026634 2.695133 -8.180863 -3.388581 2.695133 -9.03508 -1.926233 2.695133 -9.600383 -1.634709 2.695133 -15.78813 6.539723 2.695133 -16.76058 3.33396 2.695133 -13.18933 10.73642 2.695133 -14.20895 9.494178 2.695133 -16.91801 1.734518 2.695133 -9.600351 1.634767 2.695133 -9.035046 1.926312 2.695133 -8.180833 3.388654 2.695133 -7.750818 5.026713 2.695133 -7.944409 5.632581 2.695133 -6.539615 15.78818 2.695133 -9.494058 14.20899 2.695133 -1.734466 16.91806 2.695133 -3.33385 16.76065 2.695133 -10.73635 13.18933 2.695133 -5.632518 7.944427 2.695133 -5.026634 7.75085 2.695133 -3.388582 8.180863 2.695133 -1.926234 9.03508 2.695133 -1.63471 9.600383 2.695133 4.73608e-7 -3.30774e-7 5.5764 1.52588e-5 3.728432 5.5764 -1.426773 3.444622 5.5764 1.426849 3.444622 5.5764 3.444656 1.4268 5.5764 2.636428 2.636391 5.5764 3.728455 -1.14441e-5 5.5764 3.444656 -1.426815 5.5764 2.636428 -2.636419 5.5764 1.426849 -3.444641 5.5764 1.52588e-5 -3.728453 5.5764 -1.426773 -3.444641 5.5764 -2.636368 -2.636419 5.5764 -3.444611 -1.426815 5.5764 -3.728394 -1.14441e-5 5.5764 -3.444611 1.4268 5.5764 -2.636368 2.636391 7.05278 -2.916644 -1.12256e-5 7.05278 -2.694646 1.116156 7.05278 1.116202 2.694659 7.05278 2.062433 2.062395 7.05278 2.062433 -2.062422 7.05278 1.116202 -2.694678 7.05278 1.81126e-5 -2.916698 7.05278 -1.116131 -2.694678 7.05278 -2.062374 -2.062422 7.05278 1.81126e-5 2.916678 7.05278 2.694694 1.116156 7.05278 -1.116131 2.694659 7.05278 -2.694646 -1.116172 7.05278 2.694694 -1.116172 7.05278 2.916704 -1.12256e-5 7.05278 -2.062374 2.062395</float_array>
          <technique_common>
            <accessor source="#daewon_dx8_01a_16x7-mesh-positions-array" count="1198" stride="3">
              <param name="X" type="float"/>
              <param name="Y" type="float"/>
              <param name="Z" type="float"/>
            </accessor>
          </technique_common>
        </source>
        <source id="daewon_dx8_01a_16x7-mesh-normals">
          <float_array id="daewon_dx8_01a_16x7-mesh-normals-array" count="2976">0.6454154 -0.4243665 0.6351 0.9999983 -0.001312315 0.001312315 0.9999983 -0.001037657 0.001525938 0.7206172 0 -0.6933332 0.8711096 0.09579974 -0.481654 0.7206246 0.1352621 -0.6800032 0.8648918 0.417354 0.2788871 0.8711125 0.3472486 0.3472486 0.8711183 0.4083205 0.2728139 0.8648808 -0.2788835 0.4173792 0.7962516 -0.4277601 0.4277907 0.8648898 -0.3549408 0.3549408 0.7962449 0.5030168 -0.3361075 0.7962516 0.4277601 -0.4277907 0.6454203 0.7491551 0.1489948 0.9999983 0.001861631 0 0.6454167 0.7638307 0 0.9999983 -0.001312315 -0.001312315 0.6454154 -0.4243665 -0.6351 0.9999983 -0.001037657 -0.001525938 0.7206184 0.4902597 -0.4902597 0.8711183 0.4083205 -0.2728139 0.7206251 0.5764818 -0.3851859 0.864882 0.1920874 0.4637689 0.8711096 0.09579974 0.481654 0.8711169 0.1879083 0.4537023 0.796244 0.1180174 0.5933529 0.8648821 0.09790539 0.4923349 0.9999983 -3.35713e-4 0.001831114 0.7962614 0.2314926 -0.5589089 0.796244 0.1180174 -0.5933529 0.6453876 -0.5401272 0.5401272 0.9999983 -0.001556456 0.001037657 -0.3596708 0.1820175 -0.9151539 0.6453958 0.2923157 -0.7057024 0.6454024 0.1489977 -0.7491698 -0.5521637 0.4631986 -0.6932261 0.5230036 0.6026887 -0.6026887 -0.5521571 0.5895434 -0.5895434 0.6453958 -0.2923157 0.7057024 0.9999983 -7.01946e-4 0.001709043 0.796244 -0.1180174 -0.5933529 0.8648805 0 -0.501978 0.8648821 -0.09790539 -0.4923349 0.8648808 -0.4173792 -0.2788835 0.8711125 -0.3472486 -0.3472486 0.8711183 -0.4083205 -0.2728139 0.8648881 -0.2788554 -0.4173827 0.7962478 -0.2314887 -0.5589299 0.864882 -0.1920874 -0.4637689 0.7962449 -0.5030168 0.3361075 0.9999983 0.001709043 -7.01946e-4 0.7962478 -0.5589299 0.2314887 0.9999983 7.01946e-4 -0.001709043 0.9999983 3.66233e-4 -0.001831114 -0.3596375 0 0.9330922 0.6453877 -0.1489943 0.7491832 0.6454167 0 0.7638307 -0.5521637 -0.4631986 0.6932261 0.5230066 -0.3261581 0.7874549 0.5230051 -0.4735336 0.708683 0.8711096 -0.481654 -0.09579974 0.7206317 -0.640548 -0.265308 0.7206246 -0.6800032 -0.1352621 0.8711096 -0.09579974 -0.481654 0.8711114 0 -0.4910855 0.8648808 -0.4173792 0.2788835 0.9999983 0.001831114 -3.35713e-4 0.7962584 -0.5933331 0.1180196 0.6453876 0.5401272 -0.5401272 -0.3596994 0.7758288 -0.5183687 0.6453852 0.6351308 -0.4243666 -0.552151 0.1626361 -0.8177279 0.5230066 0.3261581 -0.7874549 -0.5521571 0.3190498 -0.7702791 0.8711169 0.4537023 0.1879083 0.7206251 0.5764818 0.3851859 0.7206177 0.640566 0.2653028 0.8711169 0.1879083 -0.4537023 0.8648808 0.2788835 -0.4173792 0.8711183 0.2728139 -0.4083205 0.7962449 0.3361075 0.5030168 0.7962411 0.427785 0.427785 -0.3596708 0.9151539 0.1820175 -0.5521637 -0.6932261 -0.4631986 0.5230036 -0.6026887 -0.6026887 -0.5521571 -0.5895434 -0.5895434 0.8711096 0.481654 0.09579974 0.7206246 0.6800032 0.1352621 0.8648898 0.3549408 -0.3549408 0.8711125 0.3472486 -0.3472486 0.8648808 0.2788835 0.4173792 0.7962478 0.2314887 0.5589299 0.7962478 0.5589299 -0.2314887 0.9999983 -0.001800596 3.35713e-4 0.796244 0.5933529 -0.1180174 0.6453819 0.7057176 -0.2923094 -0.3596708 0.9151539 -0.1820175 0.6453877 0.7491832 -0.1489943 -0.5521637 0.6932261 -0.4631986 0.5230066 0.7874549 -0.3261581 -0.5521571 0.7702791 -0.3190498 0.9999983 -0.001831114 -3.35713e-4 0.6454194 -0.7056948 -0.2922821 0.9999983 -0.001709043 -7.01946e-4 0.8711114 -0.4910855 0 0.7206172 -0.6933332 0 0.8648821 -0.4923349 -0.09790539 0.8711169 -0.4537023 -0.1879083 0.9999983 3.35713e-4 0.001831114 0.9999983 0.001556456 0.001037657 0.796262 -0.4277657 -0.4277657 0.7962449 -0.5030168 -0.3361075 0.9999983 0 0.001861631 -0.3596708 -0.1820175 0.9151539 0.7206317 -0.640548 0.265308 0.8711096 -0.481654 0.09579974 0.7206246 -0.6800032 0.1352621 0.8648943 0.1920902 -0.4637449 0.9999983 0 -0.001861631 0.796244 -0.1180174 0.5933529 0.7962416 0 0.6049788 -0.3596708 0.1820175 0.9151539 0.6454024 0.1489977 0.7491698 -0.552151 0.8177279 0.1626361 0.5230022 0.8523314 0 0.5230084 0.8359527 0.1662688 0.8711114 0.4910855 0 0.7206172 0.6933332 0 0.8648805 -0.501978 0 0.7962416 -0.6049788 0 -0.3596743 0 -0.9330779 0.6453839 0 -0.7638584 -0.552151 -0.8177279 -0.1626361 0.5230066 -0.7874549 -0.3261581 -0.5521571 -0.7702791 -0.3190498 0.8711183 -0.2728139 0.4083205 0.7206546 -0.4902331 0.4902331 0.7206398 -0.3851774 0.5764691 0.8711183 0.2728139 0.4083205 0.796244 0.5933529 0.1180174 0.864882 0.4637689 0.1920874 0.8648821 0.4923349 0.09790539 0.6453977 -0.6351126 0.4243748 -0.3596713 -0.8620514 0.3570772 0.6453958 -0.7057024 0.2923157 0.5230051 -0.708683 -0.4735336 0.7206246 0.6800032 -0.1352621 0.8648898 0.3549408 0.3549408 0.8648805 0 0.501978 0.7962478 0.5589299 0.2314887 0.9999983 7.01946e-4 0.001709043 0.6453876 0.5401272 0.5401272 0.9999983 0.001037657 0.001556456 0.9999983 0.001312315 0.001312315 0.7206184 0.4902597 0.4902597 0.864882 -0.4637689 0.1920874 0.7962584 -0.5933331 -0.1180196 0.6453877 -0.1489943 -0.7491832 0.9999983 -3.35713e-4 -0.001831114 0.6454203 -0.7491551 0.1489948 0.9999983 -0.001556456 -0.001037657 0.6453876 -0.5401272 -0.5401272 0.8711169 -0.1879083 0.4537023 0.7206464 -0.2653021 0.6405339 0.8648951 0.4923117 -0.09790688 0.8711096 0.481654 -0.09579974 0.7962449 0.5030168 0.3361075 0.9999983 0.001312315 -0.001312315 0.9999983 -7.01946e-4 -0.001709043 -0.3596713 -0.3570772 -0.8620514 0.6453958 -0.2923157 -0.7057024 0.9999983 0.001556456 -0.001037657 0.7206525 -0.5764487 -0.3851842 0.7206184 -0.4902597 -0.4902597 0.8711169 0.4537023 -0.1879083 0.8648821 -0.4923349 0.09790539 0.7962421 -0.2315175 0.5589259 0.5230127 0.7086933 0.47351 0.8758058 0.3412948 0.3412948 0.5230036 0.6026887 0.6026887 -0.3596671 -0.775825 -0.5183967 0.6453852 -0.6351308 -0.4243666 -0.5521637 0.6932261 0.4631986 0.5230066 0.7874549 0.3261581 0.7206177 0.640566 -0.2653028 0.864882 0.4637689 -0.1920874 0.7962449 0.3361075 -0.5030168 -0.3596671 -0.775825 0.5183967 -0.5521571 -0.3190498 0.7702791 0.5230084 -0.1662688 0.8359527 0.7206398 0.3851774 0.5764691 0.8711169 -0.4537023 0.1879083 0.7962563 0 -0.6049595 0.8648821 0.09790539 -0.4923349 0.6453852 0.4243666 -0.6351308 -0.3596653 0.6597883 -0.6597883 0.5230084 0.8359527 -0.1662688 -0.552151 0.8177279 -0.1626361 0.7206317 0.265308 0.640548 0.9999983 0.001831114 3.66233e-4 0.7962422 -0.558926 -0.2315175 -0.552151 -0.1626361 -0.8177279 0.5230022 0 -0.8523314 -0.5521481 0 -0.8337461 0.8711096 -0.09579974 0.481654 0.864882 -0.1920874 0.4637689 0.8648821 -0.09790539 0.4923349 0.5230084 0.1662688 -0.8359527 0.8758103 0.1847023 -0.4459165 -0.3596979 0.862042 -0.3570733 -0.5521481 0 0.8337461 0.5230084 0.1662688 0.8359527 0.5230022 0 0.8523314 0.9999983 -0.001831114 0 0.6453877 -0.7491832 -0.1489943 0.7206398 0.3851774 -0.5764691 0.864882 -0.4637689 -0.1920874 -0.3596653 0.6597883 0.6597883 0.6453977 0.4243748 0.6351126 -0.5521571 -0.3190498 -0.7702791 0.5230084 -0.1662688 -0.8359527 0.8711114 0 0.4910855 0.7206246 -0.1352621 0.6800032 0.7206172 0 0.6933332 0.8711169 -0.1879083 -0.4537023 -0.3596979 0.862042 0.3570733 0.6453819 0.7057176 0.2923094 -0.5521571 0.3190498 0.7702791 0.5230051 0.4735336 0.708683 0.5230066 0.3261581 0.7874549 0.7206246 0.1352621 0.6800032 1 0 0 0.7962449 -0.3361075 0.5030168 0.7962531 -0.3360804 -0.503022 -0.3596708 -0.1820175 -0.9151539 0.7206525 -0.5764487 0.3851842 0.8648808 0.4173792 -0.2788835 0.9999983 0.001007139 -0.001525938 -0.3596641 0.9330819 0 0.5230051 0.708683 -0.4735336 0.8648898 -0.3549408 -0.3549408 0.6453958 0.2923157 0.7057024 -0.3596671 0.5183967 0.775825 0.8711183 -0.4083205 0.2728139 0.8711125 -0.3472486 0.3472486 0.7962416 0.6049788 0 0.8648805 0.501978 0 -0.3596994 0.7758288 0.5183687 -0.5521622 0.8337368 0 0.7206251 -0.3851859 -0.5764818 -0.3596713 0.3570772 0.8620514 -0.552151 -0.8177279 0.1626361 0.5230066 -0.7874549 0.3261581 0.5230084 -0.8359527 0.1662688 0.9999983 -0.001709043 7.01946e-4 -0.3596979 -0.3570733 0.862042 0.9999983 0.001709043 7.01946e-4 -0.3596974 -0.9151439 -0.1820155 -0.552151 -0.1626361 0.8177279 0.6453852 0.6351308 0.4243666 0.5230051 0.4735336 -0.708683 0.7206246 -0.1352621 -0.6800032 0.7206317 -0.265308 -0.640548 0.8711183 -0.2728139 -0.4083205 -0.3596671 -0.5183967 -0.775825 -0.5521637 0.4631986 0.6932261 -0.3596713 -0.8620514 -0.3570772 -0.5521637 -0.4631986 -0.6932261 0.5230066 -0.3261581 -0.7874549 0.7206317 0.265308 -0.640548 -0.3596708 -0.9151539 0.1820175 0.6453839 -0.7638584 0 -0.5521571 -0.5895434 0.5895434 0.5230036 -0.6026887 0.6026887 -0.3597009 -0.9330677 0 0.8758176 0.4013007 -0.2681442 0.8758101 -0.09415179 0.4733837 0.8758103 -0.1847023 0.4459165 0.8758103 0.4459165 -0.1847023 0.8758101 0.4733837 -0.09415179 -0.5521571 0.5895434 0.5895434 0.8758078 0.4826602 0 0.8758101 0.4733837 0.09415179 0.8758176 0.2681442 0.4013007 0.8758176 -0.2681442 -0.4013007 0.8758103 -0.1847023 -0.4459165 -0.5521481 -0.8337461 0 0.8758058 0.3412948 -0.3412948 0.8758058 -0.3412948 0.3412948 -0.5521571 0.7702791 0.3190498 0.8758101 -0.4733837 -0.09415179 0.8758103 -0.4459165 -0.1847023 0.8758078 0 -0.4826602 0.8758101 0.09415179 -0.4733837 -0.3596919 -0.659781 0.659781 0.8758078 -0.4826602 0 0.5230084 -0.8359527 -0.1662688 0.5230022 -0.8523314 0 0.5230051 -0.708683 0.4735336 0.8758176 -0.4013007 0.2681442 -0.3596994 0.5183687 -0.7758288 0.8758176 0.2681442 -0.4013007 -0.3596671 -0.5183967 0.775825 0.8758101 -0.09415179 -0.4733837 0.8758103 0.1847023 0.4459165 -0.5521571 -0.7702791 0.3190498 0.8758101 0.09415179 0.4733837 0.8758058 -0.3412948 -0.3412948 0.5230051 -0.4735336 -0.708683 0.8758103 -0.4459165 0.1847023 0.8758101 -0.4733837 0.09415179 -0.3596991 -0.6597943 -0.6597638 0.8758176 -0.4013007 -0.2681442 0.8758078 0 0.4826602 0.8758222 0.445892 0.1847048 -0.3596713 0.3570772 -0.8620514 0.8758176 0.4013007 0.2681442 -0.552151 0.1626361 0.8177279 0.8758176 -0.2681442 0.4013007 -0.552152 -0.6932419 0.4631887 1 0 0 1 0 0 1 1.93076e-7 0 1 -1.83453e-7 0 1 -3.66902e-7 0 1 7.33801e-7 0 1 0 0 1 -7.72305e-7 0 1 0 0 1 0 0 1 -3.66908e-7 0 1 -3.8615e-7 0 0.1026356 0.7033726 0.7033726 0.1026367 0.9947189 0 0.1026356 0.7033726 -0.7033726 0.1026669 -0.9947159 0 0.1026657 -0.7033704 -0.7033704 0.1026367 0 -0.9947189 0.1026657 -0.7033704 0.7033704 0.1026367 0 0.9947189 0.1026356 -0.7033726 0.7033726 0.2813242 0.9411757 -0.1872035 0.2813252 0.9596126 0 0.2813284 0.88656 -0.3672407 0.2813236 0.5331354 0.7978871 0.2813317 0.6785472 0.6785472 0.2813252 0 -0.9596126 0.2813242 0.1872035 -0.9411756 0.2813317 0.6785472 -0.6785472 0.2813236 0.7978871 -0.5331354 0.2813236 0.7978871 0.5331354 0.2813533 -0.9596043 0 0.2813523 -0.9411676 -0.1872019 0.2813597 -0.8865623 -0.3672112 0.2813242 -0.1872035 -0.9411756 0.2813242 0.9411757 0.1872035 0.2813284 0.88656 0.3672407 0.2813282 0.5331135 -0.7979 0.2813517 -0.7978802 -0.5331308 0.2813252 0 0.9596126 0.2813242 0.1872035 0.9411756 0.2813562 -0.5331089 -0.7978932 0.2813597 -0.3672112 -0.8865623 0.2813523 -0.9411676 0.1872019 0.2813523 -0.1872019 0.9411675 0.2813242 -0.1872035 0.9411756 0.2813598 -0.6785414 0.6785414 0.2813562 -0.5331089 0.7978932 0.2813598 -0.6785414 -0.6785414 0.2813284 0.3672407 -0.88656 0.2813316 0.3672143 0.8865699 0.2813597 -0.8865623 0.3672112 0.2813517 -0.7978802 0.5331308 0.2813316 0.3672143 -0.8865699 0.2813523 -0.1872019 -0.9411675 0.2813597 -0.3672112 0.8865623 0.2813517 -0.5331308 -0.7978802 -0.7156441 0.3880513 -0.5807494 -0.2465925 0.6852708 -0.6852708 -0.7156424 0.4938907 -0.4938907 -0.9990166 0.008636891 0.04348987 -0.7964926 0 -0.6046483 -0.999015 0 0.04437488 -0.9990153 -0.008636891 0.04352033 -0.7026064 0 0.7115789 -0.9990153 -0.03137367 0.03137367 -0.7026189 -0.3953185 0.5916502 -0.9990148 -0.02465945 0.03689765 -0.7025971 -0.6574278 0.2722979 -0.9990148 -0.03689765 0.02465945 -0.9990143 -0.04101771 0.0169686 -0.7964832 0.1179556 -0.593044 -0.9990156 -0.01696866 0.04098725 -0.7026083 -0.1388003 0.6979084 -0.999014 -0.04355078 0.008636891 -0.7964897 0.5586232 -0.2313964 -0.7964832 0.593044 -0.1179556 -0.7156457 0 -0.6984634 -0.7156521 0.1362391 -0.685041 -0.7156441 0.5807494 -0.3880513 -0.715645 0.6452982 -0.2672873 -0.7156521 0.685041 -0.1362391 -0.7964897 0.2313964 -0.5586232 -0.715645 0.2672873 -0.6452982 -0.7964864 0.427572 -0.4275415 -0.7964832 -0.1179556 -0.593044 -0.715637 -0.1362362 -0.6850572 -0.7964932 0.5027447 -0.3359262 -0.7964932 0.3359262 -0.5027447 -0.2465931 0.805792 -0.5384154 -4.88309e-4 0.9238802 -0.3826815 -0.2465963 0.8953462 -0.3708712 -4.88303e-4 0.9807878 -0.1950772 -0.2465982 0.9505019 -0.1890383 -4.88309e-4 0.8314676 -0.5555732 -0.2465982 -0.1890383 -0.9505019 -4.88311e-4 0 -0.9999999 -0.2465907 0 -0.9691198 -0.2465968 0.1890677 -0.9504965 -4.88309e-4 0.3826815 -0.9238802 -0.2465963 0.3708712 -0.8953462 -4.88309e-4 0.5555732 -0.8314676 -0.2465931 0.5384154 -0.805792 -4.88303e-4 0.1950772 -0.9807878 -4.88312e-4 0.7071067 -0.7071067 -0.7026126 -0.2722921 0.6574137 -0.7026189 -0.5916502 0.3953185 -0.7156441 0.5807494 0.3880513 -0.2465925 0.6852708 0.6852708 -0.7156424 0.4938907 0.4938907 -0.999015 -0.04437488 0 -0.9990153 -0.04352033 -0.008636891 -0.7026064 -0.7115789 0 -0.9990153 -0.03137367 -0.03137367 -0.7026189 -0.5916502 -0.3953185 -0.9990148 -0.03689765 -0.02465945 -0.7026126 -0.2722921 -0.6574137 -0.9990148 -0.02465945 -0.03689765 -0.9990143 -0.0169686 -0.04101771 -0.7964926 0.6046483 0 -0.7964832 0.593044 0.1179556 -0.9990156 -0.04098725 -0.01696866 -0.7026083 -0.6979084 -0.1388003 -0.9990153 -0.008636891 -0.04352033 -0.7964897 0.2313964 0.5586232 -0.7964832 0.1179556 0.593044 -0.7156457 0.6984634 0 -0.7156521 0.685041 0.1362391 -0.7156441 0.3880513 0.5807494 -0.715645 0.2672873 0.6452982 -0.7156521 0.1362391 0.685041 -0.7964897 0.5586232 0.2313964 -0.715645 0.6452982 0.2672873 -0.7964864 0.4275415 0.427572 -0.7964932 0.3359262 0.5027447 -0.7964932 0.5027447 0.3359262 -0.2465931 0.5384154 0.805792 -4.88309e-4 0.3826815 0.9238802 -0.2465963 0.3708712 0.8953462 -4.88303e-4 0.1950772 0.9807878 -0.2465982 0.1890383 0.9505019 -4.88309e-4 0.5555732 0.8314676 -4.88311e-4 0.9999999 0 -0.2465907 0.9691198 0 -0.2465968 0.9504965 0.1890677 -4.88309e-4 0.9238802 0.3826815 -0.2465963 0.8953462 0.3708712 -4.88309e-4 0.8314676 0.5555732 -0.2465931 0.805792 0.5384154 -4.88303e-4 0.9807878 0.1950772 -4.88312e-4 0.7071067 0.7071067 -0.7026126 -0.6574137 -0.2722921 -0.702578 -0.697939 0.1388004 -0.7026042 -0.5031638 -0.5031638 -0.7026189 -0.3953185 -0.5916502 -0.7156441 -0.3880513 0.5807494 -0.2465925 -0.6852708 0.6852708 -0.7156424 -0.4938907 0.4938907 -0.999015 0 -0.04437488 -0.9990153 0.008636891 -0.04352033 -0.7026064 0 -0.7115789 -0.9990153 0.03137367 -0.03137367 -0.7026189 0.3953185 -0.5916502 -0.9990148 0.02465945 -0.03689765 -0.7025971 0.6574278 -0.2722979 -0.9990148 0.03689765 -0.02465945 -0.9990143 0.04101771 -0.0169686 -0.7964926 0 0.6046483 -0.7964832 -0.1179556 0.593044 -0.9990156 0.01696866 -0.04098725 -0.7026083 0.1388003 -0.6979084 -0.999014 0.04355078 -0.008636891 -0.7964953 -0.5586271 0.2313675 -0.7965005 -0.5930263 0.1179277 -0.7156457 0 0.6984634 -0.7156521 -0.1362391 0.685041 -0.7156441 -0.5807494 0.3880513 -0.715645 -0.6452982 0.2672873 -0.715637 -0.6850572 0.1362362 -0.7964897 -0.2313964 0.5586232 -0.715645 -0.2672873 0.6452982 -0.7964864 -0.427572 0.4275415 -0.7964932 -0.5027447 0.3359262 -0.7964932 -0.3359262 0.5027447 -0.2465931 -0.805792 0.5384154 -4.88309e-4 -0.9238802 0.3826815 -0.2465963 -0.8953462 0.3708712 -4.88303e-4 -0.9807878 0.1950772 -0.2465982 -0.9505019 0.1890383 -4.88309e-4 -0.8314676 0.5555732 -4.88311e-4 0 0.9999999 -0.2465907 0 0.9691198 -0.2465968 -0.1890677 0.9504965 -4.88309e-4 -0.3826815 0.9238802 -0.2465963 -0.3708712 0.8953462 -4.88309e-4 -0.5555732 0.8314676 -0.2465931 -0.5384154 0.805792 -4.88303e-4 -0.1950772 0.9807878 -4.88312e-4 -0.7071067 0.7071067 -0.7026126 0.2722921 -0.6574137 -0.7026042 0.5031638 -0.5031638 -0.7026189 0.5916502 -0.3953185 -0.7156441 -0.5807494 -0.3880513 -0.2465925 -0.6852708 -0.6852708 -0.7156424 -0.4938907 -0.4938907 -0.999015 0.04437488 0 -0.9990153 0.04352033 0.008636891 -0.7026064 0.7115789 0 -0.9990153 0.03137367 0.03137367 -0.7026189 0.5916502 0.3953185 -0.9990148 0.03689765 0.02465945 -0.7025971 0.2722979 0.6574278 -0.9990148 0.02465945 0.03689765 -0.9990143 0.0169686 0.04101771 -0.7964926 -0.6046483 0 -0.7964832 -0.593044 -0.1179556 -0.9990156 0.04098725 0.01696866 -0.7026083 0.6979084 0.1388003 -0.7964953 -0.2313675 -0.5586271 -0.7156457 -0.6984634 0 -0.7156521 -0.685041 -0.1362391 -0.7156441 -0.3880513 -0.5807494 -0.715645 -0.2672873 -0.6452982 -0.7964897 -0.5586232 -0.2313964 -0.715645 -0.6452982 -0.2672873 -0.7964864 -0.4275415 -0.427572 -0.7964932 -0.3359262 -0.5027447 -0.7964932 -0.5027447 -0.3359262 -0.2465931 -0.5384154 -0.805792 -4.88309e-4 -0.3826815 -0.9238802 -0.2465991 -0.3708449 -0.8953564 -4.88303e-4 -0.1950772 -0.9807878 -4.88309e-4 -0.5555732 -0.8314676 -4.88311e-4 -0.9999999 0 -0.2465907 -0.9691198 0 -0.2465968 -0.9504965 -0.1890677 -4.88309e-4 -0.9238802 -0.3826815 -0.2465963 -0.8953462 -0.3708712 -4.88309e-4 -0.8314676 -0.5555732 -0.2465931 -0.805792 -0.5384154 -4.88303e-4 -0.9807878 -0.1950772 -4.88312e-4 -0.7071067 -0.7071067 -0.7026126 0.6574137 0.2722921 -0.7026537 0.1388033 0.6978621 -0.7026042 0.5031638 0.5031638 -0.7026189 0.3953185 0.5916502 0.1026355 0.8863028 -0.4515899 0.1026359 0.307389 -0.9460328 0.1026355 -0.4515899 -0.8863028 0.1026368 0.3073613 -0.9460416 0.1026661 -0.307388 0.9460298 0.1026656 -0.8863 0.4515885 0.1026368 -0.9460416 -0.3073613 0.1026656 0.4515885 0.8863 0.1026359 0.9460328 0.307389 0.1026368 0.4515656 0.886315 0.1026358 -0.1556169 -0.9824711 0.1026344 -0.8047477 -0.5846773 0.1026362 -0.1555871 -0.9824758 0.1026362 -0.9824758 0.1555871 0.1026671 0.8047344 0.5846898 0.1026664 0.1555867 0.9824727 0.1026362 -0.5846571 0.804762 0.1026358 -0.9824711 0.1556169 0.1026664 0.9824727 -0.1555867 0.1026369 0.5846917 -0.8047369 0.1026362 0.9824758 -0.1555871 0.1026362 -0.9824758 -0.1555871 0.1026344 -0.8047477 0.5846773 0.1026362 -0.1555871 0.9824758 0.1026369 -0.8047369 0.5846917 0.1026664 0.8047595 -0.5846554 0.1026664 0.9824727 0.1555867 0.1026369 0.5846917 0.8047369 0.1026664 0.1555867 -0.9824727 0.1026671 0.8047344 -0.5846898 0.1026344 -0.5846773 -0.8047477 0.1026362 -0.5846571 -0.804762 0.1026358 0.1556169 -0.9824711 0.1026355 -0.4515899 0.8863028 0.1026359 0.307389 0.9460328 0.1026355 0.8863028 0.4515899 0.102667 -0.3073604 -0.9460387 0.1026656 0.4515885 -0.8863 0.1026359 0.9460328 -0.307389 0.1026656 -0.8863 -0.4515885 0.1026661 -0.307388 -0.9460298 0.1026359 -0.9460328 0.307389 0.1026368 -0.9460416 0.3073613 0.1026355 -0.8863028 -0.4515899 0.9702072 -0.07486373 -0.2304204 0.9702088 0.1099916 -0.215863 0.9702088 -0.215863 -0.1099916 0.9702041 -0.1960245 0.1424024 0.9702064 -0.2393013 -0.03787434 0.9702053 -0.03790479 -0.239301 0.9702099 0.1424033 -0.1959952 0.9702072 -0.2304204 0.07486373 0.9702072 0.2304204 -0.07486373 0.9702099 0.1424033 0.1959952 0.9702064 -0.03787434 0.2393013 0.9702064 0.2393013 0.03787434 0.9702053 0.03790479 -0.239301 0.9702041 0.1960245 -0.1424024 0.9702041 -0.1424024 -0.1960245 0.9702099 -0.1959952 -0.1424033 0.9702064 -0.2393013 0.03787434 0.9702064 0.03787434 0.2393013 0.9702041 -0.1424024 0.1960245 0.9702088 -0.1099916 0.215863 0.9702064 0.2393013 -0.03787434 0.9702099 0.1959952 0.1424033 0.9702088 -0.1099916 -0.215863 0.9702072 0.07486373 -0.2304204 0.9702109 0.1713052 0.1713052 0.9702036 0 0.2422915 0.9702088 0.215863 -0.1099916 0.9702088 -0.215863 0.1099916 0.9702072 -0.2304204 -0.07486373 0.9702072 -0.07486373 0.2304204 0.9702072 0.2304204 0.07486373 0.9702088 0.1099916 0.215863 0.9702088 0.215863 0.1099916 0.9702072 0.07486373 0.2304204 0.9702109 -0.1713052 0.1713052 0.9702036 -0.2422915 0 0.9702109 -0.1713052 -0.1713052 0.9702036 0 -0.2422915 0.9702109 0.1713052 -0.1713052 0.9702036 0.2422915 0 1 -3.86147e-7 0 0.5819094 -0.8132448 -0.003784358 -0.001434385 -0.5565435 -0.8308172 -0.002777218 -0.9983715 -0.05697911 0.4357239 0.874805 0.2118039 7.01943e-4 0.7251067 0.6886363 7.32451e-4 0.9734877 0.2287381 0.4357234 -0.4688063 0.7683528 7.01928e-4 -0.02578818 0.9996672 0.4232998 -1.83115e-4 0.9059898 0.388205 -0.1748448 -0.904835 0 -0.3826816 -0.9238803 0.3876308 -0.3527468 -0.8516525 0.9479077 -0.1218952 -0.2943003 0.9956309 0.0180369 0.09161889 0.948294 -0.06067222 -0.3115404 0.9934418 -0.09689658 0.06070148 0.9956312 0.05200487 0.07754951 0.9482952 -0.1773781 -0.2631983 0.9956146 0.03579849 0.08642917 0.9934439 0.1114236 -0.02557462 0.995892 0 0.09054946 0.9402895 0.2996352 0.1614758 0.9880728 0.06662225 0.1388294 0.8963698 0.3182203 0.3086373 0.8672041 0.1905621 0.460047 0.951846 0.1173136 0.2832435 0.9880754 0.05102735 0.1452693 0.8963695 -0.00677514 0.443256 0.940296 -0.09769189 0.3260364 0.9957296 0.06527918 0.06527918 0.9957296 0 0.09231865 0.995892 0.06402856 0.06402856 0.581915 0.5723624 -0.5777339 -0.002746701 0.6656543 -0.7462554 0.3817328 0.3536857 0.8539242 0.4233026 0.6407526 0.6405085 0.3882067 -0.5161439 -0.7634731 7.32458e-4 -0.5266066 0.8501088 0 0.3826816 0.9238803 -0.001434385 -0.1939498 -0.9810104 0.581915 -0.5777338 0.5723624 -0.001434385 -0.9810104 -0.1939498 -0.002746701 -0.7462553 0.6656541 0.4357296 0.7683637 -0.4687824 7.01928e-4 0.9996673 -0.02578818 7.32458e-4 0.8501088 -0.5266066 0.4357239 0.2118039 0.874805 7.01927e-4 0.688621 0.7251212 0.4233026 0.6405085 0.6407526 0.3882005 -0.7634611 -0.5161663 0 -0.9238803 -0.3826816 0.3876267 -0.8516434 -0.3527736 0.9478991 -0.2943282 -0.1218941 0.9956312 0.07754951 0.05200487 0.9482952 -0.2631983 -0.1773781 0.9934439 -0.02557462 0.1114236 0.9956309 0.09161889 0.0180369 0.948294 -0.3115404 -0.06067222 0.9956146 0.08642917 0.03579849 0.9934418 0.06070148 -0.09689658 0.940296 0.3260364 -0.09769189 0.9880754 0.1452693 0.05102735 0.8963697 0.4432561 -0.006744623 0.8672041 0.460047 0.1905621 0.951846 0.2832435 0.1173136 0.9880771 0.1387995 0.06662255 0.8963698 0.3086373 0.3182203 0.9402941 0.1614461 0.2996367 0.9957296 0.09231865 0 0.995892 0.09054946 0 0.5819094 -0.003784358 -0.8132448 -0.002777218 -0.05697911 -0.9983715 0.3817328 0.8539242 0.3536857 0.4232998 0.9059898 -1.52595e-4 0.388205 -0.904835 -0.1748448 7.32456e-4 0.2287092 0.9734946 0 0.9238803 0.3826816 -0.001434385 -0.8308172 -0.5565435 0.5819094 -0.003784358 0.8132448 -0.001434385 -0.8308172 0.5565435 -0.002746701 -0.05697917 0.9983716 0.4357239 0.2118039 -0.874805 7.01943e-4 0.6886363 -0.7251067 7.32451e-4 0.2287381 -0.9734877 0.4357234 0.7683528 0.4688063 7.01928e-4 0.9996673 0.02578818 0.4232998 0.9059898 1.83115e-4 0.388205 -0.904835 0.1748448 0 -0.9238803 0.3826816 0.3876308 -0.8516525 0.3527468 0.9479077 -0.2943003 0.1218952 0.9956309 0.09161889 -0.0180369 0.948294 -0.3115404 0.06067222 0.9934418 0.06070148 0.09689658 0.9956312 0.07754951 -0.05200487 0.9482952 -0.2631983 0.1773781 0.9956146 0.08642917 -0.03579849 0.9934439 -0.02557462 -0.1114236 0.9402895 0.1614758 -0.2996352 0.9880728 0.1388294 -0.06662225 0.8963698 0.3086373 -0.3182203 0.8672041 0.460047 -0.1905621 0.951846 0.2832435 -0.1173136 0.9880754 0.1452693 -0.05102735 0.8963695 0.443256 0.00677514 0.940296 0.3260364 0.09769189 0.9957296 0.06527918 -0.06527918 0.995892 0.06402856 -0.06402856 0.581915 -0.5777338 -0.5723624 -0.002777218 -0.7462553 -0.6656541 0.3817328 0.8539242 -0.3536857 0.4233026 0.6405085 -0.6407526 0.3882067 -0.7634731 0.5161439 7.32458e-4 0.8501088 0.5266066 0 0.9238803 -0.3826816 -0.001464903 -0.9810104 0.1939498 0.581915 0.5723624 0.5777339 -0.001434385 -0.1939498 0.9810104 -0.002746701 0.6656543 0.7462554 0.4357296 -0.4687824 -0.7683637 7.01928e-4 -0.02578818 -0.9996672 7.32458e-4 -0.5266066 -0.8501088 0.4357239 0.874805 -0.2118039 7.01927e-4 0.7251212 -0.688621 0.4233026 0.6407526 -0.6405085 0.3882005 -0.5161663 0.7634611 0 -0.3826816 0.9238803 0.3876267 -0.3527736 0.8516434 0.9478991 -0.1218941 0.2943282 0.9956312 0.05200487 -0.07754951 0.9482952 -0.1773781 0.2631983 0.9934439 0.1114236 0.02557462 0.9956309 0.0180369 -0.09161889 0.948294 -0.06067222 0.3115404 0.9956146 0.03579849 -0.08642917 0.9934418 -0.09689658 -0.06070148 0.940296 -0.09769189 -0.3260364 0.9880754 0.05102735 -0.1452693 0.8963697 -0.006744623 -0.4432561 0.8672041 0.1905621 -0.460047 0.951846 0.1173136 -0.2832435 0.9880771 0.06662255 -0.1387995 0.8963698 0.3182203 -0.3086373 0.9402941 0.2996367 -0.1614461 0.9957296 0 -0.09231865 0.9958947 0 -0.09051924 0.5819094 -0.8132448 0.003784358 -0.002777218 -0.9983715 0.05697911 0.3817328 0.3536857 -0.8539242 0.4232998 -1.52595e-4 -0.9059898 0.388205 -0.1748448 0.904835 7.32456e-4 0.9734946 -0.2287092 0 0.3826816 -0.9238803 -0.001434385 -0.5565435 0.8308172 0.5819094 0.8132448 0.003784358 -0.001434385 0.5565435 0.8308172 -0.002777218 0.9983715 0.05697911 0.4357239 -0.874805 -0.2118039 7.01943e-4 -0.7251067 -0.6886363 7.32451e-4 -0.9734877 -0.2287381 0.4357234 0.4688063 -0.7683528 7.01928e-4 0.02578818 -0.9996672 0.4232998 1.83115e-4 -0.9059898 0.388205 0.1748448 0.904835 0.3876308 0.3527468 0.8516525 0.9479077 0.1218952 0.2943003 0.9956309 -0.0180369 -0.09161889 0.948294 0.06067222 0.3115404 0.9934418 0.09689658 -0.06070148 0.9956297 -0.05203533 -0.07754939 0.9482952 0.1773781 0.2631983 0.9956146 -0.03579849 -0.08642917 0.9934439 -0.1114236 0.02557462 0.9402895 -0.2996352 -0.1614758 0.9880728 -0.06662225 -0.1388294 0.8963698 -0.3182203 -0.3086373 0.8672041 -0.1905621 -0.460047 0.951846 -0.1173136 -0.2832435 0.9880754 -0.05102735 -0.1452693 0.8963695 0.00677514 -0.443256 0.940296 0.09769189 -0.3260364 0.9957296 -0.06527918 -0.06527918 0.995892 -0.06402856 -0.06402856 0.581915 -0.5723624 0.5777339 -0.002746701 -0.6656543 0.7462554 0.3817328 -0.3536857 -0.8539242 0.4233026 -0.6407526 -0.6405085 0.3882067 0.5161439 0.7634731 7.32458e-4 0.5266066 -0.8501088 -0.001434385 0.1939498 0.9810104 0.581915 0.5777338 -0.5723624 -0.001434385 0.9810104 0.1939498 -0.002746701 0.7462553 -0.6656541 0.4357296 -0.7683637 0.4687824 7.01928e-4 -0.9996673 0.02578818 7.32458e-4 -0.8501088 0.5266066 0.4357239 -0.2118039 -0.874805 7.01927e-4 -0.688621 -0.7251212 0.4233026 -0.6405085 -0.6407526 0.3882005 0.7634611 0.5161663 0.3876267 0.8516434 0.3527736 0.9478991 0.2943282 0.1218941 0.9956312 -0.07754951 -0.05200487 0.9482952 0.2631983 0.1773781 0.9934439 0.02557462 -0.1114236 0.9956309 -0.09161889 -0.0180369 0.948294 0.3115404 0.06067222 0.9956146 -0.08642917 -0.03579849 0.9934418 -0.06070148 0.09689658 0.940296 -0.3260364 0.09769189 0.9880754 -0.1452693 -0.05102735 0.8963697 -0.4432561 0.006744623 0.8672041 -0.460047 -0.1905621 0.951846 -0.2832435 -0.1173136 0.9880771 -0.1387995 -0.06662255 0.8963698 -0.3086373 -0.3182203 0.9402941 -0.1614461 -0.2996367 0.9957296 -0.09231865 0 0.995892 -0.09054946 0 0.5819094 0.003784358 0.8132448 -0.002777218 0.05697911 0.9983715 0.3817328 -0.8539242 -0.3536857 0.4232998 -0.9059898 1.52595e-4 0.388205 0.904835 0.1748448 7.32456e-4 -0.2287092 -0.9734946 -0.001434385 0.8308172 0.5565435 0.5819094 0.003784358 -0.8132448 -0.001434385 0.8308172 -0.5565435 -0.002746701 0.05697917 -0.9983716 0.4357239 -0.2118039 0.874805 7.01943e-4 -0.6886363 0.7251067 7.32451e-4 -0.2287381 0.9734877 0.4357234 -0.7683528 -0.4688063 7.01928e-4 -0.9996673 -0.02578818 0.4232998 -0.9059898 -1.83115e-4 0.388205 0.904835 -0.1748448 0.3876308 0.8516525 -0.3527468 0.9479077 0.2943003 -0.1218952 0.9956309 -0.09161889 0.0180369 0.948294 0.3115404 -0.06067222 0.9934418 -0.06070148 -0.09689658 0.9956312 -0.07754951 0.05200487 0.9482952 0.2631983 -0.1773781 0.9956146 -0.08642917 0.03579849 0.9934439 0.02557462 0.1114236 0.9402895 -0.1614758 0.2996352 0.9880728 -0.1388294 0.06662225 0.8963698 -0.3086373 0.3182203 0.8672041 -0.460047 0.1905621 0.951846 -0.2832435 0.1173136 0.9880754 -0.1452693 0.05102735 0.8963695 -0.443256 -0.00677514 0.940296 -0.3260364 -0.09769189 0.9957296 -0.06527918 0.06527918 0.995892 -0.06402856 0.06402856 0.581915 0.5777338 0.5723624 -0.002777218 0.7462553 0.6656541 0.3817328 -0.8539242 0.3536857 0.4233026 -0.6405085 0.6407526 0.3882067 0.7634731 -0.5161439 7.32458e-4 -0.8501088 -0.5266066 -0.001464903 0.9810104 -0.1939498 0.581915 -0.5723624 -0.5777339 -0.001434385 0.1939498 -0.9810104 -0.002746701 -0.6656543 -0.7462554 0.4357296 0.4687824 0.7683637 7.01928e-4 0.02578818 0.9996672 7.32458e-4 0.5266066 0.8501088 0.4357239 -0.874805 0.2118039 7.01927e-4 -0.7251212 0.688621 0.4233026 -0.6407526 0.6405085 0.3882005 0.5161663 -0.7634611 0.3876267 0.3527736 -0.8516434 0.9478991 0.1218941 -0.2943282 0.9956312 -0.05200487 0.07754951 0.9482952 0.1773781 -0.2631983 0.9934439 -0.1114236 -0.02557462 0.9956309 -0.0180369 0.09161889 0.948294 0.06067222 -0.3115404 0.9956146 -0.03579849 0.08642917 0.9934418 0.09689658 0.06070148 0.940296 0.09769189 0.3260364 0.9880754 -0.05102735 0.1452693 0.8963697 0.006744623 0.4432561 0.8672041 -0.1905621 0.460047 0.951846 -0.1173136 0.2832435 0.9880771 -0.06662255 0.1387995 0.8963698 -0.3182203 0.3086373 0.9402941 -0.2996367 0.1614461 0.5819094 0.8132448 -0.003784358 -0.002777218 0.9983715 -0.05697911 0.3817328 -0.3536857 0.8539242 0.4232998 1.52595e-4 0.9059898 0.388205 0.1748448 -0.904835 7.32456e-4 -0.9734946 0.2287092 -0.001464903 0.5565435 -0.8308172 -1 0 0 0.8330821 -0.211681 -0.5110437 0.8330875 0.511047 -0.2116518 0.8330821 0.211681 0.5110437 0.4817981 0 0.8762823 0.4818022 0.3353419 0.8095755 0.4818009 -0.619624 0.619624 0.8330875 -0.511047 0.2116518 0.8330933 -0.3911085 0.391139 0.4818009 0.619624 0.619624 0.8330875 0.511047 0.2116518 0.4818072 0.8095838 0.3353148 0.8330821 -0.211681 0.5110437 0.4818022 -0.3353419 0.8095755 0.8330912 0 0.5531356 0.4817981 -0.8762823 0 0.4818072 -0.8095838 0.3353148 0.4817981 0.8762823 0 0.4818072 0.8095838 -0.3353148 0.8330875 -0.511047 -0.2116518 0.8330912 -0.5531356 0 0.8330833 0.3911344 0.3911344 0.8330833 0.3911344 -0.3911344 0.4818009 0.619624 -0.619624 0.8330821 0.211681 -0.5110437 0.4818022 0.3353419 -0.8095755 0.4818009 -0.619624 -0.619624 0.4818072 -0.8095838 -0.3353148 0.4817981 0 -0.8762823 0.8330912 0 -0.5531356 0.8330912 0.5531356 0 0.8330833 -0.3911344 -0.3911344 0.4818022 -0.3353419 -0.8095755 1 3.86151e-7 0 1 0 0 1 5.96231e-7 0 1 1.93075e-7 0 1 0 0 1 3.66905e-7 0 1 3.66902e-7 0 -0.7026042 -0.5031638 0.5031638 -0.7026233 -0.1388033 -0.6978927 -0.7026233 0.6978927 -0.1388033 1 0 0</float_array>
          <technique_common>
            <accessor source="#daewon_dx8_01a_16x7-mesh-normals-array" count="992" stride="3">
              <param name="X" type="float"/>
              <param name="Y" type="float"/>
              <param name="Z" type="float"/>
            </accessor>
          </technique_common>
        </source>
        <source id="daewon_dx8_01a_16x7-mesh-map-0">
          <float_array id="daewon_dx8_01a_16x7-mesh-map-0-array" count="10692">0.2360832 0.894979 0.1714722 0.8285275 0.2418775 0.8863076 0.4999993 0.9087923 0.4175462 0.9145223 0.4202483 0.9009375 0.1309025 0.2533761 0.2011463 0.2011455 0.1485853 0.2651916 0.7466243 0.1309018 0.8220984 0.1779017 0.813892 0.1861081 0.1714722 0.8285275 0.1212522 0.7530708 0.1779019 0.822098 0.9659085 0.5926749 0.9646075 0.4999995 0.9750369 0.4999995 0.1714725 0.1714717 0.2360837 0.1050203 0.2418777 0.1136919 0.2109401 0.7890598 0.1485853 0.7348077 0.1601012 0.7271127 0.3301233 0.08987993 0.4175466 0.08547729 0.3382615 0.109528 0.3301233 0.08987993 0.4111335 0.0532363 0.4133978 0.06461882 0.4093593 0.9556809 0.3256817 0.9208416 0.4111331 0.9467629 0.1640976 0.8359018 0.1136919 0.7581223 0.1714722 0.8285275 0.5932839 0.03103232 0.6817892 0.06112217 0.5926755 0.03408998 0.115526 0.09704953 0.02592575 0.1191915 0.115526 0.1191915 0.4093593 0.9556809 0.3182108 0.9388774 0.3222016 0.9292421 0.5888661 0.9467632 0.4999993 0.9439101 0.5866026 0.9353805 0.8690978 0.7466229 0.7988534 0.798854 0.8514152 0.7348077 0.7466226 0.869098 0.6743184 0.9208416 0.6698771 0.9101193 0.8787481 0.2469289 0.9292417 0.3222022 0.9208418 0.3256819 0.5926755 0.03408998 0.6777977 0.07075756 0.5906412 0.04431849 0.4999993 0.9781551 0.4073246 0.9659096 0.4999993 0.975037 0.115526 0.09708631 0.02592575 0.07494384 0.02592575 0.09708631 0.914522 0.5824534 0.8776747 0.6564377 0.9009377 0.579751 0.5824531 0.9145223 0.4999993 0.9439101 0.4999993 0.9226432 0.813892 0.1861081 0.8787481 0.2469289 0.8690983 0.2533769 0.9208418 0.3256819 0.9556803 0.4093592 0.9467623 0.4111331 0.8359028 0.1640979 0.8975715 0.2343512 0.8949796 0.2360835 0.115526 0.05276483 0.02592575 0.07490736 0.115526 0.07490736 0.1095287 0.3382611 0.1601014 0.2728867 0.1223247 0.3435615 0.3382612 0.8904712 0.2533769 0.8690977 0.2651919 0.8514149 0.6743184 0.9208416 0.5866026 0.9353805 0.6698771 0.9101193 0.1714725 0.1714717 0.2469291 0.1212522 0.1779019 0.1779013 0.9750369 0.4999995 0.9689666 0.5932831 0.9659085 0.5926749 0.115526 0.0970326 0.02592575 0.1191751 0.115526 0.1191752 0.0854777 0.417546 0.1223247 0.3435615 0.09906226 0.4202482 0.1861081 0.8138917 0.1485853 0.7348077 0.2011463 0.7988537 0.2533771 0.1309018 0.3256821 0.07915771 0.3301233 0.08987993 0.0791586 0.6743181 0.04431915 0.5906403 0.05323648 0.5888664 0.9388771 0.3182112 0.9689666 0.4067164 0.965909 0.4073247 0.115526 0.1413335 0.02592575 0.1634758 0.115526 0.1634758 0.04431915 0.409359 0.06112289 0.3182106 0.07075798 0.3222016 0.9226424 0.4999995 0.9009377 0.579751 0.9087923 0.4999995 0.9353796 0.5866021 0.8904712 0.6617383 0.914522 0.5824534 0.6743184 0.9208416 0.5906408 0.9556811 0.5888661 0.9467632 0.886308 0.7581223 0.8220984 0.8220984 0.8787475 0.7530706 0.4999993 0.975037 0.4093593 0.9556809 0.4999993 0.9646084 0.4067162 0.9689671 0.3182108 0.9388774 0.4073246 0.9659096 0.8776753 0.3435617 0.914522 0.4175462 0.9009377 0.4202482 0.2651919 0.8514149 0.1861081 0.8138917 0.2011463 0.7988537 0.3256817 0.9208416 0.2533769 0.8690977 0.3301229 0.9101192 0.5 0.03539139 0.5888668 0.05323648 0.5 0.04448384 0.5932835 0.9689674 0.4999993 0.975037 0.5926755 0.9659097 0.115526 0.05278563 0.02592575 0.03064316 0.02592575 0.05278557 0.07735729 0.4999995 0.09906226 0.4202482 0.09120792 0.4999995 0.9439094 0.4999995 0.914522 0.5824534 0.9226424 0.4999995 0.9555147 0.4999995 0.9353796 0.5866021 0.9439094 0.4999995 0.4111335 0.0532363 0.5 0.03539139 0.5 0.04448384 0.5 0.02184486 0.5926755 0.03408998 0.5 0.02496224 0.115526 0.05274885 0.02592575 0.07489073 0.115526 0.07489073 0.7348083 0.1485846 0.7890602 0.2109399 0.7271132 0.1601012 0.2533771 0.1309018 0.3382615 0.109528 0.2651921 0.1485846 0.05323702 0.4111329 0.08988058 0.3301225 0.06461971 0.4133971 0.1136919 0.7581223 0.0791586 0.6743181 0.1212522 0.7530708 0.1050208 0.7639163 0.05824238 0.6829817 0.06112259 0.6817886 0.115526 0.07489073 0.02592575 0.0970326 0.115526 0.0970326 0.09906226 0.5797511 0.07735729 0.4999995 0.09120792 0.4999995 0.1861085 0.1861077 0.2651921 0.1485846 0.2011463 0.2011455 0.4133978 0.06461882 0.5 0.04448384 0.5 0.0560894 0.04431915 0.409359 0.0791586 0.3256813 0.05323702 0.4111329 0.6777977 0.9292424 0.5926755 0.9659097 0.5906408 0.9556811 0.8359021 0.8359021 0.7581228 0.8863078 0.8285279 0.8285279 0.1485853 0.2651916 0.2109401 0.2109397 0.1601014 0.2728867 0.06461971 0.4133971 0.1095287 0.3382611 0.0854777 0.417546 0.8690983 0.2533769 0.9208418 0.3256819 0.9101193 0.330123 0.9646075 0.4999995 0.9467623 0.5888664 0.9555147 0.4999995 0.4073252 0.03408998 0.5 0.03539139 0.4093596 0.04431849 0.05824238 0.6829817 0.03408998 0.5926748 0.06112259 0.6817886 0.1136921 0.2418768 0.1640976 0.1640974 0.1714725 0.1714717 0.661739 0.109528 0.7271132 0.1601012 0.6564381 0.1223247 0.06461971 0.5866023 0.07735729 0.4999995 0.0854777 0.5824534 0.08988058 0.3301225 0.1212524 0.2469285 0.1309025 0.2533761 0.8285282 0.1714723 0.8787481 0.2469289 0.8220984 0.1779017 0.2360837 0.1050203 0.322202 0.07075732 0.2418777 0.1136919 0.2360837 0.1050203 0.3170182 0.05824184 0.3182116 0.06112194 0.8359028 0.1640979 0.8863086 0.2418775 0.8285282 0.1714723 0.839898 0.7271129 0.7988534 0.798854 0.7890595 0.7890601 0.1095287 0.6617383 0.06461971 0.5866023 0.0854777 0.5824534 0.9467623 0.4111331 0.9439094 0.4999995 0.9353796 0.4133971 0.5888668 0.05323648 0.6777977 0.07075756 0.6743187 0.07915794 0.02592575 0.09706956 0.01158308 0.1192116 0.02592575 0.1192122 0.1024293 0.2343508 0.1640976 0.1640974 0.1050212 0.236083 0.115526 0.09706962 0.02592575 0.0749275 0.02592575 0.09706956 0.06112289 0.3182106 0.1136921 0.2418768 0.07075798 0.3222016 0.1601012 0.7271127 0.1095287 0.6617383 0.1223247 0.6564378 0.1485853 0.7348077 0.08988058 0.6698769 0.1095287 0.6617383 0.1861085 0.1861077 0.2469291 0.1212522 0.2533771 0.1309018 0.2469288 0.8787471 0.1714722 0.8285275 0.1779019 0.822098 0.1640976 0.8359018 0.102429 0.7656485 0.1050208 0.7639163 0.115526 0.07494384 0.02592575 0.05280196 0.02592575 0.07494384 0.2109401 0.2109397 0.2651921 0.1485846 0.2728876 0.1601012 0.8904718 0.3382613 0.9353796 0.4133971 0.914522 0.4175462 0.4999993 0.9555156 0.4133974 0.9353803 0.4999993 0.9439101 0.4999993 0.9555156 0.4093593 0.9556809 0.4111331 0.9467629 0.7639171 0.1050203 0.8381071 0.1618933 0.8359028 0.1640979 0.115526 0.1634758 0.02592575 0.1856177 0.115526 0.1856177 0.2728876 0.1601012 0.3382615 0.109528 0.343562 0.1223245 0.4999993 0.9226432 0.4133974 0.9353803 0.4175462 0.9145223 0.4133974 0.9353803 0.3256817 0.9208416 0.3301229 0.9101192 0.9556803 0.5906403 0.9208416 0.6743181 0.9467623 0.5888664 0.4073252 0.03408998 0.5 0.02184486 0.5 0.02496224 0.115526 0.008480727 0.02592575 0.03062301 0.115526 0.03062301 0.965909 0.4073247 0.9646075 0.4999995 0.9556803 0.4093592 0.1223247 0.6564378 0.0854777 0.5824534 0.09906226 0.5797511 0.5824542 0.08547729 0.6698774 0.0898801 0.661739 0.109528 0.586603 0.06461906 0.6743187 0.07915794 0.6698774 0.0898801 0.1212524 0.2469285 0.1714725 0.1714717 0.1779019 0.1779013 0.02592575 0.05276483 0.01158308 0.07490736 0.02592575 0.07490736 0.8949796 0.2360835 0.9417567 0.3170182 0.9388771 0.3182112 0.115526 0.03065973 0.02592575 0.008517861 0.02592575 0.03065973 0.03539204 0.4999995 0.03409045 0.4073244 0.04431915 0.409359 0.2651919 0.8514149 0.2109401 0.7890598 0.2728872 0.8398983 0.9208416 0.6743181 0.8690978 0.7466229 0.9101193 0.6698768 0.9467623 0.4111331 0.9646075 0.4999995 0.9555147 0.4999995 0.8381062 0.8381066 0.7639165 0.8949791 0.8359021 0.8359021 0.115526 0.1634593 0.02592575 0.1856012 0.115526 0.1856012 0.5 0.03539139 0.5926755 0.03408998 0.5906412 0.04431849 0.5 0.07735639 0.5797517 0.09906202 0.5 0.09120708 0.6617385 0.8904715 0.5866026 0.9353805 0.5824531 0.9145223 0.1309025 0.2533761 0.1779019 0.1779013 0.1861085 0.1861077 0.3182116 0.06112194 0.4093596 0.04431849 0.322202 0.07075732 0.9659085 0.5926749 0.9417563 0.6829816 0.9388762 0.6817888 0.115526 0.1634962 0.02592575 0.1413539 0.02592575 0.1634962 0.4175466 0.08547729 0.5 0.09120708 0.4202486 0.09906184 0.4695621 0.6530197 0.4599748 0.5966292 0.4999994 0.6045907 0.6698774 0.0898801 0.7530718 0.1212522 0.7466243 0.1309018 0.8285279 0.8285279 0.7530713 0.8787474 0.8220984 0.8220984 0.3182116 0.06112194 0.4067166 0.03103256 0.4073252 0.03408998 0.8398986 0.2728871 0.8904718 0.3382613 0.8776753 0.3435617 0.4175462 0.9145223 0.3301229 0.9101192 0.3382612 0.8904712 0.1779019 0.822098 0.1309021 0.7466232 0.1861081 0.8138917 0.6743187 0.07915794 0.7581228 0.1136919 0.7530718 0.1212522 0.3222016 0.9292421 0.2360832 0.894979 0.2418775 0.8863076 0.965909 0.4073247 0.9781544 0.4999995 0.9750369 0.4999995 0.115526 0.1413335 0.02592575 0.1191915 0.02592575 0.1413334 0.9009377 0.4202482 0.9226424 0.4999995 0.9087923 0.4999995 0.5 0.07735639 0.586603 0.06461906 0.5824542 0.08547729 0.8690978 0.7466229 0.8220984 0.8220984 0.8138917 0.8138921 0.7581228 0.8863078 0.6817892 0.9388774 0.6777977 0.9292424 0.9388771 0.3182112 0.9556803 0.4093592 0.9292417 0.3222022 0.7656487 0.8975713 0.6817892 0.9388774 0.7639165 0.8949791 0.5824542 0.08547729 0.6564381 0.1223247 0.5797517 0.09906202 0.813892 0.1861081 0.8514152 0.2651919 0.7988546 0.201146 0.04448461 0.4999995 0.06461971 0.4133971 0.05608963 0.4999995 0.03539204 0.4999995 0.05323702 0.4111329 0.04448461 0.4999995 0.897571 0.7656483 0.9388762 0.6817888 0.9417563 0.6829816 0.115526 0.008501172 0.02592575 0.03064316 0.115526 0.03064316 0.03408998 0.5926748 0.03539204 0.4999995 0.04431915 0.5906403 0.7988534 0.798854 0.7271132 0.8398986 0.7890595 0.7890601 0.914522 0.4175462 0.9439094 0.4999995 0.9226424 0.4999995 0.05323648 0.5888664 0.05608963 0.4999995 0.06461971 0.5866023 0.7581228 0.8863078 0.6743184 0.9208416 0.7530713 0.8787474 0.6829819 0.9417575 0.5926755 0.9659097 0.6817892 0.9388774 0.115526 0.1856547 0.02592575 0.1635123 0.02592575 0.1856547 0.6817892 0.06112217 0.7581228 0.1136919 0.6777977 0.07075756 0.3382615 0.109528 0.4202486 0.09906184 0.343562 0.1223245 0.07735729 0.4999995 0.06461971 0.4133971 0.0854777 0.417546 0.9467623 0.5888664 0.9101193 0.6698768 0.9353796 0.5866021 0.7530718 0.1212522 0.8285282 0.1714723 0.8220984 0.1779017 0.1136919 0.7581223 0.06112259 0.6817886 0.07075774 0.6777977 0.3170178 0.9417572 0.2360832 0.894979 0.3182108 0.9388774 0.7988546 0.201146 0.8398986 0.2728871 0.7890602 0.2109399 0.9101193 0.6698768 0.8514152 0.7348077 0.8904712 0.6617383 0.9208418 0.3256819 0.9353796 0.4133971 0.9101193 0.330123 0.05323648 0.5888664 0.03539204 0.4999995 0.04448461 0.4999995 0.9388762 0.6817888 0.886308 0.7581223 0.9292415 0.6777976 0.03103345 0.4067162 0.06112289 0.3182106 0.03409045 0.4073244 0.115526 0.05280196 0.02592575 0.03065973 0.02592575 0.05280196 0.9659085 0.5926749 0.9292415 0.6777976 0.9556803 0.5906403 0.8138917 0.8138921 0.7530713 0.8787474 0.7466226 0.869098 0.08988058 0.3301225 0.1485853 0.2651916 0.1095287 0.3382611 0.0791586 0.6743181 0.1309021 0.7466232 0.1212522 0.7530708 0.9292415 0.6777976 0.8787475 0.7530706 0.9208416 0.6743181 0.8949794 0.7639165 0.8285279 0.8285279 0.886308 0.7581223 0.897571 0.7656483 0.8359021 0.8359021 0.8949794 0.7639165 0.115526 0.07490736 0.02592575 0.09704947 0.115526 0.09704953 0.6617385 0.8904715 0.5797514 0.9009375 0.6564381 0.8776749 0.8138917 0.8138921 0.7348079 0.8514152 0.7988534 0.798854 0.5 0.0560894 0.5888668 0.05323648 0.586603 0.06461906 0.3256821 0.07915771 0.4093596 0.04431849 0.4111335 0.0532363 0.06112259 0.6817886 0.04431915 0.5906403 0.07075774 0.6777977 0.1640976 0.1640974 0.2343512 0.1024283 0.2360837 0.1050203 0.115526 0.1413539 0.02592575 0.1192122 0.02592575 0.1413539 0.8776747 0.6564377 0.8514152 0.7348077 0.839898 0.7271129 0.8690983 0.2533769 0.8904718 0.3382613 0.8514152 0.2651919 0.2469291 0.1212522 0.322202 0.07075732 0.3256821 0.07915771 0.07075798 0.3222016 0.1212524 0.2469285 0.0791586 0.3256813 0.05824238 0.3170175 0.1050212 0.236083 0.06112289 0.3182106 0.115526 0.1413173 0.02592575 0.1634593 0.115526 0.1634593 0.7639171 0.1050203 0.8285282 0.1714723 0.7581228 0.1136919 0.3435612 0.8776747 0.2651919 0.8514149 0.2728872 0.8398983 0.4133978 0.06461882 0.5 0.07735639 0.4175466 0.08547729 0.0791586 0.6743181 0.06461971 0.5866023 0.08988058 0.6698769 0.2418775 0.8863076 0.3256817 0.9208416 0.3222016 0.9292421 0.8863086 0.2418775 0.9388771 0.3182112 0.9292417 0.3222022 0.03103226 0.5932829 0.02496278 0.4999995 0.03408998 0.5926748 0.115526 0.1192281 0.02592575 0.09708631 0.02592575 0.1192281 0.4202483 0.9009375 0.3382612 0.8904712 0.3435612 0.8776747 0.6698774 0.0898801 0.7348083 0.1485846 0.661739 0.109528 0.2469288 0.8787471 0.1861081 0.8138917 0.2533769 0.8690977 0.5888661 0.9467632 0.4999993 0.9646084 0.4999993 0.9555156 0.5906408 0.9556811 0.4999993 0.975037 0.4999993 0.9646084 0.02184551 0.4999995 0.03409045 0.4073244 0.02496278 0.4999995 0.115526 0.03062301 0.02592575 0.05276483 0.115526 0.05276483 0.02592575 0.1191915 0.01158308 0.1413334 0.02592575 0.1413334 0.115526 0.05276483 0.1289275 0.03062301 0.115526 0.03062301 0.02592575 0.07494384 0.01158308 0.05280196 0.01158308 0.07494384 0.115526 0.07489073 0.1289275 0.05274885 0.115526 0.05274885 0.02592575 0.1856177 0.01158308 0.1634758 0.01158308 0.1856177 0.115526 0.1192116 0.1289275 0.09706962 0.115526 0.09706962 0.02592575 0.05278557 0.01158308 0.03064316 0.01158308 0.05278557 0.115526 0.1413539 0.1289275 0.1192116 0.115526 0.1192116 0.02592575 0.1192122 0.01158308 0.1413539 0.02592575 0.1413539 0.115526 0.008480727 0.1289275 0.03062301 0.1289275 0.008480727 0.02592575 0.1634593 0.01158308 0.1413173 0.01158308 0.1634593 0.115526 0.03060644 0.1289275 0.05274885 0.1289275 0.03060644 0.02592575 0.1634758 0.01158308 0.1413334 0.01158308 0.1634758 0.115526 0.1634758 0.1289275 0.1856177 0.1289275 0.1634758 0.02592575 0.09704947 0.01158308 0.1191915 0.02592575 0.1191915 0.115526 0.07489073 0.1289275 0.0970326 0.1289275 0.07489073 0.02592575 0.09708631 0.01158308 0.1192281 0.02592575 0.1192281 0.115526 0.09706962 0.1289275 0.0749275 0.115526 0.0749275 0.02592575 0.07489073 0.01158308 0.05274879 0.01158308 0.07489073 0.115526 0.1634962 0.1289275 0.1856381 0.1289275 0.1634962 0.02592575 0.05276483 0.01158308 0.03062301 0.01158308 0.05276483 0.115526 0.1192281 0.1289275 0.1413704 0.1289275 0.1192281 0.01158308 0.03060644 0.02592575 0.05274879 0.02592575 0.03060644 0.115526 0.09708631 0.1289275 0.07494384 0.115526 0.07494384 0.02592575 0.1413704 0.01158308 0.1192281 0.01158308 0.1413704 0.115526 0.09704953 0.1289275 0.1191915 0.1289275 0.09704953 0.02592575 0.07490736 0.01158308 0.09704947 0.02592575 0.09704947 0.115526 0.09708631 0.1289275 0.1192281 0.1289275 0.09708631 0.02592575 0.1634593 0.01158308 0.1856012 0.02592575 0.1856012 0.115526 0.07494384 0.1289275 0.05280196 0.115526 0.05280196 0.02592575 0.1634962 0.01158308 0.1413539 0.01158308 0.1634962 0.115526 0.05280196 0.1289275 0.03065973 0.115526 0.03065973 0.02592575 0.008464694 0.01158308 0.03060644 0.02592575 0.03060644 0.115526 0.1856547 0.1289275 0.1635123 0.115526 0.1635123 0.02592575 0.1856381 0.01158308 0.1634962 0.01158308 0.1856381 0.115526 0.1191752 0.1289275 0.0970326 0.115526 0.0970326 0.02592575 0.0970326 0.01158308 0.1191751 0.02592575 0.1191751 0.115526 0.03064316 0.1289275 0.008501172 0.115526 0.008501172 0.01158308 0.1191751 0.02592575 0.1413173 0.02592575 0.1191751 0.115526 0.0749275 0.1289275 0.05278563 0.115526 0.05278563 0.02592575 0.1856547 0.01158308 0.1635123 0.01158308 0.1856547 0.115526 0.1191915 0.1289275 0.1413335 0.1289275 0.1191915 0.115526 0.07490736 0.1289275 0.05276483 0.115526 0.05276483 0.115526 0.1413173 0.1289275 0.1191752 0.115526 0.1191752 0.02592575 0.07489073 0.01158308 0.0970326 0.02592575 0.0970326 0.02592575 0.03064316 0.01158308 0.008501172 0.01158308 0.03064316 0.115526 0.1413539 0.1289275 0.1634962 0.1289275 0.1413539 0.02592575 0.05280196 0.01158308 0.03065973 0.01158308 0.05280196 0.115526 0.03064316 0.1289275 0.05278563 0.1289275 0.03064316 0.02592575 0.05278557 0.01158308 0.0749275 0.02592575 0.0749275 0.115526 0.008464753 0.1289275 0.03060644 0.1289275 0.008464753 0.02592575 0.03065973 0.01158308 0.008517861 0.01158308 0.03065973 0.115526 0.1634593 0.1289275 0.1856012 0.1289275 0.1634593 0.02592575 0.008480727 0.01158308 0.03062301 0.02592575 0.03062301 0.115526 0.07490736 0.1289275 0.09704953 0.1289275 0.07490736 0.02592575 0.0749275 0.01158308 0.09706956 0.02592575 0.09706956 0.115526 0.008517861 0.1289275 0.03065973 0.1289275 0.008517861 0.02592575 0.1635123 0.01158308 0.1413704 0.01158308 0.1635123 0.115526 0.1413335 0.1289275 0.1634758 0.1289275 0.1413335 0.02592575 0.09708631 0.01158308 0.07494384 0.01158308 0.09708631 0.115526 0.1635123 0.1289275 0.1413704 0.115526 0.1413704 0.7348079 0.8514152 0.6564381 0.8776749 0.7271132 0.8398986 0.7466226 0.869098 0.6617385 0.8904715 0.7348079 0.8514152 0.7348083 0.1485846 0.813892 0.1861081 0.7988546 0.201146 0.2360832 0.894979 0.1618936 0.8381064 0.1640976 0.8359018 0.6817892 0.06112217 0.7656487 0.1024283 0.7639171 0.1050203 0.5824531 0.9145223 0.4999993 0.9087923 0.5797514 0.9009375 0.4999995 0.6560173 0.4695621 0.6530197 0.4999994 0.6045907 0.5866785 0.3702761 0.5739563 0.4260431 0.5400251 0.4033707 0.559705 0.6441411 0.5304374 0.6530197 0.5400251 0.5966292 0.6045899 0.4999998 0.653019 0.4695625 0.6560169 0.4999999 0.5866785 0.6297237 0.559705 0.6441411 0.5400251 0.5966292 0.4695621 0.3469803 0.4599748 0.4033707 0.4402947 0.3558586 0.6441413 0.5597051 0.6297234 0.5866786 0.5966289 0.5400251 0.653019 0.5304375 0.6045899 0.4999998 0.6560169 0.4999999 0.3702765 0.5866786 0.4260432 0.5739564 0.389679 0.6103209 0.653019 0.5304375 0.6441413 0.5597051 0.5966289 0.5400251 0.115526 0.03060644 0.02592575 0.05274879 0.115526 0.05274885 0.4133214 0.3702762 0.4599748 0.4033707 0.4260432 0.4260431 0.653019 0.4695625 0.5966289 0.459975 0.6441413 0.4402946 0.4033703 0.459975 0.3702765 0.4133213 0.4260432 0.4260431 0.4260432 0.4260431 0.3702765 0.4133213 0.389679 0.389679 0.559705 0.3558585 0.5866785 0.3702761 0.5400251 0.4033707 0.4999994 0.3954092 0.5304374 0.3469803 0.5400251 0.4033707 0.3954097 0.4999998 0.3469802 0.4695625 0.4033703 0.459975 0.5304374 0.3469803 0.559705 0.3558585 0.5400251 0.4033707 0.4260432 0.5739564 0.4133214 0.6297237 0.389679 0.6103209 0.5304374 0.6530197 0.4999994 0.6045907 0.5400251 0.5966292 0.4695621 0.3469803 0.4999995 0.3439825 0.4999994 0.3954092 0.389679 0.389679 0.4133214 0.3702762 0.4260432 0.4260431 0.3469802 0.4695625 0.3558588 0.4402946 0.4033703 0.459975 0.6297234 0.5866786 0.5739563 0.5739564 0.5966289 0.5400251 0.3558588 0.5597053 0.3469802 0.5304375 0.4033703 0.5400251 0.5739563 0.5739564 0.5866785 0.6297237 0.5400251 0.5966292 0.3702765 0.5866786 0.3558588 0.5597053 0.4033703 0.5400251 0.6297234 0.4133213 0.5739563 0.4260431 0.6103208 0.389679 0.4133214 0.6297237 0.4599748 0.5966292 0.4402947 0.6441411 0.115526 0.1635123 0.02592575 0.1413704 0.02592575 0.1635123 0.115526 0.1413173 0.1289275 0.1634593 0.1289275 0.1413173 0.115526 0.09706962 0.02592575 0.1192122 0.115526 0.1192116 0.115526 0.1413704 0.02592575 0.1192281 0.02592575 0.1413704 0.9589496 0.9593776 0.9935867 0.9099997 0.9689793 0.9694096 0.115526 0.1191752 0.02592575 0.1413173 0.115526 0.1413173 0.9589496 0.8606227 0.9935867 0.9099997 0.9794009 0.9099997 0.8397411 0.9099997 0.8501597 0.8505901 0.8601933 0.8606227 0.90957 0.84017 0.9689793 0.8505901 0.9589496 0.8606227 0.8601933 0.8606227 0.9095679 0.8259825 0.90957 0.84017 0.115526 0.0749275 0.02592575 0.05278557 0.02592575 0.0749275 0.115526 0.1856381 0.02592575 0.1634962 0.02592575 0.1856381 0.8397411 0.9099997 0.8501597 0.9694096 0.8255501 0.9099997 0.90957 0.9798303 0.9689793 0.9694096 0.9095679 0.9940177 0.8601924 0.9593776 0.9095679 0.9940177 0.8501597 0.9694096 0.3431549 0.5311981 0.3270538 0.4999997 0.3400823 0.4999998 0.3431549 0.5311981 0.3402185 0.5661833 0.3303767 0.5337398 0.4111543 0.3670336 0.3777084 0.3777084 0.4039162 0.3562004 0.499999 0.659917 0.4662593 0.6696227 0.4688007 0.6568443 0.3869209 0.6130783 0.3562004 0.5960834 0.3670335 0.588845 0.3522553 0.5611975 0.3562004 0.5960834 0.3402185 0.5661833 0.3869209 0.3869212 0.3562006 0.4039161 0.3777084 0.3777084 0.6599162 0.4999997 0.6696223 0.5337398 0.6568433 0.5311981 0.6477437 0.5611974 0.6696223 0.5337398 0.6597809 0.5661833 0.5311977 0.6568443 0.4999993 0.6729457 0.499999 0.659917 0.3431549 0.4688016 0.3402185 0.4338161 0.3522553 0.438802 0.3522553 0.438802 0.3562006 0.4039161 0.3670335 0.4111545 0.4111543 0.6329661 0.3777084 0.6222909 0.3869209 0.6130783 0.6477437 0.5611974 0.6437988 0.5960835 0.6329655 0.588845 0.499999 0.3400826 0.4662594 0.3303769 0.4999994 0.3270538 0.5888446 0.6329661 0.566183 0.659781 0.5611969 0.6477438 0.6599162 0.4999997 0.6696223 0.4662597 0.6729453 0.4999997 0.5311977 0.3431553 0.4999994 0.3270538 0.5337398 0.3303769 0.6130778 0.3869212 0.5960833 0.3562004 0.6222908 0.3777084 0.6329655 0.588845 0.6222907 0.6222911 0.6130778 0.6130783 0.4388018 0.6477438 0.4039162 0.643799 0.4111543 0.6329661 0.4688007 0.3431553 0.4338161 0.3402184 0.4662594 0.3303769 0.6477437 0.438802 0.6437989 0.4039161 0.659781 0.4338162 0.4388018 0.3522556 0.4039162 0.3562004 0.4338161 0.3402184 0.4688007 0.6568443 0.433816 0.6597809 0.4388018 0.6477438 0.6329655 0.4111545 0.6222908 0.3777084 0.6437989 0.4039161 0.5611969 0.6477438 0.5337397 0.6696227 0.5311977 0.6568443 0.3431549 0.4688016 0.3270538 0.4999997 0.3303767 0.4662597 0.5611969 0.3522555 0.5337398 0.3303769 0.566183 0.3402185 0.6477437 0.438802 0.6696223 0.4662597 0.6568433 0.4688016 0.5888446 0.3670335 0.566183 0.3402185 0.5960833 0.3562004 0.9589496 0.9593776 0.9794009 0.9099997 0.9935867 0.9099997 0.9589496 0.8606227 0.9689793 0.8505901 0.9935867 0.9099997 0.8397411 0.9099997 0.8255501 0.9099997 0.8501597 0.8505901 0.90957 0.84017 0.9095679 0.8259825 0.9689793 0.8505901 0.8601933 0.8606227 0.8501597 0.8505901 0.9095679 0.8259825 0.8397411 0.9099997 0.8601924 0.9593776 0.8501597 0.9694096 0.90957 0.9798303 0.9589496 0.9593776 0.9689793 0.9694096 0.8601924 0.9593776 0.90957 0.9798303 0.9095679 0.9940177 0.115526 0.03060644 0.02592575 0.008464694 0.02592575 0.03060644 0.6130778 0.6130783 0.5960833 0.643799 0.5888446 0.6329661 0.9072824 0.1075242 0.9341337 0.13345 0.9072824 0.13345 0.8914616 0.003821194 0.8972989 0.02974706 0.8914616 0.02974706 0.8914616 0.0556727 0.8856242 0.02974706 0.8914616 0.02974706 0.8914616 0.13345 0.8856242 0.1075242 0.8914616 0.1075242 0.8856242 0.1853016 0.8914616 0.1593758 0.8914616 0.1853016 0.8914616 0.0556727 0.8972989 0.02974706 0.8972989 0.0556727 0.8914616 0.08159846 0.8856242 0.0556727 0.8914616 0.0556727 0.8914616 0.2112273 0.8972989 0.1853016 0.8972989 0.2112273 0.8914616 0.1593758 0.8972989 0.1853016 0.8914616 0.1853016 0.8972989 0.0556727 0.9072824 0.02974706 0.9072824 0.0556727 0.8972989 0.1853016 0.9072824 0.1593758 0.9072824 0.1853016 0.9072824 0.2112273 0.8972989 0.1853016 0.9072824 0.1853016 0.8972989 0.08159846 0.9072824 0.0556727 0.9072824 0.08159846 0.8972989 0.13345 0.9072824 0.1075242 0.9072824 0.13345 0.9072824 0.02974706 0.8972989 0.003821194 0.9072824 0.003821194 0.8972989 0.1593758 0.9072824 0.13345 0.9072824 0.1593758 0.8972989 0.1075242 0.9072824 0.08159846 0.9072824 0.1075242 0.9341337 0.1593758 0.9940398 0.1853016 0.9341337 0.1853016 0.9341337 0.1853016 0.9940398 0.2112273 0.9341337 0.2112273 0.9341337 0.13345 0.9940398 0.1593758 0.9341337 0.1593758 0.9341337 0.003821194 0.9940398 0.02974706 0.9341337 0.02974706 0.9341337 0.0556727 0.9940398 0.08159846 0.9341337 0.08159846 0.9341337 0.08159846 0.9940398 0.1075242 0.9341337 0.1075242 0.9341337 0.02974706 0.9940398 0.0556727 0.9341337 0.0556727 0.9341337 0.1075242 0.9940398 0.13345 0.9341337 0.13345 0.8914616 0.08159846 0.8972989 0.1075242 0.8914616 0.1075242 0.8914616 0.1075242 0.8856242 0.08159846 0.8914616 0.08159846 0.8914616 0.1075242 0.8972989 0.13345 0.8914616 0.13345 0.8856242 0.02974706 0.8914616 0.003821194 0.8914616 0.02974706 0.8914616 0.13345 0.8972989 0.1593758 0.8914616 0.1593758 0.8914616 0.08159846 0.8972989 0.0556727 0.8972989 0.08159846 0.8914616 0.2112273 0.8856242 0.1853016 0.8914616 0.1853016 0.8856242 0.1593758 0.8914616 0.13345 0.8914616 0.1593758 0.9072824 0.02974706 0.9341337 0.003821194 0.9341337 0.02974706 0.9072824 0.1593758 0.9341337 0.13345 0.9341337 0.1593758 0.9072824 0.02974706 0.9341337 0.0556727 0.9072824 0.0556727 0.9072824 0.0556727 0.9341337 0.08159846 0.9072824 0.08159846 0.9072824 0.08159846 0.9341337 0.1075242 0.9072824 0.1075242 0.9072824 0.2112273 0.9341337 0.1853016 0.9341337 0.2112273 0.9072824 0.1853016 0.9341337 0.1593758 0.9341337 0.1853016 0.9072824 0.1075242 0.9341337 0.13345 0.9072824 0.13345 0.8972989 0.003821194 0.8914616 0.02974706 0.8914616 0.003821194 0.8914616 0.0556727 0.8856242 0.02974706 0.8914616 0.02974706 0.8914616 0.13345 0.8856242 0.1075242 0.8914616 0.1075242 0.8856242 0.1853016 0.8914616 0.1593758 0.8914616 0.1853016 0.8914616 0.0556727 0.8972989 0.02974706 0.8972989 0.0556727 0.8914616 0.08159846 0.8856242 0.0556727 0.8914616 0.0556727 0.8914616 0.2112273 0.8972989 0.1853016 0.8972989 0.2112273 0.8914616 0.1593758 0.8972989 0.1853016 0.8914616 0.1853016 0.8972989 0.0556727 0.9072824 0.02974706 0.9072824 0.0556727 0.8972989 0.1853016 0.9072824 0.1593758 0.9072824 0.1853016 0.9072824 0.2112273 0.8972989 0.1853016 0.9072824 0.1853016 0.8972989 0.08159846 0.9072824 0.0556727 0.9072824 0.08159846 0.8972989 0.13345 0.9072824 0.1075242 0.9072824 0.13345 0.8972989 0.02974706 0.9072824 0.003821194 0.9072824 0.02974706 0.8972989 0.1593758 0.9072824 0.13345 0.9072824 0.1593758 0.8972989 0.1075242 0.9072824 0.08159846 0.9072824 0.1075242 0.9341337 0.1593758 0.9940398 0.1853016 0.9341337 0.1853016 0.9341337 0.1853016 0.9940398 0.2112273 0.9341337 0.2112273 0.9341337 0.13345 0.9940398 0.1593758 0.9341337 0.1593758 0.9341337 0.003821194 0.9940398 0.02974706 0.9341337 0.02974706 0.9341337 0.0556727 0.9940398 0.08159846 0.9341337 0.08159846 0.9341337 0.08159846 0.9940398 0.1075242 0.9341337 0.1075242 0.9341337 0.02974706 0.9940398 0.0556727 0.9341337 0.0556727 0.9341337 0.1075242 0.9940398 0.13345 0.9341337 0.13345 0.8914616 0.08159846 0.8972989 0.1075242 0.8914616 0.1075242 0.8914616 0.1075242 0.8856242 0.08159846 0.8914616 0.08159846 0.8914616 0.1075242 0.8972989 0.13345 0.8914616 0.13345 0.8856242 0.003821194 0.8914616 0.02974706 0.8856242 0.02974706 0.8914616 0.13345 0.8972989 0.1593758 0.8914616 0.1593758 0.8914616 0.08159846 0.8972989 0.0556727 0.8972989 0.08159846 0.8914616 0.2112273 0.8856242 0.1853016 0.8914616 0.1853016 0.8856242 0.13345 0.8914616 0.1593758 0.8856242 0.1593758 0.9072824 0.02974706 0.9341337 0.003821194 0.9341337 0.02974706 0.9072824 0.1593758 0.9341337 0.13345 0.9341337 0.1593758 0.9072824 0.02974706 0.9341337 0.0556727 0.9072824 0.0556727 0.9072824 0.0556727 0.9341337 0.08159846 0.9072824 0.08159846 0.9072824 0.08159846 0.9341337 0.1075242 0.9072824 0.1075242 0.9072824 0.2112273 0.9341337 0.1853016 0.9341337 0.2112273 0.9072824 0.1853016 0.9341337 0.1593758 0.9341337 0.1853016 0.9072824 0.1075242 0.9341337 0.13345 0.9072824 0.13345 0.8972989 0.003821194 0.8914616 0.02974706 0.8914616 0.003821194 0.8914616 0.0556727 0.8856242 0.02974706 0.8914616 0.02974706 0.8914616 0.13345 0.8856242 0.1075242 0.8914616 0.1075242 0.8856242 0.1853016 0.8914616 0.1593758 0.8914616 0.1853016 0.8914616 0.0556727 0.8972989 0.02974706 0.8972989 0.0556727 0.8914616 0.08159846 0.8856242 0.0556727 0.8914616 0.0556727 0.8914616 0.2112273 0.8972989 0.1853016 0.8972989 0.2112273 0.8914616 0.1593758 0.8972989 0.1853016 0.8914616 0.1853016 0.8972989 0.0556727 0.9072824 0.02974706 0.9072824 0.0556727 0.8972989 0.1853016 0.9072824 0.1593758 0.9072824 0.1853016 0.9072824 0.2112273 0.8972989 0.1853016 0.9072824 0.1853016 0.8972989 0.08159846 0.9072824 0.0556727 0.9072824 0.08159846 0.8972989 0.13345 0.9072824 0.1075242 0.9072824 0.13345 0.8972989 0.02974706 0.9072824 0.003821194 0.9072824 0.02974706 0.8972989 0.1593758 0.9072824 0.13345 0.9072824 0.1593758 0.8972989 0.1075242 0.9072824 0.08159846 0.9072824 0.1075242 0.9341337 0.1593758 0.9940398 0.1853016 0.9341337 0.1853016 0.9341337 0.1853016 0.9940398 0.2112273 0.9341337 0.2112273 0.9341337 0.13345 0.9940398 0.1593758 0.9341337 0.1593758 0.9341337 0.003821194 0.9940398 0.02974706 0.9341337 0.02974706 0.9341337 0.0556727 0.9940398 0.08159846 0.9341337 0.08159846 0.9341337 0.08159846 0.9940398 0.1075242 0.9341337 0.1075242 0.9341337 0.02974706 0.9940398 0.0556727 0.9341337 0.0556727 0.9341337 0.1075242 0.9940398 0.13345 0.9341337 0.13345 0.8914616 0.08159846 0.8972989 0.1075242 0.8914616 0.1075242 0.8914616 0.1075242 0.8856242 0.08159846 0.8914616 0.08159846 0.8914616 0.1075242 0.8972989 0.13345 0.8914616 0.13345 0.8856242 0.02974706 0.8914616 0.003821194 0.8914616 0.02974706 0.8914616 0.13345 0.8972989 0.1593758 0.8914616 0.1593758 0.8914616 0.08159846 0.8972989 0.0556727 0.8972989 0.08159846 0.8914616 0.2112273 0.8856242 0.1853016 0.8914616 0.1853016 0.8856242 0.13345 0.8914616 0.1593758 0.8856242 0.1593758 0.9072824 0.02974706 0.9341337 0.003821194 0.9341337 0.02974706 0.9072824 0.1593758 0.9341337 0.13345 0.9341337 0.1593758 0.9072824 0.02974706 0.9341337 0.0556727 0.9072824 0.0556727 0.9072824 0.0556727 0.9341337 0.08159846 0.9072824 0.08159846 0.9072824 0.08159846 0.9341337 0.1075242 0.9072824 0.1075242 0.9072824 0.2112273 0.9341337 0.1853016 0.9341337 0.2112273 0.9072824 0.1853016 0.9341337 0.1593758 0.9341337 0.1853016 0.9072824 0.1075242 0.9341337 0.13345 0.9072824 0.13345 0.8972989 0.003821194 0.8914616 0.02974706 0.8914616 0.003821194 0.8914616 0.0556727 0.8856242 0.02974706 0.8914616 0.02974706 0.8914616 0.13345 0.8856242 0.1075242 0.8914616 0.1075242 0.8856242 0.1853016 0.8914616 0.1593758 0.8914616 0.1853016 0.8914616 0.0556727 0.8972989 0.02974706 0.8972989 0.0556727 0.8914616 0.08159846 0.8856242 0.0556727 0.8914616 0.0556727 0.8914616 0.1853016 0.8972989 0.2112273 0.8914616 0.2112273 0.8914616 0.1593758 0.8972989 0.1853016 0.8914616 0.1853016 0.8972989 0.0556727 0.9072824 0.02974706 0.9072824 0.0556727 0.8972989 0.1853016 0.9072824 0.1593758 0.9072824 0.1853016 0.9072824 0.2112273 0.8972989 0.1853016 0.9072824 0.1853016 0.8972989 0.08159846 0.9072824 0.0556727 0.9072824 0.08159846 0.8972989 0.13345 0.9072824 0.1075242 0.9072824 0.13345 0.9072824 0.02974706 0.8972989 0.003821194 0.9072824 0.003821194 0.8972989 0.1593758 0.9072824 0.13345 0.9072824 0.1593758 0.8972989 0.1075242 0.9072824 0.08159846 0.9072824 0.1075242 0.9341337 0.1593758 0.9940398 0.1853016 0.9341337 0.1853016 0.9341337 0.1853016 0.9940398 0.2112273 0.9341337 0.2112273 0.9341337 0.13345 0.9940398 0.1593758 0.9341337 0.1593758 0.9341337 0.003821194 0.9940398 0.02974706 0.9341337 0.02974706 0.9341337 0.0556727 0.9940398 0.08159846 0.9341337 0.08159846 0.9341337 0.08159846 0.9940398 0.1075242 0.9341337 0.1075242 0.9341337 0.02974706 0.9940398 0.0556727 0.9341337 0.0556727 0.9341337 0.1075242 0.9940398 0.13345 0.9341337 0.13345 0.8914616 0.08159846 0.8972989 0.1075242 0.8914616 0.1075242 0.8914616 0.1075242 0.8856242 0.08159846 0.8914616 0.08159846 0.8914616 0.1075242 0.8972989 0.13345 0.8914616 0.13345 0.8856242 0.02974706 0.8914616 0.003821194 0.8914616 0.02974706 0.8914616 0.13345 0.8972989 0.1593758 0.8914616 0.1593758 0.8914616 0.08159846 0.8972989 0.0556727 0.8972989 0.08159846 0.8856242 0.2112273 0.8914616 0.1853016 0.8914616 0.2112273 0.8856242 0.13345 0.8914616 0.1593758 0.8856242 0.1593758 0.9072824 0.02974706 0.9341337 0.003821194 0.9341337 0.02974706 0.9072824 0.1593758 0.9341337 0.13345 0.9341337 0.1593758 0.9072824 0.02974706 0.9341337 0.0556727 0.9072824 0.0556727 0.9072824 0.0556727 0.9341337 0.08159846 0.9072824 0.08159846 0.9072824 0.08159846 0.9341337 0.1075242 0.9072824 0.1075242 0.9072824 0.2112273 0.9341337 0.1853016 0.9341337 0.2112273 0.9072824 0.1853016 0.9341337 0.1593758 0.9341337 0.1853016 0.9589496 0.9593776 0.9935867 0.9099997 0.9689793 0.9694096 0.9589496 0.8606227 0.9935867 0.9099997 0.9794009 0.9099997 0.8397411 0.9099997 0.8501597 0.8505901 0.8601933 0.8606227 0.90957 0.84017 0.9689793 0.8505901 0.9589496 0.8606227 0.8601933 0.8606227 0.9095679 0.8259825 0.90957 0.84017 0.8397411 0.9099997 0.8501597 0.9694096 0.8255501 0.9099997 0.90957 0.9798303 0.9689793 0.9694096 0.9095679 0.9940177 0.8601924 0.9593776 0.9095679 0.9940177 0.8501597 0.9694096 0.9589496 0.9593776 0.9794009 0.9099997 0.9935867 0.9099997 0.9589496 0.8606227 0.9689793 0.8505901 0.9935867 0.9099997 0.8397411 0.9099997 0.8255501 0.9099997 0.8501597 0.8505901 0.90957 0.84017 0.9095679 0.8259825 0.9689793 0.8505901 0.8601933 0.8606227 0.8501597 0.8505901 0.9095679 0.8259825 0.8397411 0.9099997 0.8601924 0.9593776 0.8501597 0.9694096 0.90957 0.9798303 0.9589496 0.9593776 0.9689793 0.9694096 0.8601924 0.9593776 0.90957 0.9798303 0.9095679 0.9940177 0.9589496 0.9593776 0.9935867 0.9099997 0.9689793 0.9694096 0.9589496 0.8606227 0.9935867 0.9099997 0.9794009 0.9099997 0.8397411 0.9099997 0.8501597 0.8505901 0.8601933 0.8606227 0.90957 0.84017 0.9689793 0.8505901 0.9589496 0.8606227 0.8601933 0.8606227 0.9095679 0.8259825 0.90957 0.84017 0.8397411 0.9099997 0.8501597 0.9694096 0.8255501 0.9099997 0.90957 0.9798303 0.9689793 0.9694096 0.9095679 0.9940177 0.8601924 0.9593776 0.9095679 0.9940177 0.8501597 0.9694096 0.9589496 0.9593776 0.9794009 0.9099997 0.9935867 0.9099997 0.9589496 0.8606227 0.9689793 0.8505901 0.9935867 0.9099997 0.8397411 0.9099997 0.8255501 0.9099997 0.8501597 0.8505901 0.90957 0.84017 0.9095679 0.8259825 0.9689793 0.8505901 0.8601933 0.8606227 0.8501597 0.8505901 0.9095679 0.8259825 0.8397411 0.9099997 0.8601924 0.9593776 0.8501597 0.9694096 0.90957 0.9798303 0.9589496 0.9593776 0.9689793 0.9694096 0.8601924 0.9593776 0.90957 0.9798303 0.9095679 0.9940177 0.9589496 0.9593776 0.9935867 0.9099997 0.9689793 0.9694096 0.9589496 0.8606227 0.9935867 0.9099997 0.9794009 0.9099997 0.8397411 0.9099997 0.8501597 0.8505901 0.8601933 0.8606227 0.90957 0.84017 0.9689793 0.8505901 0.9589496 0.8606227 0.8601933 0.8606227 0.9095679 0.8259825 0.90957 0.84017 0.8397411 0.9099997 0.8501597 0.9694096 0.8255501 0.9099997 0.90957 0.9798303 0.9689793 0.9694096 0.9095679 0.9940177 0.8601924 0.9593776 0.9095679 0.9940177 0.8501597 0.9694096 0.9589496 0.9593776 0.9794009 0.9099997 0.9935867 0.9099997 0.9589496 0.8606227 0.9689793 0.8505901 0.9935867 0.9099997 0.8397411 0.9099997 0.8255501 0.9099997 0.8501597 0.8505901 0.90957 0.84017 0.9095679 0.8259825 0.9689793 0.8505901 0.8601933 0.8606227 0.8501597 0.8505901 0.9095679 0.8259825 0.8397411 0.9099997 0.8601924 0.9593776 0.8501597 0.9694096 0.90957 0.9798303 0.9589496 0.9593776 0.9689793 0.9694096 0.8601924 0.9593776 0.90957 0.9798303 0.9095679 0.9940177 0.9589496 0.9593776 0.9935867 0.9099997 0.9689793 0.9694096 0.9589496 0.8606227 0.9935867 0.9099997 0.9794009 0.9099997 0.8397411 0.9099997 0.8501597 0.8505901 0.8601933 0.8606227 0.90957 0.84017 0.9689793 0.8505901 0.9589496 0.8606227 0.8601933 0.8606227 0.9095679 0.8259825 0.90957 0.84017 0.8397411 0.9099997 0.8501597 0.9694096 0.8255501 0.9099997 0.90957 0.9798303 0.9689793 0.9694096 0.9095679 0.9940177 0.8601924 0.9593776 0.9095679 0.9940177 0.8501597 0.9694096 0.9589496 0.9593776 0.9794009 0.9099997 0.9935867 0.9099997 0.9589496 0.8606227 0.9689793 0.8505901 0.9935867 0.9099997 0.8397411 0.9099997 0.8255501 0.9099997 0.8501597 0.8505901 0.90957 0.84017 0.9095679 0.8259825 0.9689793 0.8505901 0.8601933 0.8606227 0.8501597 0.8505901 0.9095679 0.8259825 0.8397411 0.9099997 0.8601924 0.9593776 0.8501597 0.9694096 0.90957 0.9798303 0.9589496 0.9593776 0.9689793 0.9694096 0.8601924 0.9593776 0.90957 0.9798303 0.9095679 0.9940177 0.8397411 0.9099997 0.8601933 0.8606227 0.909571 0.9100003 0.8601924 0.9593776 0.8397411 0.9099997 0.909571 0.9100003 0.9794009 0.9099997 0.9589496 0.9593776 0.9095711 0.9100003 0.9589496 0.9593776 0.90957 0.9798303 0.9095711 0.9100003 0.90957 0.9798303 0.8601924 0.9593776 0.909571 0.9100003 0.8601933 0.8606227 0.90957 0.84017 0.909571 0.9100003 0.90957 0.84017 0.9589496 0.8606227 0.9095711 0.9100003 0.8601933 0.8606227 0.90957 0.84017 0.9095711 0.9100003 0.8601924 0.9593776 0.8397411 0.9099997 0.9095711 0.9100003 0.9589496 0.9593776 0.90957 0.9798303 0.9095711 0.9100003 0.8397411 0.9099997 0.8601933 0.8606227 0.9095711 0.9100003 0.9589496 0.8606227 0.9794009 0.9099997 0.9095711 0.9100003 0.9794009 0.9099997 0.9589496 0.9593776 0.9095711 0.9100003 0.9589496 0.8606227 0.9794009 0.9099997 0.9095711 0.9100003 0.8601933 0.8606227 0.90957 0.84017 0.9095711 0.9100003 0.9589496 0.9593776 0.90957 0.9798303 0.909571 0.9100003 0.90957 0.84017 0.9589496 0.8606227 0.9095711 0.9100003 0.90957 0.9798303 0.8601924 0.9593776 0.9095711 0.9100003 0.8601924 0.9593776 0.8397411 0.9099997 0.9095711 0.9100003 0.90957 0.9798303 0.8601924 0.9593776 0.9095711 0.9100003 0.9589496 0.8606227 0.9794009 0.9099997 0.9095711 0.9100003 0.9589496 0.9593776 0.90957 0.9798303 0.9095711 0.9100003 0.9794009 0.9099997 0.9589496 0.9593776 0.9095711 0.9100003 0.8397411 0.9099997 0.8601933 0.8606227 0.9095711 0.9100003 0.8601933 0.8606227 0.90957 0.84017 0.9095711 0.9100003 0.8397411 0.9099997 0.8601933 0.8606227 0.9095711 0.9100003 0.90957 0.9798303 0.8601924 0.9593776 0.9095711 0.9100003 0.9589496 0.9593776 0.90957 0.9798303 0.9095711 0.9100003 0.8601924 0.9593776 0.8397411 0.9099997 0.9095711 0.9100003 0.90957 0.84017 0.9589496 0.8606227 0.9095711 0.9100003 0.90957 0.84017 0.9589496 0.8606227 0.909571 0.9100003 0.9589496 0.8606227 0.9794009 0.9099997 0.909571 0.9100003 0.9794009 0.9099997 0.9589496 0.9593776 0.909571 0.9100003 0.90957 0.9798303 0.8601924 0.9593776 0.9095711 0.9100003 0.8601924 0.9593776 0.8397411 0.9099997 0.9095711 0.9100003 0.8397411 0.9099997 0.8601933 0.8606227 0.9095711 0.9100003 0.8601933 0.8606227 0.90957 0.84017 0.9095711 0.9100003 0.90957 0.84017 0.9589496 0.8606227 0.9095711 0.9100003 0.9589496 0.8606227 0.9794009 0.9099997 0.9095711 0.9100003 0.9794009 0.9099997 0.9589496 0.9593776 0.9095711 0.9100003 0.6297234 0.4133213 0.6441413 0.4402946 0.5966289 0.459975 0.7221394 0.7729532 0.6966676 0.7943313 0.7224 0.7732102 0.535921 0.7106361 0.5423376 0.6985766 0.5359298 0.711001 0.6235442 0.6743416 0.6104798 0.670351 0.6104857 0.6703459 0.5690639 0.8471868 0.6354674 0.8270434 0.6354674 0.8270434 0.6381042 0.8334092 0.5760765 0.8824552 0.5704055 0.8539453 0.7325984 0.7737109 0.7166454 0.8242298 0.700496 0.8000604 0.700496 0.8000604 0.6492282 0.8602649 0.6381042 0.8334092 0.5290725 0.8580134 0.5760765 0.8824552 0.5000005 0.889949 0.5290725 0.7047875 0.5348403 0.6751483 0.5363958 0.6937227 0.5717845 0.6733002 0.5348403 0.6751483 0.5683407 0.664986 0.5717845 0.6733002 0.599215 0.6484833 0.6112491 0.6627175 0.624251 0.6653634 0.599215 0.6484833 0.6262757 0.6262743 0.5290725 0.8580134 0.5000006 0.6785796 0.5290725 0.7047875 0.7325984 0.7737109 0.6262757 0.6262743 0.7757363 0.7757349 0.5359323 0.8500821 0.5359298 0.711001 0.5359298 0.850448 0.5744777 0.6798022 0.5423376 0.6985766 0.5423297 0.6985771 0.6966655 0.7943329 0.6354674 0.8270434 0.6966676 0.7943313 0.7221394 0.7729532 0.6237959 0.6746059 0.6235442 0.6743416 0.5744777 0.6798022 0.6104798 0.670351 0.5744777 0.6798022 0.5359323 0.8500821 0.5690614 0.8471871 0.5690639 0.8471868 0.5690639 0.8471868 0.6381042 0.8334092 0.5704055 0.8539453 0.7221394 0.7729532 0.700496 0.8000604 0.6966655 0.7943329 0.6966655 0.7943329 0.6381042 0.8334092 0.6354674 0.8270434 0.5359323 0.8500821 0.5704055 0.8539453 0.5290725 0.8580134 0.5423297 0.6985771 0.5290725 0.7047875 0.5363958 0.6937227 0.5423297 0.6985771 0.5717845 0.6733002 0.5744777 0.6798022 0.6104857 0.6703459 0.5717845 0.6733002 0.6112491 0.6627175 0.6104857 0.6703459 0.624251 0.6653634 0.6235442 0.6743416 0.5359323 0.8500821 0.5290725 0.7047875 0.535921 0.7106361 0.7221394 0.7729532 0.624251 0.6653634 0.7325984 0.7737109 0.8500836 0.5359305 0.8471889 0.5690585 0.8504496 0.535928 0.6743425 0.6235422 0.6703523 0.6104775 0.6746069 0.623794 0.7106373 0.5359191 0.6985778 0.5423353 0.6985782 0.5423273 0.7943341 0.6966626 0.8270447 0.6354646 0.8270447 0.6354646 0.8334107 0.6381014 0.8242313 0.7166424 0.8000617 0.7004927 0.858015 0.5290707 0.882457 0.5760735 0.8539471 0.5704026 0.8539471 0.5704026 0.8602665 0.6492254 0.8334107 0.6381014 0.7737115 0.7325962 0.8242313 0.7166424 0.7757363 0.7757349 0.6653644 0.6242491 0.6484847 0.5992127 0.6627187 0.6112468 0.6733013 0.5717824 0.6484847 0.5992127 0.6649872 0.5683385 0.6733013 0.5717824 0.6751496 0.5348379 0.6937239 0.5363935 0.7047887 0.5290707 0.6751496 0.5348379 0.6785809 0.4999988 0.7737115 0.7325962 0.6262757 0.6262743 0.6653644 0.6242491 0.858015 0.5290707 0.6785809 0.4999988 0.8899493 0.4999989 0.7729536 0.7221372 0.6746069 0.623794 0.7732108 0.7223979 0.6798033 0.5744755 0.6703523 0.6104775 0.6703471 0.6104834 0.8471886 0.569061 0.8270447 0.6354646 0.8471889 0.5690585 0.8500836 0.5359305 0.7110024 0.535928 0.7106373 0.5359191 0.6798033 0.5744755 0.6985778 0.5423353 0.6798033 0.5744755 0.7729536 0.7221372 0.7943326 0.6966644 0.7943341 0.6966626 0.7943341 0.6966626 0.8334107 0.6381014 0.8000617 0.7004927 0.8500836 0.5359305 0.8539471 0.5704026 0.8471886 0.569061 0.8471886 0.569061 0.8334107 0.6381014 0.8270447 0.6354646 0.7729536 0.7221372 0.8000617 0.7004927 0.7737115 0.7325962 0.6703471 0.6104834 0.6653644 0.6242491 0.6627187 0.6112468 0.6703471 0.6104834 0.6733013 0.5717824 0.6798033 0.5744755 0.6985782 0.5423273 0.6733013 0.5717824 0.6937239 0.5363935 0.6985782 0.5423273 0.7047887 0.5290707 0.7106373 0.5359191 0.7729536 0.7221372 0.6653644 0.6242491 0.6743425 0.6235422 0.8500836 0.5359305 0.7047887 0.5290707 0.858015 0.5290707 0.7729536 0.2778601 0.7943318 0.303332 0.7732107 0.2775995 0.7106366 0.4640786 0.6985771 0.457662 0.7110016 0.4640697 0.674342 0.3764554 0.6703516 0.3895197 0.6703463 0.3895137 0.8471874 0.4309356 0.8270438 0.3645322 0.8270438 0.3645322 0.8334097 0.3618953 0.8824556 0.4239231 0.8539459 0.429594 0.7737113 0.2674012 0.8242303 0.2833541 0.800061 0.2995037 0.800061 0.2995037 0.8602655 0.3507713 0.8334097 0.3618953 0.8580139 0.470927 0.8824556 0.4239231 0.8899493 0.4999989 0.704788 0.470927 0.6751488 0.4651592 0.6937232 0.4636037 0.6733008 0.428215 0.6751488 0.4651592 0.6649865 0.4316589 0.6733008 0.428215 0.6484839 0.4007846 0.6627179 0.3887504 0.6653638 0.3757485 0.6484839 0.4007846 0.6262752 0.3737233 0.8580139 0.470927 0.6785809 0.4999988 0.704788 0.470927 0.7737113 0.2674012 0.6262752 0.3737233 0.7757354 0.2242633 0.8500825 0.4640672 0.7110016 0.4640697 0.8504486 0.4640697 0.6798026 0.4255219 0.6985771 0.457662 0.6985775 0.4576699 0.7943333 0.3033339 0.8270438 0.3645322 0.7943318 0.303332 0.7729536 0.2778601 0.6746065 0.3762036 0.674342 0.3764554 0.6798026 0.4255219 0.6703516 0.3895197 0.6798026 0.4255219 0.8500825 0.4640672 0.8471875 0.430938 0.8471874 0.4309356 0.8471874 0.4309356 0.8334097 0.3618953 0.8539459 0.429594 0.7729536 0.2778601 0.800061 0.2995037 0.7943333 0.3033339 0.7943333 0.3033339 0.8334097 0.3618953 0.8270438 0.3645322 0.8500825 0.4640672 0.8539459 0.429594 0.8580139 0.470927 0.6985775 0.4576699 0.704788 0.470927 0.6937232 0.4636037 0.6985775 0.4576699 0.6733008 0.428215 0.6798026 0.4255219 0.6703463 0.3895137 0.6733008 0.428215 0.6627179 0.3887504 0.6703463 0.3895137 0.6653638 0.3757485 0.674342 0.3764554 0.8500825 0.4640672 0.704788 0.470927 0.7106366 0.4640786 0.7729536 0.2778601 0.6653638 0.3757485 0.7737113 0.2674012 0.5359311 0.1499158 0.569059 0.1528105 0.5359286 0.1495498 0.6235427 0.325657 0.6104781 0.3296472 0.6237945 0.3253927 0.5359196 0.2893621 0.5423358 0.3014217 0.5423279 0.3014213 0.696663 0.2056654 0.635465 0.1729547 0.635465 0.1729547 0.6381019 0.1665888 0.7166429 0.1757684 0.7004932 0.1999378 0.5290713 0.1419845 0.5760741 0.1175425 0.5704032 0.1460524 0.5704032 0.1460524 0.649226 0.1397331 0.6381019 0.1665888 0.7325967 0.226288 0.7166429 0.1757684 0.7757354 0.2242633 0.6242496 0.3346352 0.5992131 0.3515148 0.6112473 0.3372808 0.5717828 0.3266981 0.5992131 0.3515148 0.568339 0.3350124 0.5717828 0.3266981 0.5348384 0.32485 0.536394 0.3062756 0.5290712 0.2952108 0.5348384 0.32485 0.4999992 0.3214187 0.7325967 0.226288 0.6262752 0.3737233 0.6242496 0.3346352 0.5290713 0.1419845 0.4999992 0.3214187 0.4999994 0.1100511 0.7221378 0.2270458 0.6237945 0.3253927 0.7223984 0.2267887 0.574476 0.3201962 0.6104781 0.3296472 0.610484 0.3296524 0.5690615 0.1528108 0.635465 0.1729547 0.569059 0.1528105 0.5359311 0.1499158 0.5359285 0.2889972 0.5359196 0.2893621 0.574476 0.3201962 0.5423358 0.3014217 0.574476 0.3201962 0.7221378 0.2270458 0.6966649 0.205667 0.696663 0.2056654 0.696663 0.2056654 0.6381019 0.1665888 0.7004932 0.1999378 0.5359311 0.1499158 0.5704032 0.1460524 0.5690615 0.1528108 0.5690615 0.1528108 0.6381019 0.1665888 0.635465 0.1729547 0.7221378 0.2270458 0.7004932 0.1999378 0.7325967 0.226288 0.610484 0.3296524 0.6242496 0.3346352 0.6112473 0.3372808 0.610484 0.3296524 0.5717828 0.3266981 0.574476 0.3201962 0.5423279 0.3014213 0.5717828 0.3266981 0.536394 0.3062756 0.5423279 0.3014213 0.5290712 0.2952108 0.5359196 0.2893621 0.7221378 0.2270458 0.6242496 0.3346352 0.6235427 0.325657 0.5359311 0.1499158 0.5290712 0.2952108 0.5290713 0.1419845 0.2778606 0.2270458 0.3033326 0.2056677 0.2776001 0.2267888 0.4640791 0.2893628 0.4576625 0.3014224 0.4640703 0.2889979 0.3764559 0.3256574 0.3895202 0.329648 0.3895143 0.3296532 0.4309361 0.1528121 0.3645327 0.1729557 0.3645327 0.1729557 0.3618958 0.1665897 0.4239236 0.1175438 0.4295946 0.1460537 0.2674017 0.2262881 0.2833546 0.1757691 0.2995042 0.1999385 0.2995042 0.1999385 0.3507719 0.139734 0.3618958 0.1665897 0.4709275 0.1419855 0.4239236 0.1175438 0.4999994 0.1100511 0.4709275 0.2952115 0.4651598 0.3248507 0.4636042 0.3062763 0.4282155 0.3266988 0.4651598 0.3248507 0.4316594 0.335013 0.4282155 0.3266988 0.400785 0.3515156 0.388751 0.3372815 0.375749 0.3346356 0.400785 0.3515156 0.3737238 0.3737244 0.4709275 0.1419855 0.4999992 0.3214187 0.4709275 0.2952115 0.2674017 0.2262881 0.3737238 0.3737244 0.2242637 0.224264 0.4640678 0.149917 0.4640703 0.2889979 0.4640703 0.1495509 0.4255223 0.3201968 0.4576625 0.3014224 0.4576704 0.301422 0.3033345 0.2056661 0.3645327 0.1729557 0.3033326 0.2056677 0.2778606 0.2270458 0.3762041 0.3253931 0.3764559 0.3256574 0.4255223 0.3201968 0.3895202 0.329648 0.4255223 0.3201968 0.4640678 0.149917 0.4309386 0.1528118 0.4309361 0.1528121 0.4309361 0.1528121 0.3618958 0.1665897 0.4295946 0.1460537 0.2778606 0.2270458 0.2995042 0.1999385 0.3033345 0.2056661 0.3033345 0.2056661 0.3618958 0.1665897 0.3645327 0.1729557 0.4640678 0.149917 0.4295946 0.1460537 0.4709275 0.1419855 0.4576704 0.301422 0.4709275 0.2952115 0.4636042 0.3062763 0.4576704 0.301422 0.4282155 0.3266988 0.4255223 0.3201968 0.3895143 0.3296532 0.4282155 0.3266988 0.388751 0.3372815 0.3895143 0.3296532 0.375749 0.3346356 0.3764559 0.3256574 0.4640678 0.149917 0.4709275 0.2952115 0.4640791 0.2893628 0.2778606 0.2270458 0.375749 0.3346356 0.2674017 0.2262881 0.1499163 0.4640685 0.152811 0.4309403 0.1495503 0.4640709 0.3256575 0.3764568 0.3296477 0.3895215 0.3253932 0.376205 0.2893626 0.4640799 0.3014222 0.4576637 0.3014217 0.4576717 0.2056658 0.3033365 0.1729552 0.3645344 0.1729552 0.3645344 0.1665892 0.3618976 0.1757689 0.2833566 0.1999383 0.2995063 0.1419849 0.4709282 0.1175431 0.4239253 0.1460528 0.4295964 0.1460528 0.4295964 0.1397336 0.3507736 0.1665892 0.3618976 0.2262886 0.2674028 0.1757689 0.2833566 0.2242637 0.224264 0.3346357 0.3757499 0.3515154 0.4007863 0.3372813 0.3887522 0.3266986 0.4282166 0.3515154 0.4007863 0.3350128 0.4316605 0.3266986 0.4282166 0.3248504 0.4651611 0.3062761 0.4636055 0.2952113 0.4709283 0.3248504 0.4651611 0.3214191 0.5000002 0.2262886 0.2674028 0.3737238 0.3737244 0.3346357 0.3757499 0.1419849 0.4709282 0.3214191 0.5000002 0.1100507 0.5000001 0.2270463 0.2778617 0.3253932 0.376205 0.2267892 0.2776011 0.3201967 0.4255235 0.3296477 0.3895215 0.3296529 0.3895155 0.1528113 0.4309379 0.1729552 0.3645344 0.152811 0.4309403 0.1499163 0.4640685 0.2889977 0.464071 0.2893626 0.4640799 0.3201967 0.4255235 0.3014222 0.4576637 0.3201967 0.4255235 0.2270463 0.2778617 0.2056675 0.3033346 0.2056658 0.3033365 0.2056658 0.3033365 0.1665892 0.3618976 0.1999383 0.2995063 0.1499163 0.4640685 0.1460528 0.4295964 0.1528113 0.4309379 0.1528113 0.4309379 0.1665892 0.3618976 0.1729552 0.3645344 0.2270463 0.2778617 0.1999383 0.2995063 0.2262886 0.2674028 0.3296529 0.3895155 0.3346357 0.3757499 0.3372813 0.3887522 0.3296529 0.3895155 0.3266986 0.4282166 0.3201967 0.4255235 0.3014217 0.4576717 0.3266986 0.4282166 0.3062761 0.4636055 0.3014217 0.4576717 0.2952113 0.4709283 0.2893626 0.4640799 0.2270463 0.2778617 0.3346357 0.3757499 0.3256575 0.3764568 0.1499163 0.4640685 0.2952113 0.4709283 0.1419849 0.4709282 0.2270463 0.722139 0.2056681 0.696667 0.2267892 0.7223995 0.2893633 0.5359204 0.301423 0.542337 0.2889984 0.5359293 0.3256579 0.6235436 0.3296484 0.6104792 0.3296537 0.6104852 0.1528126 0.5690634 0.1729562 0.6354668 0.1729562 0.6354668 0.1665902 0.6381037 0.1175443 0.5760759 0.1460542 0.570405 0.2262886 0.7325978 0.1757696 0.7166448 0.199939 0.7004953 0.199939 0.7004953 0.1397345 0.6492276 0.1665902 0.6381037 0.141986 0.5290721 0.1175443 0.5760759 0.1100507 0.5000001 0.295212 0.5290721 0.3248512 0.5348398 0.3062768 0.5363953 0.3266993 0.571784 0.3248512 0.5348398 0.3350135 0.5683401 0.3266993 0.571784 0.3515161 0.5992144 0.3372821 0.6112486 0.3346362 0.6242505 0.3515161 0.5992144 0.3737248 0.6262757 0.141986 0.5290721 0.3214191 0.5000002 0.295212 0.5290721 0.2262886 0.7325978 0.3737248 0.6262757 0.2242646 0.7757356 0.1499174 0.5359318 0.2889984 0.5359293 0.1495514 0.5359293 0.3201973 0.5744772 0.301423 0.542337 0.3014225 0.5423291 0.2056666 0.6966651 0.1729562 0.6354668 0.2056681 0.696667 0.2270463 0.722139 0.3253936 0.6237954 0.3256579 0.6235436 0.3201973 0.5744772 0.3296484 0.6104792 0.3201973 0.5744772 0.1499174 0.5359318 0.1528123 0.569061 0.1528126 0.5690634 0.1528126 0.5690634 0.1665902 0.6381037 0.1460542 0.570405 0.2270463 0.722139 0.199939 0.7004953 0.2056666 0.6966651 0.2056666 0.6966651 0.1665902 0.6381037 0.1729562 0.6354668 0.1499174 0.5359318 0.1460542 0.570405 0.141986 0.5290721 0.3014225 0.5423291 0.295212 0.5290721 0.3062768 0.5363953 0.3014225 0.5423291 0.3266993 0.571784 0.3201973 0.5744772 0.3296537 0.6104852 0.3266993 0.571784 0.3372821 0.6112486 0.3296537 0.6104852 0.3346362 0.6242505 0.3256579 0.6235436 0.1499174 0.5359318 0.295212 0.5290721 0.2893633 0.5359204 0.2270463 0.722139 0.3346362 0.6242505 0.2262886 0.7325978 0.4640689 0.8500832 0.4309409 0.8471885 0.4640713 0.8504491 0.3764573 0.674342 0.389522 0.6703519 0.3762056 0.6746063 0.4640803 0.7106369 0.4576643 0.6985774 0.4576722 0.6985778 0.3033369 0.7943336 0.3645349 0.8270444 0.3645349 0.8270444 0.3618981 0.8334102 0.2833572 0.8242306 0.2995067 0.8000611 0.4709287 0.8580146 0.4239258 0.8824564 0.4295968 0.8539466 0.4295968 0.8539466 0.350774 0.8602659 0.3618981 0.8334102 0.2674033 0.773711 0.2833572 0.8242306 0.2242646 0.7757356 0.3757504 0.6653638 0.4007868 0.6484842 0.3887526 0.6627182 0.4282172 0.6733009 0.4007868 0.6484842 0.431661 0.6649866 0.4282172 0.6733009 0.4651616 0.675149 0.4636059 0.6937234 0.4709288 0.7047883 0.4651616 0.675149 0.5000006 0.6785796 0.2674033 0.773711 0.3737248 0.6262757 0.3757504 0.6653638 0.4709287 0.8580146 0.5000006 0.6785796 0.5000005 0.889949 0.2778622 0.7729532 0.3762056 0.6746063 0.2776016 0.7732103 0.425524 0.6798028 0.389522 0.6703519 0.3895161 0.6703466 0.4309384 0.8471882 0.3645349 0.8270444 0.4309409 0.8471885 0.4640689 0.8500832 0.4640715 0.7110018 0.4640803 0.7106369 0.425524 0.6798028 0.4576643 0.6985774 0.425524 0.6798028 0.2778622 0.7729532 0.303335 0.794332 0.3033369 0.7943336 0.3033369 0.7943336 0.3618981 0.8334102 0.2995067 0.8000611 0.4640689 0.8500832 0.4295968 0.8539466 0.4309384 0.8471882 0.4309384 0.8471882 0.3618981 0.8334102 0.3645349 0.8270444 0.2778622 0.7729532 0.2995067 0.8000611 0.2674033 0.773711 0.3895161 0.6703466 0.3757504 0.6653638 0.3887526 0.6627182 0.3895161 0.6703466 0.4282172 0.6733009 0.425524 0.6798028 0.4576722 0.6985778 0.4282172 0.6733009 0.4636059 0.6937234 0.4576722 0.6985778 0.4709288 0.7047883 0.4640803 0.7106369 0.2778622 0.7729532 0.3757504 0.6653638 0.3764573 0.674342 0.4640689 0.8500832 0.4709288 0.7047883 0.4709287 0.8580146 0.3762041 0.3253931 0.2267892 0.2776011 0.3253932 0.376205 0.2889977 0.464071 0.1495514 0.5359293 0.2889984 0.5359293 0.3253936 0.6237954 0.2776016 0.7732103 0.3762056 0.6746063 0.4640715 0.7110018 0.5359298 0.850448 0.5359298 0.711001 0.6237959 0.6746059 0.7732108 0.7223979 0.6746069 0.623794 0.7110024 0.535928 0.8504486 0.4640697 0.7110016 0.4640697 0.6746065 0.3762036 0.7223984 0.2267887 0.6237945 0.3253927 0.5359285 0.2889972 0.4640703 0.1495509 0.4640703 0.2889979 0.5359298 0.711001 0.5423376 0.6985766 0.5 0.4999995 0.5423376 0.6985766 0.5744777 0.6798022 0.5 0.4999995 0.5744777 0.6798022 0.6104798 0.670351 0.5 0.4999995 0.6104798 0.670351 0.6237959 0.6746059 0.5 0.4999995 0.6237959 0.6746059 0.6746069 0.623794 0.5 0.4999995 0.6746069 0.623794 0.6703523 0.6104775 0.5 0.4999995 0.6703523 0.6104775 0.6798033 0.5744755 0.5 0.4999995 0.6798033 0.5744755 0.6985778 0.5423353 0.5 0.4999995 0.6985778 0.5423353 0.7110024 0.535928 0.5 0.4999995 0.7110024 0.535928 0.7110016 0.4640697 0.5 0.4999995 0.7110016 0.4640697 0.6985771 0.457662 0.5 0.4999995 0.6985771 0.457662 0.6798026 0.4255219 0.5 0.4999995 0.6798026 0.4255219 0.6703516 0.3895197 0.5 0.4999995 0.6703516 0.3895197 0.6746065 0.3762036 0.5 0.4999995 0.6746065 0.3762036 0.6237945 0.3253927 0.5 0.4999995 0.6237945 0.3253927 0.6104781 0.3296472 0.5 0.4999995 0.6104781 0.3296472 0.574476 0.3201962 0.5 0.4999995 0.574476 0.3201962 0.5423358 0.3014217 0.5 0.4999995 0.5423358 0.3014217 0.5359285 0.2889972 0.5 0.4999995 0.5359285 0.2889972 0.4640703 0.2889979 0.5 0.4999995 0.4640703 0.2889979 0.4576625 0.3014224 0.5 0.4999995 0.4576625 0.3014224 0.4255223 0.3201968 0.5 0.4999995 0.4255223 0.3201968 0.3895202 0.329648 0.5 0.4999995 0.3895202 0.329648 0.3762041 0.3253931 0.5 0.4999995 0.3762041 0.3253931 0.3253932 0.376205 0.5 0.4999995 0.3253932 0.376205 0.3296477 0.3895215 0.5 0.4999995 0.3296477 0.3895215 0.3201967 0.4255235 0.5 0.4999995 0.3201967 0.4255235 0.3014222 0.4576637 0.5 0.4999995 0.3014222 0.4576637 0.2889977 0.464071 0.5 0.4999995 0.2889977 0.464071 0.2889984 0.5359293 0.5 0.4999995 0.2889984 0.5359293 0.301423 0.542337 0.5 0.4999995 0.301423 0.542337 0.3201973 0.5744772 0.5 0.4999995 0.3201973 0.5744772 0.3296484 0.6104792 0.5 0.4999995 0.3296484 0.6104792 0.3253936 0.6237954 0.5 0.4999995 0.3253936 0.6237954 0.3762056 0.6746063 0.5 0.4999995 0.3762056 0.6746063 0.389522 0.6703519 0.5 0.4999995 0.389522 0.6703519 0.425524 0.6798028 0.5 0.4999995 0.425524 0.6798028 0.4576643 0.6985774 0.5 0.4999995 0.4576643 0.6985774 0.4640715 0.7110018 0.5 0.4999995 0.4640715 0.7110018 0.5359298 0.711001 0.5 0.4999995 0.3545479 0.8511525 0.4258498 0.8727815 0.4309409 0.8471885 0.711164 0.8160287 0.7224 0.7732102 0.6966676 0.7943313 0.7687608 0.7687597 0.7732108 0.7223979 0.7224 0.7732102 0.8160295 0.7111628 0.7943326 0.6966644 0.7732108 0.7223979 0.8511531 0.6454516 0.7943326 0.6966644 0.8160295 0.7111628 0.872782 0.5741497 0.8270447 0.6354646 0.8511531 0.6454516 0.872782 0.5741497 0.8504496 0.535928 0.8471889 0.5690585 0.8800853 0.4999994 0.8504486 0.4640697 0.8504496 0.535928 0.872782 0.4258481 0.8471875 0.430938 0.8504486 0.4640697 0.8511525 0.3545474 0.8471875 0.430938 0.872782 0.4258481 0.5741514 0.8727815 0.6454522 0.851152 0.6354674 0.8270434 0.8160292 0.2888357 0.7732107 0.2775995 0.7943318 0.303332 0.7687602 0.2312387 0.7223984 0.2267887 0.7732107 0.2775995 0.7111634 0.1839699 0.6966649 0.205667 0.7223984 0.2267887 0.1488475 0.6454517 0.1839708 0.7111634 0.2056681 0.696667 0.5741501 0.1272175 0.635465 0.1729547 0.6454521 0.1488465 0.5741501 0.1272175 0.5359286 0.1495498 0.569059 0.1528105 0.5 0.1199141 0.4640703 0.1495509 0.5359286 0.1495498 0.4258493 0.1272178 0.4309386 0.1528118 0.4640703 0.1495509 0.3545479 0.148847 0.4309386 0.1528118 0.4258493 0.1272178 0.2888361 0.1839703 0.3645327 0.1729557 0.3545479 0.148847 0.2888361 0.1839703 0.2776001 0.2267888 0.3033326 0.2056677 0.2312392 0.2312393 0.2267892 0.2776011 0.2776001 0.2267888 0.1839705 0.2888361 0.2056675 0.3033346 0.2267892 0.2776011 0.1488469 0.3545475 0.2056675 0.3033346 0.1839705 0.2888361 0.127218 0.4258493 0.1729552 0.3645344 0.1488469 0.3545475 0.127218 0.4258493 0.1495503 0.4640709 0.152811 0.4309403 0.1199147 0.4999995 0.1495514 0.5359293 0.1495503 0.4640709 0.127218 0.5741509 0.1528123 0.569061 0.1495514 0.5359293 0.1488475 0.6454517 0.1528123 0.569061 0.127218 0.5741509 0.6454522 0.851152 0.711164 0.8160287 0.6966676 0.7943313 0.1839708 0.7111634 0.2267892 0.7223995 0.2056681 0.696667 0.2312397 0.7687602 0.2776016 0.7732103 0.2267892 0.7223995 0.2888367 0.816029 0.303335 0.794332 0.2776016 0.7732103 0.3545479 0.8511525 0.303335 0.794332 0.2888367 0.816029 0.4258498 0.8727815 0.4640713 0.8504491 0.4309409 0.8471885 0.5 0.8800849 0.5359298 0.850448 0.4640713 0.8504491 0.5741514 0.8727815 0.5690614 0.8471871 0.5359298 0.850448 0.7111634 0.1839699 0.6454521 0.1488465 0.635465 0.1729547 0.6354674 0.8270434 0.6454522 0.851152 0.6966676 0.7943313 0.711164 0.8160287 0.7687608 0.7687597 0.7224 0.7732102 0.7687608 0.7687597 0.8160295 0.7111628 0.7732108 0.7223979 0.8511531 0.6454516 0.8270447 0.6354646 0.7943326 0.6966644 0.872782 0.5741497 0.8471889 0.5690585 0.8270447 0.6354646 0.872782 0.5741497 0.8800853 0.4999994 0.8504496 0.535928 0.8800853 0.4999994 0.872782 0.4258481 0.8504486 0.4640697 0.8511525 0.3545474 0.8270438 0.3645322 0.8471875 0.430938 0.8270438 0.3645322 0.8511525 0.3545474 0.7943318 0.303332 0.8160292 0.2888357 0.7687602 0.2312387 0.7732107 0.2775995 0.7687602 0.2312387 0.7111634 0.1839699 0.7223984 0.2267887 0.6966649 0.205667 0.7111634 0.1839699 0.635465 0.1729547 0.5741501 0.1272175 0.569059 0.1528105 0.635465 0.1729547 0.5741501 0.1272175 0.5 0.1199141 0.5359286 0.1495498 0.5 0.1199141 0.4258493 0.1272178 0.4640703 0.1495509 0.3545479 0.148847 0.3645327 0.1729557 0.4309386 0.1528118 0.2888361 0.1839703 0.3033326 0.2056677 0.3645327 0.1729557 0.2888361 0.1839703 0.2312392 0.2312393 0.2776001 0.2267888 0.2312392 0.2312393 0.1839705 0.2888361 0.2267892 0.2776011 0.1488469 0.3545475 0.1729552 0.3645344 0.2056675 0.3033346 0.127218 0.4258493 0.152811 0.4309403 0.1729552 0.3645344 0.127218 0.4258493 0.1199147 0.4999995 0.1495503 0.4640709 0.1199147 0.4999995 0.127218 0.5741509 0.1495514 0.5359293 0.1488475 0.6454517 0.1729562 0.6354668 0.1528123 0.569061 0.1729562 0.6354668 0.1488475 0.6454517 0.2056681 0.696667 0.1839708 0.7111634 0.2312397 0.7687602 0.2267892 0.7223995 0.2312397 0.7687602 0.2888367 0.816029 0.2776016 0.7732103 0.3545479 0.8511525 0.3645349 0.8270444 0.303335 0.794332 0.3645349 0.8270444 0.3545479 0.8511525 0.4309409 0.8471885 0.4258498 0.8727815 0.5 0.8800849 0.4640713 0.8504491 0.5 0.8800849 0.5741514 0.8727815 0.5359298 0.850448 0.5690614 0.8471871 0.5741514 0.8727815 0.6354674 0.8270434 0.8511525 0.3545474 0.8160292 0.2888357 0.7943318 0.303332 0.3469802 0.5304375 0.3954097 0.4999998 0.4033703 0.5400251 0.06880491 0.85883 0.1411703 0.888805 0.1111957 0.9611706 0.08999991 0.9808014 0.1111957 0.9611706 0.1170946 0.975412 0.03993648 0.9600641 0.03882974 0.9311957 0.05083626 0.9491642 0.1400639 0.9600641 0.1411703 0.9311957 0.1554117 0.9370947 0.03993648 0.9600641 0.06880491 0.9611706 0.06290596 0.975412 0.06290596 0.975412 0.08999991 0.9653866 0.08999991 0.9808014 0.01919943 0.9100003 0.03882974 0.9311957 0.02458834 0.9370947 0.1608009 0.9100003 0.1411703 0.888805 0.1554117 0.882906 0.01919943 0.9100003 0.03882974 0.888805 0.03461414 0.9100003 0.1400639 0.9600641 0.1111957 0.9611706 0.129164 0.9491642 0.1554117 0.882906 0.129164 0.8708362 0.1400639 0.8599364 0.1400639 0.8599364 0.1111957 0.85883 0.1170946 0.8445887 0.03993648 0.8599364 0.03882974 0.888805 0.02458834 0.882906 0.08999991 0.8391993 0.1111957 0.85883 0.08999991 0.854614 0.1608009 0.9100003 0.1411703 0.9311957 0.1453862 0.9100003 0.03993648 0.8599364 0.06880491 0.85883 0.05083626 0.8708362 0.06290596 0.8445887 0.08999991 0.854614 0.06880491 0.85883 0.2360832 0.894979 0.1640976 0.8359018 0.1714722 0.8285275 0.4999993 0.9087923 0.4999993 0.9226432 0.4175462 0.9145223 0.1309025 0.2533761 0.1861085 0.1861077 0.2011463 0.2011455 0.7466243 0.1309018 0.7530718 0.1212522 0.8220984 0.1779017 0.1714722 0.8285275 0.1136919 0.7581223 0.1212522 0.7530708 0.9659085 0.5926749 0.9556803 0.5906403 0.9646075 0.4999995 0.1714725 0.1714717 0.1640976 0.1640974 0.2360837 0.1050203 0.2109401 0.7890598 0.2011463 0.7988537 0.1485853 0.7348077 0.3301233 0.08987993 0.4133978 0.06461882 0.4175466 0.08547729 0.3301233 0.08987993 0.3256821 0.07915771 0.4111335 0.0532363 0.4093593 0.9556809 0.3222016 0.9292421 0.3256817 0.9208416 0.1640976 0.8359018 0.1050208 0.7639163 0.1136919 0.7581223 0.5932839 0.03103232 0.6829823 0.05824214 0.6817892 0.06112217 0.115526 0.09704953 0.02592575 0.09704947 0.02592575 0.1191915 0.4093593 0.9556809 0.4073246 0.9659096 0.3182108 0.9388774 0.5888661 0.9467632 0.4999993 0.9555156 0.4999993 0.9439101 0.8690978 0.7466229 0.8138917 0.8138921 0.7988534 0.798854 0.7466226 0.869098 0.7530713 0.8787474 0.6743184 0.9208416 0.8787481 0.2469289 0.8863086 0.2418775 0.9292417 0.3222022 0.5926755 0.03408998 0.6817892 0.06112217 0.6777977 0.07075756 0.4999993 0.9781551 0.4067162 0.9689671 0.4073246 0.9659096 0.115526 0.09708631 0.115526 0.07494384 0.02592575 0.07494384 0.914522 0.5824534 0.8904712 0.6617383 0.8776747 0.6564377 0.5824531 0.9145223 0.5866026 0.9353805 0.4999993 0.9439101 0.813892 0.1861081 0.8220984 0.1779017 0.8787481 0.2469289 0.9208418 0.3256819 0.9292417 0.3222022 0.9556803 0.4093592 0.8359028 0.1640979 0.8381071 0.1618933 0.8975715 0.2343512 0.115526 0.05276483 0.02592575 0.05276483 0.02592575 0.07490736 0.1095287 0.3382611 0.1485853 0.2651916 0.1601014 0.2728867 0.3382612 0.8904712 0.3301229 0.9101192 0.2533769 0.8690977 0.6743184 0.9208416 0.5888661 0.9467632 0.5866026 0.9353805 0.1714725 0.1714717 0.2418777 0.1136919 0.2469291 0.1212522 0.9750369 0.4999995 0.9781544 0.4999995 0.9689666 0.5932831 0.115526 0.0970326 0.02592575 0.0970326 0.02592575 0.1191751 0.0854777 0.417546 0.1095287 0.3382611 0.1223247 0.3435615 0.1861081 0.8138917 0.1309021 0.7466232 0.1485853 0.7348077 0.2533771 0.1309018 0.2469291 0.1212522 0.3256821 0.07915771 0.0791586 0.6743181 0.07075774 0.6777977 0.04431915 0.5906403 0.9388771 0.3182112 0.9417567 0.3170182 0.9689666 0.4067164 0.115526 0.1413335 0.02592575 0.1413334 0.02592575 0.1634758 0.04431915 0.409359 0.03409045 0.4073244 0.06112289 0.3182106 0.9226424 0.4999995 0.914522 0.5824534 0.9009377 0.579751 0.9353796 0.5866021 0.9101193 0.6698768 0.8904712 0.6617383 0.6743184 0.9208416 0.6777977 0.9292424 0.5906408 0.9556811 0.886308 0.7581223 0.8285279 0.8285279 0.8220984 0.8220984 0.4999993 0.975037 0.4073246 0.9659096 0.4093593 0.9556809 0.4067162 0.9689671 0.3170178 0.9417572 0.3182108 0.9388774 0.8776753 0.3435617 0.8904718 0.3382613 0.914522 0.4175462 0.2651919 0.8514149 0.2533769 0.8690977 0.1861081 0.8138917 0.3256817 0.9208416 0.2469288 0.8787471 0.2533769 0.8690977 0.5 0.03539139 0.5906412 0.04431849 0.5888668 0.05323648 0.5932835 0.9689674 0.4999993 0.9781551 0.4999993 0.975037 0.115526 0.05278563 0.115526 0.03064316 0.02592575 0.03064316 0.07735729 0.4999995 0.0854777 0.417546 0.09906226 0.4202482 0.9439094 0.4999995 0.9353796 0.5866021 0.914522 0.5824534 0.9555147 0.4999995 0.9467623 0.5888664 0.9353796 0.5866021 0.4111335 0.0532363 0.4093596 0.04431849 0.5 0.03539139 0.5 0.02184486 0.5932839 0.03103232 0.5926755 0.03408998 0.115526 0.05274885 0.02592575 0.05274879 0.02592575 0.07489073 0.7348083 0.1485846 0.7988546 0.201146 0.7890602 0.2109399 0.2533771 0.1309018 0.3301233 0.08987993 0.3382615 0.109528 0.05323702 0.4111329 0.0791586 0.3256813 0.08988058 0.3301225 0.1136919 0.7581223 0.07075774 0.6777977 0.0791586 0.6743181 0.1050208 0.7639163 0.102429 0.7656485 0.05824238 0.6829817 0.115526 0.07489073 0.02592575 0.07489073 0.02592575 0.0970326 0.09906226 0.5797511 0.0854777 0.5824534 0.07735729 0.4999995 0.1861085 0.1861077 0.2533771 0.1309018 0.2651921 0.1485846 0.4133978 0.06461882 0.4111335 0.0532363 0.5 0.04448384 0.04431915 0.409359 0.07075798 0.3222016 0.0791586 0.3256813 0.6777977 0.9292424 0.6817892 0.9388774 0.5926755 0.9659097 0.8359021 0.8359021 0.7639165 0.8949791 0.7581228 0.8863078 0.1485853 0.2651916 0.2011463 0.2011455 0.2109401 0.2109397 0.06461971 0.4133971 0.08988058 0.3301225 0.1095287 0.3382611 0.8690983 0.2533769 0.8787481 0.2469289 0.9208418 0.3256819 0.9646075 0.4999995 0.9556803 0.5906403 0.9467623 0.5888664 0.4073252 0.03408998 0.5 0.02496224 0.5 0.03539139 0.05824238 0.6829817 0.03103226 0.5932829 0.03408998 0.5926748 0.1136921 0.2418768 0.1050212 0.236083 0.1640976 0.1640974 0.661739 0.109528 0.7348083 0.1485846 0.7271132 0.1601012 0.06461971 0.5866023 0.05608963 0.4999995 0.07735729 0.4999995 0.08988058 0.3301225 0.0791586 0.3256813 0.1212524 0.2469285 0.8285282 0.1714723 0.8863086 0.2418775 0.8787481 0.2469289 0.2360837 0.1050203 0.3182116 0.06112194 0.322202 0.07075732 0.2360837 0.1050203 0.2343512 0.1024283 0.3170182 0.05824184 0.8359028 0.1640979 0.8949796 0.2360835 0.8863086 0.2418775 0.839898 0.7271129 0.8514152 0.7348077 0.7988534 0.798854 0.1095287 0.6617383 0.08988058 0.6698769 0.06461971 0.5866023 0.9467623 0.4111331 0.9555147 0.4999995 0.9439094 0.4999995 0.5888668 0.05323648 0.5906412 0.04431849 0.6777977 0.07075756 0.02592575 0.09706956 0.01158308 0.09706956 0.01158308 0.1192116 0.1024293 0.2343508 0.1618936 0.1618931 0.1640976 0.1640974 0.115526 0.09706962 0.115526 0.0749275 0.02592575 0.0749275 0.06112289 0.3182106 0.1050212 0.236083 0.1136921 0.2418768 0.1601012 0.7271127 0.1485853 0.7348077 0.1095287 0.6617383 0.1485853 0.7348077 0.1309021 0.7466232 0.08988058 0.6698769 0.1861085 0.1861077 0.1779019 0.1779013 0.2469291 0.1212522 0.2469288 0.8787471 0.2418775 0.8863076 0.1714722 0.8285275 0.1640976 0.8359018 0.1618936 0.8381064 0.102429 0.7656485 0.115526 0.07494384 0.115526 0.05280196 0.02592575 0.05280196 0.2109401 0.2109397 0.2011463 0.2011455 0.2651921 0.1485846 0.8904718 0.3382613 0.9101193 0.330123 0.9353796 0.4133971 0.4999993 0.9555156 0.4111331 0.9467629 0.4133974 0.9353803 0.4999993 0.9555156 0.4999993 0.9646084 0.4093593 0.9556809 0.7639171 0.1050203 0.7656487 0.1024283 0.8381071 0.1618933 0.115526 0.1634758 0.02592575 0.1634758 0.02592575 0.1856177 0.2728876 0.1601012 0.2651921 0.1485846 0.3382615 0.109528 0.4999993 0.9226432 0.4999993 0.9439101 0.4133974 0.9353803 0.4133974 0.9353803 0.4111331 0.9467629 0.3256817 0.9208416 0.9556803 0.5906403 0.9292415 0.6777976 0.9208416 0.6743181 0.4073252 0.03408998 0.4067166 0.03103256 0.5 0.02184486 0.115526 0.008480727 0.02592575 0.008480727 0.02592575 0.03062301 0.965909 0.4073247 0.9750369 0.4999995 0.9646075 0.4999995 0.1223247 0.6564378 0.1095287 0.6617383 0.0854777 0.5824534 0.5824542 0.08547729 0.586603 0.06461906 0.6698774 0.0898801 0.586603 0.06461906 0.5888668 0.05323648 0.6743187 0.07915794 0.1212524 0.2469285 0.1136921 0.2418768 0.1714725 0.1714717 0.02592575 0.05276483 0.01158308 0.05276483 0.01158308 0.07490736 0.8949796 0.2360835 0.8975715 0.2343512 0.9417567 0.3170182 0.115526 0.03065973 0.115526 0.008517861 0.02592575 0.008517861 0.03539204 0.4999995 0.02496278 0.4999995 0.03409045 0.4073244 0.2651919 0.8514149 0.2011463 0.7988537 0.2109401 0.7890598 0.9208416 0.6743181 0.8787475 0.7530706 0.8690978 0.7466229 0.9467623 0.4111331 0.9556803 0.4093592 0.9646075 0.4999995 0.8381062 0.8381066 0.7656487 0.8975713 0.7639165 0.8949791 0.115526 0.1634593 0.02592575 0.1634593 0.02592575 0.1856012 0.5 0.03539139 0.5 0.02496224 0.5926755 0.03408998 0.5 0.07735639 0.5824542 0.08547729 0.5797517 0.09906202 0.6617385 0.8904715 0.6698771 0.9101193 0.5866026 0.9353805 0.1309025 0.2533761 0.1212524 0.2469285 0.1779019 0.1779013 0.3182116 0.06112194 0.4073252 0.03408998 0.4093596 0.04431849 0.9659085 0.5926749 0.9689666 0.5932831 0.9417563 0.6829816 0.115526 0.1634962 0.115526 0.1413539 0.02592575 0.1413539 0.4175466 0.08547729 0.5 0.07735639 0.5 0.09120708 0.4695621 0.6530197 0.4402947 0.6441411 0.4599748 0.5966292 0.6698774 0.0898801 0.6743187 0.07915794 0.7530718 0.1212522 0.8285279 0.8285279 0.7581228 0.8863078 0.7530713 0.8787474 0.3182116 0.06112194 0.3170182 0.05824184 0.4067166 0.03103256 0.8398986 0.2728871 0.8514152 0.2651919 0.8904718 0.3382613 0.4175462 0.9145223 0.4133974 0.9353803 0.3301229 0.9101192 0.1779019 0.822098 0.1212522 0.7530708 0.1309021 0.7466232 0.6743187 0.07915794 0.6777977 0.07075756 0.7581228 0.1136919 0.3222016 0.9292421 0.3182108 0.9388774 0.2360832 0.894979 0.965909 0.4073247 0.9689666 0.4067164 0.9781544 0.4999995 0.115526 0.1413335 0.115526 0.1191915 0.02592575 0.1191915 0.9009377 0.4202482 0.914522 0.4175462 0.9226424 0.4999995 0.5 0.07735639 0.5 0.0560894 0.586603 0.06461906 0.8690978 0.7466229 0.8787475 0.7530706 0.8220984 0.8220984 0.7581228 0.8863078 0.7639165 0.8949791 0.6817892 0.9388774 0.9388771 0.3182112 0.965909 0.4073247 0.9556803 0.4093592 0.7656487 0.8975713 0.6829819 0.9417575 0.6817892 0.9388774 0.5824542 0.08547729 0.661739 0.109528 0.6564381 0.1223247 0.813892 0.1861081 0.8690983 0.2533769 0.8514152 0.2651919 0.04448461 0.4999995 0.05323702 0.4111329 0.06461971 0.4133971 0.03539204 0.4999995 0.04431915 0.409359 0.05323702 0.4111329 0.897571 0.7656483 0.8949794 0.7639165 0.9388762 0.6817888 0.115526 0.008501172 0.02592575 0.008501172 0.02592575 0.03064316 0.03408998 0.5926748 0.02496278 0.4999995 0.03539204 0.4999995 0.7988534 0.798854 0.7348079 0.8514152 0.7271132 0.8398986 0.914522 0.4175462 0.9353796 0.4133971 0.9439094 0.4999995 0.05323648 0.5888664 0.04448461 0.4999995 0.05608963 0.4999995 0.7581228 0.8863078 0.6777977 0.9292424 0.6743184 0.9208416 0.6829819 0.9417575 0.5932835 0.9689674 0.5926755 0.9659097 0.115526 0.1856547 0.115526 0.1635123 0.02592575 0.1635123 0.6817892 0.06112217 0.7639171 0.1050203 0.7581228 0.1136919 0.3382615 0.109528 0.4175466 0.08547729 0.4202486 0.09906184 0.07735729 0.4999995 0.05608963 0.4999995 0.06461971 0.4133971 0.9467623 0.5888664 0.9208416 0.6743181 0.9101193 0.6698768 0.7530718 0.1212522 0.7581228 0.1136919 0.8285282 0.1714723 0.1136919 0.7581223 0.1050208 0.7639163 0.06112259 0.6817886 0.3170178 0.9417572 0.2343508 0.8975711 0.2360832 0.894979 0.7988546 0.201146 0.8514152 0.2651919 0.8398986 0.2728871 0.9101193 0.6698768 0.8690978 0.7466229 0.8514152 0.7348077 0.9208418 0.3256819 0.9467623 0.4111331 0.9353796 0.4133971 0.05323648 0.5888664 0.04431915 0.5906403 0.03539204 0.4999995 0.9388762 0.6817888 0.8949794 0.7639165 0.886308 0.7581223 0.03103345 0.4067162 0.05824238 0.3170175 0.06112289 0.3182106 0.115526 0.05280196 0.115526 0.03065973 0.02592575 0.03065973 0.9659085 0.5926749 0.9388762 0.6817888 0.9292415 0.6777976 0.8138917 0.8138921 0.8220984 0.8220984 0.7530713 0.8787474 0.08988058 0.3301225 0.1309025 0.2533761 0.1485853 0.2651916 0.0791586 0.6743181 0.08988058 0.6698769 0.1309021 0.7466232 0.9292415 0.6777976 0.886308 0.7581223 0.8787475 0.7530706 0.8949794 0.7639165 0.8359021 0.8359021 0.8285279 0.8285279 0.897571 0.7656483 0.8381062 0.8381066 0.8359021 0.8359021 0.115526 0.07490736 0.02592575 0.07490736 0.02592575 0.09704947 0.6617385 0.8904715 0.5824531 0.9145223 0.5797514 0.9009375 0.8138917 0.8138921 0.7466226 0.869098 0.7348079 0.8514152 0.5 0.0560894 0.5 0.04448384 0.5888668 0.05323648 0.3256821 0.07915771 0.322202 0.07075732 0.4093596 0.04431849 0.06112259 0.6817886 0.03408998 0.5926748 0.04431915 0.5906403 0.1640976 0.1640974 0.1618936 0.1618931 0.2343512 0.1024283 0.115526 0.1413539 0.115526 0.1192116 0.02592575 0.1192122 0.8776747 0.6564377 0.8904712 0.6617383 0.8514152 0.7348077 0.8690983 0.2533769 0.9101193 0.330123 0.8904718 0.3382613 0.2469291 0.1212522 0.2418777 0.1136919 0.322202 0.07075732 0.07075798 0.3222016 0.1136921 0.2418768 0.1212524 0.2469285 0.05824238 0.3170175 0.1024293 0.2343508 0.1050212 0.236083 0.115526 0.1413173 0.02592575 0.1413173 0.02592575 0.1634593 0.7639171 0.1050203 0.8359028 0.1640979 0.8285282 0.1714723 0.3435612 0.8776747 0.3382612 0.8904712 0.2651919 0.8514149 0.4133978 0.06461882 0.5 0.0560894 0.5 0.07735639 0.0791586 0.6743181 0.05323648 0.5888664 0.06461971 0.5866023 0.2418775 0.8863076 0.2469288 0.8787471 0.3256817 0.9208416 0.8863086 0.2418775 0.8949796 0.2360835 0.9388771 0.3182112 0.03103226 0.5932829 0.02184551 0.4999995 0.02496278 0.4999995 0.115526 0.1192281 0.115526 0.09708631 0.02592575 0.09708631 0.4202483 0.9009375 0.4175462 0.9145223 0.3382612 0.8904712 0.6698774 0.0898801 0.7466243 0.1309018 0.7348083 0.1485846 0.2469288 0.8787471 0.1779019 0.822098 0.1861081 0.8138917 0.5888661 0.9467632 0.5906408 0.9556811 0.4999993 0.9646084 0.5906408 0.9556811 0.5926755 0.9659097 0.4999993 0.975037 0.02184551 0.4999995 0.03103345 0.4067162 0.03409045 0.4073244 0.115526 0.03062301 0.02592575 0.03062301 0.02592575 0.05276483 0.02592575 0.1191915 0.01158308 0.1191915 0.01158308 0.1413334 0.115526 0.05276483 0.1289275 0.05276483 0.1289275 0.03062301 0.02592575 0.07494384 0.02592575 0.05280196 0.01158308 0.05280196 0.115526 0.07489073 0.1289275 0.07489073 0.1289275 0.05274885 0.02592575 0.1856177 0.02592575 0.1634758 0.01158308 0.1634758 0.115526 0.1192116 0.1289275 0.1192116 0.1289275 0.09706962 0.02592575 0.05278557 0.02592575 0.03064316 0.01158308 0.03064316 0.115526 0.1413539 0.1289275 0.1413539 0.1289275 0.1192116 0.02592575 0.1192122 0.01158308 0.1192116 0.01158308 0.1413539 0.115526 0.008480727 0.115526 0.03062301 0.1289275 0.03062301 0.02592575 0.1634593 0.02592575 0.1413173 0.01158308 0.1413173 0.115526 0.03060644 0.115526 0.05274885 0.1289275 0.05274885 0.02592575 0.1634758 0.02592575 0.1413334 0.01158308 0.1413334 0.115526 0.1634758 0.115526 0.1856177 0.1289275 0.1856177 0.02592575 0.09704947 0.01158308 0.09704947 0.01158308 0.1191915 0.115526 0.07489073 0.115526 0.0970326 0.1289275 0.0970326 0.02592575 0.09708631 0.01158308 0.09708631 0.01158308 0.1192281 0.115526 0.09706962 0.1289275 0.09706962 0.1289275 0.0749275 0.02592575 0.07489073 0.02592575 0.05274879 0.01158308 0.05274879 0.115526 0.1634962 0.115526 0.1856381 0.1289275 0.1856381 0.02592575 0.05276483 0.02592575 0.03062301 0.01158308 0.03062301 0.115526 0.1192281 0.115526 0.1413704 0.1289275 0.1413704 0.01158308 0.03060644 0.01158308 0.05274879 0.02592575 0.05274879 0.115526 0.09708631 0.1289275 0.09708631 0.1289275 0.07494384 0.02592575 0.1413704 0.02592575 0.1192281 0.01158308 0.1192281 0.115526 0.09704953 0.115526 0.1191915 0.1289275 0.1191915 0.02592575 0.07490736 0.01158308 0.07490736 0.01158308 0.09704947 0.115526 0.09708631 0.115526 0.1192281 0.1289275 0.1192281 0.02592575 0.1634593 0.01158308 0.1634593 0.01158308 0.1856012 0.115526 0.07494384 0.1289275 0.07494384 0.1289275 0.05280196 0.02592575 0.1634962 0.02592575 0.1413539 0.01158308 0.1413539 0.115526 0.05280196 0.1289275 0.05280196 0.1289275 0.03065973 0.02592575 0.008464694 0.01158308 0.008464694 0.01158308 0.03060644 0.115526 0.1856547 0.1289275 0.1856547 0.1289275 0.1635123 0.02592575 0.1856381 0.02592575 0.1634962 0.01158308 0.1634962 0.115526 0.1191752 0.1289275 0.1191752 0.1289275 0.0970326 0.02592575 0.0970326 0.01158308 0.0970326 0.01158308 0.1191751 0.115526 0.03064316 0.1289275 0.03064316 0.1289275 0.008501172 0.01158308 0.1191751 0.01158308 0.1413173 0.02592575 0.1413173 0.115526 0.0749275 0.1289275 0.0749275 0.1289275 0.05278563 0.02592575 0.1856547 0.02592575 0.1635123 0.01158308 0.1635123 0.115526 0.1191915 0.115526 0.1413335 0.1289275 0.1413335 0.115526 0.07490736 0.1289275 0.07490736 0.1289275 0.05276483 0.115526 0.1413173 0.1289275 0.1413173 0.1289275 0.1191752 0.02592575 0.07489073 0.01158308 0.07489073 0.01158308 0.0970326 0.02592575 0.03064316 0.02592575 0.008501172 0.01158308 0.008501172 0.115526 0.1413539 0.115526 0.1634962 0.1289275 0.1634962 0.02592575 0.05280196 0.02592575 0.03065973 0.01158308 0.03065973 0.115526 0.03064316 0.115526 0.05278563 0.1289275 0.05278563 0.02592575 0.05278557 0.01158308 0.05278557 0.01158308 0.0749275 0.115526 0.008464753 0.115526 0.03060644 0.1289275 0.03060644 0.02592575 0.03065973 0.02592575 0.008517861 0.01158308 0.008517861 0.115526 0.1634593 0.115526 0.1856012 0.1289275 0.1856012 0.02592575 0.008480727 0.01158308 0.008480727 0.01158308 0.03062301 0.115526 0.07490736 0.115526 0.09704953 0.1289275 0.09704953 0.02592575 0.0749275 0.01158308 0.0749275 0.01158308 0.09706956 0.115526 0.008517861 0.115526 0.03065973 0.1289275 0.03065973 0.02592575 0.1635123 0.02592575 0.1413704 0.01158308 0.1413704 0.115526 0.1413335 0.115526 0.1634758 0.1289275 0.1634758 0.02592575 0.09708631 0.02592575 0.07494384 0.01158308 0.07494384 0.115526 0.1635123 0.1289275 0.1635123 0.1289275 0.1413704 0.7348079 0.8514152 0.6617385 0.8904715 0.6564381 0.8776749 0.7466226 0.869098 0.6698771 0.9101193 0.6617385 0.8904715 0.7348083 0.1485846 0.7466243 0.1309018 0.813892 0.1861081 0.2360832 0.894979 0.2343508 0.8975711 0.1618936 0.8381064 0.6817892 0.06112217 0.6829823 0.05824214 0.7656487 0.1024283 0.5824531 0.9145223 0.4999993 0.9226432 0.4999993 0.9087923 0.5866785 0.3702761 0.6103208 0.389679 0.5739563 0.4260431 0.6045899 0.4999998 0.5966289 0.459975 0.653019 0.4695625 0.4695621 0.3469803 0.4999994 0.3954092 0.4599748 0.4033707 0.653019 0.5304375 0.5966289 0.5400251 0.6045899 0.4999998 0.3702765 0.5866786 0.4033703 0.5400251 0.4260432 0.5739564 0.115526 0.03060644 0.02592575 0.03060644 0.02592575 0.05274879 0.4133214 0.3702762 0.4402947 0.3558586 0.4599748 0.4033707 0.4033703 0.459975 0.3558588 0.4402946 0.3702765 0.4133213 0.4999994 0.3954092 0.4999995 0.3439825 0.5304374 0.3469803 0.3954097 0.4999998 0.3439825 0.5 0.3469802 0.4695625 0.4260432 0.5739564 0.4599748 0.5966292 0.4133214 0.6297237 0.5304374 0.6530197 0.4999995 0.6560173 0.4999994 0.6045907 0.6297234 0.5866786 0.6103208 0.6103209 0.5739563 0.5739564 0.5739563 0.5739564 0.6103208 0.6103209 0.5866785 0.6297237 0.6297234 0.4133213 0.5966289 0.459975 0.5739563 0.4260431 0.115526 0.1635123 0.115526 0.1413704 0.02592575 0.1413704 0.115526 0.1413173 0.115526 0.1634593 0.1289275 0.1634593 0.115526 0.09706962 0.02592575 0.09706956 0.02592575 0.1192122 0.115526 0.1413704 0.115526 0.1192281 0.02592575 0.1192281 0.115526 0.1191752 0.02592575 0.1191751 0.02592575 0.1413173 0.115526 0.0749275 0.115526 0.05278563 0.02592575 0.05278557 0.115526 0.1856381 0.115526 0.1634962 0.02592575 0.1634962 0.3431549 0.5311981 0.3303767 0.5337398 0.3270538 0.4999997 0.3431549 0.5311981 0.3522553 0.5611975 0.3402185 0.5661833 0.4111543 0.3670336 0.3869209 0.3869212 0.3777084 0.3777084 0.499999 0.659917 0.4999993 0.6729457 0.4662593 0.6696227 0.3869209 0.6130783 0.3777084 0.6222909 0.3562004 0.5960834 0.3522553 0.5611975 0.3670335 0.588845 0.3562004 0.5960834 0.3869209 0.3869212 0.3670335 0.4111545 0.3562006 0.4039161 0.6599162 0.4999997 0.6729453 0.4999997 0.6696223 0.5337398 0.6477437 0.5611974 0.6568433 0.5311981 0.6696223 0.5337398 0.5311977 0.6568443 0.5337397 0.6696227 0.4999993 0.6729457 0.3431549 0.4688016 0.3303767 0.4662597 0.3402185 0.4338161 0.3522553 0.438802 0.3402185 0.4338161 0.3562006 0.4039161 0.4111543 0.6329661 0.4039162 0.643799 0.3777084 0.6222909 0.6477437 0.5611974 0.6597809 0.5661833 0.6437988 0.5960835 0.499999 0.3400826 0.4688007 0.3431553 0.4662594 0.3303769 0.5888446 0.6329661 0.5960833 0.643799 0.566183 0.659781 0.6599162 0.4999997 0.6568433 0.4688016 0.6696223 0.4662597 0.5311977 0.3431553 0.499999 0.3400826 0.4999994 0.3270538 0.6130778 0.3869212 0.5888446 0.3670335 0.5960833 0.3562004 0.6329655 0.588845 0.6437988 0.5960835 0.6222907 0.6222911 0.4388018 0.6477438 0.433816 0.6597809 0.4039162 0.643799 0.4688007 0.3431553 0.4388018 0.3522556 0.4338161 0.3402184 0.6477437 0.438802 0.6329655 0.4111545 0.6437989 0.4039161 0.4388018 0.3522556 0.4111543 0.3670336 0.4039162 0.3562004 0.4688007 0.6568443 0.4662593 0.6696227 0.433816 0.6597809 0.6329655 0.4111545 0.6130778 0.3869212 0.6222908 0.3777084 0.5611969 0.6477438 0.566183 0.659781 0.5337397 0.6696227 0.3431549 0.4688016 0.3400823 0.4999998 0.3270538 0.4999997 0.5611969 0.3522555 0.5311977 0.3431553 0.5337398 0.3303769 0.6477437 0.438802 0.659781 0.4338162 0.6696223 0.4662597 0.5888446 0.3670335 0.5611969 0.3522555 0.566183 0.3402185 0.115526 0.03060644 0.115526 0.008464753 0.02592575 0.008464694 0.6130778 0.6130783 0.6222907 0.6222911 0.5960833 0.643799 0.9072824 0.1075242 0.9341337 0.1075242 0.9341337 0.13345 0.8914616 0.003821194 0.8972989 0.003821194 0.8972989 0.02974706 0.8914616 0.0556727 0.8856242 0.0556727 0.8856242 0.02974706 0.8914616 0.13345 0.8856242 0.13345 0.8856242 0.1075242 0.8856242 0.1853016 0.8856242 0.1593758 0.8914616 0.1593758 0.8914616 0.0556727 0.8914616 0.02974706 0.8972989 0.02974706 0.8914616 0.08159846 0.8856242 0.08159846 0.8856242 0.0556727 0.8914616 0.2112273 0.8914616 0.1853016 0.8972989 0.1853016 0.8914616 0.1593758 0.8972989 0.1593758 0.8972989 0.1853016 0.8972989 0.0556727 0.8972989 0.02974706 0.9072824 0.02974706 0.8972989 0.1853016 0.8972989 0.1593758 0.9072824 0.1593758 0.9072824 0.2112273 0.8972989 0.2112273 0.8972989 0.1853016 0.8972989 0.08159846 0.8972989 0.0556727 0.9072824 0.0556727 0.8972989 0.13345 0.8972989 0.1075242 0.9072824 0.1075242 0.9072824 0.02974706 0.8972989 0.02974706 0.8972989 0.003821194 0.8972989 0.1593758 0.8972989 0.13345 0.9072824 0.13345 0.8972989 0.1075242 0.8972989 0.08159846 0.9072824 0.08159846 0.9341337 0.1593758 0.9940398 0.1593758 0.9940398 0.1853016 0.9341337 0.1853016 0.9940398 0.1853016 0.9940398 0.2112273 0.9341337 0.13345 0.9940398 0.13345 0.9940398 0.1593758 0.9341337 0.003821194 0.9940398 0.003821194 0.9940398 0.02974706 0.9341337 0.0556727 0.9940398 0.0556727 0.9940398 0.08159846 0.9341337 0.08159846 0.9940398 0.08159846 0.9940398 0.1075242 0.9341337 0.02974706 0.9940398 0.02974706 0.9940398 0.0556727 0.9341337 0.1075242 0.9940398 0.1075242 0.9940398 0.13345 0.8914616 0.08159846 0.8972989 0.08159846 0.8972989 0.1075242 0.8914616 0.1075242 0.8856242 0.1075242 0.8856242 0.08159846 0.8914616 0.1075242 0.8972989 0.1075242 0.8972989 0.13345 0.8856242 0.02974706 0.8856242 0.003821194 0.8914616 0.003821194 0.8914616 0.13345 0.8972989 0.13345 0.8972989 0.1593758 0.8914616 0.08159846 0.8914616 0.0556727 0.8972989 0.0556727 0.8914616 0.2112273 0.8856242 0.2112273 0.8856242 0.1853016 0.8856242 0.1593758 0.8856242 0.13345 0.8914616 0.13345 0.9072824 0.02974706 0.9072824 0.003821194 0.9341337 0.003821194 0.9072824 0.1593758 0.9072824 0.13345 0.9341337 0.13345 0.9072824 0.02974706 0.9341337 0.02974706 0.9341337 0.0556727 0.9072824 0.0556727 0.9341337 0.0556727 0.9341337 0.08159846 0.9072824 0.08159846 0.9341337 0.08159846 0.9341337 0.1075242 0.9072824 0.2112273 0.9072824 0.1853016 0.9341337 0.1853016 0.9072824 0.1853016 0.9072824 0.1593758 0.9341337 0.1593758 0.9072824 0.1075242 0.9341337 0.1075242 0.9341337 0.13345 0.8972989 0.003821194 0.8972989 0.02974706 0.8914616 0.02974706 0.8914616 0.0556727 0.8856242 0.0556727 0.8856242 0.02974706 0.8914616 0.13345 0.8856242 0.13345 0.8856242 0.1075242 0.8856242 0.1853016 0.8856242 0.1593758 0.8914616 0.1593758 0.8914616 0.0556727 0.8914616 0.02974706 0.8972989 0.02974706 0.8914616 0.08159846 0.8856242 0.08159846 0.8856242 0.0556727 0.8914616 0.2112273 0.8914616 0.1853016 0.8972989 0.1853016 0.8914616 0.1593758 0.8972989 0.1593758 0.8972989 0.1853016 0.8972989 0.0556727 0.8972989 0.02974706 0.9072824 0.02974706 0.8972989 0.1853016 0.8972989 0.1593758 0.9072824 0.1593758 0.9072824 0.2112273 0.8972989 0.2112273 0.8972989 0.1853016 0.8972989 0.08159846 0.8972989 0.0556727 0.9072824 0.0556727 0.8972989 0.13345 0.8972989 0.1075242 0.9072824 0.1075242 0.8972989 0.02974706 0.8972989 0.003821194 0.9072824 0.003821194 0.8972989 0.1593758 0.8972989 0.13345 0.9072824 0.13345 0.8972989 0.1075242 0.8972989 0.08159846 0.9072824 0.08159846 0.9341337 0.1593758 0.9940398 0.1593758 0.9940398 0.1853016 0.9341337 0.1853016 0.9940398 0.1853016 0.9940398 0.2112273 0.9341337 0.13345 0.9940398 0.13345 0.9940398 0.1593758 0.9341337 0.003821194 0.9940398 0.003821194 0.9940398 0.02974706 0.9341337 0.0556727 0.9940398 0.0556727 0.9940398 0.08159846 0.9341337 0.08159846 0.9940398 0.08159846 0.9940398 0.1075242 0.9341337 0.02974706 0.9940398 0.02974706 0.9940398 0.0556727 0.9341337 0.1075242 0.9940398 0.1075242 0.9940398 0.13345 0.8914616 0.08159846 0.8972989 0.08159846 0.8972989 0.1075242 0.8914616 0.1075242 0.8856242 0.1075242 0.8856242 0.08159846 0.8914616 0.1075242 0.8972989 0.1075242 0.8972989 0.13345 0.8856242 0.003821194 0.8914616 0.003821194 0.8914616 0.02974706 0.8914616 0.13345 0.8972989 0.13345 0.8972989 0.1593758 0.8914616 0.08159846 0.8914616 0.0556727 0.8972989 0.0556727 0.8914616 0.2112273 0.8856242 0.2112273 0.8856242 0.1853016 0.8856242 0.13345 0.8914616 0.13345 0.8914616 0.1593758 0.9072824 0.02974706 0.9072824 0.003821194 0.9341337 0.003821194 0.9072824 0.1593758 0.9072824 0.13345 0.9341337 0.13345 0.9072824 0.02974706 0.9341337 0.02974706 0.9341337 0.0556727 0.9072824 0.0556727 0.9341337 0.0556727 0.9341337 0.08159846 0.9072824 0.08159846 0.9341337 0.08159846 0.9341337 0.1075242 0.9072824 0.2112273 0.9072824 0.1853016 0.9341337 0.1853016 0.9072824 0.1853016 0.9072824 0.1593758 0.9341337 0.1593758 0.9072824 0.1075242 0.9341337 0.1075242 0.9341337 0.13345 0.8972989 0.003821194 0.8972989 0.02974706 0.8914616 0.02974706 0.8914616 0.0556727 0.8856242 0.0556727 0.8856242 0.02974706 0.8914616 0.13345 0.8856242 0.13345 0.8856242 0.1075242 0.8856242 0.1853016 0.8856242 0.1593758 0.8914616 0.1593758 0.8914616 0.0556727 0.8914616 0.02974706 0.8972989 0.02974706 0.8914616 0.08159846 0.8856242 0.08159846 0.8856242 0.0556727 0.8914616 0.2112273 0.8914616 0.1853016 0.8972989 0.1853016 0.8914616 0.1593758 0.8972989 0.1593758 0.8972989 0.1853016 0.8972989 0.0556727 0.8972989 0.02974706 0.9072824 0.02974706 0.8972989 0.1853016 0.8972989 0.1593758 0.9072824 0.1593758 0.9072824 0.2112273 0.8972989 0.2112273 0.8972989 0.1853016 0.8972989 0.08159846 0.8972989 0.0556727 0.9072824 0.0556727 0.8972989 0.13345 0.8972989 0.1075242 0.9072824 0.1075242 0.8972989 0.02974706 0.8972989 0.003821194 0.9072824 0.003821194 0.8972989 0.1593758 0.8972989 0.13345 0.9072824 0.13345 0.8972989 0.1075242 0.8972989 0.08159846 0.9072824 0.08159846 0.9341337 0.1593758 0.9940398 0.1593758 0.9940398 0.1853016 0.9341337 0.1853016 0.9940398 0.1853016 0.9940398 0.2112273 0.9341337 0.13345 0.9940398 0.13345 0.9940398 0.1593758 0.9341337 0.003821194 0.9940398 0.003821194 0.9940398 0.02974706 0.9341337 0.0556727 0.9940398 0.0556727 0.9940398 0.08159846 0.9341337 0.08159846 0.9940398 0.08159846 0.9940398 0.1075242 0.9341337 0.02974706 0.9940398 0.02974706 0.9940398 0.0556727 0.9341337 0.1075242 0.9940398 0.1075242 0.9940398 0.13345 0.8914616 0.08159846 0.8972989 0.08159846 0.8972989 0.1075242 0.8914616 0.1075242 0.8856242 0.1075242 0.8856242 0.08159846 0.8914616 0.1075242 0.8972989 0.1075242 0.8972989 0.13345 0.8856242 0.02974706 0.8856242 0.003821194 0.8914616 0.003821194 0.8914616 0.13345 0.8972989 0.13345 0.8972989 0.1593758 0.8914616 0.08159846 0.8914616 0.0556727 0.8972989 0.0556727 0.8914616 0.2112273 0.8856242 0.2112273 0.8856242 0.1853016 0.8856242 0.13345 0.8914616 0.13345 0.8914616 0.1593758 0.9072824 0.02974706 0.9072824 0.003821194 0.9341337 0.003821194 0.9072824 0.1593758 0.9072824 0.13345 0.9341337 0.13345 0.9072824 0.02974706 0.9341337 0.02974706 0.9341337 0.0556727 0.9072824 0.0556727 0.9341337 0.0556727 0.9341337 0.08159846 0.9072824 0.08159846 0.9341337 0.08159846 0.9341337 0.1075242 0.9072824 0.2112273 0.9072824 0.1853016 0.9341337 0.1853016 0.9072824 0.1853016 0.9072824 0.1593758 0.9341337 0.1593758 0.9072824 0.1075242 0.9341337 0.1075242 0.9341337 0.13345 0.8972989 0.003821194 0.8972989 0.02974706 0.8914616 0.02974706 0.8914616 0.0556727 0.8856242 0.0556727 0.8856242 0.02974706 0.8914616 0.13345 0.8856242 0.13345 0.8856242 0.1075242 0.8856242 0.1853016 0.8856242 0.1593758 0.8914616 0.1593758 0.8914616 0.0556727 0.8914616 0.02974706 0.8972989 0.02974706 0.8914616 0.08159846 0.8856242 0.08159846 0.8856242 0.0556727 0.8914616 0.1853016 0.8972989 0.1853016 0.8972989 0.2112273 0.8914616 0.1593758 0.8972989 0.1593758 0.8972989 0.1853016 0.8972989 0.0556727 0.8972989 0.02974706 0.9072824 0.02974706 0.8972989 0.1853016 0.8972989 0.1593758 0.9072824 0.1593758 0.9072824 0.2112273 0.8972989 0.2112273 0.8972989 0.1853016 0.8972989 0.08159846 0.8972989 0.0556727 0.9072824 0.0556727 0.8972989 0.13345 0.8972989 0.1075242 0.9072824 0.1075242 0.9072824 0.02974706 0.8972989 0.02974706 0.8972989 0.003821194 0.8972989 0.1593758 0.8972989 0.13345 0.9072824 0.13345 0.8972989 0.1075242 0.8972989 0.08159846 0.9072824 0.08159846 0.9341337 0.1593758 0.9940398 0.1593758 0.9940398 0.1853016 0.9341337 0.1853016 0.9940398 0.1853016 0.9940398 0.2112273 0.9341337 0.13345 0.9940398 0.13345 0.9940398 0.1593758 0.9341337 0.003821194 0.9940398 0.003821194 0.9940398 0.02974706 0.9341337 0.0556727 0.9940398 0.0556727 0.9940398 0.08159846 0.9341337 0.08159846 0.9940398 0.08159846 0.9940398 0.1075242 0.9341337 0.02974706 0.9940398 0.02974706 0.9940398 0.0556727 0.9341337 0.1075242 0.9940398 0.1075242 0.9940398 0.13345 0.8914616 0.08159846 0.8972989 0.08159846 0.8972989 0.1075242 0.8914616 0.1075242 0.8856242 0.1075242 0.8856242 0.08159846 0.8914616 0.1075242 0.8972989 0.1075242 0.8972989 0.13345 0.8856242 0.02974706 0.8856242 0.003821194 0.8914616 0.003821194 0.8914616 0.13345 0.8972989 0.13345 0.8972989 0.1593758 0.8914616 0.08159846 0.8914616 0.0556727 0.8972989 0.0556727 0.8856242 0.2112273 0.8856242 0.1853016 0.8914616 0.1853016 0.8856242 0.13345 0.8914616 0.13345 0.8914616 0.1593758 0.9072824 0.02974706 0.9072824 0.003821194 0.9341337 0.003821194 0.9072824 0.1593758 0.9072824 0.13345 0.9341337 0.13345 0.9072824 0.02974706 0.9341337 0.02974706 0.9341337 0.0556727 0.9072824 0.0556727 0.9341337 0.0556727 0.9341337 0.08159846 0.9072824 0.08159846 0.9341337 0.08159846 0.9341337 0.1075242 0.9072824 0.2112273 0.9072824 0.1853016 0.9341337 0.1853016 0.9072824 0.1853016 0.9072824 0.1593758 0.9341337 0.1593758 0.7221394 0.7729532 0.6966655 0.7943329 0.6966676 0.7943313 0.535921 0.7106361 0.5423297 0.6985771 0.5423376 0.6985766 0.6235442 0.6743416 0.6237959 0.6746059 0.6104798 0.670351 0.5690639 0.8471868 0.5690614 0.8471871 0.6354674 0.8270434 0.6381042 0.8334092 0.6492282 0.8602649 0.5760765 0.8824552 0.7325984 0.7737109 0.7757363 0.7757349 0.7166454 0.8242298 0.700496 0.8000604 0.7166454 0.8242298 0.6492282 0.8602649 0.5290725 0.8580134 0.5704055 0.8539453 0.5760765 0.8824552 0.5290725 0.7047875 0.5000006 0.6785796 0.5348403 0.6751483 0.5717845 0.6733002 0.5363958 0.6937227 0.5348403 0.6751483 0.5717845 0.6733002 0.5683407 0.664986 0.599215 0.6484833 0.624251 0.6653634 0.6112491 0.6627175 0.599215 0.6484833 0.5290725 0.8580134 0.5000005 0.889949 0.5000006 0.6785796 0.7325984 0.7737109 0.624251 0.6653634 0.6262757 0.6262743 0.5359323 0.8500821 0.535921 0.7106361 0.5359298 0.711001 0.5744777 0.6798022 0.5744777 0.6798022 0.5423376 0.6985766 0.6966655 0.7943329 0.6354674 0.8270434 0.6354674 0.8270434 0.7221394 0.7729532 0.7224 0.7732102 0.6237959 0.6746059 0.5744777 0.6798022 0.6104857 0.6703459 0.6104798 0.670351 0.5359323 0.8500821 0.5359298 0.850448 0.5690614 0.8471871 0.5690639 0.8471868 0.6354674 0.8270434 0.6381042 0.8334092 0.7221394 0.7729532 0.7325984 0.7737109 0.700496 0.8000604 0.6966655 0.7943329 0.700496 0.8000604 0.6381042 0.8334092 0.5359323 0.8500821 0.5690639 0.8471868 0.5704055 0.8539453 0.5423297 0.6985771 0.535921 0.7106361 0.5290725 0.7047875 0.5423297 0.6985771 0.5363958 0.6937227 0.5717845 0.6733002 0.6104857 0.6703459 0.5744777 0.6798022 0.5717845 0.6733002 0.6104857 0.6703459 0.6112491 0.6627175 0.624251 0.6653634 0.5359323 0.8500821 0.5290725 0.8580134 0.5290725 0.7047875 0.7221394 0.7729532 0.6235442 0.6743416 0.624251 0.6653634 0.8500836 0.5359305 0.8471886 0.569061 0.8471889 0.5690585 0.6743425 0.6235422 0.6703471 0.6104834 0.6703523 0.6104775 0.7106373 0.5359191 0.7110024 0.535928 0.6985778 0.5423353 0.7943341 0.6966626 0.7943326 0.6966644 0.8270447 0.6354646 0.8334107 0.6381014 0.8602665 0.6492254 0.8242313 0.7166424 0.858015 0.5290707 0.8899493 0.4999989 0.882457 0.5760735 0.8539471 0.5704026 0.882457 0.5760735 0.8602665 0.6492254 0.7737115 0.7325962 0.8000617 0.7004927 0.8242313 0.7166424 0.6653644 0.6242491 0.6262757 0.6262743 0.6484847 0.5992127 0.6733013 0.5717824 0.6627187 0.6112468 0.6484847 0.5992127 0.6733013 0.5717824 0.6649872 0.5683385 0.6751496 0.5348379 0.7047887 0.5290707 0.6937239 0.5363935 0.6751496 0.5348379 0.7737115 0.7325962 0.7757363 0.7757349 0.6262757 0.6262743 0.858015 0.5290707 0.7047887 0.5290707 0.6785809 0.4999988 0.7729536 0.7221372 0.6743425 0.6235422 0.6746069 0.623794 0.6798033 0.5744755 0.6798033 0.5744755 0.6703523 0.6104775 0.8471886 0.569061 0.8270447 0.6354646 0.8270447 0.6354646 0.8500836 0.5359305 0.8504496 0.535928 0.7110024 0.535928 0.6798033 0.5744755 0.6985782 0.5423273 0.6985778 0.5423353 0.7729536 0.7221372 0.7732108 0.7223979 0.7943326 0.6966644 0.7943341 0.6966626 0.8270447 0.6354646 0.8334107 0.6381014 0.8500836 0.5359305 0.858015 0.5290707 0.8539471 0.5704026 0.8471886 0.569061 0.8539471 0.5704026 0.8334107 0.6381014 0.7729536 0.7221372 0.7943341 0.6966626 0.8000617 0.7004927 0.6703471 0.6104834 0.6743425 0.6235422 0.6653644 0.6242491 0.6703471 0.6104834 0.6627187 0.6112468 0.6733013 0.5717824 0.6985782 0.5423273 0.6798033 0.5744755 0.6733013 0.5717824 0.6985782 0.5423273 0.6937239 0.5363935 0.7047887 0.5290707 0.7729536 0.7221372 0.7737115 0.7325962 0.6653644 0.6242491 0.8500836 0.5359305 0.7106373 0.5359191 0.7047887 0.5290707 0.7729536 0.2778601 0.7943333 0.3033339 0.7943318 0.303332 0.7106366 0.4640786 0.6985775 0.4576699 0.6985771 0.457662 0.674342 0.3764554 0.6746065 0.3762036 0.6703516 0.3895197 0.8471874 0.4309356 0.8471875 0.430938 0.8270438 0.3645322 0.8334097 0.3618953 0.8602655 0.3507713 0.8824556 0.4239231 0.7737113 0.2674012 0.7757354 0.2242633 0.8242303 0.2833541 0.800061 0.2995037 0.8242303 0.2833541 0.8602655 0.3507713 0.8580139 0.470927 0.8539459 0.429594 0.8824556 0.4239231 0.704788 0.470927 0.6785809 0.4999988 0.6751488 0.4651592 0.6733008 0.428215 0.6937232 0.4636037 0.6751488 0.4651592 0.6733008 0.428215 0.6649865 0.4316589 0.6484839 0.4007846 0.6653638 0.3757485 0.6627179 0.3887504 0.6484839 0.4007846 0.8580139 0.470927 0.8899493 0.4999989 0.6785809 0.4999988 0.7737113 0.2674012 0.6653638 0.3757485 0.6262752 0.3737233 0.8500825 0.4640672 0.7106366 0.4640786 0.7110016 0.4640697 0.6798026 0.4255219 0.6798026 0.4255219 0.6985771 0.457662 0.7943333 0.3033339 0.8270438 0.3645322 0.8270438 0.3645322 0.7729536 0.2778601 0.7732107 0.2775995 0.6746065 0.3762036 0.6798026 0.4255219 0.6703463 0.3895137 0.6703516 0.3895197 0.8500825 0.4640672 0.8504486 0.4640697 0.8471875 0.430938 0.8471874 0.4309356 0.8270438 0.3645322 0.8334097 0.3618953 0.7729536 0.2778601 0.7737113 0.2674012 0.800061 0.2995037 0.7943333 0.3033339 0.800061 0.2995037 0.8334097 0.3618953 0.8500825 0.4640672 0.8471874 0.4309356 0.8539459 0.429594 0.6985775 0.4576699 0.7106366 0.4640786 0.704788 0.470927 0.6985775 0.4576699 0.6937232 0.4636037 0.6733008 0.428215 0.6703463 0.3895137 0.6798026 0.4255219 0.6733008 0.428215 0.6703463 0.3895137 0.6627179 0.3887504 0.6653638 0.3757485 0.8500825 0.4640672 0.8580139 0.470927 0.704788 0.470927 0.7729536 0.2778601 0.674342 0.3764554 0.6653638 0.3757485 0.5359311 0.1499158 0.5690615 0.1528108 0.569059 0.1528105 0.6235427 0.325657 0.610484 0.3296524 0.6104781 0.3296472 0.5359196 0.2893621 0.5359285 0.2889972 0.5423358 0.3014217 0.696663 0.2056654 0.6966649 0.205667 0.635465 0.1729547 0.6381019 0.1665888 0.649226 0.1397331 0.7166429 0.1757684 0.5290713 0.1419845 0.4999994 0.1100511 0.5760741 0.1175425 0.5704032 0.1460524 0.5760741 0.1175425 0.649226 0.1397331 0.7325967 0.226288 0.7004932 0.1999378 0.7166429 0.1757684 0.6242496 0.3346352 0.6262752 0.3737233 0.5992131 0.3515148 0.5717828 0.3266981 0.6112473 0.3372808 0.5992131 0.3515148 0.5717828 0.3266981 0.568339 0.3350124 0.5348384 0.32485 0.5290712 0.2952108 0.536394 0.3062756 0.5348384 0.32485 0.7325967 0.226288 0.7757354 0.2242633 0.6262752 0.3737233 0.5290713 0.1419845 0.5290712 0.2952108 0.4999992 0.3214187 0.7221378 0.2270458 0.6235427 0.325657 0.6237945 0.3253927 0.574476 0.3201962 0.574476 0.3201962 0.6104781 0.3296472 0.5690615 0.1528108 0.635465 0.1729547 0.635465 0.1729547 0.5359311 0.1499158 0.5359286 0.1495498 0.5359285 0.2889972 0.574476 0.3201962 0.5423279 0.3014213 0.5423358 0.3014217 0.7221378 0.2270458 0.7223984 0.2267887 0.6966649 0.205667 0.696663 0.2056654 0.635465 0.1729547 0.6381019 0.1665888 0.5359311 0.1499158 0.5290713 0.1419845 0.5704032 0.1460524 0.5690615 0.1528108 0.5704032 0.1460524 0.6381019 0.1665888 0.7221378 0.2270458 0.696663 0.2056654 0.7004932 0.1999378 0.610484 0.3296524 0.6235427 0.325657 0.6242496 0.3346352 0.610484 0.3296524 0.6112473 0.3372808 0.5717828 0.3266981 0.5423279 0.3014213 0.574476 0.3201962 0.5717828 0.3266981 0.5423279 0.3014213 0.536394 0.3062756 0.5290712 0.2952108 0.7221378 0.2270458 0.7325967 0.226288 0.6242496 0.3346352 0.5359311 0.1499158 0.5359196 0.2893621 0.5290712 0.2952108 0.2778606 0.2270458 0.3033345 0.2056661 0.3033326 0.2056677 0.4640791 0.2893628 0.4576704 0.301422 0.4576625 0.3014224 0.3764559 0.3256574 0.3762041 0.3253931 0.3895202 0.329648 0.4309361 0.1528121 0.4309386 0.1528118 0.3645327 0.1729557 0.3618958 0.1665897 0.3507719 0.139734 0.4239236 0.1175438 0.2674017 0.2262881 0.2242637 0.224264 0.2833546 0.1757691 0.2995042 0.1999385 0.2833546 0.1757691 0.3507719 0.139734 0.4709275 0.1419855 0.4295946 0.1460537 0.4239236 0.1175438 0.4709275 0.2952115 0.4999992 0.3214187 0.4651598 0.3248507 0.4282155 0.3266988 0.4636042 0.3062763 0.4651598 0.3248507 0.4282155 0.3266988 0.4316594 0.335013 0.400785 0.3515156 0.375749 0.3346356 0.388751 0.3372815 0.400785 0.3515156 0.4709275 0.1419855 0.4999994 0.1100511 0.4999992 0.3214187 0.2674017 0.2262881 0.375749 0.3346356 0.3737238 0.3737244 0.4640678 0.149917 0.4640791 0.2893628 0.4640703 0.2889979 0.4255223 0.3201968 0.4255223 0.3201968 0.4576625 0.3014224 0.3033345 0.2056661 0.3645327 0.1729557 0.3645327 0.1729557 0.2778606 0.2270458 0.2776001 0.2267888 0.3762041 0.3253931 0.4255223 0.3201968 0.3895143 0.3296532 0.3895202 0.329648 0.4640678 0.149917 0.4640703 0.1495509 0.4309386 0.1528118 0.4309361 0.1528121 0.3645327 0.1729557 0.3618958 0.1665897 0.2778606 0.2270458 0.2674017 0.2262881 0.2995042 0.1999385 0.3033345 0.2056661 0.2995042 0.1999385 0.3618958 0.1665897 0.4640678 0.149917 0.4309361 0.1528121 0.4295946 0.1460537 0.4576704 0.301422 0.4640791 0.2893628 0.4709275 0.2952115 0.4576704 0.301422 0.4636042 0.3062763 0.4282155 0.3266988 0.3895143 0.3296532 0.4255223 0.3201968 0.4282155 0.3266988 0.3895143 0.3296532 0.388751 0.3372815 0.375749 0.3346356 0.4640678 0.149917 0.4709275 0.1419855 0.4709275 0.2952115 0.2778606 0.2270458 0.3764559 0.3256574 0.375749 0.3346356 0.1499163 0.4640685 0.1528113 0.4309379 0.152811 0.4309403 0.3256575 0.3764568 0.3296529 0.3895155 0.3296477 0.3895215 0.2893626 0.4640799 0.2889977 0.464071 0.3014222 0.4576637 0.2056658 0.3033365 0.2056675 0.3033346 0.1729552 0.3645344 0.1665892 0.3618976 0.1397336 0.3507736 0.1757689 0.2833566 0.1419849 0.4709282 0.1100507 0.5000001 0.1175431 0.4239253 0.1460528 0.4295964 0.1175431 0.4239253 0.1397336 0.3507736 0.2262886 0.2674028 0.1999383 0.2995063 0.1757689 0.2833566 0.3346357 0.3757499 0.3737238 0.3737244 0.3515154 0.4007863 0.3266986 0.4282166 0.3372813 0.3887522 0.3515154 0.4007863 0.3266986 0.4282166 0.3350128 0.4316605 0.3248504 0.4651611 0.2952113 0.4709283 0.3062761 0.4636055 0.3248504 0.4651611 0.2262886 0.2674028 0.2242637 0.224264 0.3737238 0.3737244 0.1419849 0.4709282 0.2952113 0.4709283 0.3214191 0.5000002 0.2270463 0.2778617 0.3256575 0.3764568 0.3253932 0.376205 0.3201967 0.4255235 0.3201967 0.4255235 0.3296477 0.3895215 0.1528113 0.4309379 0.1729552 0.3645344 0.1729552 0.3645344 0.1499163 0.4640685 0.1495503 0.4640709 0.2889977 0.464071 0.3201967 0.4255235 0.3014217 0.4576717 0.3014222 0.4576637 0.2270463 0.2778617 0.2267892 0.2776011 0.2056675 0.3033346 0.2056658 0.3033365 0.1729552 0.3645344 0.1665892 0.3618976 0.1499163 0.4640685 0.1419849 0.4709282 0.1460528 0.4295964 0.1528113 0.4309379 0.1460528 0.4295964 0.1665892 0.3618976 0.2270463 0.2778617 0.2056658 0.3033365 0.1999383 0.2995063 0.3296529 0.3895155 0.3256575 0.3764568 0.3346357 0.3757499 0.3296529 0.3895155 0.3372813 0.3887522 0.3266986 0.4282166 0.3014217 0.4576717 0.3201967 0.4255235 0.3266986 0.4282166 0.3014217 0.4576717 0.3062761 0.4636055 0.2952113 0.4709283 0.2270463 0.2778617 0.2262886 0.2674028 0.3346357 0.3757499 0.1499163 0.4640685 0.2893626 0.4640799 0.2952113 0.4709283 0.2270463 0.722139 0.2056666 0.6966651 0.2056681 0.696667 0.2893633 0.5359204 0.3014225 0.5423291 0.301423 0.542337 0.3256579 0.6235436 0.3253936 0.6237954 0.3296484 0.6104792 0.1528126 0.5690634 0.1528123 0.569061 0.1729562 0.6354668 0.1665902 0.6381037 0.1397345 0.6492276 0.1175443 0.5760759 0.2262886 0.7325978 0.2242646 0.7757356 0.1757696 0.7166448 0.199939 0.7004953 0.1757696 0.7166448 0.1397345 0.6492276 0.141986 0.5290721 0.1460542 0.570405 0.1175443 0.5760759 0.295212 0.5290721 0.3214191 0.5000002 0.3248512 0.5348398 0.3266993 0.571784 0.3062768 0.5363953 0.3248512 0.5348398 0.3266993 0.571784 0.3350135 0.5683401 0.3515161 0.5992144 0.3346362 0.6242505 0.3372821 0.6112486 0.3515161 0.5992144 0.141986 0.5290721 0.1100507 0.5000001 0.3214191 0.5000002 0.2262886 0.7325978 0.3346362 0.6242505 0.3737248 0.6262757 0.1499174 0.5359318 0.2893633 0.5359204 0.2889984 0.5359293 0.3201973 0.5744772 0.3201973 0.5744772 0.301423 0.542337 0.2056666 0.6966651 0.1729562 0.6354668 0.1729562 0.6354668 0.2270463 0.722139 0.2267892 0.7223995 0.3253936 0.6237954 0.3201973 0.5744772 0.3296537 0.6104852 0.3296484 0.6104792 0.1499174 0.5359318 0.1495514 0.5359293 0.1528123 0.569061 0.1528126 0.5690634 0.1729562 0.6354668 0.1665902 0.6381037 0.2270463 0.722139 0.2262886 0.7325978 0.199939 0.7004953 0.2056666 0.6966651 0.199939 0.7004953 0.1665902 0.6381037 0.1499174 0.5359318 0.1528126 0.5690634 0.1460542 0.570405 0.3014225 0.5423291 0.2893633 0.5359204 0.295212 0.5290721 0.3014225 0.5423291 0.3062768 0.5363953 0.3266993 0.571784 0.3296537 0.6104852 0.3201973 0.5744772 0.3266993 0.571784 0.3296537 0.6104852 0.3372821 0.6112486 0.3346362 0.6242505 0.1499174 0.5359318 0.141986 0.5290721 0.295212 0.5290721 0.2270463 0.722139 0.3256579 0.6235436 0.3346362 0.6242505 0.4640689 0.8500832 0.4309384 0.8471882 0.4309409 0.8471885 0.3764573 0.674342 0.3895161 0.6703466 0.389522 0.6703519 0.4640803 0.7106369 0.4640715 0.7110018 0.4576643 0.6985774 0.3033369 0.7943336 0.303335 0.794332 0.3645349 0.8270444 0.3618981 0.8334102 0.350774 0.8602659 0.2833572 0.8242306 0.4709287 0.8580146 0.5000005 0.889949 0.4239258 0.8824564 0.4295968 0.8539466 0.4239258 0.8824564 0.350774 0.8602659 0.2674033 0.773711 0.2995067 0.8000611 0.2833572 0.8242306 0.3757504 0.6653638 0.3737248 0.6262757 0.4007868 0.6484842 0.4282172 0.6733009 0.3887526 0.6627182 0.4007868 0.6484842 0.4282172 0.6733009 0.431661 0.6649866 0.4651616 0.675149 0.4709288 0.7047883 0.4636059 0.6937234 0.4651616 0.675149 0.2674033 0.773711 0.2242646 0.7757356 0.3737248 0.6262757 0.4709287 0.8580146 0.4709288 0.7047883 0.5000006 0.6785796 0.2778622 0.7729532 0.3764573 0.674342 0.3762056 0.6746063 0.425524 0.6798028 0.425524 0.6798028 0.389522 0.6703519 0.4309384 0.8471882 0.3645349 0.8270444 0.3645349 0.8270444 0.4640689 0.8500832 0.4640713 0.8504491 0.4640715 0.7110018 0.425524 0.6798028 0.4576722 0.6985778 0.4576643 0.6985774 0.2778622 0.7729532 0.2776016 0.7732103 0.303335 0.794332 0.3033369 0.7943336 0.3645349 0.8270444 0.3618981 0.8334102 0.4640689 0.8500832 0.4709287 0.8580146 0.4295968 0.8539466 0.4309384 0.8471882 0.4295968 0.8539466 0.3618981 0.8334102 0.2778622 0.7729532 0.3033369 0.7943336 0.2995067 0.8000611 0.3895161 0.6703466 0.3764573 0.674342 0.3757504 0.6653638 0.3895161 0.6703466 0.3887526 0.6627182 0.4282172 0.6733009 0.4576722 0.6985778 0.425524 0.6798028 0.4282172 0.6733009 0.4576722 0.6985778 0.4636059 0.6937234 0.4709288 0.7047883 0.2778622 0.7729532 0.2674033 0.773711 0.3757504 0.6653638 0.4640689 0.8500832 0.4640803 0.7106369 0.4709288 0.7047883 0.3762041 0.3253931 0.2776001 0.2267888 0.2267892 0.2776011 0.2889977 0.464071 0.1495503 0.4640709 0.1495514 0.5359293 0.3253936 0.6237954 0.2267892 0.7223995 0.2776016 0.7732103 0.4640715 0.7110018 0.4640713 0.8504491 0.5359298 0.850448 0.6237959 0.6746059 0.7224 0.7732102 0.7732108 0.7223979 0.7110024 0.535928 0.8504496 0.535928 0.8504486 0.4640697 0.6746065 0.3762036 0.7732107 0.2775995 0.7223984 0.2267887 0.5359285 0.2889972 0.5359286 0.1495498 0.4640703 0.1495509 0.3469802 0.5304375 0.3439825 0.5 0.3954097 0.4999998 0.03882974 0.9311957 0.03461414 0.9100003 0.06880491 0.85883 0.03461414 0.9100003 0.03882974 0.888805 0.05083626 0.8708362 0.06880491 0.85883 0.03461414 0.9100003 0.05083626 0.8708362 0.06880491 0.85883 0.08999991 0.854614 0.1111957 0.85883 0.1111957 0.85883 0.129164 0.8708362 0.06880491 0.85883 0.129164 0.8708362 0.1411703 0.888805 0.06880491 0.85883 0.1411703 0.888805 0.1453862 0.9100003 0.1111957 0.9611706 0.1453862 0.9100003 0.1411703 0.9311957 0.1111957 0.9611706 0.1411703 0.9311957 0.129164 0.9491642 0.1111957 0.9611706 0.1111957 0.9611706 0.08999991 0.9653866 0.06880491 0.9611706 0.06880491 0.9611706 0.05083626 0.9491642 0.1111957 0.9611706 0.05083626 0.9491642 0.03882974 0.9311957 0.1111957 0.9611706 0.03882974 0.9311957 0.06880491 0.85883 0.1111957 0.9611706 0.08999991 0.9808014 0.08999991 0.9653866 0.1111957 0.9611706 0.03993648 0.9600641 0.02458834 0.9370947 0.03882974 0.9311957 0.1400639 0.9600641 0.129164 0.9491642 0.1411703 0.9311957 0.03993648 0.9600641 0.05083626 0.9491642 0.06880491 0.9611706 0.06290596 0.975412 0.06880491 0.9611706 0.08999991 0.9653866 0.01919943 0.9100003 0.03461414 0.9100003 0.03882974 0.9311957 0.1608009 0.9100003 0.1453862 0.9100003 0.1411703 0.888805 0.01919943 0.9100003 0.02458834 0.882906 0.03882974 0.888805 0.1400639 0.9600641 0.1170946 0.975412 0.1111957 0.9611706 0.1554117 0.882906 0.1411703 0.888805 0.129164 0.8708362 0.1400639 0.8599364 0.129164 0.8708362 0.1111957 0.85883 0.03993648 0.8599364 0.05083626 0.8708362 0.03882974 0.888805 0.08999991 0.8391993 0.1170946 0.8445887 0.1111957 0.85883 0.1608009 0.9100003 0.1554117 0.9370947 0.1411703 0.9311957 0.03993648 0.8599364 0.06290596 0.8445887 0.06880491 0.85883 0.06290596 0.8445887 0.08999991 0.8391993 0.08999991 0.854614</float_array>
          <technique_common>
            <accessor source="#daewon_dx8_01a_16x7-mesh-map-0-array" count="5346" stride="2">
              <param name="S" type="float"/>
              <param name="T" type="float"/>
            </accessor>
          </technique_common>
        </source>
        <source id="daewon_dx8_01a_16x7-mesh-colors-geom-steelwheel_01a_15x8-map0" name="geom-steelwheel_01a_15x8-map0">
          <float_array id="daewon_dx8_01a_16x7-mesh-colors-geom-steelwheel_01a_15x8-map0-array" count="21384">1 1 1 1 1 1 1 1 1 1 1 1 1 1 1 1 1 1 1 1 1 1 1 1 1 1 1 1 1 1 1 1 1 1 1 1 1 1 1 1 1 1 1 1 1 1 1 1 1 1 1 1 1 1 1 1 1 1 1 1 1 1 1 1 1 1 1 1 1 1 1 1 1 1 1 1 1 1 1 1 1 1 1 1 1 1 1 1 1 1 1 1 1 1 1 1 1 1 1 1 1 1 1 1 1 1 1 1 1 1 1 1 1 1 1 1 1 1 1 1 1 1 1 1 1 1 1 1 1 1 1 1 1 1 1 1 1 1 1 1 1 1 1 1 1 1 1 1 1 1 1 1 1 1 1 1 1 1 1 1 1 1 1 1 1 1 1 1 1 1 1 1 1 1 1 1 1 1 1 1 1 1 1 1 1 1 1 1 1 1 1 1 1 1 1 1 1 1 1 1 1 1 1 1 1 1 1 1 1 1 1 1 1 1 1 1 1 1 1 1 1 1 1 1 1 1 1 1 1 1 1 1 1 1 1 1 1 1 1 1 1 1 1 1 1 1 1 1 1 1 1 1 1 1 1 1 1 1 1 1 1 1 1 1 1 1 1 1 1 1 1 1 1 1 1 1 1 1 1 1 1 1 1 1 1 1 1 1 1 1 1 1 1 1 1 1 1 1 1 1 1 1 1 1 1 1 1 1 1 1 1 1 1 1 1 1 1 1 1 1 1 1 1 1 1 1 1 1 1 1 1 1 1 1 1 1 1 1 1 1 1 1 1 1 1 1 1 1 1 1 1 1 1 1 1 1 1 1 1 1 1 1 1 1 1 1 1 1 1 1 1 1 1 1 1 1 1 1 1 1 1 1 1 1 1 1 1 1 1 1 1 1 1 1 1 1 1 1 1 1 1 1 1 1 1 1 1 1 1 1 1 1 1 1 1 1 1 1 1 1 1 1 1 1 1 1 1 1 1 1 1 1 1 1 1 1 1 1 1 1 1 1 1 1 1 1 1 1 1 1 1 1 1 1 1 1 1 1 1 1 1 1 1 1 1 1 1 1 1 1 1 1 1 1 1 1 1 1 1 1 1 1 1 1 1 1 1 1 1 1 1 1 1 1 1 1 1 1 1 1 1 1 1 1 1 1 1 1 1 1 1 1 1 1 1 1 1 1 1 1 1 1 1 1 1 1 1 1 1 1 1 1 1 1 1 1 1 1 1 1 1 1 1 1 1 1 1 1 1 1 1 1 1 1 1 1 1 1 1 1 1 1 1 1 1 1 1 1 1 1 1 1 1 1 1 1 1 1 1 1 1 1 1 1 1 1 1 1 1 1 1 1 1 1 1 1 1 1 1 1 1 1 1 1 1 1 1 1 1 1 1 1 1 1 1 1 1 1 1 1 1 1 1 1 1 1 1 1 1 1 1 1 1 1 1 1 1 1 1 1 1 1 1 1 1 1 1 1 1 1 1 1 1 1 1 1 1 1 1 1 1 1 1 1 1 1 1 1 1 1 1 1 1 1 1 1 1 1 1 1 1 1 1 1 1 1 1 1 1 1 1 1 1 1 1 1 1 1 1 1 1 1 1 1 1 1 1 1 1 1 1 1 1 1 1 1 1 1 1 1 1 1 1 1 1 1 1 1 1 1 1 1 1 1 1 1 1 1 1 1 1 1 1 1 1 1 1 1 1 1 1 1 1 1 1 1 1 1 1 1 1 1 1 1 1 1 1 1 1 1 1 1 1 1 1 1 1 1 1 1 1 1 1 1 1 1 1 1 1 1 1 1 1 1 1 1 1 1 1 1 1 1 1 1 1 1 1 1 1 1 1 1 1 1 1 1 1 1 1 1 1 1 1 1 1 1 1 1 1 1 1 1 1 1 1 1 1 1 1 1 1 1 1 1 1 1 1 1 1 1 1 1 1 1 1 1 1 1 1 1 1 1 1 1 1 1 1 1 1 1 1 1 1 1 1 1 1 1 1 1 1 1 1 1 1 1 1 1 1 1 1 1 1 1 1 1 1 1 1 1 1 1 1 1 1 1 1 1 1 1 1 1 1 1 1 1 1 1 1 1 1 1 1 1 1 1 1 1 1 1 1 1 1 1 1 1 1 1 1 1 1 1 1 1 1 1 1 1 1 1 1 1 1 1 1 1 1 1 1 1 1 1 1 1 1 1 1 1 1 1 1 1 1 1 1 1 1 1 1 1 1 1 1 1 1 1 1 1 1 1 1 1 1 1 1 1 1 1 1 1 1 1 1 1 1 1 1 1 1 1 1 1 1 1 1 1 1 1 1 1 1 1 1 1 1 1 1 1 1 1 1 1 1 1 1 1 1 1 1 1 1 1 1 1 1 1 1 1 1 1 1 1 1 1 1 1 1 1 1 1 1 1 1 1 1 1 1 1 1 1 1 1 1 1 1 1 1 1 1 1 1 1 1 1 1 1 1 1 1 1 1 1 1 1 1 1 1 1 1 1 1 1 1 1 1 1 1 1 1 1 1 1 1 1 1 1 1 1 1 1 1 1 1 1 1 1 1 1 1 1 1 1 1 1 1 1 1 1 1 1 1 1 1 1 1 1 1 1 1 1 1 1 1 1 1 1 1 1 1 1 1 1 1 1 1 1 1 1 1 1 1 1 1 1 1 1 1 1 1 1 1 1 1 1 1 1 1 1 1 1 1 1 1 1 1 1 1 1 1 1 1 1 1 1 1 1 1 1 1 1 1 1 1 1 1 1 1 1 1 1 1 1 1 1 1 1 1 1 1 1 1 1 1 1 1 1 1 1 1 1 1 1 1 1 1 1 1 1 1 1 1 1 1 1 1 1 1 1 1 1 1 1 1 1 1 1 1 1 1 1 1 1 1 1 1 1 1 1 1 1 1 1 1 1 1 1 1 1 1 1 1 1 1 1 1 1 1 1 1 1 1 1 1 1 1 1 1 1 1 1 1 1 1 1 1 1 1 1 1 1 1 1 1 1 1 1 1 1 1 1 1 1 1 1 1 1 1 1 1 1 1 1 1 1 1 1 1 1 1 1 1 1 1 1 1 1 1 1 1 1 1 1 1 1 1 1 1 1 1 1 1 1 1 1 1 1 1 1 1 1 1 1 1 1 1 1 1 1 1 1 1 1 1 1 1 1 1 1 1 1 1 1 1 1 1 1 1 1 1 1 1 1 1 1 1 1 1 1 1 1 1 1 1 1 1 1 1 1 1 1 1 1 1 1 1 1 1 1 1 1 1 1 1 1 1 1 1 1 1 1 1 1 1 1 1 1 1 1 1 1 1 1 1 1 1 1 1 1 1 1 1 1 1 1 1 1 1 1 1 1 1 1 1 1 1 1 1 1 1 1 1 1 1 1 1 1 1 1 1 1 1 1 1 1 1 1 1 1 1 1 1 1 1 1 1 1 1 1 1 1 1 1 1 1 1 1 1 1 1 1 1 1 1 1 1 1 1 1 1 1 1 1 1 1 1 1 1 1 1 1 1 1 1 1 1 1 1 1 1 1 1 1 1 1 1 1 1 1 1 1 1 1 1 1 1 1 1 1 1 1 1 1 1 1 1 1 1 1 1 1 1 1 1 1 1 1 1 1 1 1 1 1 1 1 1 1 1 1 1 1 1 1 1 1 1 1 1 1 1 1 1 1 1 1 1 1 1 1 1 1 1 1 1 1 1 1 1 1 1 1 1 1 1 1 1 1 1 1 1 1 1 1 1 1 1 1 1 1 1 1 1 1 1 1 1 1 1 1 1 1 1 1 1 1 1 1 1 1 1 1 1 1 1 1 1 1 1 1 1 1 1 1 1 1 1 1 1 1 1 1 1 1 1 1 1 1 1 1 1 1 1 1 1 1 1 1 1 1 1 1 1 1 1 1 1 1 1 1 1 1 1 1 1 1 1 1 1 1 1 1 1 1 1 1 1 1 1 1 1 1 1 1 1 1 1 1 1 1 1 1 1 1 1 1 1 1 1 1 1 1 1 1 1 1 1 1 1 1 1 1 1 1 1 1 1 1 1 1 1 1 1 1 1 1 1 1 1 1 1 1 1 1 1 1 1 1 1 1 1 1 1 1 1 1 1 1 1 1 1 1 1 1 1 1 1 1 1 1 1 1 1 1 1 1 1 1 1 1 1 1 1 1 1 1 1 1 1 1 1 1 1 1 1 1 1 1 1 1 1 1 1 1 1 1 1 1 1 1 1 1 1 1 1 1 1 1 1 1 1 1 1 1 1 1 1 1 1 1 1 1 1 1 1 1 1 1 1 1 1 1 1 1 1 1 1 1 1 1 1 1 1 1 1 1 1 1 1 1 1 1 1 1 1 1 1 1 1 1 1 1 1 1 1 1 1 1 1 1 1 1 1 1 1 1 1 1 1 1 1 1 1 1 1 1 1 1 1 1 1 1 1 1 1 1 1 1 1 1 1 1 1 1 1 1 1 1 1 1 1 1 1 1 1 1 1 1 1 1 1 1 1 1 1 1 1 1 1 1 1 1 1 1 1 1 1 1 1 1 1 1 1 1 1 1 1 1 1 1 1 1 1 1 1 1 1 1 1 1 1 1 1 1 1 1 1 1 1 1 1 1 1 1 1 1 1 1 1 1 1 1 1 1 1 1 1 1 1 1 1 1 1 1 1 1 1 1 1 1 1 1 1 1 1 1 1 1 1 1 1 1 1 1 1 1 1 1 1 1 1 1 1 1 1 1 1 1 1 1 1 1 1 1 1 1 1 1 1 1 1 1 1 1 1 1 1 1 1 1 1 1 1 1 1 1 1 1 1 1 1 1 1 1 1 1 1 1 1 1 1 1 1 1 1 1 1 1 1 1 1 1 1 1 1 1 1 1 1 1 1 1 1 1 1 1 1 1 1 1 1 1 1 1 1 1 1 1 1 1 1 1 1 1 1 1 1 1 1 1 1 1 1 1 1 1 1 1 1 1 1 1 1 1 1 1 1 1 1 1 1 1 1 1 1 1 1 1 1 1 1 1 1 1 1 1 1 1 1 1 1 1 1 1 1 1 1 1 1 1 1 1 1 1 1 1 1 1 1 1 1 1 1 1 1 1 1 1 1 1 1 1 1 1 1 1 1 1 1 1 1 1 1 1 1 1 1 1 1 1 1 1 1 1 1 1 1 1 1 1 1 1 1 1 1 1 1 1 1 1 1 1 1 1 1 1 1 1 1 1 1 1 1 1 1 1 1 1 1 1 1 1 1 1 1 1 1 1 1 1 1 1 1 1 1 1 1 1 1 1 1 1 1 1 1 1 1 1 1 1 1 1 1 1 1 1 1 1 1 1 1 1 1 1 1 1 1 1 1 1 1 1 1 1 1 1 1 1 1 1 1 1 1 1 1 1 1 1 1 1 1 1 1 1 1 1 1 1 1 1 1 1 1 1 1 1 1 1 1 1 1 1 1 1 1 1 1 1 1 1 1 1 1 1 1 1 1 1 1 1 1 1 1 1 1 1 1 1 1 1 1 1 1 1 1 1 1 1 1 1 1 1 1 1 1 1 1 1 1 1 1 1 1 1 1 1 1 1 1 1 1 1 1 1 1 1 1 1 1 1 1 1 1 1 1 1 1 1 1 1 1 1 1 1 1 1 1 1 1 1 1 1 1 1 1 1 1 1 1 1 1 1 1 1 1 1 1 1 1 1 1 1 1 1 1 1 1 1 1 1 1 1 1 1 1 1 1 1 1 1 1 1 1 1 1 1 1 1 1 1 1 1 1 1 1 1 1 1 1 1 1 1 1 1 1 1 1 1 1 1 1 1 1 1 1 1 1 1 1 1 1 1 1 1 1 1 1 1 1 1 1 1 1 1 1 1 1 1 1 1 1 1 1 1 1 1 1 1 1 1 1 1 1 1 1 1 1 1 1 1 1 1 1 1 1 1 1 1 1 1 1 1 1 1 1 1 1 1 1 1 1 1 1 1 1 1 1 1 1 1 1 1 1 1 1 1 1 1 1 1 1 1 1 1 1 1 1 1 1 1 1 1 1 1 1 1 1 1 1 1 1 1 1 1 1 1 1 1 1 1 1 1 1 1 1 1 1 1 1 1 1 1 1 1 1 1 1 1 1 1 1 1 1 1 1 1 1 1 1 1 1 1 1 1 1 1 1 1 1 1 1 1 1 1 1 1 1 1 1 1 1 1 1 1 1 1 1 1 1 1 1 1 1 1 1 1 1 1 1 1 1 1 1 1 1 1 1 1 1 1 1 1 1 1 1 1 1 1 1 1 1 1 1 1 1 1 1 1 1 1 1 1 1 1 1 1 1 1 1 1 1 1 1 1 1 1 1 1 1 1 1 1 1 1 1 1 1 1 1 1 1 1 1 1 1 1 1 1 1 1 1 1 1 1 1 1 1 1 1 1 1 1 1 1 1 1 1 1 1 1 1 1 1 1 1 1 1 1 1 1 1 1 1 1 1 1 1 1 1 1 1 1 1 1 1 1 1 1 1 1 1 1 1 1 1 1 1 1 1 1 1 1 1 1 1 1 1 1 1 1 1 1 1 1 1 1 1 1 1 1 1 1 1 1 1 1 1 1 1 1 1 1 1 1 1 1 1 1 1 1 1 1 1 1 1 1 1 1 1 1 1 1 1 1 1 1 1 1 1 1 1 1 1 1 1 1 1 1 1 1 1 1 1 1 1 1 1 1 1 1 1 1 1 1 1 1 1 1 1 1 1 1 1 1 1 1 1 1 1 1 1 1 1 1 1 1 1 1 1 1 1 1 1 1 1 1 1 1 1 1 1 1 1 1 1 1 1 1 1 1 1 1 1 1 1 1 1 1 1 1 1 1 1 1 1 1 1 1 1 1 1 1 1 1 1 1 1 1 1 1 1 1 1 1 1 1 1 1 1 1 1 1 1 1 1 1 1 1 1 1 1 1 1 1 1 1 1 1 1 1 1 1 1 1 1 1 1 1 1 1 1 1 1 1 1 1 1 1 1 1 1 1 1 1 1 1 1 1 1 1 1 1 1 1 1 1 1 1 1 1 1 1 1 1 1 1 1 1 1 1 1 1 1 1 1 1 1 1 1 1 1 1 1 1 1 1 1 1 1 1 1 1 1 1 1 1 1 1 1 1 1 1 1 1 1 1 1 1 1 1 1 1 1 1 1 1 1 1 1 1 1 1 1 1 1 1 1 1 1 1 1 1 1 1 1 1 1 1 1 1 1 1 1 1 1 1 1 1 1 1 1 1 1 1 1 1 1 1 1 1 1 1 1 1 1 1 1 1 1 1 1 1 1 1 1 1 1 1 1 1 1 1 1 1 1 1 1 1 1 1 1 1 1 1 1 1 1 1 1 1 1 1 1 1 1 1 1 1 1 1 1 1 1 1 1 1 1 1 1 1 1 1 1 1 1 1 1 1 1 1 1 1 1 1 1 1 1 1 1 1 1 1 1 1 1 1 1 1 1 1 1 1 1 1 1 1 1 1 1 1 1 1 1 1 1 1 1 1 1 1 1 1 1 1 1 1 1 1 1 1 1 1 1 1 1 1 1 1 1 1 1 1 1 1 1 1 1 1 1 1 1 1 1 1 1 1 1 1 1 1 1 1 1 1 1 1 1 1 1 1 1 1 1 1 1 1 1 1 1 1 1 1 1 1 1 1 1 1 1 1 1 1 1 1 1 1 1 1 1 1 1 1 1 1 1 1 1 1 1 1 1 1 1 1 1 1 1 1 1 1 1 1 1 1 1 1 1 1 1 1 1 1 1 1 1 1 1 1 1 1 1 1 1 1 1 1 1 1 1 1 1 1 1 1 1 1 1 1 1 1 1 1 1 1 1 1 1 1 1 1 1 1 1 1 1 1 1 1 1 1 1 1 1 1 1 1 1 1 1 1 1 1 1 1 1 1 1 1 1 1 1 1 1 1 1 1 1 1 1 1 1 1 1 1 1 1 1 1 1 1 1 1 1 1 1 1 1 1 1 1 1 1 1 1 1 1 1 1 1 1 1 1 1 1 1 1 1 1 1 1 1 1 1 1 1 1 1 1 1 1 1 1 1 1 1 1 1 1 1 1 1 1 1 1 1 1 1 1 1 1 1 1 1 1 1 1 1 1 1 1 1 1 1 1 1 1 1 1 1 1 1 1 1 1 1 1 1 1 1 1 1 1 1 1 1 1 1 1 1 1 1 1 1 1 1 1 1 1 1 1 1 1 1 1 1 1 1 1 1 1 1 1 1 1 1 1 1 1 1 1 1 1 1 1 1 1 1 1 1 1 1 1 1 1 1 1 1 1 1 1 1 1 1 1 1 1 1 1 1 1 1 1 1 1 1 1 1 1 1 1 1 1 1 1 1 1 1 1 1 1 1 1 1 1 1 1 1 1 1 1 1 1 1 1 1 1 1 1 1 1 1 1 1 1 1 1 1 1 1 1 1 1 1 1 1 1 1 1 1 1 1 1 1 1 1 1 1 1 1 1 1 1 1 1 1 1 1 1 1 1 1 1 1 1 1 1 1 1 1 1 1 1 1 1 1 1 1 1 1 1 1 1 1 1 1 1 1 1 1 1 1 1 1 1 1 1 1 1 1 1 1 1 1 1 1 1 1 1 1 1 1 1 1 1 1 1 1 1 1 1 1 1 1 1 1 1 1 1 1 1 1 1 1 1 1 1 1 1 1 1 1 1 1 1 1 1 1 1 1 1 1 1 1 1 1 1 1 1 1 1 1 1 1 1 1 1 1 1 1 1 1 1 1 1 1 1 1 1 1 1 1 1 1 1 1 1 1 1 1 1 1 1 1 1 1 1 1 1 1 1 1 1 1 1 1 1 1 1 1 1 1 1 1 1 1 1 1 1 1 1 1 1 1 1 1 1 1 1 1 1 1 1 1 1 1 1 1 1 1 1 1 1 1 1 1 1 1 1 1 1 1 1 1 1 1 1 1 1 1 1 1 1 1 1 1 1 1 1 1 1 1 1 1 1 1 1 1 1 1 1 1 1 1 1 1 1 1 1 1 1 1 1 1 1 1 1 1 1 1 1 1 1 1 1 1 1 1 1 1 1 1 1 1 1 1 1 1 1 1 1 1 1 1 1 1 1 1 1 1 1 1 1 1 1 1 1 1 1 1 1 1 1 1 1 1 1 1 1 1 1 1 1 1 1 1 1 1 1 1 1 1 1 1 1 1 1 1 1 1 1 1 1 1 1 1 1 1 1 1 1 1 1 1 1 1 1 1 1 1 1 1 1 1 1 1 1 1 1 1 1 1 1 1 1 1 1 1 1 1 1 1 1 1 1 1 1 1 1 1 1 1 1 1 1 1 1 1 1 1 1 1 1 1 1 1 1 1 1 1 1 1 1 1 1 1 1 1 1 1 1 1 1 1 1 1 1 1 1 1 1 1 1 1 1 1 1 1 1 1 1 1 1 1 1 1 1 1 1 1 1 1 1 1 1 1 1 1 1 1 1 1 1 1 1 1 1 1 1 1 1 1 1 1 1 1 1 1 1 1 1 1 1 1 1 1 1 1 1 1 1 1 1 1 1 1 1 1 1 1 1 1 1 1 1 1 1 1 1 1 1 1 1 1 1 1 1 1 1 1 1 1 1 1 1 1 1 1 1 1 1 1 1 1 1 1 1 1 1 1 1 1 1 1 1 1 1 1 1 1 1 1 1 1 1 1 1 1 1 1 1 1 1 1 1 1 1 1 1 1 1 1 1 1 1 1 1 1 1 1 1 1 1 1 1 1 1 1 1 1 1 1 1 1 1 1 1 1 1 1 1 1 1 1 1 1 1 1 1 1 1 1 1 1 1 1 1 1 1 1 1 1 1 1 1 1 1 1 1 1 1 1 1 1 1 1 1 1 1 1 1 1 1 1 1 1 1 1 1 1 1 1 1 1 1 1 1 1 1 1 1 1 1 1 1 1 1 1 1 1 1 1 1 1 1 1 1 1 1 1 1 1 1 1 1 1 1 1 1 1 1 1 1 1 1 1 1 1 1 1 1 1 1 1 1 1 1 1 1 1 1 1 1 1 1 1 1 1 1 1 1 1 1 1 1 1 1 1 1 1 1 1 1 1 1 1 1 1 1 1 1 1 1 1 1 1 1 1 1 1 1 1 1 1 1 1 1 1 1 1 1 1 1 1 1 1 1 1 1 1 1 1 1 1 1 1 1 1 1 1 1 1 1 1 1 1 1 1 1 1 1 1 1 1 1 1 1 1 1 1 1 1 1 1 1 1 1 1 1 1 1 1 1 1 1 1 1 1 1 1 1 1 1 1 1 1 1 1 1 1 1 1 1 1 1 1 1 1 1 1 1 1 1 1 1 1 1 1 1 1 1 1 1 1 1 1 1 1 1 1 1 1 1 1 1 1 1 1 1 1 1 1 1 1 1 1 1 1 1 1 1 1 1 1 1 1 1 1 1 1 1 1 1 1 1 1 1 1 1 1 1 1 1 1 1 1 1 1 1 1 1 1 1 1 1 1 1 1 1 1 1 1 1 1 1 1 1 1 1 1 1 1 1 1 1 1 1 1 1 1 1 1 1 1 1 1 1 1 1 1 1 1 1 1 1 1 1 1 1 1 1 1 1 1 1 1 1 1 1 1 1 1 1 1 1 1 1 1 1 1 1 1 1 1 1 1 1 1 1 1 1 1 1 1 1 1 1 1 1 1 1 1 1 1 1 1 1 1 1 1 1 1 1 1 1 1 1 1 1 1 1 1 1 1 1 1 1 1 1 1 1 1 1 1 1 1 1 1 1 1 1 1 1 1 1 1 1 1 1 1 1 1 1 1 1 1 1 1 1 1 1 1 1 1 1 1 1 1 1 1 1 1 1 1 1 1 1 1 1 1 1 1 1 1 1 1 1 1 1 1 1 1 1 1 1 1 1 1 1 1 1 1 1 1 1 1 1 1 1 1 1 1 1 1 1 1 1 1 1 1 1 1 1 1 1 1 1 1 1 1 1 1 1 1 1 1 1 1 1 1 1 1 1 1 1 1 1 1 1 1 1 1 1 1 1 1 1 1 1 1 1 1 1 1 1 1 1 1 1 1 1 1 1 1 1 1 1 1 1 1 1 1 1 1 1 1 1 1 1 1 1 1 1 1 1 1 1 1 1 1 1 1 1 1 1 1 1 1 1 1 1 1 1 1 1 1 1 1 1 1 1 1 1 1 1 1 1 1 1 1 1 1 1 1 1 1 1 1 1 1 1 1 1 1 1 1 1 1 1 1 1 1 1 1 1 1 1 1 1 1 1 1 1 1 1 1 1 1 1 1 1 1 1 1 1 1 1 1 1 1 1 1 1 1 1 1 1 1 1 1 1 1 1 1 1 1 1 1 1 1 1 1 1 1 1 1 1 1 1 1 1 1 1 1 1 1 1 1 1 1 1 1 1 1 1 1 1 1 1 1 1 1 1 1 1 1 1 1 1 1 1 1 1 1 1 1 1 1 1 1 1 1 1 1 1 1 1 1 1 1 1 1 1 1 1 1 1 1 1 1 1 1 1 1 1 1 1 1 1 1 1 1 1 1 1 1 1 1 1 1 1 1 1 1 1 1 1 1 1 1 1 1 1 1 1 1 1 1 1 1 1 1 1 1 1 1 1 1 1 1 1 1 1 1 1 1 1 1 1 1 1 1 1 1 1 1 1 1 1 1 1 1 1 1 1 1 1 1 1 1 1 1 1 1 1 1 1 1 1 1 1 1 1 1 1 1 1 1 1 1 1 1 1 1 1 1 1 1 1 1 1 1 1 1 1 1 1 1 1 1 1 1 1 1 1 1 1 1 1 1 1 1 1 1 1 1 1 1 1 1 1 1 1 1 1 1 1 1 1 1 1 1 1 1 1 1 1 1 1 1 1 1 1 1 1 1 1 1 1 1 1 1 1 1 1 1 1 1 1 1 1 1 1 1 1 1 1 1 1 1 1 1 1 1 1 1 1 1 1 1 1 1 1 1 1 1 1 1 1 1 1 1 1 1 1 1 1 1 1 1 1 1 1 1 1 1 1 1 1 1 1 1 1 1 1 1 1 1 1 1 1 1 1 1 1 1 1 1 1 1 1 1 1 1 1 1 1 1 1 1 1 1 1 1 1 1 1 1 1 1 1 1 1 1 1 1 1 1 1 1 1 1 1 1 1 1 1 1 1 1 1 1 1 1 1 1 1 1 1 1 1 1 1 1 1 1 1 1 1 1 1 1 1 1 1 1 1 1 1 1 1 1 1 1 1 1 1 1 1 1 1 1 1 1 1 1 1 1 1 1 1 1 1 1 1 1 1 1 1 1 1 1 1 1 1 1 1 1 1 1 1 1 1 1 1 1 1 1 1 1 1 1 1 1 1 1 1 1 1 1 1 1 1 1 1 1 1 1 1 1 1 1 1 1 1 1 1 1 1 1 1 1 1 1 1 1 1 1 1 1 1 1 1 1 1 1 1 1 1 1 1 1 1 1 1 1 1 1 1 1 1 1 1 1 1 1 1 1 1 1 1 1 1 1 1 1 1 1 1 1 1 1 1 1 1 1 1 1 1 1 1 1 1 1 1 1 1 1 1 1 1 1 1 1 1 1 1 1 1 1 1 1 1 1 1 1 1 1 1 1 1 1 1 1 1 1 1 1 1 1 1 1 1 1 1 1 1 1 1 1 1 1 1 1 1 1 1 1 1 1 1 1 1 1 1 1 1 1 1 1 1 1 1 1 1 1 1 1 1 1 1 1 1 1 1 1 1 1 1 1 1 1 1 1 1 1 1 1 1 1 1 1 1 1 1 1 1 1 1 1 1 1 1 1 1 1 1 1 1 1 1 1 1 1 1 1 1 1 1 1 1 1 1 1 1 1 1 1 1 1 1 1 1 1 1 1 1 1 1 1 1 1 1 1 1 1 1 1 1 1 1 1 1 1 1 1 1 1 1 1 1 1 1 1 1 1 1 1 1 1 1 1 1 1 1 1 1 1 1 1 1 1 1 1 1 1 1 1 1 1 1 1 1 1 1 1 1 1 1 1 1 1 1 1 1 1 1 1 1 1 1 1 1 1 1 1 1 1 1 1 1 1 1 1 1 1 1 1 1 1 1 1 1 1 1 1 1 1 1 1 1 1 1 1 1 1 1 1 1 1 1 1 1 1 1 1 1 1 1 1 1 1 1 1 1 1 1 1 1 1 1 1 1 1 1 1 1 1 1 1 1 1 1 1 1 1 1 1 1 1 1 1 1 1 1 1 1 1 1 1 1 1 1 1 1 1 1 1 1 1 1 1 1 1 1 1 1 1 1 1 1 1 1 1 1 1 1 1 1 1 1 1 1 1 1 1 1 1 1 1 1 1 1 1 1 1 1 1 1 1 1 1 1 1 1 1 1 1 1 1 1 1 1 1 1 1 1 1 1 1 1 1 1 1 1 1 1 1 1 1 1 1 1 1 1 1 1 1 1 1 1 1 1 1 1 1 1 1 1 1 1 1 1 1 1 1 1 1 1 1 1 1 1 1 1 1 1 1 1 1 1 1 1 1 1 1 1 1 1 1 1 1 1 1 1 1 1 1 1 1 1 1 1 1 1 1 1 1 1 1 1 1 1 1 1 1 1 1 1 1 1 1 1 1 1 1 1 1 1 1 1 1 1 1 1 1 1 1 1 1 1 1 1 1 1 1 1 1 1 1 1 1 1 1 1 1 1 1 1 1 1 1 1 1 1 1 1 1 1 1 1 1 1 1 1 1 1 1 1 1 1 1 1 1 1 1 1 1 1 1 1 1 1 1 1 1 1 1 1 1 1 1 1 1 1 1 1 1 1 1 1 1 1 1 1 1 1 1 1 1 1 1 1 1 1 1 1 1 1 1 1 1 1 1 1 1 1 1 1 1 1 1 1 1 1 1 1 1 1 1 1 1 1 1 1 1 1 1 1 1 1 1 1 1 1 1 1 1 1 1 1 1 1 1 1 1 1 1 1 1 1 1 1 1 1 1 1 1 1 1 1 1 1 1 1 1 1 1 1 1 1 1 1 1 1 1 1 1 1 1 1 1 1 1 1 1 1 1 1 1 1 1 1 1 1 1 1 1 1 1 1 1 1 1 1 1 1 1 1 1 1 1 1 1 1 1 1 1 1 1 1 1 1 1 1 1 1 1 1 1 1 1 1 1 1 1 1 1 1 1 1 1 1 1 1 1 1 1 1 1 1 1 1 1 1 1 1 1 1 1 1 1 1 1 1 1 1 1 1 1 1 1 1 1 1 1 1 1 1 1 1 1 1 1 1 1 1 1 1 1 1 1 1 1 1 1 1 1 1 1 1 1 1 1 1 1 1 1 1 1 1 1 1 1 1 1 1 1 1 1 1 1 1 1 1 1 1 1 1 1 1 1 1 1 1 1 1 1 1 1 1 1 1 1 1 1 1 1 1 1 1 1 1 1 1 1 1 1 1 1 1 1 1 1 1 1 1 1 1 1 1 1 1 1 1 1 1 1 1 1 1 1 1 1 1 1 1 1 1 1 1 1 1 1 1 1 1 1 1 1 1 1 1 1 1 1 1 1 1 1 1 1 1 1 1 1 1 1 1 1 1 1 1 1 1 1 1 1 1 1 1 1 1 1 1 1 1 1 1 1 1 1 1 1 1 1 1 1 1 1 1 1 1 1 1 1 1 1 1 1 1 1 1 1 1 1 1 1 1 1 1 1 1 1 1 1 1 1 1 1 1 1 1 1 1 1 1 1 1 1 1 1 1 1 1 1 1 1 1 1 1 1 1 1 1 1 1 1 1 1 1 1 1 1 1 1 1 1 1 1 1 1 1 1 1 1 1 1 1 1 1 1 1 1 1 1 1 1 1 1 1 1 1 1 1 1 1 1 1 1 1 1 1 1 1 1 1 1 1 1 1 1 1 1 1 1 1 1 1 1 1 1 1 1 1 1 1 1 1 1 1 1 1 1 1 1 1 1 1 1 1 1 1 1 1 1 1 1 1 1 1 1 1 1 1 1 1 1 1 1 1 1 1 1 1 1 1 1 1 1 1 1 1 1 1 1 1 1 1 1 1 1 1 1 1 1 1 1 1 1 1 1 1 1 1 1 1 1 1 1 1 1 1 1 1 1 1 1 1 1 1 1 1 1 1 1 1 1 1 1 1 1 1 1 1 1 1 1 1 1 1 1 1 1 1 1 1 1 1 1 1 1 1 1 1 1 1 1 1 1 1 1 1 1 1 1 1 1 1 1 1 1 1 1 1 1 1 1 1 1 1 1 1 1 1 1 1 1 1 1 1 1 1 1 1 1 1 1 1 1 1 1 1 1 1 1 1 1 1 1 1 1 1 1 1 1 1 1 1 1 1 1 1 1 1 1 1 1 1 1 1 1 1 1 1 1 1 1 1 1 1 1 1 1 1 1 1 1 1 1 1 1 1 1 1 1 1 1 1 1 1 1 1 1 1 1 1 1 1 1 1 1 1 1 1 1 1 1 1 1 1 1 1 1 1 1 1 1 1 1 1 1 1 1 1 1 1 1 1 1 1 1 1 1 1 1 1 1 1 1 1 1 1 1 1 1 1 1 1 1 1 1 1 1 1 1 1 1 1 1 1 1 1 1 1 1 1 1 1 1 1 1 1 1 1 1 1 1 1 1 1 1 1 1 1 1 1 1 1 1 1 1 1 1 1 1 1 1 1 1 1 1 1 1 1 1 1 1 1 1 1 1 1 1 1 1 1 1 1 1 1 1 1 1 1 1 1 1 1 1 1 1 1 1 1 1 1 1 1 1 1 1 1 1 1 1 1 1 1 1 1 1 1 1 1 1 1 1 1 1 1 1 1 1 1 1 1 1 1 1 1 1 1 1 1 1 1 1 1 1 1 1 1 1 1 1 1 1 1 1 1 1 1 1 1 1 1 1 1 1 1 1 1 1 1 1 1 1 1 1 1 1 1 1 1 1 1 1 1 1 1 1 1 1 1 1 1 1 1 1 1 1 1 1 1 1 1 1 1 1 1 1 1 1 1 1 1 1 1 1 1 1 1 1 1 1 1 1 1 1 1 1 1 1 1 1 1 1 1 1 1 1 1 1 1 1 1 1 1 1 1 1 1 1 1 1 1 1 1 1 1 1 1 1 1 1 1 1 1 1 1 1 1 1 1 1 1 1 1 1 1 1 1 1 1 1 1 1 1 1 1 1 1 1 1 1 1 1 1 1 1 1 1 1 1 1 1 1 1 1 1 1 1 1 1 1 1 1 1 1 1 1 1 1 1 1 1 1 1 1 1 1 1 1 1 1 1 1 1 1 1 1 1 1 1 1 1 1 1 1 1 1 1 1 1 1 1 1 1 1 1 1 1 1 1 1 1 1 1 1 1 1 1 1 1 1 1 1 1 1 1 1 1 1 1 1 1 1 1 1 1 1 1 1 1 1 1 1 1 1 1 1 1 1 1 1 1 1 1 1 1 1 1 1 1 1 1 1 1 1 1 1 1 1 1 1 1 1 1 1 1 1 1 1 1 1 1 1 1 1 1 1 1 1 1 1 1 1 1 1 1 1 1 1 1 1 1 1 1 1 1 1 1 1 1 1 1 1 1 1 1 1 1 1 1 1 1 1 1 1 1 1 1 1 1 1 1 1 1 1 1 1 1 1 1 1 1 1 1 1 1 1 1 1 1 1 1 1 1 1 1 1 1 1 1 1 1 1 1 1 1 1 1 1 1 1 1 1 1 1 1 1 1 1 1 1 1 1 1 1 1 1 1 1 1 1 1 1 1 1 1 1 1 1 1 1 1 1 1 1 1 1 1 1 1 1 1 1 1 1 1 1 1 1 1 1 1 1 1 1 1 1 1 1 1 1 1 1 1 1 1 1 1 1 1 1 1 1 1 1 1 1 1 1 1 1 1 1 1 1 1 1 1 1 1 1 1 1 1 1 1 1 1 1 1 1 1 1 1 1 1 1 1 1 1 1 1 1 1 1 1 1 1 1 1 1 1 1 1 1 1 1 1 1 1 1 1 1 1 1 1 1 1 1 1 1 1 1 1 1 1 1 1 1 1 1 1 1 1 1 1 1 1 1 1 1 1 1 1 1 1 1 1 1 1 1 1 1 1 1 1 1 1 1 1 1 1 1 1 1 1 1 1 1 1 1 1 1 1 1 1 1 1 1 1 1 1 1 1 1 1 1 1 1 1 1 1 1 1 1 1 1 1 1 1 1 1 1 1 1 1 1 1 1 1 1 1 1 1 1 1 1 1 1 1 1 1 1 1 1 1 1 1 1 1 1 1 1 1 1 1 1 1 1 1 1 1 1 1 1 1 1 1 1 1 1 1 1 1 1 1 1 1 1 1 1 1 1 1 1 1 1 1 1 1 1 1 1 1 1 1 1 1 1 1 1 1 1 1 1 1 1 1 1 1 1 1 1 1 1 1 1 1 1 1 1 1 1 1 1 1 1 1 1 1 1 1 1 1 1 1 1 1 1 1 1 1 1 1 1 1 1 1 1 1 1 1 1 1 1 1 1 1 1 1 1 1 1 1 1 1 1 1 1 1 1 1 1 1 1 1 1 1 1 1 1 1 1 1 1 1 1 1 1 1 1 1 1 1 1 1 1 1 1 1 1 1 1 1 1 1 1 1 1 1 1 1 1 1 1 1 1 1 1 1 1 1 1 1 1 1 1 1 1 1 1 1 1 1 1 1 1 1 1 1 1 1 1 1 1 1 1 1 1 1 1 1 1 1 1 1 1 1 1 1 1 1 1 1 1 1 1 1 1 1 1 1 1 1 1 1 1 1 1 1 1 1 1 1 1 1 1 1 1 1 1 1 1 1 1 1 1 1 1 1 1 1 1 1 1 1 1 1 1 1 1 1 1 1 1 1 1 1 1 1 1 1 1 1 1 1 1 1 1 1 1 1 1 1 1 1 1 1 1 1 1 1 1 1 1 1 1 1 1 1 1 1 1 1 1 1 1 1 1 1 1 1 1 1 1 1 1 1 1 1 1 1 1 1 1 1 1 1 1 1 1 1 1 1 1 1 1 1 1 1 1 1 1 1 1 1 1 1 1 1 1 1 1 1 1 1 1 1 1 1 1 1 1 1 1 1 1 1 1 1 1 1 1 1 1 1 1 1 1 1 1 1 1 1 1 1 1 1 1 1 1 1 1 1 1 1 1 1 1 1 1 1 1 1 1 1 1 1 1 1 1 1 1 1 1 1 1 1 1 1 1 1 1 1 1 1 1 1 1 1 1 1 1 1 1 1 1 1 1 1 1 1 1 1 1 1 1 1 1 1 1 1 1 1 1 1 1 1 1 1 1 1 1 1 1 1 1 1 1 1 1 1 1 1 1 1 1 1 1 1 1 1 1 1 1 1 1 1 1 1 1 1 1 1 1 1 1 1 1 1 1 1 1 1 1 1 1 1 1 1 1 1 1 1 1 1 1 1 1 1 1 1 1 1 1 1 1 1 1 1 1 1 1 1 1 1 1 1 1 1 1 1 1 1 1 1 1 1 1 1 1 1 1 1 1 1 1 1 1 1 1 1 1 1 1 1 1 1 1 1 1 1 1 1 1 1 1 1 1 1 1 1 1 1 1 1 1 1 1 1 1 1 1 1 1 1 1 1 1 1 1 1 1 1 1 1 1 1 1 1 1 1 1 1 1 1 1 1 1 1 1 1 1 1 1 1 1 1 1 1 1 1 1 1 1 1 1 1 1 1 1 1 1 1 1 1 1 1 1 1 1 1 1 1 1 1 1 1 1 1 1 1 1 1 1 1 1 1 1 1 1 1 1 1 1 1 1 1 1 1 1 1 1 1 1 1 1 1 1 1 1 1 1 1 1 1 1 1 1 1 1 1 1 1 1 1 1 1 1 1 1 1 1 1 1 1 1 1 1 1 1 1 1 1 1 1 1 1 1 1 1 1 1 1 1 1 1 1 1 1 1 1 1 1 1 1 1 1 1 1 1 1 1 1 1 1 1 1 1 1 1 1 1 1 1 1 1 1 1 1 1 1 1 1 1 1 1 1 1 1 1 1 1 1 1 1 1 1 1 1 1 1 1 1 1 1 1 1 1 1 1 1 1 1 1 1 1 1 1 1 1 1 1 1 1 1 1 1 1 1 1 1 1 1 1 1 1 1 1 1 1 1 1 1 1 1 1 1 1 1 1 1 1 1 1 1 1 1 1 1 1 1 1 1 1 1 1 1 1 1 1 1 1 1 1 1 1 1 1 1 1 1 1 1 1 1 1 1 1 1 1 1 1 1 1 1 1 1 1 1 1 1 1 1 1 1 1 1 1 1 1 1 1 1 1 1 1 1 1 1 1 1 1 1 1 1 1 1 1 1 1 1 1 1 1 1 1 1 1 1 1 1 1 1 1 1 1 1 1 1 1 1 1 1 1 1 1 1 1 1 1 1 1 1 1 1 1 1 1 1 1 1 1 1 1 1 1 1 1 1 1 1 1 1 1 1 1 1 1 1 1 1 1 1 1 1 1 1 1 1 1 1 1 1 1 1 1 1 1 1 1 1 1 1 1 1 1 1 1 1 1 1 1 1 1 1 1 1 1 1 1 1 1 1 1 1 1 1 1 1 1 1 1 1 1 1 1 1 1 1 1 1 1 1 1 1 1 1 1 1 1 1 1 1 1 1 1 1 1 1 1 1 1 1 1 1 1 1 1 1 1 1 1 1 1 1 1 1 1 1 1 1 1 1 1 1 1 1 1 1 1 1 1 1 1 1 1 1 1 1 1 1 1 1 1 1 1 1 1 1 1 1 1 1 1 1 1 1 1 1 1 1 1 1 1 1 1 1 1 1 1 1 1 1 1 1 1 1 1 1 1 1 1 1 1 1 1 1 1 1 1 1 1 1 1 1 1 1 1 1 1 1 1 1 1 1 1 1 1 1 1 1 1 1 1 1 1 1 1 1 1 1 1 1 1 1 1 1 1 1 1 1 1 1 1 1 1 1 1 1 1 1 1 1 1 1 1 1 1 1 1 1 1 1 1 1 1 1 1 1 1 1 1 1 1 1 1 1 1 1 1 1 1 1 1 1 1 1 1 1 1 1 1 1 1 1 1 1 1 1 1 1 1 1 1 1 1 1 1 1 1 1 1 1 1 1 1 1 1 1 1 1 1 1 1 1 1 1 1 1 1 1 1 1 1 1 1 1 1 1 1 1 1 1 1 1 1 1 1 1 1 1 1 1 1 1 1 1 1 1 1 1 1 1 1 1 1 1 1 1 1 1 1 1 1 1 1 1 1 1 1 1 1 1 1 1 1 1 1 1 1 1 1 1 1 1 1 1 1 1 1 1 1 1 1 1 1 1 1 1 1 1 1 1 1 1 1 1 1 1 1 1 1 1 1 1 1 1 1 1 1 1 1 1 1 1 1 1 1 1 1 1 1 1 1 1 1 1 1 1 1 1 1 1 1 1 1 1 1 1 1 1 1 1 1 1 1 1 1 1 1 1 1 1 1 1 1 1 1 1 1 1 1 1 1 1 1 1 1 1 1 1 1 1 1 1 1 1 1 1 1 1 1 1 1 1 1 1 1 1 1 1 1 1 1 1 1 1 1 1 1 1 1 1 1 1 1 1 1 1 1 1 1 1 1 1 1 1 1 1 1 1 1 1 1 1 1 1 1 1 1 1 1 1 1 1 1 1 1 1 1 1 1 1 1 1 1 1 1 1 1 1 1 1 1 1 1 1 1 1 1 1 1 1 1 1 1 1 1 1 1 1 1 1 1 1 1 1 1 1 1 1 1 1 1 1 1 1 1 1 1 1 1 1 1 1 1 1 1 1 1 1 1 1 1 1 1 1 1 1 1 1 1 1 1 1 1 1 1 1 1 1 1 1 1 1 1 1 1 1 1 1 1 1 1 1 1 1 1 1 1 1 1 1 1 1 1 1 1 1 1 1 1 1 1 1 1 1 1 1 1 1 1 1 1 1 1 1 1 1 1 1 1 1 1 1 1 1 1 1 1 1 1 1 1 1 1 1 1 1 1 1 1 1 1 1 1 1 1 1 1 1 1 1 1 1 1 1 1 1 1 1 1 1 1 1 1 1 1 1 1 1 1 1 1 1 1 1 1 1 1 1 1 1 1 1 1 1 1 1 1 1 1 1 1 1 1 1 1 1 1 1 1 1 1 1 1 1 1 1 1 1 1 1 1 1 1 1 1 1 1 1 1 1 1 1 1 1 1 1 1 1 1 1 1 1 1 1 1 1 1 1 1 1 1 1 1 1 1 1 1 1 1 1 1 1 1 1 1 1 1 1 1 1 1 1 1 1 1 1 1 1 1 1 1 1 1 1 1 1 1 1 1 1 1 1 1 1 1 1 1 1 1 1 1 1 1 1 1 1 1 1 1 1 1 1 1 1 1 1 1 1 1 1 1 1 1 1 1 1 1 1 1 1 1 1 1 1 1 1 1 1 1 1 1 1 1 1 1 1 1 1 1 1 1 1 1 1 1 1 1 1 1 1 1 1 1 1 1 1 1 1 1 1 1 1 1 1 1 1 1 1 1 1 1 1 1 1 1 1 1 1 1 1 1 1 1 1 1 1 1 1 1 1 1 1 1 1 1 1 1 1 1 1 1 1 1 1 1 1 1 1 1 1 1 1 1 1 1 1 1 1 1 1 1 1 1 1 1 1 1 1 1 1 1 1 1 1 1 1 1 1 1 1 1 1 1 1 1 1 1 1 1 1 1 1 1 1 1 1 1 1 1 1 1 1 1 1 1 1 1 1 1 1 1 1 1 1 1 1 1 1 1 1 1 1 1 1 1 1 1 1 1 1 1 1 1 1 1 1 1 1 1 1 1 1 1 1 1 1 1 1 1 1 1 1 1 1 1 1 1 1 1 1 1 1 1 1 1 1 1 1 1 1 1 1 1 1 1 1 1 1 1 1 1 1 1 1 1 1 1 1 1 1 1 1 1 1 1 1 1 1 1 1 1 1 1 1 1 1 1 1 1 1 1 1 1 1 1 1 1 1 1 1 1 1 1 1 1 1 1 1 1 1 1 1 1 1 1 1 1 1 1 1 1 1 1 1 1 1 1 1 1 1 1 1 1 1 1 1 1 1 1 1 1 1 1 1 1 1 1 1 1 1 1 1 1 1 1 1 1 1 1 1 1 1 1 1 1 1 1 1 1 1 1 1 1 1 1 1 1 1 1 1 1 1 1 1 1 1 1 1 1 1 1 1 1 1 1 1 1 1 1 1 1 1 1 1 1 1 1 1 1 1 1 1 1 1 1 1 1 1 1 1 1 1 1 1 1 1 1 1 1 1 1 1 1 1 1 1 1 1 1 1 1 1 1 1 1 1 1 1 1 1 1 1 1 1 1 1 1 1 1 1 1 1 1 1 1 1 1 1 1 1 1 1 1 1 1 1 1 1 1 1 1 1 1 1 1 1 1 1 1 1 1 1 1 1 1 1 1 1 1 1 1 1 1 1 1 1 1 1 1 1 1 1 1 1 1 1 1 1 1 1 1 1 1 1 1 1 1 1 1 1 1 1 1 1 1 1 1 1 1 1 1 1 1 1 1 1 1 1 1 1 1 1 1 1 1 1 1 1 1 1 1 1 1 1 1 1 1 1 1 1 1 1 1 1 1 1 1 1 1 1 1 1 1 1 1 1 1 1 1 1 1 1 1 1 1 1 1 1 1 1 1 1 1 1 1 1 1 1 1 1 1 1 1 1 1 1 1 1 1 1 1 1 1 1 1 1 1 1 1 1 1 1 1 1 1 1 1 1 1 1 1 1 1 1 1 1 1 1 1 1 1 1 1 1 1 1 1 1 1 1 1 1 1 1 1 1 1 1 1 1 1 1 1 1 1 1 1 1 1 1 1 1 1 1 1 1 1 1 1 1 1 1 1 1 1 1 1 1 1 1 1 1 1 1 1 1 1 1 1 1 1 1 1 1 1 1 1 1 1 1 1 1 1 1 1 1 1 1 1 1 1 1 1 1 1 1 1 1 1 1 1 1 1 1 1 1 1 1 1 1 1 1 1 1 1 1 1 1 1 1 1 1 1 1 1 1 1 1 1 1 1 1 1 1 1 1 1 1 1 1 1 1 1 1 1 1 1 1 1 1 1 1 1 1 1 1 1 1 1 1 1 1 1 1 1 1 1 1 1 1 1 1 1 1 1 1 1 1 1 1 1 1 1 1 1 1 1 1 1 1 1 1 1 1 1 1 1 1 1 1 1 1 1 1 1 1 1 1 1 1 1 1 1 1 1 1 1 1 1 1 1 1 1 1 1 1 1 1 1 1 1 1 1 1 1 1 1 1 1 1 1 1 1 1 1 1 1 1 1 1 1 1 1 1 1 1 1 1 1 1 1 1 1 1 1 1 1 1 1 1 1 1 1 1 1 1 1 1 1 1 1 1 1 1 1 1 1 1 1 1 1 1 1 1 1 1 1 1 1 1 1 1 1 1 1 1 1 1 1 1 1 1 1 1 1 1 1 1 1 1 1 1 1 1 1 1 1 1 1 1 1 1 1 1 1 1 1 1 1 1 1 1 1 1 1 1 1 1 1 1 1 1 1 1 1 1 1 1 1 1 1 1 1 1 1 1 1 1 1 1 1 1 1 1 1 1 1 1 1 1 1 1 1 1 1 1 1 1 1 1 1 1 1 1 1 1 1 1 1 1 1 1 1 1 1 1 1 1 1 1 1 1 1 1 1 1 1 1 1 1 1 1 1 1 1 1 1 1 1 1 1 1 1 1 1 1 1 1 1 1 1 1 1 1 1 1 1 1 1 1 1 1 1 1 1 1 1 1 1 1 1 1 1 1 1 1 1 1 1 1 1 1 1 1 1 1 1 1 1 1 1 1 1 1 1 1 1 1 1 1 1 1 1 1 1 1 1 1 1 1 1 1 1 1 1 1 1 1 1 1 1 1 1 1 1 1 1 1 1 1 1 1 1 1 1 1 1 1 1 1 1 1 1 1 1 1 1 1 1 1 1 1 1 1 1 1 1 1 1 1 1 1 1 1 1 1 1 1 1 1 1 1 1 1 1 1 1 1 1 1 1 1 1 1 1 1 1 1 1 1 1 1 1 1 1 1 1 1 1 1 1 1 1 1 1 1 1 1 1 1 1 1 1 1 1 1 1 1 1 1 1 1 1 1 1 1 1 1 1 1 1 1 1 1 1 1 1 1 1 1 1 1 1 1 1 1 1 1 1 1 1 1 1 1 1 1 1 1 1 1 1 1 1 1 1 1 1 1 1 1 1 1 1 1 1 1 1 1 1 1 1 1 1 1 1 1 1 1 1 1 1 1 1 1 1 1 1 1 1 1 1 1 1 1 1 1 1 1 1 1 1 1 1 1 1 1 1 1 1 1 1 1 1 1 1 1 1 1 1 1 1 1 1 1 1 1 1 1 1 1 1 1 1 1 1 1 1 1 1 1 1 1 1 1 1 1 1 1 1 1 1 1 1 1 1 1 1 1 1 1 1 1 1 1 1 1 1 1 1 1 1 1 1 1 1 1 1 1 1 1 1 1 1 1 1 1 1 1 1 1 1 1 1 1 1 1 1 1 1 1 1 1 1 1 1 1 1 1 1 1 1 1 1 1 1 1 1 1 1 1 1 1 1 1 1 1 1 1 1 1 1 1 1 1 1 1 1 1 1 1 1 1 1 1 1 1 1 1 1 1 1 1 1 1 1 1 1 1 1 1 1 1 1 1 1 1 1 1 1 1 1 1 1 1 1 1 1 1 1 1 1 1 1 1 1 1 1 1 1 1 1 1 1 1 1 1 1 1 1 1 1 1 1 1 1 1 1 1 1 1 1 1 1 1 1 1 1 1 1 1 1 1 1 1 1 1 1 1 1 1 1 1 1 1 1 1 1 1 1 1 1 1 1 1 1 1 1 1 1 1 1 1 1 1 1 1 1 1 1 1 1 1 1 1 1 1 1 1 1 1 1 1 1 1 1 1 1 1 1 1 1 1 1 1 1 1 1 1 1 1 1 1 1 1 1 1 1 1 1 1 1 1 1 1 1 1 1 1 1 1 1 1 1 1 1 1 1 1 1 1 1 1 1 1 1 1 1 1 1 1 1 1 1 1 1 1 1 1 1 1 1 1 1 1 1 1 1 1 1 1 1 1 1 1 1 1 1 1 1 1 1 1 1 1 1 1 1 1 1 1 1 1 1 1 1 1 1 1 1 1 1 1 1 1 1 1 1 1 1 1 1 1 1 1 1 1 1 1 1 1 1 1 1 1 1 1 1 1 1 1 1 1 1 1 1 1 1 1 1 1 1 1 1 1 1 1 1 1 1 1 1 1 1 1 1 1 1 1 1 1 1 1 1 1 1 1 1 1 1 1 1 1 1 1 1 1 1 1 1 1 1 1 1 1 1 1 1 1 1 1 1 1 1 1 1 1 1 1 1 1 1 1 1 1 1 1 1 1 1 1 1 1 1 1 1 1 1 1 1 1 1 1 1 1 1 1 1 1 1 1 1 1 1 1 1 1 1 1 1 1 1 1 1 1 1 1 1 1 1 1 1 1 1 1 1 1 1 1 1 1 1 1 1 1 1 1 1 1 1 1 1 1 1 1 1 1 1 1 1 1 1 1 1 1 1 1 1 1 1 1 1 1 1 1 1 1 1 1 1 1 1 1 1 1 1 1 1 1 1 1 1 1 1 1 1 1 1 1 1 1 1 1 1 1 1 1 1 1 1 1 1 1 1 1 1 1 1 1 1 1 1 1 1 1 1 1 1 1 1 1 1 1 1 1 1 1 1 1 1 1 1 1 1 1 1 1 1 1 1 1 1 1 1 1 1 1 1 1 1 1 1 1 1 1 1 1 1 1 1 1 1 1 1 1 1 1 1 1 1 1 1 1 1 1 1 1 1 1 1 1 1 1 1 1 1 1 1 1 1 1 1 1 1 1 1 1 1 1 1 1 1 1 1 1 1 1 1 1 1 1 1 1 1 1 1 1 1 1 1 1 1 1 1 1 1 1 1 1 1 1 1 1 1 1 1 1 1 1 1 1 1 1 1 1 1 1 1 1 1 1 1 1 1 1 1 1 1 1 1 1 1 1 1 1 1 1 1 1 1 1 1 1 1 1 1 1 1 1 1 1 1 1 1 1 1 1 1 1 1 1 1 1 1 1 1 1 1 1 1 1 1 1 1 1 1 1 1 1 1 1 1 1 1 1 1 1 1 1 1 1 1 1 1 1 1 1 1 1 1 1 1 1 1 1 1 1 1 1 1 1 1 1 1 1 1 1 1 1 1 1 1 1 1 1 1 1 1 1 1 1 1 1 1 1 1 1 1 1 1 1 1 1 1 1 1 1 1 1 1 1 1 1 1 1 1 1 1 1 1 1 1 1 1 1 1 1 1 1 1 1 1 1 1 1 1 1 1 1 1 1 1 1 1 1 1 1 1 1 1 1 1 1 1 1 1 1 1 1 1 1 1 1 1 1 1 1 1 1 1 1 1 1 1 1 1 1 1 1 1 1 1 1 1 1 1 1 1 1 1 1 1 1 1 1 1 1 1 1 1 1 1 1 1 1 1 1 1 1 1 1 1 1 1 1 1 1 1 1 1 1 1 1 1 1 1 1 1 1 1 1 1 1 1 1 1 1 1 1 1 1 1 1 1 1 1 1 1 1 1 1 1 1 1 1 1 1 1 1 1 1 1 1 1 1 1 1 1 1 1 1 1 1 1 1 1 1 1 1 1 1 1 1 1 1 1 1 1 1 1 1 1 1 1 1 1 1 1 1 1 1 1 1 1 1 1 1 1 1 1 1 1 1 1 1 1 1 1 1 1 1 1 1 1 1 1 1 1 1 1 1 1 1 1 1 1 1 1 1 1 1 1 1 1 1 1 1 1 1 1 1 1 1 1 1 1 1 1 1 1 1 1 1 1 1 1 1 1 1 1 1 1 1 1 1 1 1 1 1 1 1 1 1 1 1 1 1 1 1 1 1 1 1 1 1 1 1 1 1 1 1 1 1 1 1 1 1 1 1 1 1 1 1 1 1 1 1 1 1 1 1 1 1 1 1 1 1 1 1 1 1 1 1 1 1 1 1 1 1 1 1 1 1 1 1 1 1 1 1 1 1 1 1 1 1 1 1 1 1 1 1 1 1 1 1 1 1 1 1 1 1 1 1 1 1 1 1 1 1 1 1 1 1 1 1 1 1 1 1 1 1 1 1 1 1 1 1 1 1 1 1 1 1 1 1 1 1 1 1 1 1 1 1 1 1 1 1 1 1 1 1 1 1 1 1 1 1 1 1 1 1 1 1 1 1 1 1 1 1 1 1 1 1 1 1 1 1 1 1 1 1 1 1 1 1 1 1 1 1 1 1 1 1 1 1 1 1 1 1 1 1 1 1 1 1 1 1 1 1 1 1 1 1 1 1 1 1 1 1 1 1 1 1 1 1 1 1 1 1 1 1 1 1 1 1 1 1 1 1 1 1 1 1 1 1 1 1 1 1 1 1 1 1 1 1 1 1 1 1 1 1 1 1 1 1 1 1 1 1 1 1 1 1 1 1 1 1 1 1 1 1 1 1 1 1 1 1 1 1 1 1 1 1 1 1 1 1 1 1 1 1 1 1 1 1 1 1 1 1 1 1 1 1 1 1 1 1 1 1 1 1 1 1 1 1 1 1 1 1 1 1 1 1 1 1 1 1 1 1 1 1 1 1 1 1 1 1 1 1 1 1 1 1 1 1 1 1 1 1 1 1 1 1 1 1 1 1 1 1 1 1 1 1 1 1 1 1 1 1 1 1 1 1 1 1 1 1 1 1 1 1 1 1 1 1 1 1 1 1 1 1 1 1 1 1 1 1 1 1 1 1 1 1 1 1 1 1 1 1 1 1 1 1 1 1 1 1 1 1 1 1 1 1 1 1 1 1 1 1 1 1 1 1 1 1 1 1 1 1 1 1 1 1 1 1 1 1 1 1 1 1 1 1 1 1 1 1 1 1 1 1 1 1 1 1 1 1 1 1 1 1 1 1 1 1 1 1 1 1 1 1 1 1 1 1 1 1 1 1 1 1 1 1 1 1 1 1 1 1 1 1 1 1 1 1 1 1 1 1 1 1 1 1 1 1 1 1 1 1 1 1 1 1 1 1 1 1 1 1 1 1 1 1 1 1 1 1 1 1 1 1 1 1 1 1 1 1 1 1 1 1 1 1 1 1 1 1 1 1 1 1 1 1 1 1 1 1 1 1 1 1 1 1 1 1 1 1 1 1 1 1 1 1 1 1 1 1 1 1 1 1 1 1 1 1 1 1 1 1 1 1 1 1 1 1 1 1 1 1 1 1 1 1 1 1 1 1 1 1 1 1 1 1 1 1 1 1 1 1 1 1 1 1 1 1 1 1 1 1 1 1 1 1 1 1 1 1 1 1 1 1 1 1 1 1 1 1 1 1 1 1 1 1 1 1 1 1 1 1 1 1 1 1 1 1 1 1 1 1 1 1 1 1 1 1 1 1 1 1 1 1 1 1 1 1 1 1 1 1 1 1 1 1 1 1 1 1 1 1 1 1 1 1 1 1 1 1 1 1 1 1 1 1 1 1 1 1 1 1 1 1 1 1 1 1 1 1 1 1 1 1 1 1 1 1 1 1 1 1 1 1 1 1 1 1 1 1 1 1 1 1 1 1 1 1 1 1 1 1 1 1 1 1 1 1 1 1 1 1 1 1 1 1 1 1 1 1 1 1 1 1 1 1 1 1 1 1 1 1 1 1 1 1 1 1 1 1 1 1 1 1 1 1 1 1 1 1 1 1 1 1 1 1 1 1 1 1 1 1 1 1 1 1 1 1 1 1 1 1 1 1 1 1 1 1 1 1 1 1 1 1 1 1 1 1 1 1 1 1 1 1 1 1 1 1 1 1 1 1 1 1 1 1 1 1 1 1 1 1 1 1 1 1 1 1 1 1 1 1 1 1 1 1 1 1 1 1 1 1 1 1 1 1 1 1 1 1 1 1 1 1 1 1 1 1 1 1 1 1 1 1 1 1 1 1 1 1 1 1 1 1 1 1 1 1 1 1 1 1 1 1 1 1 1 1 1 1 1 1 1 1 1 1 1 1 1 1 1 1 1 1 1 1 1 1 1 1 1 1 1 1 1 1 1 1 1 1 1 1 1 1 1 1 1 1 1 1 1 1 1 1 1 1 1 1 1 1 1 1 1 1 1 1 1 1 1 1 1 1 1 1 1 1 1 1 1 1 1 1 1 1 1 1 1 1 1 1 1 1 1 1 1 1 1 1 1 1 1 1 1 1 1 1 1 1 1 1 1 1 1 1 1 1 1 1 1 1 1 1 1 1 1 1 1 1 1 1 1 1 1 1 1 1 1 1 1 1 1 1 1 1 1 1 1 1 1 1 1 1 1 1 1 1 1 1 1 1 1 1 1 1 1 1 1 1 1 1 1 1 1 1 1 1 1 1 1 1 1 1 1 1 1 1 1 1 1 1 1 1 1 1 1 1 1 1 1 1 1 1 1 1 1 1 1 1 1 1 1 1 1 1 1 1 1 1 1 1 1 1 1 1 1 1 1 1 1 1 1 1 1 1 1 1 1 1 1 1 1 1 1 1 1 1 1 1 1 1 1 1 1 1 1 1 1 1 1 1 1 1 1 1 1 1 1 1 1 1 1 1 1 1 1 1 1 1 1 1 1 1 1 1 1 1 1 1 1 1 1 1 1 1 1 1 1 1 1 1 1 1 1 1 1 1 1 1 1 1 1 1 1 1 1 1 1 1 1 1 1 1 1 1 1 1 1 1 1 1 1 1 1 1 1 1 1 1 1 1 1 1 1 1 1 1 1 1 1 1 1 1 1 1 1 1 1 1 1 1 1 1 1 1 1 1 1 1 1 1 1 1 1 1 1 1 1 1 1 1 1 1 1 1 1 1 1 1 1 1 1 1 1 1 1 1 1 1 1 1 1 1 1 1 1 1 1 1 1 1 1 1 1 1 1 1 1 1 1 1 1 1 1 1 1 1 1 1 1 1 1 1 1 1 1 1 1 1 1 1 1 1 1 1 1 1 1 1 1 1 1 1 1 1 1 1 1 1 1 1 1 1 1 1 1 1 1 1 1 1 1 1 1 1 1 1 1 1 1 1 1 1 1 1 1 1 1 1 1 1 1 1 1 1 1 1 1 1 1 1 1 1 1 1 1 1 1 1 1 1 1 1 1 1 1 1 1 1 1 1 1 1 1 1 1 1 1 1 1 1 1 1 1 1 1 1 1 1 1 1 1 1 1 1 1 1 1 1 1 1 1 1 1 1 1 1 1 1 1 1 1 1 1 1 1 1 1 1 1 1 1 1 1 1 1 1 1 1 1 1 1 1 1 1 1 1 1 1 1 1 1 1 1 1 1 1 1 1 1 1 1 1 1 1 1 1 1 1 1 1 1 1 1 1 1 1 1 1 1 1 1 1 1 1 1 1 1 1 1 1 1 1 1 1 1 1 1 1 1 1 1 1 1 1 1 1 1 1 1 1 1 1 1 1 1 1 1 1 1 1 1 1 1 1 1 1 1 1 1 1 1 1 1 1 1 1 1 1 1 1 1 1 1 1 1 1 1 1 1 1 1 1 1 1 1 1 1 1 1 1 1 1 1 1 1 1 1 1 1 1 1 1 1 1 1 1 1 1 1 1 1 1 1 1 1 1 1 1 1 1 1 1 1 1 1 1 1 1 1 1 1 1 1 1 1 1 1 1 1 1 1 1 1 1 1 1 1 1 1 1 1 1 1 1 1 1 1 1 1 1 1 1 1 1 1 1 1 1 1 1 1 1 1 1 1 1 1 1 1 1 1 1 1 1 1 1 1 1 1 1 1 1 1 1 1 1 1 1 1 1 1 1 1 1 1 1 1 1 1 1 1 1 1 1 1 1 1 1 1 1 1 1 1 1 1 1 1 1 1 1 1 1 1 1 1 1 1 1 1 1 1 1 1 1 1 1 1 1 1 1 1 1 1 1 1 1 1 1 1 1 1 1 1 1 1 1 1 1 1 1 1 1 1 1 1 1 1 1 1 1 1 1 1 1 1 1 1 1 1 1 1 1 1 1 1 1 1 1 1 1 1 1 1 1 1 1 1 1 1 1 1 1 1 1 1 1 1 1 1 1 1 1 1 1 1 1 1 1 1 1 1 1 1 1 1 1 1 1 1 1 1 1 1 1 1 1 1 1 1 1 1 1 1 1 1 1 1 1 1 1 1 1 1 1 1 1 1 1 1 1 1 1 1 1 1 1 1 1 1 1 1 1 1 1 1 1 1 1 1 1 1 1 1 1 1 1 1 1 1 1 1 1 1 1 1 1 1 1 1 1 1 1 1 1 1 1 1 1 1 1 1 1 1 1 1 1 1 1 1 1 1 1 1 1 1 1 1 1 1 1 1 1 1 1 1 1 1 1 1 1 1 1 1 1 1 1 1 1 1 1 1 1 1 1 1 1 1 1 1 1 1 1 1 1 1 1 1 1 1 1 1 1 1 1 1 1 1 1 1 1 1 1 1 1 1 1 1 1 1 1 1 1 1 1 1 1 1 1 1 1 1 1 1 1 1 1 1 1 1 1 1 1 1 1 1 1 1 1 1 1 1 1 1 1 1 1 1 1 1 1 1 1 1 1 1 1 1 1 1 1 1 1 1 1 1 1 1 1 1 1 1 1 1 1 1 1 1 1 1 1 1 1 1 1 1 1 1 1 1 1 1 1 1 1 1 1 1 1 1 1 1 1 1 1 1 1 1 1 1 1 1 1 1 1 1 1 1 1 1 1 1 1 1 1 1 1 1 1 1 1 1 1 1 1 1 1 1 1 1 1 1 1 1 1 1 1 1 1 1 1 1 1 1 1 1 1 1 1 1 1 1 1 1 1 1 1 1 1 1 1 1 1 1 1 1 1 1 1 1 1 1 1 1 1 1 1 1 1 1 1 1 1 1 1 1 1 1 1 1 1 1 1 1 1 1 1 1 1 1 1 1 1 1 1 1 1 1 1 1 1 1 1 1 1 1 1 1 1 1 1 1 1 1 1 1 1 1 1 1 1 1 1 1 1 1 1 1 1 1 1 1 1 1 1 1 1 1 1 1 1 1 1 1 1 1 1 1 1 1 1 1 1 1 1 1 1 1 1 1 1 1 1 1 1 1 1 1 1 1 1 1 1 1 1 1 1 1 1 1 1 1 1 1 1 1 1 1 1 1 1 1 1 1 1 1 1 1 1 1 1 1 1 1 1 1 1 1 1 1 1 1 1 1 1 1 1 1 1 1 1 1 1 1 1 1 1 1 1 1 1 1 1 1 1 1 1 1 1 1 1 1 1 1 1 1 1 1 1 1 1 1 1 1 1 1 1 1 1 1 1 1 1 1 1 1 1 1 1 1 1 1 1 1 1 1 1 1 1 1 1 1 1 1 1 1 1 1 1 1 1 1 1 1 1 1 1 1 1 1 1 1 1 1 1 1 1 1 1 1 1 1 1 1 1 1 1 1 1 1 1 1 1 1 1 1 1 1 1 1 1 1 1 1 1 1 1 1 1 1 1 1 1 1 1 1 1 1 1 1 1 1 1 1 1 1 1 1 1 1 1 1 1 1 1 1 1 1 1 1 1 1 1 1 1 1 1 1 1 1 1 1 1 1 1 1 1 1 1 1 1 1 1 1 1 1 1 1 1 1 1 1 1 1 1 1 1 1 1 1 1 1 1 1 1 1 1 1 1 1 1 1 1 1 1 1 1 1 1 1 1 1 1 1 1 1 1 1 1 1 1 1 1 1 1 1 1 1 1 1 1 1 1 1 1 1 1 1 1 1 1 1 1 1 1 1 1 1 1 1 1 1 1 1 1 1 1 1 1 1 1 1 1 1 1 1 1 1 1 1 1 1 1 1 1 1 1 1 1 1 1 1 1 1 1 1 1 1 1 1 1 1 1 1 1 1 1 1 1 1 1 1 1 1 1 1 1 1 1 1 1 1 1 1 1 1 1 1 1 1 1 1 1 1 1 1 1 1 1 1 1 1 1 1 1 1 1 1 1 1 1 1 1 1 1 1 1 1 1 1 1 1 1 1 1 1 1 1 1 1 1 1 1 1 1 1 1 1 1 1 1 1 1 1 1 1 1 1 1 1 1 1 1 1 1 1 1 1 1 1 1 1 1 1 1 1 1 1 1 1 1 1 1 1 1 1 1 1 1 1 1 1 1 1 1 1 1 1 1 1 1 1 1 1 1 1 1 1 1 1 1 1 1 1 1 1 1 1 1 1 1 1 1 1 1 1 1 1 1 1 1 1 1 1 1 1 1 1 1 1 1 1 1 1 1 1 1 1 1 1 1 1 1 1 1 1 1 1 1 1 1 1 1 1 1 1 1 1 1 1 1 1 1 1 1 1 1 1 1 1 1 1 1 1 1 1 1 1 1 1 1 1 1 1 1 1 1 1 1 1 1 1 1 1 1 1 1 1 1 1 1 1 1 1 1 1 1 1 1 1 1 1 1 1 1 1 1 1 1 1 1 1 1 1 1 1 1 1 1 1 1 1 1 1 1 1 1 1 1 1 1 1 1 1 1 1 1 1 1 1 1 1 1 1 1 1 1 1 1 1 1 1 1 1 1 1 1 1 1 1 1 1 1 1 1 1 1 1 1 1 1 1 1 1 1 1 1 1 1 1 1 1 1 1 1 1 1 1 1 1 1 1 1 1 1 1 1 1 1 1 1 1 1 1 1 1 1 1 1 1 1 1 1 1 1 1 1 1 1 1 1 1 1 1 1 1 1 1 1 1 1 1 1 1 1 1 1 1 1 1 1 1 1 1 1 1 1 1 1 1 1 1 1 1 1 1 1 1 1 1 1 1 1 1 1 1 1 1 1 1 1 1 1 1 1 1 1 1 1 1 1 1 1 1 1 1 1 1 1 1 1 1 1 1 1 1 1 1 1 1 1 1 1 1 1 1 1 1 1 1 1 1 1 1 1 1 1 1 1 1 1 1 1 1 1 1 1 1 1 1 1 1 1 1 1 1 1 1 1 1 1 1 1 1 1 1 1 1 1 1 1 1 1 1 1 1 1 1 1 1 1 1 1 1 1 1 1 1 1 1 1 1 1 1 1 1 1 1 1 1 1 1 1 1 1 1 1 1 1 1 1 1 1 1 1 1 1 1 1 1 1 1 1 1 1 1 1 1 1 1 1 1 1 1 1 1 1 1 1 1 1 1 1 1 1 1 1 1 1 1 1 1 1 1 1 1 1 1 1 1 1 1 1 1 1 1 1 1 1 1 1 1 1 1 1 1 1 1 1 1 1 1 1 1 1 1 1 1 1 1 1 1 1 1 1 1 1 1 1 1 1 1 1 1 1 1 1 1 1 1 1 1 1 1 1 1 1 1 1 1 1 1 1 1 1 1 1 1 1 1 1 1 1 1 1 1 1 1 1 1 1 1 1 1 1 1 1 1 1 1 1 1 1 1 1 1 1 1 1 1 1 1 1 1 1 1 1 1 1 1 1 1 1 1 1 1 1 1 1 1 1 1 1 1 1 1 1 1 1 1 1 1 1 1 1 1 1 1 1 1 1 1 1 1 1 1 1 1 1 1 1 1 1 1 1 1 1 1 1 1 1 1 1 1 1 1 1 1 1 1 1 1 1 1 1 1 1 1 1 1 1 1 1 1 1 1 1 1 1 1 1 1 1 1 1 1 1 1 1 1 1 1 1 1 1 1 1 1 1 1 1 1 1 1 1 1 1 1 1 1 1 1 1 1 1 1 1 1 1 1 1 1 1 1 1 1 1 1 1 1 1 1 1 1 1 1 1 1 1 1 1 1 1 1 1 1 1 1 1 1 1 1 1 1 1 1 1 1 1 1 1 1 1 1 1 1 1 1 1 1 1 1 1 1 1 1 1 1 1 1 1 1 1 1 1 1 1 1 1 1 1 1 1 1 1 1 1 1 1 1 1 1 1 1 1 1 1 1 1 1 1 1 1 1 1 1 1 1 1 1 1 1 1 1 1 1 1 1 1 1 1 1 1 1 1 1 1 1 1 1 1 1 1 1 1 1 1 1 1 1 1 1 1 1 1 1 1 1 1 1 1 1 1 1 1 1 1 1 1 1 1 1 1 1 1 1 1 1 1 1 1 1 1 1 1 1 1 1 1 1 1 1 1 1 1 1 1 1 1 1 1 1 1 1 1 1 1 1 1 1 1 1 1 1 1 1 1 1 1 1 1 1 1 1 1 1 1 1 1 1 1 1 1 1 1 1 1 1 1 1 1 1 1 1 1 1 1 1 1 1 1 1 1 1 1 1 1 1 1 1 1 1 1 1 1 1 1 1 1 1 1 1 1 1 1 1 1 1 1 1 1 1 1 1 1 1 1 1 1 1 1 1 1 1 1 1 1 1 1 1 1 1 1 1 1 1 1 1 1 1 1 1 1 1 1 1 1 1 1 1 1 1 1 1 1 1 1 1 1 1 1 1 1 1 1 1 1 1 1 1 1 1 1 1 1 1 1 1 1 1 1 1 1 1 1 1 1 1 1 1 1 1 1 1 1 1 1 1 1 1 1 1 1 1 1 1 1 1 1 1 1 1 1 1 1 1 1 1 1 1 1 1 1 1 1 1 1 1 1 1 1 1 1 1 1 1 1 1 1 1 1 1 1 1 1 1 1 1 1 1 1 1 1 1 1 1 1 1 1 1 1 1 1 1 1 1 1 1 1 1 1 1 1 1 1 1 1 1 1 1 1 1 1 1 1 1 1 1 1 1 1 1 1 1 1 1 1 1 1 1 1 1 1 1 1 1 1 1 1 1 1 1 1 1 1 1 1 1 1 1 1 1 1 1 1 1 1 1 1 1 1 1 1 1 1 1 1 1 1 1 1 1 1 1 1 1 1 1 1 1 1 1 1 1 1 1 1 1 1 1 1 1 1 1 1 1 1 1 1 1 1 1 1 1 1 1 1 1 1 1 1 1 1 1 1 1 1 1 1 1 1 1 1 1 1 1 1 1 1 1 1 1 1 1 1 1 1 1 1 1 1 1 1 1 1 1 1 1 1 1 1 1 1 1 1 1 1 1 1 1 1 1 1 1 1 1 1 1 1 1 1 1 1 1 1 1 1 1 1 1 1 1 1 1 1 1 1 1 1 1 1 1 1 1 1 1 1 1 1 1 1 1 1 1 1 1 1 1 1 1 1 1 1 1 1 1 1 1 1 1 1 1 1 1 1 1 1 1 1 1 1 1 1 1 1 1 1 1 1 1 1 1 1 1 1 1 1 1 1 1 1 1 1 1 1 1 1 1 1 1 1 1 1 1 1 1 1 1 1 1 1 1 1 1 1 1 1 1 1 1 1 1 1 1 1 1 1 1 1 1 1 1 1 1 1 1 1 1 1 1 1 1 1 1 1 1 1 1 1 1 1 1 1 1 1 1 1 1 1 1 1 1 1 1 1 1 1 1 1 1 1 1 1 1 1 1 1 1 1 1 1 1 1 1 1 1 1 1 1 1 1 1 1 1 1 1 1 1 1 1 1 1 1 1 1 1 1 1 1 1 1 1 1 1 1 1 1 1 1 1 1 1 1 1 1 1 1 1 1 1 1 1 1 1 1 1 1 1 1 1 1 1 1 1 1 1 1 1 1 1 1 1 1 1 1 1 1 1 1 1 1 1 1 1 1 1 1 1 1 1 1 1 1 1 1 1 1 1 1 1 1 1 1 1 1 1 1 1 1 1 1 1 1 1 1 1 1 1 1 1 1 1 1 1 1 1 1 1 1 1 1 1 1 1 1 1 1 1 1 1 1 1 1 1 1 1 1 1 1 1 1 1 1 1 1 1 1 1 1 1 1 1 1 1 1 1 1 1 1 1 1 1 1 1 1 1 1 1 1 1 1 1 1 1 1 1 1 1 1 1 1 1 1 1 1 1 1 1 1 1 1 1 1 1 1 1 1 1 1 1 1 1 1 1 1 1 1 1 1 1 1 1 1 1 1 1 1 1 1 1 1 1 1 1 1 1 1 1 1 1 1 1 1 1 1 1 1 1 1 1 1 1 1 1 1 1 1 1 1 1 1 1 1 1 1 1 1 1 1 1 1 1 1 1 1 1 1 1 1 1 1 1 1 1 1 1 1 1 1 1 1 1 1 1 1 1 1 1 1 1 1 1 1 1 1 1 1 1 1 1 1 1 1 1 1 1 1 1 1 1 1 1 1 1 1 1 1 1 1 1 1 1 1 1 1 1 1 1 1 1 1 1 1 1 1 1 1 1 1 1 1 1 1 1 1 1 1 1 1 1 1 1 1 1 1 1 1 1 1 1 1 1 1 1 1 1 1 1 1 1 1 1 1 1 1 1 1 1 1 1 1 1 1 1 1 1 1 1 1 1 1 1 1 1 1 1 1 1 1 1 1 1 1 1 1 1 1 1 1 1 1 1 1 1 1 1 1 1 1 1 1 1 1 1 1 1 1 1 1 1 1 1 1 1 1 1 1 1 1 1 1 1 1 1 1 1 1 1 1 1 1 1 1 1 1 1 1 1 1 1 1 1 1 1 1 1 1 1 1 1 1 1 1 1 1 1 1 1 1 1 1 1 1 1 1 1 1 1 1 1 1 1 1 1 1 1 1 1 1 1 1 1 1 1 1 1 1 1 1 1 1 1 1 1 1 1 1 1 1 1 1 1 1 1 1 1 1 1 1 1 1 1 1 1 1 1 1 1 1 1 1 1 1 1 1 1 1 1 1 1 1 1 1 1 1 1 1 1 1 1 1 1 1 1 1 1 1 1 1 1 1 1 1 1 1 1 1 1 1 1 1 1 1 1 1 1 1 1 1 1 1 1 1 1 1 1 1 1 1 1 1 1 1 1 1 1 1 1 1 1 1 1 1 1 1 1 1 1 1 1 1 1 1 1 1 1 1 1 1 1 1 1 1 1 1 1 1 1 1 1 1 1 1 1 1 1 1 1 1 1 1 1 1 1 1 1 1 1 1 1 1 1 1 1 1 1 1 1 1 1 1 1 1 1 1 1 1 1 1 1 1 1 1 1 1 1 1 1 1 1 1 1 1 1 1 1 1 1 1 1 1 1 1 1 1 1 1 1 1 1 1 1 1 1 1 1 1 1 1 1 1 1 1 1 1 1 1 1 1 1 1 1 1 1 1 1 1 1 1 1 1 1 1 1 1 1 1 1 1 1 1 1 1 1 1 1 1 1 1 1 1 1 1 1 1 1 1 1 1 1 1 1 1 1 1 1 1 1 1 1 1 1 1 1 1 1 1 1 1 1 1 1 1 1 1 1 1 1 1 1 1 1 1 1 1 1 1 1 1 1 1 1 1 1 1 1 1 1 1 1 1 1 1 1 1 1 1 1 1 1 1 1 1 1 1 1 1 1 1 1 1 1 1 1 1 1 1 1 1 1 1 1 1 1 1 1 1 1 1 1 1 1 1 1 1 1 1 1 1 1 1 1 1 1 1 1 1 1 1 1 1 1 1 1 1 1 1 1 1 1 1 1 1 1 1 1 1 1 1 1 1 1 1 1 1 1 1 1 1 1 1 1 1 1 1 1 1 1 1 1 1 1 1 1 1 1 1 1 1 1 1 1 1 1 1 1 1 1 1 1 1 1 1 1 1 1 1 1 1 1 1 1 1 1 1 1 1 1 1 1 1 1 1 1 1 1 1 1 1 1 1 1 1 1 1 1 1 1 1 1 1 1 1 1 1 1 1 1 1 1 1 1 1 1 1 1 1 1 1 1 1 1 1 1 1 1 1 1 1 1 1 1 1 1 1 1 1 1 1 1 1 1 1 1 1 1 1 1 1 1 1 1 1 1 1 1 1 1 1 1 1 1 1 1 1 1 1 1 1 1 1 1 1 1 1 1 1 1 1 1 1 1 1 1 1 1 1 1 1 1 1 1 1 1 1 1 1 1 1 1 1 1 1 1 1 1 1 1 1 1 1 1 1 1 1 1 1 1 1 1 1 1 1 1 1 1 1 1 1 1 1 1 1 1 1 1 1 1 1 1 1 1 1 1 1 1 1 1 1 1 1 1 1 1 1 1 1 1 1 1 1 1 1 1 1 1 1 1 1 1 1 1 1 1 1 1 1 1 1 1 1 1 1 1 1 1 1 1 1 1 1 1 1 1 1 1 1 1 1 1 1 1 1 1 1 1 1 1 1 1 1 1 1 1 1 1 1 1 1 1 1 1 1 1 1 1 1 1 1 1 1 1 1 1 1 1 1 1 1 1 1 1 1 1 1 1 1 1 1 1 1 1 1 1 1 1 1 1 1 1 1 1 1 1 1 1 1 1 1 1 1 1 1 1 1 1 1 1 1 1 1 1 1 1 1 1 1 1 1 1 1 1 1 1 1 1 1 1 1 1 1 1 1 1 1 1 1 1 1 1 1 1 1 1 1 1 1 1 1 1 1 1 1 1 1 1 1 1 1 1 1 1 1 1 1 1 1 1 1 1 1 1 1 1 1 1 1 1 1 1 1 1 1 1 1 1 1 1 1 1 1 1 1 1 1 1 1 1 1 1 1 1 1 1 1 1 1 1 1 1 1 1 1 1 1 1 1 1 1 1 1 1 1 1 1 1 1 1 1 1 1 1 1 1 1 1 1 1 1 1 1 1 1 1 1 1 1 1 1 1 1 1 1 1 1 1 1 1 1 1 1 1 1 1 1 1 1 1 1 1 1 1 1 1 1 1 1 1 1 1 1 1 1 1 1 1 1 1 1 1 1 1 1 1 1 1 1 1 1 1 1 1 1 1 1 1 1 1 1 1 1 1 1 1 1 1 1 1 1 1 1 1 1 1 1 1 1 1 1 1 1 1 1 1 1 1 1 1 1 1 1 1 1 1 1 1 1 1 1 1 1 1 1 1 1 1 1 1 1 1 1 1 1 1 1 1 1 1 1 1 1 1 1 1 1 1 1 1 1 1 1 1 1 1 1 1 1 1 1 1 1 1 1 1 1 1 1 1 1 1 1 1 1 1 1 1 1 1 1 1 1 1 1 1 1 1 1 1 1 1 1 1 1 1 1 1 1 1 1 1 1 1 1 1 1 1 1 1 1 1 1 1 1 1 1 1 1 1 1 1 1 1 1 1 1 1 1 1 1 1 1 1 1 1 1 1 1 1 1 1 1 1 1 1 1 1 1 1 1 1 1 1 1 1 1 1 1 1 1 1 1 1 1 1 1 1 1 1 1 1 1 1 1 1 1 1 1 1 1 1 1 1 1 1 1 1 1 1 1 1 1 1 1 1 1 1 1 1 1 1 1 1 1 1 1 1 1 1 1 1 1 1 1 1 1 1 1 1 1 1 1 1 1 1 1 1 1 1 1 1 1 1 1 1 1 1 1 1 1 1 1 1 1 1 1 1 1 1 1 1 1 1 1 1 1 1 1 1 1 1 1 1 1 1 1 1 1 1 1 1 1 1 1 1 1 1 1 1 1 1 1 1 1 1 1 1 1 1 1 1 1 1 1 1 1 1 1 1 1 1 1 1 1 1 1 1 1 1 1 1 1 1 1 1 1 1 1 1 1 1 1 1 1 1 1 1 1 1 1 1 1 1 1 1 1 1 1 1 1 1 1 1 1 1 1 1 1 1 1 1 1 1 1 1 1 1 1 1 1 1 1 1 1 1 1 1 1 1 1 1 1 1 1 1 1 1 1 1 1 1 1 1 1 1 1 1 1 1 1 1 1 1 1 1 1 1 1 1 1 1 1 1 1 1 1 1 1 1 1 1 1 1 1 1 1 1 1 1 1 1 1 1 1 1 1 1 1 1 1 1 1 1 1 1 1 1 1 1 1 1 1 1 1 1 1 1 1 1 1 1 1 1 1 1 1 1 1 1 1 1 1 1 1 1 1 1 1 1 1 1 1 1 1 1 1 1 1 1 1 1 1 1 1 1 1 1 1 1 1 1 1 1 1 1 1 1 1 1 1 1 1 1 1 1 1 1 1 1 1 1 1 1 1 1 1 1 1 1 1 1 1 1 1 1 1 1 1 1 1 1 1 1 1 1 1 1 1 1 1 1 1 1 1 1 1 1 1 1 1 1 1 1 1 1 1 1 1 1 1 1 1 1 1 1 1 1 1 1 1 1 1 1 1 1 1 1 1 1 1 1 1 1 1 1 1 1 1 1 1 1 1 1 1 1 1 1 1 1 1 1 1 1 1 1 1 1 1 1 1 1 1 1 1 1 1 1 1 1 1 1 1 1 1 1 1 1 1 1 1 1 1 1 1 1 1 1 1 1 1 1 1 1 1 1 1 1 1 1 1 1 1 1 1 1 1 1 1 1 1 1 1 1 1 1 1 1 1 1 1 1 1 1 1 1 1 1 1 1 1 1 1 1 1 1 1 1 1 1 1 1 1 1 1 1 1 1 1 1 1 1 1 1 1 1 1 1 1 1 1 1 1 1 1 1 1 1 1 1 1 1 1 1 1 1 1 1 1 1 1 1 1 1 1 1 1 1 1 1 1 1 1 1 1 1 1 1 1 1 1 1 1 1 1 1 1 1 1 1 1 1 1 1 1 1 1 1 1 1 1 1 1 1 1 1 1 1 1 1 1 1 1 1 1 1 1 1 1 1 1 1 1 1 1 1 1 1 1 1 1 1 1 1 1 1 1 1 1 1 1 1 1 1 1 1 1 1 1 1 1 1 1 1 1 1 1 1 1 1 1 1 1 1 1 1 1 1 1 1 1 1 1 1 1 1 1 1 1 1 1 1 1 1 1 1 1 1 1 1 1 1 1 1 1 1 1 1 1 1 1 1 1 1 1 1 1 1 1 1 1 1 1 1 1 1 1 1 1 1 1 1 1 1 1 1 1 1 1 1 1 1 1 1 1 1 1 1 1 1 1 1 1 1 1 1 1 1 1 1 1 1 1 1 1 1 1 1 1 1 1 1 1 1 1 1 1 1 1 1 1 1 1 1 1 1 1 1 1 1 1 1 1 1 1 1 1 1 1 1 1 1 1 1 1 1 1 1 1 1 1 1 1 1 1 1 1 1 1 1 1 1 1 1 1 1 1 1 1 1 1 1 1 1 1 1 1 1 1 1 1 1 1 1 1 1 1 1 1 1 1 1 1 1 1 1 1 1 1 1 1 1 1 1 1 1 1 1 1 1 1 1 1 1 1 1 1 1 1 1 1 1 1 1 1 1 1 1 1 1 1 1 1 1 1 1 1 1 1 1 1 1 1 1 1 1 1 1 1 1 1 1 1 1 1 1 1 1 1 1 1 1 1 1 1 1 1 1 1 1 1 1 1 1 1 1 1 1 1 1 1 1 1 1 1 1 1 1 1 1 1 1 1 1 1 1 1 1 1 1 1 1 1 1 1 1 1 1 1 1 1 1 1 1 1 1 1 1 1 1 1 1 1 1 1 1 1 1 1 1 1 1 1 1 1 1 1 1 1 1 1 1 1 1 1 1 1 1 1 1 1 1 1 1 1 1 1 1 1 1 1 1 1 1 1 1 1 1 1 1 1 1 1 1 1 1 1 1 1 1 1 1 1 1 1 1 1 1 1 1 1 1 1 1 1 1 1 1 1 1 1 1 1 1 1 1 1 1 1 1 1 1 1 1 1 1 1 1 1 1 1 1 1 1 1 1 1 1 1 1 1 1 1 1 1 1 1 1 1 1 1 1 1 1 1 1 1 1 1 1 1 1 1 1 1 1 1 1 1 1 1 1 1 1 1 1 1 1 1 1 1 1 1 1 1 1 1 1 1 1 1 1 1 1 1 1 1 1 1 1 1 1 1 1 1 1 1 1 1 1 1 1 1 1 1 1 1 1 1 1 1 1 1 1 1 1 1 1 1 1 1 1 1 1 1 1 1 1 1 1 1 1 1 1 1 1 1 1 1 1 1 1 1 1 1 1 1 1 1 1 1 1 1 1 1 1 1 1 1 1 1 1 1 1 1 1 1 1 1 1 1 1 1 1 1 1 1 1 1 1 1 1 1 1 1 1 1 1 1 1 1 1 1 1 1 1 1 1 1 1 1 1 1 1 1 1 1 1 1 1 1 1 1 1 1 1 1 1 1 1 1 1 1 1 1 1 1 1 1 1 1 1 1 1 1 1 1 1 1 1 1 1 1 1 1 1 1 1 1 1 1 1 1 1 1 1 1 1 1 1 1 1 1 1 1 1 1 1 1 1 1 1 1 1 1 1 1 1 1 1 1 1 1 1 1 1 1 1 1 1 1 1 1 1 1 1 1 1 1 1 1 1 1 1 1 1 1 1 1 1 1 1 1 1 1 1 1 1 1 1 1 1 1 1 1 1 1 1 1 1 1 1 1 1 1 1 1 1 1 1 1 1 1 1 1 1 1 1 1 1 1 1 1 1 1 1 1 1 1 1 1 1 1 1 1 1 1 1 1 1 1 1 1 1 1 1 1 1 1 1 1 1 1 1 1 1 1 1 1 1 1 1 1 1 1 1 1 1 1 1 1 1 1 1 1 1 1 1 1 1 1 1 1 1 1 1 1 1 1 1 1 1 1 1 1 1 1 1 1 1 1 1 1 1 1 1 1 1 1 1 1 1 1 1 1 1 1 1 1 1 1 1 1 1 1 1 1 1 1 1 1 1 1 1 1 1 1 1 1 1 1 1 1 1 1 1 1 1 1 1 1 1 1 1 1 1 1 1 1 1 1 1 1 1 1 1 1 1 1 1 1 1 1 1 1 1 1 1 1 1 1 1 1 1 1 1 1 1 1 1 1 1 1 1 1 1 1 1 1 1 1 1 1 1 1 1 1 1 1 1 1 1 1 1 1 1 1 1 1 1 1 1 1 1 1 1 1 1 1 1 1 1 1 1 1 1 1 1 1 1 1 1 1 1 1 1 1 1 1 1 1 1 1 1 1 1 1 1 1 1 1 1 1 1 1 1 1 1 1 1 1 1 1 1 1 1 1 1 1 1 1 1 1 1 1 1 1 1 1 1 1 1 1 1 1 1 1 1 1 1 1 1 1 1 1 1 1 1 1 1 1 1 1 1 1 1 1 1 1 1 1 1 1 1 1 1 1 1 1 1 1 1 1 1 1 1 1 1 1 1 1 1 1 1 1 1 1 1 1 1 1 1 1 1 1 1 1 1 1 1 1 1 1 1 1 1 1 1 1 1 1 1 1 1 1 1 1 1 1 1 1 1 1 1 1 1 1 1 1 1 1 1 1 1 1 1 1 1 1 1 1 1 1 1 1 1 1 1 1 1 1 1 1 1 1 1 1 1 1 1 1 1 1 1 1 1 1 1 1 1 1 1 1 1 1 1 1 1 1 1 1 1 1 1 1 1 1 1 1 1 1 1 1 1 1 1 1 1 1 1 1 1 1 1 1 1 1 1 1 1 1 1 1 1 1 1 1 1 1 1 1 1 1 1 1 1 1 1 1 1 1 1 1 1 1 1 1 1 1 1 1 1 1 1 1 1 1 1 1 1 1 1 1 1 1 1 1 1 1 1 1 1 1 1 1 1 1 1 1 1 1 1 1 1 1 1 1 1 1 1 1 1 1 1 1 1 1 1 1 1 1 1 1 1 1 1 1 1 1 1 1 1 1 1 1 1 1 1 1 1 1 1 1 1 1 1 1 1 1 1 1 1 1 1 1 1 1 1 1 1 1 1 1 1 1 1 1 1 1 1 1 1 1 1 1 1 1 1 1 1 1 1 1 1 1 1 1 1 1 1 1 1 1 1 1 1 1 1 1 1 1 1 1 1 1 1 1 1 1 1 1 1 1 1 1 1 1 1 1 1 1 1 1 1 1 1 1 1 1 1 1 1 1 1 1 1 1 1 1 1 1 1 1 1 1 1 1 1 1 1 1 1 1 1 1 1 1 1 1 1 1 1 1 1 1 1 1 1 1 1 1 1 1 1 1 1 1 1 1 1 1 1 1 1 1 1 1 1 1 1 1 1 1 1 1 1 1 1 1 1 1 1 1 1 1 1 1 1 1 1 1 1 1 1 1 1 1 1 1 1 1 1 1 1 1 1 1 1 1 1 1 1 1 1 1 1 1 1 1 1 1 1 1 1 1 1 1 1 1 1 1 1 1 1 1 1 1 1 1 1 1 1 1 1 1 1 1 1 1 1 1 1 1 1 1 1 1 1 1 1 1 1 1 1 1 1 1 1 1 1 1 1 1 1 1 1 1 1 1 1 1 1 1 1 1 1 1 1 1 1 1 1 1 1 1 1 1 1 1 1 1 1 1 1 1 1 1 1 1 1 1 1 1 1 1 1 1 1 1 1 1 1 1 1 1 1 1 1 1 1 1 1 1 1 1 1 1 1 1 1 1 1 1 1 1 1 1 1 1 1 1 1 1 1 1 1 1 1 1 1 1 1 1 1 1 1 1 1 1 1 1 1 1 1 1 1 1 1 1 1 1 1 1 1 1 1 1 1 1 1 1 1 1 1 1 1 1 1 1 1 1 1 1 1 1 1 1 1 1 1 1 1 1 1 1 1 1 1 1 1 1 1 1 1 1 1 1 1 1 1 1 1 1 1 1 1 1 1 1 1 1 1 1 1 1 1 1 1 1 1 1 1 1 1 1 1 1 1 1 1 1 1 1 1 1 1 1 1 1 1 1 1 1 1 1 1 1 1 1 1 1 1 1 1 1 1 1 1 1 1 1 1 1 1 1 1 1 1 1 1 1 1 1 1 1 1 1 1 1 1 1 1 1 1 1 1 1 1 1 1 1 1 1 1 1 1 1 1 1 1 1 1 1 1 1 1 1 1 1 1 1 1 1 1 1 1 1 1 1 1 1 1 1 1 1 1 1 1 1 1 1 1 1 1 1 1 1 1 1 1 1 1 1 1 1 1 1 1 1 1 1 1 1 1 1 1 1 1 1 1 1 1 1 1 1 1 1 1 1 1 1 1 1 1 1 1 1 1 1 1 1 1 1 1 1 1 1 1 1 1 1 1 1 1 1 1 1 1 1 1 1 1 1 1 1 1 1 1 1 1 1 1 1 1 1 1 1 1 1 1 1 1 1 1 1 1 1 1 1 1 1 1 1 1 1 1 1 1 1 1 1 1 1 1 1 1 1 1 1 1 1 1 1 1 1 1 1 1 1 1 1 1 1 1 1 1 1 1 1 1 1 1 1 1 1 1 1 1 1 1 1 1 1 1 1 1 1 1 1 1 1 1 1 1 1 1 1 1 1 1 1 1 1 1 1 1 1 1 1 1 1 1 1 1 1 1 1 1 1 1 1 1 1 1 1 1 1 1 1 1 1 1 1 1 1 1 1 1 1 1 1 1 1 1 1 1 1 1 1 1 1 1 1 1 1 1 1 1 1 1 1 1 1 1 1 1 1 1 1 1 1 1 1 1 1 1 1 1 1 1 1 1 1 1 1 1 1 1 1 1 1 1 1 1 1 1 1 1 1 1 1 1 1 1 1 1 1 1 1 1 1 1 1 1 1 1 1 1 1 1 1 1 1 1 1 1 1 1 1 1 1 1 1 1 1 1 1 1 1 1 1 1 1 1 1 1 1 1 1 1 1 1 1 1 1 1 1 1 1 1 1 1 1 1 1 1 1 1 1 1 1 1 1 1 1 1 1 1 1 1 1 1 1 1 1 1 1 1 1 1 1 1 1 1 1 1 1 1 1 1 1 1 1 1 1 1 1 1 1 1 1 1 1 1 1 1 1 1 1 1 1 1 1 1 1 1 1 1 1 1 1 1 1 1 1 1 1 1 1 1 1 1 1 1 1 1 1 1 1 1 1 1 1 1 1 1 1 1 1 1 1 1 1 1 1 1 1 1 1 1 1 1 1 1 1 1 1 1 1 1 1 1 1 1 1 1 1 1 1 1 1 1 1 1 1 1 1 1 1 1 1 1 1 1 1 1 1 1 1 1 1 1 1 1 1 1 1 1 1 1 1 1 1 1 1 1 1 1 1 1 1 1 1 1 1 1 1 1 1 1 1 1 1 1 1 1 1 1 1 1 1 1 1 1 1 1 1 1 1 1 1 1 1 1 1 1 1 1 1 1 1 1 1 1 1 1 1 1 1 1 1 1 1 1 1 1 1 1 1 1 1 1 1 1 1 1 1 1 1 1 1 1 1 1 1 1 1 1 1 1 1 1 1 1 1 1 1 1 1 1 1 1 1 1 1 1 1 1 1 1 1 1 1 1 1 1 1 1 1 1 1 1 1 1 1 1 1 1 1 1 1 1 1 1 1 1 1 1 1 1 1 1 1 1 1 1 1 1 1 1 1 1 1 1 1 1 1 1 1 1 1 1 1 1 1 1 1 1 1 1 1 1 1 1 1 1 1 1 1 1 1 1 1 1 1 1 1 1 1 1 1 1 1 1 1 1 1 1 1 1 1 1 1 1 1 1 1 1 1 1 1 1 1 1 1 1 1 1 1 1 1 1 1 1 1 1 1 1 1 1 1 1 1 1 1 1 1 1 1 1 1 1 1 1 1 1 1 1 1 1 1 1 1 1 1 1 1 1 1 1 1 1 1 1 1 1 1 1 1 1 1 1 1 1 1 1 1 1 1 1 1 1 1 1 1 1 1 1 1 1 1 1 1 1 1 1 1 1 1 1 1 1 1 1 1 1 1 1 1 1 1 1 1 1 1 1 1 1 1 1 1 1 1 1 1 1 1 1 1 1 1 1 1 1 1 1 1 1 1 1 1 1 1 1 1 1 1 1 1 1 1 1 1 1 1 1 1 1 1 1 1 1 1 1 1 1 1 1 1 1 1 1 1 1 1 1 1 1 1 1 1 1 1 1 1 1 1 1 1 1 1 1 1 1 1 1 1 1 1 1 1 1 1 1 1 1 1 1 1 1 1 1 1 1 1 1 1 1 1 1 1 1 1 1 1 1 1 1 1 1 1 1 1 1 1 1 1 1 1 1 1 1 1 1 1 1 1 1 1 1 1 1 1 1 1 1 1 1 1 1 1 1 1 1 1 1 1 1 1 1 1 1 1 1 1 1 1 1 1 1 1 1 1 1 1 1 1 1 1 1 1 1 1 1 1 1 1 1 1 1 1 1 1 1 1 1 1 1 1 1 1 1 1 1 1 1 1 1 1 1 1 1 1 1 1 1 1 1 1 1 1 1 1 1 1</float_array>
          <technique_common>
            <accessor source="#daewon_dx8_01a_16x7-mesh-colors-geom-steelwheel_01a_15x8-map0-array" count="5346" stride="4">
              <param name="R" type="float"/>
              <param name="G" type="float"/>
              <param name="B" type="float"/>
              <param name="A" type="float"/>
            </accessor>
          </technique_common>
        </source>
        <vertices id="daewon_dx8_01a_16x7-mesh-vertices">
          <input semantic="POSITION" source="#daewon_dx8_01a_16x7-mesh-positions"/>
        </vertices>
        <triangles material="daewon_dx8_01a-material" count="1782">
          <input semantic="VERTEX" source="#daewon_dx8_01a_16x7-mesh-vertices" offset="0"/>
          <input semantic="NORMAL" source="#daewon_dx8_01a_16x7-mesh-normals" offset="1"/>
          <input semantic="TEXCOORD" source="#daewon_dx8_01a_16x7-mesh-map-0" offset="2" set="0"/>
          <input semantic="COLOR" source="#daewon_dx8_01a_16x7-mesh-colors-geom-steelwheel_01a_15x8-map0" offset="3" set="0"/>
          <p>28 0 0 0 35 1 1 1 27 2 2 2 441 3 3 3 8 4 4 4 7 5 5 5 89 6 6 6 96 7 7 7 88 8 8 8 153 9 9 9 162 10 10 10 161 11 11 11 35 1 12 12 42 12 13 13 34 13 14 14 204 14 15 15 195 15 16 16 196 16 17 17 99 17 18 18 108 18 19 19 107 19 20 20 31 20 21 21 40 21 22 22 39 22 23 23 113 23 24 24 120 24 25 25 112 25 26 26 113 23 27 27 122 26 28 28 121 27 29 29 11 28 30 30 18 29 31 31 10 30 32 32 36 31 33 33 43 32 34 34 35 1 35 35 141 33 36 36 148 34 37 37 140 35 38 38 291 36 39 39 292 37 40 40 293 38 41 41 11 28 42 42 20 39 43 43 19 40 44 44 247 41 45 45 1 42 46 46 246 43 47 47 217 44 48 48 224 45 49 49 216 46 50 50 232 47 51 51 240 48 52 52 239 49 53 53 170 50 54 54 179 51 55 55 178 52 56 56 140 35 57 57 147 53 58 58 139 54 59 59 5 55 60 60 12 56 61 61 4 57 62 62 259 58 63 63 256 59 64 64 258 60 65 65 200 61 66 66 207 62 67 67 199 63 68 68 245 64 69 69 1 42 70 70 0 65 71 71 161 11 72 72 170 50 73 73 169 66 74 74 178 52 75 75 187 67 76 76 186 68 77 77 164 69 78 78 173 70 79 79 172 71 80 80 287 72 81 81 288 73 82 82 289 74 83 83 80 75 84 84 87 76 85 85 79 77 86 86 16 78 87 87 25 79 88 88 24 80 89 89 240 48 90 90 246 43 91 91 239 49 92 92 99 17 93 93 106 81 94 94 98 82 95 95 196 16 96 96 205 83 97 97 204 14 98 98 275 84 99 99 276 85 100 100 277 86 101 101 72 87 102 102 79 77 103 103 71 88 104 104 33 89 105 105 40 21 106 106 32 90 107 107 105 91 108 108 114 92 109 109 113 23 110 110 50 93 111 111 59 94 112 112 58 95 113 113 180 96 114 114 189 97 115 115 188 98 116 116 295 99 117 117 296 100 118 118 297 101 119 119 75 102 120 120 84 103 121 121 83 104 122 122 192 105 123 123 199 63 124 124 191 106 125 125 201 107 126 126 208 108 127 127 200 61 128 128 240 48 129 129 248 109 130 130 247 41 131 131 219 110 132 132 226 111 133 133 218 112 134 134 4 57 135 135 11 28 136 136 3 113 137 137 13 114 138 138 20 39 139 139 12 56 140 140 175 115 141 141 184 116 142 142 183 117 143 143 24 80 144 144 33 89 145 145 32 90 146 146 18 29 147 147 25 79 148 148 17 118 149 149 131 119 150 150 138 120 151 151 130 121 152 152 250 122 153 153 4 57 154 154 249 123 155 155 303 124 156 156 300 125 157 157 302 126 158 158 64 127 159 159 71 88 160 160 63 128 161 161 193 129 162 162 200 61 163 163 192 105 164 164 194 130 165 165 201 107 166 166 193 129 167 167 122 26 168 168 131 119 169 169 130 121 170 170 133 131 171 171 140 35 172 172 132 132 173 173 271 133 174 174 272 134 175 175 273 135 176 176 152 136 177 177 159 137 178 178 151 138 179 179 105 91 180 180 112 25 181 181 104 139 182 182 74 140 183 183 81 141 184 184 73 142 185 185 43 32 186 186 50 93 187 187 42 12 188 188 44 143 189 189 53 144 190 190 52 145 191 191 273 135 192 192 274 146 193 193 275 84 194 194 55 147 195 195 64 127 196 196 63 128 197 197 97 148 198 198 104 139 199 199 96 7 200 200 121 27 201 201 130 121 202 202 129 149 203 203 75 102 204 204 82 150 205 205 74 140 206 206 241 151 207 207 249 123 208 208 248 109 209 209 228 152 210 210 234 153 211 211 227 154 212 212 88 8 213 213 95 155 214 214 87 76 215 215 73 142 216 216 80 75 217 217 72 87 218 218 169 66 219 219 178 52 220 220 177 156 221 221 195 15 222 222 202 157 223 223 194 130 224 224 124 158 225 225 131 119 226 226 123 159 227 227 53 144 228 228 60 160 229 229 52 145 230 230 91 161 231 231 100 162 232 232 99 17 233 233 144 163 234 234 151 138 235 235 143 164 236 236 57 165 237 237 64 127 238 238 56 166 239 239 81 141 240 240 90 167 241 241 89 6 242 242 163 168 243 243 170 50 244 244 162 10 245 245 108 18 246 246 115 169 247 247 107 19 248 248 108 18 249 249 117 170 250 250 116 171 251 251 164 69 252 252 171 172 253 253 163 168 254 254 215 173 255 255 224 45 256 256 223 174 257 257 48 175 258 258 57 165 259 259 56 166 260 260 186 68 261 261 193 129 262 262 185 176 263 263 138 120 264 264 147 53 265 265 146 177 266 266 306 178 267 267 230 179 268 268 308 180 269 269 93 181 270 270 100 162 271 271 92 182 272 272 307 183 273 273 304 184 274 274 306 178 275 275 84 103 276 276 91 161 277 277 83 104 278 278 39 22 279 279 48 175 280 280 47 185 281 281 40 21 282 282 49 186 283 283 48 175 284 284 97 148 285 285 106 81 286 286 105 91 287 287 26 187 288 288 35 1 289 289 34 13 290 290 36 31 291 291 45 188 292 292 44 143 293 293 257 189 294 294 254 190 295 295 256 59 296 296 95 155 297 297 104 139 298 298 103 191 299 299 176 192 300 300 185 176 301 301 184 116 302 302 2 193 303 303 9 194 304 304 1 42 305 305 2 193 306 306 11 28 307 307 10 30 308 308 156 195 309 309 165 196 310 310 164 69 311 311 297 101 312 312 298 197 313 313 299 198 314 314 103 191 315 315 112 25 316 316 111 199 317 317 0 65 318 318 9 194 319 319 8 4 320 320 9 194 321 321 18 29 322 322 17 118 323 323 203 200 324 324 210 201 325 325 202 157 326 326 124 158 327 327 133 131 328 328 132 132 329 329 283 202 330 330 284 203 331 331 285 204 332 332 188 98 333 333 195 15 334 334 187 67 335 335 47 185 336 336 56 166 337 337 55 147 338 338 136 205 339 339 145 206 340 340 144 163 341 341 137 207 342 342 146 177 343 343 145 206 344 344 90 167 345 345 99 17 346 346 98 82 347 347 286 208 348 348 150 209 349 349 288 73 350 350 172 71 351 351 181 210 352 352 180 96 353 353 252 211 354 354 314 212 355 355 253 213 356 356 67 214 357 357 76 215 358 358 75 102 359 359 24 80 360 360 31 20 361 361 23 216 362 362 210 201 363 363 217 44 364 364 209 217 365 365 186 68 366 366 195 15 367 367 194 130 368 368 229 218 369 369 235 219 370 370 228 152 371 371 281 220 372 372 282 221 373 373 283 202 374 374 131 119 375 375 140 35 376 376 139 54 377 377 128 222 378 378 135 223 379 379 127 224 380 380 238 225 381 381 246 43 382 382 245 64 383 383 89 6 384 384 98 82 385 385 97 148 386 386 116 171 387 387 123 159 388 388 115 169 389 389 204 14 390 390 213 226 391 391 212 227 392 392 313 228 393 393 310 229 394 394 312 230 395 395 120 24 396 396 127 224 397 397 119 231 398 398 316 232 399 399 319 232 400 400 318 232 401 401 145 206 402 402 154 233 403 403 153 9 404 404 227 154 405 405 233 234 406 406 226 111 407 407 116 171 408 408 125 235 409 409 124 158 410 410 167 236 411 411 176 192 412 412 175 115 413 413 8 4 414 414 17 118 415 415 16 78 416 416 34 13 417 417 41 237 418 418 33 89 419 419 146 177 420 420 155 238 421 421 154 233 422 422 19 40 423 423 28 0 424 424 27 2 425 425 188 98 426 426 197 239 427 427 196 16 428 428 295 99 429 429 292 37 430 430 294 240 431 431 183 117 432 432 192 105 433 433 191 106 434 434 128 222 435 435 137 207 436 436 136 205 437 437 217 44 438 438 226 111 439 439 225 241 440 440 234 153 441 441 242 242 442 442 241 151 443 443 180 96 444 444 187 67 445 445 179 51 446 446 236 243 447 447 242 242 448 448 235 219 449 449 136 205 450 450 143 164 451 451 135 223 452 452 161 11 453 453 168 244 454 454 160 245 455 455 66 246 456 456 73 142 457 457 65 247 458 458 67 214 459 459 74 140 460 460 66 246 461 461 221 248 462 462 212 227 463 463 213 226 464 464 299 198 465 465 300 125 466 466 301 249 467 467 60 160 468 468 67 214 469 469 59 94 470 470 224 45 471 471 745 250 472 472 223 174 473 473 184 116 474 474 193 129 475 475 192 105 476 476 58 95 477 477 65 247 478 478 57 165 479 479 234 153 480 480 240 48 481 481 233 234 482 482 243 251 483 483 249 123 484 484 242 242 485 485 267 252 486 486 264 253 487 487 266 254 488 488 148 34 489 489 155 238 490 490 147 53 491 491 112 25 492 492 119 231 493 493 111 199 494 494 64 127 495 495 73 142 496 496 72 87 497 497 202 157 498 498 209 217 499 499 201 107 500 500 154 233 501 501 163 168 502 502 162 10 503 503 43 32 504 504 52 145 505 505 51 255 506 506 21 256 507 507 28 0 508 508 20 39 509 509 160 245 510 510 167 236 511 511 159 137 512 512 209 217 513 513 216 46 514 514 208 108 515 515 178 52 516 516 185 176 517 517 177 156 518 518 58 95 519 519 67 214 520 520 66 246 521 521 212 227 522 522 219 110 523 523 211 257 524 524 77 258 525 525 84 103 526 526 76 215 527 527 255 259 528 528 253 213 529 529 254 190 530 530 204 14 531 531 211 257 532 532 203 200 533 533 225 241 534 534 233 234 535 535 232 47 536 536 81 141 537 537 88 8 538 538 80 75 539 539 50 93 540 540 41 237 541 541 42 12 542 542 211 257 543 543 218 112 544 544 210 201 545 545 220 260 546 546 227 154 547 547 219 110 548 548 221 248 549 549 228 152 550 550 220 260 551 551 289 74 552 552 290 261 553 553 291 36 554 554 238 225 555 555 744 262 556 556 743 263 557 557 225 241 558 558 231 264 559 559 224 45 560 560 129 149 561 561 138 120 562 562 137 207 563 563 114 92 564 564 123 159 565 565 122 26 566 566 52 145 567 567 59 94 568 568 51 255 569 569 100 162 570 570 109 265 571 571 108 18 572 572 311 266 573 573 308 180 574 574 310 229 575 575 207 62 576 576 216 46 577 577 215 173 578 578 169 66 579 579 176 192 580 580 168 244 581 581 106 81 582 582 115 169 583 583 114 92 584 584 83 104 585 585 90 167 586 586 82 150 587 587 85 267 588 588 92 182 589 589 84 103 590 590 279 268 591 591 280 269 592 592 281 220 593 593 156 195 594 594 163 168 595 595 155 238 596 596 15 270 597 597 24 80 598 598 23 216 599 599 121 27 600 600 128 222 601 601 120 24 602 602 50 93 603 603 57 165 604 604 49 186 605 605 27 2 606 606 18 29 607 607 19 40 608 608 171 172 609 609 180 96 610 610 179 51 611 611 61 271 612 612 68 272 613 613 60 160 614 614 261 273 615 615 258 60 616 616 260 274 617 617 7 5 618 618 16 78 619 619 15 270 620 620 145 206 621 621 152 136 622 622 144 163 623 623 26 187 624 624 33 89 625 625 25 79 626 626 247 41 627 627 3 113 628 628 2 193 629 629 248 109 630 630 4 57 631 631 3 113 632 632 69 275 633 633 76 215 634 634 68 272 635 635 285 204 636 636 286 208 637 637 287 72 638 638 292 37 639 639 174 276 640 640 294 240 641 641 287 72 642 642 133 131 643 643 285 204 644 644 256 59 645 645 14 277 646 646 22 278 647 647 273 135 648 648 77 258 649 649 271 133 650 650 298 197 651 651 182 279 652 652 190 280 653 653 309 281 654 654 221 248 655 655 307 183 656 656 302 126 657 657 198 282 658 658 206 283 659 659 311 266 660 660 229 218 661 661 309 281 662 662 308 180 663 663 237 284 664 664 310 229 665 665 283 202 666 666 133 131 667 667 125 235 668 668 280 269 669 669 110 285 670 670 118 286 671 671 269 287 672 672 77 258 673 673 69 275 674 674 296 100 675 675 174 276 676 676 182 279 677 677 297 101 678 678 189 97 679 679 181 210 680 680 290 261 681 681 166 288 682 682 292 37 683 683 273 135 684 684 93 181 685 685 85 267 686 686 258 60 687 687 38 289 688 688 260 274 689 689 307 183 690 690 213 226 691 691 305 290 692 692 272 134 693 693 78 291 694 694 86 292 695 695 313 228 696 696 250 122 697 697 243 251 698 698 286 208 699 699 134 293 700 700 142 294 701 701 261 273 702 702 45 188 703 703 37 295 704 704 70 296 705 705 270 297 706 706 268 298 707 707 259 58 708 708 21 256 709 709 257 189 710 710 262 299 711 711 38 289 712 712 46 300 713 713 291 36 714 714 165 196 715 715 157 301 716 716 288 73 717 717 158 302 718 718 290 261 719 719 259 58 720 720 37 295 721 721 29 303 722 722 280 269 723 723 126 304 724 724 282 221 725 725 257 189 726 726 13 114 727 727 255 259 728 728 312 230 729 729 237 284 730 730 244 305 731 731 255 259 732 732 5 55 733 733 252 211 734 734 266 254 735 735 70 296 736 736 268 298 737 737 267 252 738 738 53 144 739 739 265 306 740 740 314 212 741 741 244 305 742 742 251 307 743 743 277 86 744 744 93 181 745 745 275 84 746 746 274 146 747 747 102 308 748 748 276 85 749 749 301 249 750 750 189 97 751 751 299 198 752 752 102 308 753 753 278 309 754 754 276 85 755 755 305 290 756 756 205 83 757 757 303 124 758 758 266 254 759 759 54 310 760 760 62 311 761 761 293 38 762 762 173 70 763 763 165 196 764 764 289 74 765 765 141 33 766 766 287 72 767 767 279 268 768 768 101 312 769 769 277 86 770 770 272 134 771 771 94 313 772 772 274 146 773 773 300 125 774 774 190 280 775 775 198 282 776 776 311 266 777 777 243 251 778 778 236 243 779 779 254 190 780 780 6 314 781 781 14 277 782 782 301 249 783 783 205 83 784 784 197 239 785 785 302 126 786 786 214 315 787 787 304 184 788 788 267 252 789 789 69 275 790 790 61 271 791 791 253 213 792 792 251 307 793 793 6 314 794 794 281 220 795 795 125 235 796 796 117 170 797 797 282 221 798 798 134 293 799 799 284 203 800 800 289 74 801 801 157 301 802 802 149 316 803 803 304 184 804 804 222 317 805 805 306 178 806 806 315 318 807 807 5 55 808 808 250 122 809 809 264 253 810 810 46 300 811 811 54 310 812 812 295 99 813 813 181 210 814 814 173 70 815 815 258 60 816 816 22 278 817 817 30 319 818 818 265 306 819 819 45 188 820 820 263 320 821 821 231 264 822 822 743 263 823 823 745 250 824 824 232 47 825 825 238 225 826 826 231 264 827 827 152 136 828 828 161 11 829 829 160 245 830 830 28 0 831 831 37 295 832 832 36 31 833 833 148 34 834 834 157 301 835 835 156 195 836 836 245 64 837 837 441 3 838 838 744 262 839 839 321 321 840 840 316 321 841 841 318 321 842 842 338 321 843 843 337 321 844 844 340 321 845 845 324 321 846 846 320 321 847 847 322 321 848 848 331 321 849 849 333 321 850 850 334 321 851 851 323 321 852 852 324 321 853 853 322 321 854 854 344 321 855 855 346 321 856 856 348 321 857 857 330 321 858 858 325 321 859 859 327 321 860 860 329 322 861 861 331 322 862 862 334 322 863 863 359 321 864 864 361 321 865 865 363 321 866 866 329 323 867 867 330 323 868 868 327 323 869 869 269 287 870 870 270 297 871 871 271 133 872 872 347 324 873 873 346 324 874 874 349 324 875 875 333 321 876 876 335 321 877 877 332 321 878 878 353 325 879 879 351 325 880 880 349 325 881 881 349 323 882 882 351 323 883 883 352 323 884 884 342 321 885 885 338 321 886 886 340 321 887 887 343 326 888 888 341 326 889 889 340 326 890 890 356 327 891 891 355 327 892 892 353 327 893 893 341 328 894 894 342 328 895 895 340 328 896 896 361 321 897 897 362 321 898 898 363 321 899 899 320 329 900 900 318 329 901 901 322 329 902 902 344 321 903 903 345 321 904 904 343 321 905 905 352 321 906 906 347 321 907 907 349 321 908 908 355 321 909 909 350 321 910 910 353 321 911 911 325 321 912 912 328 321 913 913 327 321 914 914 360 330 915 915 357 330 916 916 358 330 917 917 328 331 918 918 323 331 919 919 322 331 920 920 359 321 921 921 360 321 922 922 358 321 923 923 336 332 924 924 337 332 925 925 339 332 926 926 362 321 927 927 319 321 928 928 317 321 929 929 265 306 930 930 262 299 931 931 264 253 932 932 279 268 933 933 117 170 934 934 109 265 935 935 307 183 936 936 308 180 937 937 309 281 938 938 263 320 939 939 260 274 940 940 262 299 941 941 366 333 942 942 364 334 943 943 365 333 944 944 277 86 945 945 278 309 946 946 279 268 947 947 379 335 948 948 364 334 949 949 367 334 950 950 373 336 951 951 374 337 952 952 375 337 953 953 377 338 954 954 378 335 955 955 379 335 956 956 375 337 957 957 376 338 958 958 377 338 959 959 305 290 960 960 302 126 961 961 304 184 962 962 315 318 963 963 312 230 964 964 314 212 965 965 373 336 966 966 370 339 967 967 372 336 968 968 369 340 969 969 365 333 970 970 368 340 971 971 371 341 972 972 368 340 973 973 370 339 974 974 407 342 975 975 433 343 976 976 405 343 977 977 407 342 978 978 435 344 979 979 434 342 980 980 400 345 981 981 429 346 982 982 428 345 983 983 383 347 984 984 440 348 985 985 380 348 986 986 411 349 987 987 436 350 988 988 408 350 989 989 409 344 990 990 436 350 991 991 435 344 992 992 404 346 993 993 430 351 994 994 429 346 995 995 392 352 996 996 416 353 997 997 388 353 998 998 389 354 999 999 416 353 1000 1000 415 354 1001 1001 382 355 1002 1002 412 347 1003 1003 383 347 1004 1004 406 356 1005 1005 431 357 1006 1006 402 357 1007 1007 402 357 1008 1008 430 351 1009 1009 403 351 1010 1010 410 358 1011 1011 437 349 1012 1012 411 349 1013 1013 389 354 1014 1014 414 359 1015 1015 386 359 1016 1016 399 360 1017 1017 426 361 1018 1018 425 360 1019 1019 384 362 1020 1020 747 363 1021 1021 385 363 1022 1022 392 352 1023 1023 418 364 1024 1024 417 352 1025 1025 396 365 1026 1026 425 360 1027 1027 424 366 1028 1028 395 367 1029 1029 422 368 1030 1030 421 367 1031 1031 386 359 1032 1032 413 369 1033 1033 387 369 1034 1034 381 370 1035 1035 438 358 1036 1036 410 358 1037 1037 398 361 1038 1038 427 371 1039 1039 426 361 1040 1040 390 372 1041 1041 420 373 1042 1042 419 372 1043 1043 401 371 1044 1044 428 345 1045 1045 427 371 1046 1046 380 348 1047 1047 439 374 1048 1048 381 370 1049 1049 393 373 1050 1050 421 367 1051 1051 420 373 1052 1052 385 363 1053 1053 746 375 1054 1054 382 355 1055 1055 406 356 1056 1056 433 343 1057 1057 432 356 1058 1058 397 376 1059 1059 424 366 1060 1060 423 376 1061 1061 390 372 1062 1062 418 364 1063 1063 391 364 1064 1064 394 368 1065 1065 423 376 1066 1066 422 368 1067 1067 366 333 1068 1068 367 334 1069 1069 364 334 1070 1070 379 335 1071 1071 378 335 1072 1072 364 334 1073 1073 373 336 1074 1074 372 336 1075 1075 374 337 1076 1076 377 338 1077 1077 376 338 1078 1078 378 335 1079 1079 375 337 1080 1080 374 337 1081 1081 376 338 1082 1082 373 336 1083 1083 371 341 1084 1084 370 339 1085 1085 369 340 1086 1086 366 333 1087 1087 365 333 1088 1088 371 341 1089 1089 369 340 1090 1090 368 340 1091 1091 269 287 1092 1092 266 254 1093 1093 268 298 1094 1094 387 369 1095 1095 748 377 1096 1096 384 362 1097 1097 484 378 1098 1098 467 379 1099 1099 485 380 1100 1100 480 381 1101 1101 454 382 1102 1102 472 383 1103 1103 473 384 1104 1104 443 385 1105 1105 472 383 1106 1106 476 386 1107 1107 448 387 1108 1108 475 388 1109 1109 452 389 1110 1110 477 390 1111 1111 478 391 1112 1112 473 384 1113 1113 454 382 1114 1114 455 392 1115 1115 474 393 1116 1116 445 394 1117 1117 473 384 1118 1118 479 395 1119 1119 460 396 1120 1120 461 397 1121 1121 477 390 1122 1122 460 396 1123 1123 478 391 1124 1124 455 392 1125 1125 481 398 1126 1126 482 399 1127 1127 460 396 1128 1128 486 400 1129 1129 487 401 1130 1130 488 402 1131 1131 460 396 1132 1132 487 401 1133 1133 456 403 1134 1134 482 399 1135 1135 483 404 1136 1136 458 405 1137 1137 484 378 1138 1138 485 380 1139 1139 481 398 1140 1140 462 406 1141 1141 630 407 1142 1142 459 408 1143 1143 485 380 1144 1144 486 400 1145 1145 457 409 1146 1146 483 404 1147 1147 484 378 1148 1148 468 410 1149 1149 491 411 1150 1150 469 412 1151 1151 469 412 1152 1152 541 413 1153 1153 470 414 1154 1154 467 379 1155 1155 450 415 1156 1156 468 410 1157 1157 471 416 1158 1158 442 417 1159 1159 463 418 1160 1160 464 419 1161 1161 446 420 1162 1162 465 421 1163 1163 465 421 1164 1164 489 422 1165 1165 466 423 1166 1166 463 418 1167 1167 444 424 1168 1168 464 419 1169 1169 466 423 1170 1170 490 425 1171 1171 467 379 1172 1172 474 393 1173 1173 457 409 1174 1174 475 388 1175 1175 475 388 1176 1176 447 426 1177 1177 474 393 1178 1178 475 388 1179 1179 458 405 1180 1180 476 386 1181 1181 443 385 1182 1182 480 381 1183 1183 472 383 1184 1184 476 386 1185 1185 459 408 1186 1186 477 390 1187 1187 474 393 1188 1188 455 392 1189 1189 456 403 1190 1190 479 395 1191 1191 452 389 1192 1192 478 391 1193 1193 451 427 1194 1194 476 386 1195 1195 477 390 1196 1196 481 398 1197 1197 471 416 1198 1198 463 418 1199 1199 486 400 1200 1200 467 379 1201 1201 468 410 1202 1202 481 398 1203 1203 464 419 1204 1204 482 399 1205 1205 482 399 1206 1206 465 421 1207 1207 483 404 1208 1208 483 404 1209 1209 466 423 1210 1210 484 378 1211 1211 488 402 1212 1212 469 412 1213 1213 470 414 1214 1214 487 401 1215 1215 468 410 1216 1216 469 412 1217 1217 532 428 1218 1218 517 429 1219 1219 533 430 1220 1220 461 397 1221 1221 521 431 1222 1222 479 395 1223 1223 522 432 1224 1224 493 433 1225 1225 521 431 1226 1226 525 434 1227 1227 496 435 1228 1228 524 436 1229 1229 501 437 1230 1230 526 438 1231 1231 527 439 1232 1232 522 432 1233 1233 505 440 1234 1234 506 441 1235 1235 523 442 1236 1236 494 443 1237 1237 522 432 1238 1238 528 444 1239 1239 511 445 1240 1240 512 446 1241 1241 526 438 1242 1242 511 445 1243 1243 527 439 1244 1244 506 441 1245 1245 529 447 1246 1246 530 448 1247 1247 511 445 1248 1248 534 449 1249 1249 535 450 1250 1250 536 451 1251 1251 511 445 1252 1252 535 450 1253 1253 507 452 1254 1254 530 448 1255 1255 531 453 1256 1256 509 454 1257 1257 532 428 1258 1258 533 430 1259 1259 505 440 1260 1260 488 402 1261 1261 529 447 1262 1262 510 455 1263 1263 533 430 1264 1264 534 449 1265 1265 508 456 1266 1266 531 453 1267 1267 532 428 1268 1268 518 457 1269 1269 540 458 1270 1270 519 459 1271 1271 519 459 1272 1272 502 460 1273 1273 520 461 1274 1274 517 429 1275 1275 499 462 1276 1276 518 457 1277 1277 470 414 1278 1278 492 463 1279 1279 513 464 1280 1280 514 465 1281 1281 538 466 1282 1282 515 467 1283 1283 515 467 1284 1284 539 468 1285 1285 516 469 1286 1286 513 464 1287 1287 537 470 1288 1288 514 465 1289 1289 516 469 1290 1290 497 471 1291 1291 517 429 1292 1292 523 442 1293 1293 508 456 1294 1294 524 436 1295 1295 524 436 1296 1296 495 472 1297 1297 523 442 1298 1298 524 436 1299 1299 509 454 1300 1300 525 434 1301 1301 504 473 1302 1302 521 431 1303 1303 493 433 1304 1304 525 434 1305 1305 510 455 1306 1306 526 438 1307 1307 523 442 1308 1308 506 441 1309 1309 507 452 1310 1310 528 444 1311 1311 501 437 1312 1312 527 439 1313 1313 498 474 1314 1314 526 438 1315 1315 500 475 1316 1316 529 447 1317 1317 470 414 1318 1318 513 464 1319 1319 534 449 1320 1320 517 429 1321 1321 518 457 1322 1322 529 447 1323 1323 514 465 1324 1324 530 448 1325 1325 530 448 1326 1326 515 467 1327 1327 531 453 1328 1328 531 453 1329 1329 516 469 1330 1330 532 428 1331 1331 536 451 1332 1332 519 459 1333 1333 520 461 1334 1334 535 450 1335 1335 518 457 1336 1336 519 459 1337 1337 578 476 1338 1338 563 477 1339 1339 579 478 1340 1340 512 446 1341 1341 567 479 1342 1342 528 444 1343 1343 568 480 1344 1344 542 481 1345 1345 567 479 1346 1346 571 482 1347 1347 547 483 1348 1348 570 484 1349 1349 550 485 1350 1350 572 486 1351 1351 573 487 1352 1352 568 480 1353 1353 552 488 1354 1354 553 489 1355 1355 569 490 1356 1356 544 491 1357 1357 568 480 1358 1358 574 492 1359 1359 558 493 1360 1360 608 494 1361 1361 572 486 1362 1362 558 493 1363 1363 573 487 1364 1364 553 489 1365 1365 575 495 1366 1366 576 496 1367 1367 558 493 1368 1368 580 497 1369 1369 581 498 1370 1370 582 499 1371 1371 558 493 1372 1372 581 498 1373 1373 554 500 1374 1374 576 496 1375 1375 577 501 1376 1376 556 502 1377 1377 578 476 1378 1378 579 478 1379 1379 552 488 1380 1380 536 451 1381 1381 575 495 1382 1382 557 503 1383 1383 579 478 1384 1384 580 497 1385 1385 555 504 1386 1386 577 501 1387 1387 578 476 1388 1388 564 505 1389 1389 587 506 1390 1390 565 507 1391 1391 565 507 1392 1392 600 508 1393 1393 566 509 1394 1394 563 477 1395 1395 586 510 1396 1396 564 505 1397 1397 520 461 1398 1398 583 511 1399 1399 559 512 1400 1400 560 513 1401 1401 545 514 1402 1402 561 515 1403 1403 561 515 1404 1404 584 516 1405 1405 562 517 1406 1406 559 512 1407 1407 543 518 1408 1408 560 513 1409 1409 562 517 1410 1410 585 519 1411 1411 563 477 1412 1412 569 490 1413 1413 555 504 1414 1414 570 484 1415 1415 570 484 1416 1416 546 520 1417 1417 569 490 1418 1418 570 484 1419 1419 556 502 1420 1420 571 482 1421 1421 542 481 1422 1422 528 444 1423 1423 567 479 1424 1424 571 482 1425 1425 557 503 1426 1426 572 486 1427 1427 569 490 1428 1428 553 489 1429 1429 554 500 1430 1430 574 492 1431 1431 550 485 1432 1432 573 487 1433 1433 548 521 1434 1434 572 486 1435 1435 549 522 1436 1436 575 495 1437 1437 520 461 1438 1438 559 512 1439 1439 580 497 1440 1440 563 477 1441 1441 564 505 1442 1442 575 495 1443 1443 560 513 1444 1444 576 496 1445 1445 576 496 1446 1446 561 515 1447 1447 577 501 1448 1448 577 501 1449 1449 562 517 1450 1450 578 476 1451 1451 582 499 1452 1452 565 507 1453 1453 566 509 1454 1454 581 498 1455 1455 564 505 1456 1456 565 507 1457 1457 626 523 1458 1458 613 524 1459 1459 627 525 1460 1460 608 494 1461 1461 616 526 1462 1462 574 492 1463 1463 617 527 1464 1464 588 528 1465 1465 616 526 1466 1466 620 529 1467 1467 594 530 1468 1468 619 531 1469 1469 598 532 1470 1470 621 533 1471 1471 622 534 1472 1472 617 527 1473 1473 601 535 1474 1474 602 536 1475 1475 618 537 1476 1476 590 538 1477 1477 617 527 1478 1478 622 534 1479 1479 462 406 1480 1480 480 381 1481 1481 621 533 1482 1482 607 539 1483 1483 622 534 1484 1484 602 536 1485 1485 623 540 1486 1486 624 541 1487 1487 607 539 1488 1488 628 542 1489 1489 629 543 1490 1490 630 407 1491 1491 607 539 1492 1492 629 543 1493 1493 603 544 1494 1494 624 541 1495 1495 625 545 1496 1496 605 546 1497 1497 626 523 1498 1498 627 525 1499 1499 623 540 1500 1500 608 494 1501 1501 582 499 1502 1502 606 547 1503 1503 627 525 1504 1504 628 542 1505 1505 604 548 1506 1506 625 545 1507 1507 626 523 1508 1508 614 549 1509 1509 597 550 1510 1510 615 551 1511 1511 615 551 1512 1512 453 552 1513 1513 471 416 1514 1514 613 524 1515 1515 633 553 1516 1516 614 549 1517 1517 566 509 1518 1518 631 554 1519 1519 609 555 1520 1520 610 556 1521 1521 591 557 1522 1522 611 558 1523 1523 611 558 1524 1524 593 559 1525 1525 612 560 1526 1526 609 555 1527 1527 589 561 1528 1528 610 556 1529 1529 612 560 1530 1530 632 562 1531 1531 613 524 1532 1532 618 537 1533 1533 604 548 1534 1534 619 531 1535 1535 619 531 1536 1536 592 563 1537 1537 618 537 1538 1538 619 531 1539 1539 605 546 1540 1540 620 529 1541 1541 588 528 1542 1542 574 492 1543 1543 616 526 1544 1544 620 529 1545 1545 606 547 1546 1546 621 533 1547 1547 618 537 1548 1548 602 536 1549 1549 603 544 1550 1550 599 564 1551 1551 622 534 1552 1552 480 381 1553 1553 595 565 1554 1554 621 533 1555 1555 596 566 1556 1556 623 540 1557 1557 566 509 1558 1558 609 555 1559 1559 628 542 1560 1560 613 524 1561 1561 614 549 1562 1562 623 540 1563 1563 610 556 1564 1564 624 541 1565 1565 624 541 1566 1566 611 558 1567 1567 625 545 1568 1568 625 545 1569 1569 612 560 1570 1570 626 523 1571 1571 630 407 1572 1572 615 551 1573 1573 471 416 1574 1574 629 543 1575 1575 614 549 1576 1576 615 551 1577 1577 636 567 1578 1578 634 568 1579 1579 635 567 1580 1580 649 569 1581 1581 634 568 1582 1582 637 570 1583 1583 643 571 1584 1584 644 572 1585 1585 645 572 1586 1586 647 573 1587 1587 648 569 1588 1588 649 569 1589 1589 645 572 1590 1590 646 573 1591 1591 647 573 1592 1592 643 571 1593 1593 640 574 1594 1594 642 571 1595 1595 639 575 1596 1596 635 567 1597 1597 638 575 1598 1598 641 576 1599 1599 638 575 1600 1600 640 574 1601 1601 636 567 1602 1602 637 570 1603 1603 634 568 1604 1604 649 569 1605 1605 648 569 1606 1606 634 568 1607 1607 643 571 1608 1608 642 571 1609 1609 644 572 1610 1610 647 573 1611 1611 646 573 1612 1612 648 569 1613 1613 645 572 1614 1614 644 572 1615 1615 646 573 1616 1616 643 571 1617 1617 641 576 1618 1618 640 574 1619 1619 639 575 1620 1620 636 567 1621 1621 635 567 1622 1622 641 576 1623 1623 639 575 1624 1624 638 575 1625 1625 652 577 1626 1626 650 578 1627 1627 651 579 1628 1628 665 580 1629 1629 650 578 1630 1630 653 578 1631 1631 659 581 1632 1632 660 582 1633 1633 661 582 1634 1634 663 583 1635 1635 664 584 1636 1636 665 580 1637 1637 661 582 1638 1638 662 583 1639 1639 663 583 1640 1640 659 581 1641 1641 656 585 1642 1642 658 581 1643 1643 655 586 1644 1644 651 579 1645 1645 654 586 1646 1646 657 587 1647 1647 654 586 1648 1648 656 585 1649 1649 652 577 1650 1650 653 578 1651 1651 650 578 1652 1652 665 580 1653 1653 664 584 1654 1654 650 578 1655 1655 659 581 1656 1656 658 581 1657 1657 660 582 1658 1658 663 583 1659 1659 662 583 1660 1660 664 584 1661 1661 661 582 1662 1662 660 582 1663 1663 662 583 1664 1664 659 581 1665 1665 657 587 1666 1666 656 585 1667 1667 655 586 1668 1668 652 577 1669 1669 651 579 1670 1670 657 587 1671 1671 655 586 1672 1672 654 586 1673 1673 668 588 1674 1674 666 589 1675 1675 667 588 1676 1676 681 590 1677 1677 666 589 1678 1678 669 591 1679 1679 675 592 1680 1680 676 593 1681 1681 677 593 1682 1682 679 594 1683 1683 680 590 1684 1684 681 590 1685 1685 677 593 1686 1686 678 594 1687 1687 679 594 1688 1688 675 592 1689 1689 672 595 1690 1690 674 596 1691 1691 671 597 1692 1692 667 588 1693 1693 670 598 1694 1694 673 599 1695 1695 670 598 1696 1696 672 595 1697 1697 668 588 1698 1698 669 591 1699 1699 666 589 1700 1700 681 590 1701 1701 680 590 1702 1702 666 589 1703 1703 675 592 1704 1704 674 596 1705 1705 676 593 1706 1706 679 594 1707 1707 678 594 1708 1708 680 590 1709 1709 677 593 1710 1710 676 593 1711 1711 678 594 1712 1712 675 592 1713 1713 673 599 1714 1714 672 595 1715 1715 671 597 1716 1716 668 588 1717 1717 667 588 1718 1718 673 599 1719 1719 671 597 1720 1720 670 598 1721 1721 684 600 1722 1722 682 601 1723 1723 683 600 1724 1724 697 602 1725 1725 682 601 1726 1726 685 601 1727 1727 691 603 1728 1728 692 604 1729 1729 693 604 1730 1730 695 605 1731 1731 696 602 1732 1732 697 602 1733 1733 693 604 1734 1734 694 605 1735 1735 695 605 1736 1736 691 603 1737 1737 688 606 1738 1738 690 607 1739 1739 687 608 1740 1740 683 600 1741 1741 686 609 1742 1742 689 610 1743 1743 686 609 1744 1744 688 606 1745 1745 684 600 1746 1746 685 601 1747 1747 682 601 1748 1748 697 602 1749 1749 696 602 1750 1750 682 601 1751 1751 691 603 1752 1752 690 607 1753 1753 692 604 1754 1754 695 605 1755 1755 694 605 1756 1756 696 602 1757 1757 693 604 1758 1758 692 604 1759 1759 694 605 1760 1760 691 603 1761 1761 689 610 1762 1762 688 606 1763 1763 687 608 1764 1764 684 600 1765 1765 683 600 1766 1766 689 610 1767 1767 687 608 1768 1768 686 609 1769 1769 734 611 1770 1770 735 612 1771 1771 741 321 1772 1772 733 613 1773 1773 734 611 1774 1774 741 321 1775 1775 723 614 1776 1776 722 615 1777 1777 740 321 1778 1778 714 616 1779 1779 716 617 1780 1780 739 321 1781 1781 732 618 1782 1782 733 613 1783 1783 741 321 1784 1784 735 612 1785 1785 736 619 1786 1786 741 321 1787 1787 728 620 1788 1788 729 621 1789 1789 740 321 1790 1790 727 622 1791 1791 728 620 1792 1792 740 321 1793 1793 725 623 1794 1794 726 624 1795 1795 740 321 1796 1796 722 615 1797 1797 724 625 1798 1798 740 321 1799 1799 726 624 1800 1800 727 622 1801 1801 740 321 1802 1802 729 621 1803 1803 723 614 1804 1804 740 321 1805 1805 715 626 1806 1806 714 616 1807 1807 739 321 1808 1808 721 627 1809 1809 715 626 1810 1810 739 321 1811 1811 719 628 1812 1812 720 629 1813 1813 739 321 1814 1814 730 630 1815 1815 732 618 1816 1816 741 321 1817 1817 720 629 1818 1818 721 627 1819 1819 739 321 1820 1820 724 625 1821 1821 725 623 1822 1822 740 321 1823 1823 717 631 1824 1824 718 632 1825 1825 739 321 1826 1826 716 617 1827 1827 717 631 1828 1828 739 321 1829 1829 713 633 1830 1830 707 634 1831 1831 738 321 1832 1832 698 635 1833 1833 700 636 1834 1834 742 321 1835 1835 707 634 1836 1836 706 637 1837 1837 738 321 1838 1838 718 632 1839 1839 719 628 1840 1840 739 321 1841 1841 711 638 1842 1842 712 639 1843 1843 738 321 1844 1844 710 640 1845 1845 711 638 1846 1846 738 321 1847 1847 708 641 1848 1848 709 642 1849 1849 738 321 1850 1850 706 637 1851 1851 708 641 1852 1852 738 321 1853 1853 709 642 1854 1854 710 640 1855 1855 738 321 1856 1856 712 639 1857 1857 713 633 1858 1858 738 321 1859 1859 736 619 1860 1860 737 643 1861 1861 741 321 1862 1862 737 643 1863 1863 731 644 1864 1864 741 321 1865 1865 731 644 1866 1866 730 630 1867 1867 741 321 1868 1868 700 636 1869 1869 701 645 1870 1870 742 321 1871 1871 701 645 1872 1872 702 646 1873 1873 742 321 1874 1874 702 646 1875 1875 703 647 1876 1876 742 321 1877 1877 703 647 1878 1878 704 648 1879 1879 742 321 1880 1880 704 648 1881 1881 705 649 1882 1882 742 321 1883 1883 705 649 1884 1884 699 650 1885 1885 742 321 1886 1886 699 650 1887 1887 698 635 1888 1888 742 321 1889 1889 336 651 1890 1890 332 651 1891 1891 335 651 1892 1892 759 652 1893 1893 780 653 1894 1894 779 654 1895 1895 762 655 1896 1896 783 656 1897 1897 782 657 1898 1898 766 658 1899 1899 785 659 1900 1900 765 660 1901 1901 758 661 1902 1902 777 662 1903 1903 757 663 1904 1904 767 664 1905 1905 752 665 1906 1906 768 666 1907 1907 769 667 1908 1908 753 668 1909 1909 770 669 1910 1910 770 669 1911 1911 751 670 1912 1912 767 664 1913 1913 771 671 1914 1914 752 665 1915 1915 1016 672 1916 1916 772 673 1917 1917 754 674 1918 1918 773 675 1919 1919 774 676 1920 1920 754 674 1921 1921 755 677 1922 1922 774 676 1923 1923 756 678 1924 1924 775 679 1925 1925 776 680 1926 1926 756 678 1927 1927 788 681 1928 1928 771 671 1929 1929 750 682 1930 1930 772 673 1931 1931 769 667 1932 1932 788 681 1933 1933 749 683 1934 1934 761 684 1935 1935 782 657 1936 1936 781 685 1937 1937 764 686 1938 1938 783 656 1939 1939 763 687 1940 1940 760 688 1941 1941 777 662 1942 1942 780 653 1943 1943 759 652 1944 1944 786 689 1945 1945 766 658 1946 1946 764 686 1947 1947 785 659 1948 1948 784 690 1949 1949 761 684 1950 1950 778 691 1951 1951 758 661 1952 1952 758 661 1953 1953 767 664 1954 1954 768 666 1955 1955 759 652 1956 1956 770 669 1957 1957 760 688 1958 1958 760 688 1959 1959 767 664 1960 1960 757 663 1961 1961 761 684 1962 1962 768 666 1963 1963 771 671 1964 1964 763 687 1965 1965 772 673 1966 1966 773 675 1967 1967 763 687 1968 1968 774 676 1969 1969 764 686 1970 1970 765 660 1971 1971 774 676 1972 1972 775 679 1973 1973 765 660 1974 1974 776 680 1975 1975 766 658 1976 1976 761 684 1977 1977 772 673 1978 1978 762 655 1979 1979 759 652 1980 1980 776 680 1981 1981 769 667 1982 1982 798 692 1983 1983 819 693 1984 1984 818 694 1985 1985 801 695 1986 1986 822 696 1987 1987 821 697 1988 1988 805 698 1989 1989 824 699 1990 1990 804 700 1991 1991 797 701 1992 1992 816 702 1993 1993 796 703 1994 1994 806 704 1995 1995 791 705 1996 1996 807 706 1997 1997 808 707 1998 1998 792 708 1999 1999 809 709 2000 2000 809 709 2001 2001 790 710 2002 2002 806 704 2003 2003 810 711 2004 2004 791 705 2005 2005 749 683 2006 2006 811 712 2007 2007 793 713 2008 2008 812 714 2009 2009 813 715 2010 2010 793 713 2011 2011 794 716 2012 2012 813 715 2013 2013 795 717 2014 2014 814 718 2015 2015 815 719 2016 2016 795 717 2017 2017 789 720 2018 2018 810 711 2019 2019 788 681 2020 2020 811 712 2021 2021 808 707 2022 2022 789 720 2023 2023 787 721 2024 2024 800 722 2025 2025 821 697 2026 2026 820 723 2027 2027 803 724 2028 2028 822 696 2029 2029 802 725 2030 2030 799 726 2031 2031 816 702 2032 2032 819 693 2033 2033 798 692 2034 2034 825 727 2035 2035 805 698 2036 2036 803 724 2037 2037 824 699 2038 2038 823 728 2039 2039 800 722 2040 2040 817 729 2041 2041 797 701 2042 2042 797 701 2043 2043 806 704 2044 2044 807 706 2045 2045 798 692 2046 2046 809 709 2047 2047 799 726 2048 2048 799 726 2049 2049 806 704 2050 2050 796 703 2051 2051 800 722 2052 2052 807 706 2053 2053 810 711 2054 2054 802 725 2055 2055 811 712 2056 2056 812 714 2057 2057 802 725 2058 2058 813 715 2059 2059 803 724 2060 2060 804 700 2061 2061 813 715 2062 2062 814 718 2063 2063 804 700 2064 2064 815 719 2065 2065 805 698 2066 2066 800 722 2067 2067 811 712 2068 2068 801 695 2069 2069 798 692 2070 2070 815 719 2071 2071 808 707 2072 2072 836 730 2073 2073 857 731 2074 2074 856 732 2075 2075 839 733 2076 2076 860 734 2077 2077 859 735 2078 2078 843 736 2079 2079 862 737 2080 2080 842 738 2081 2081 835 739 2082 2082 854 740 2083 2083 834 741 2084 2084 844 742 2085 2085 829 743 2086 2086 845 744 2087 2087 846 745 2088 2088 830 746 2089 2089 847 747 2090 2090 847 747 2091 2091 828 748 2092 2092 844 742 2093 2093 848 749 2094 2094 829 743 2095 2095 787 721 2096 2096 849 750 2097 2097 831 751 2098 2098 850 752 2099 2099 851 753 2100 2100 831 751 2101 2101 832 754 2102 2102 851 753 2103 2103 833 755 2104 2104 852 756 2105 2105 853 757 2106 2106 833 755 2107 2107 827 758 2108 2108 848 749 2109 2109 789 720 2110 2110 849 750 2111 2111 846 745 2112 2112 827 758 2113 2113 826 759 2114 2114 838 760 2115 2115 859 735 2116 2116 858 761 2117 2117 841 762 2118 2118 860 734 2119 2119 840 763 2120 2120 837 764 2121 2121 854 740 2122 2122 857 731 2123 2123 836 730 2124 2124 863 765 2125 2125 843 736 2126 2126 841 762 2127 2127 862 737 2128 2128 861 766 2129 2129 838 760 2130 2130 855 767 2131 2131 835 739 2132 2132 835 739 2133 2133 844 742 2134 2134 845 744 2135 2135 836 730 2136 2136 847 747 2137 2137 837 764 2138 2138 837 764 2139 2139 844 742 2140 2140 834 741 2141 2141 838 760 2142 2142 845 744 2143 2143 848 749 2144 2144 840 763 2145 2145 849 750 2146 2146 850 752 2147 2147 840 763 2148 2148 851 753 2149 2149 841 762 2150 2150 842 738 2151 2151 851 753 2152 2152 852 756 2153 2153 842 738 2154 2154 853 757 2155 2155 843 736 2156 2156 838 760 2157 2157 849 750 2158 2158 839 733 2159 2159 836 730 2160 2160 853 757 2161 2161 846 745 2162 2162 873 768 2163 2163 894 769 2164 2164 893 770 2165 2165 876 771 2166 2166 897 772 2167 2167 896 773 2168 2168 880 774 2169 2169 899 775 2170 2170 879 776 2171 2171 872 777 2172 2172 891 778 2173 2173 871 779 2174 2174 881 780 2175 2175 866 781 2176 2176 882 782 2177 2177 883 783 2178 2178 867 784 2179 2179 884 785 2180 2180 884 785 2181 2181 865 786 2182 2182 881 780 2183 2183 885 787 2184 2184 866 781 2185 2185 826 759 2186 2186 886 788 2187 2187 868 789 2188 2188 887 790 2189 2189 888 791 2190 2190 868 789 2191 2191 869 792 2192 2192 888 791 2193 2193 870 793 2194 2194 889 794 2195 2195 890 795 2196 2196 870 793 2197 2197 864 796 2198 2198 885 787 2199 2199 827 758 2200 2200 886 788 2201 2201 883 783 2202 2202 864 796 2203 2203 903 797 2204 2204 875 798 2205 2205 896 773 2206 2206 895 799 2207 2207 878 800 2208 2208 897 772 2209 2209 877 801 2210 2210 874 802 2211 2211 891 778 2212 2212 894 769 2213 2213 873 768 2214 2214 900 803 2215 2215 880 774 2216 2216 878 800 2217 2217 899 775 2218 2218 898 804 2219 2219 875 798 2220 2220 892 805 2221 2221 872 777 2222 2222 872 777 2223 2223 881 780 2224 2224 882 782 2225 2225 873 768 2226 2226 884 785 2227 2227 874 802 2228 2228 874 802 2229 2229 881 780 2230 2230 871 779 2231 2231 875 798 2232 2232 882 782 2233 2233 885 787 2234 2234 877 801 2235 2235 886 788 2236 2236 887 790 2237 2237 877 801 2238 2238 888 791 2239 2239 878 800 2240 2240 879 776 2241 2241 888 791 2242 2242 889 794 2243 2243 879 776 2244 2244 890 795 2245 2245 880 774 2246 2246 875 798 2247 2247 886 788 2248 2248 876 771 2249 2249 873 768 2250 2250 890 795 2251 2251 883 783 2252 2252 912 806 2253 2253 933 807 2254 2254 932 808 2255 2255 915 809 2256 2256 936 810 2257 2257 935 811 2258 2258 919 812 2259 2259 938 813 2260 2260 918 814 2261 2261 911 815 2262 2262 930 690 2263 2263 910 816 2264 2264 920 817 2265 2265 905 818 2266 2266 921 819 2267 2267 922 820 2268 2268 906 821 2269 2269 923 822 2270 2270 923 822 2271 2271 904 823 2272 2272 920 817 2273 2273 924 824 2274 2274 905 818 2275 2275 903 797 2276 2276 925 825 2277 2277 907 826 2278 2278 926 827 2279 2279 927 828 2280 2280 907 826 2281 2281 908 829 2282 2282 927 828 2283 2283 909 830 2284 2284 928 831 2285 2285 929 832 2286 2286 909 830 2287 2287 902 833 2288 2288 924 824 2289 2289 864 796 2290 2290 925 825 2291 2291 922 820 2292 2292 902 833 2293 2293 901 834 2294 2294 914 835 2295 2295 935 811 2296 2296 934 836 2297 2297 917 837 2298 2298 936 810 2299 2299 916 838 2300 2300 913 839 2301 2301 930 690 2302 2302 933 807 2303 2303 912 806 2304 2304 939 840 2305 2305 919 812 2306 2306 917 837 2307 2307 938 813 2308 2308 937 662 2309 2309 914 835 2310 2310 931 841 2311 2311 911 815 2312 2312 911 815 2313 2313 920 817 2314 2314 921 819 2315 2315 912 806 2316 2316 923 822 2317 2317 913 839 2318 2318 913 839 2319 2319 920 817 2320 2320 910 816 2321 2321 914 835 2322 2322 921 819 2323 2323 924 824 2324 2324 916 838 2325 2325 925 825 2326 2326 926 827 2327 2327 916 838 2328 2328 927 828 2329 2329 917 837 2330 2330 918 814 2331 2331 927 828 2332 2332 928 831 2333 2333 918 814 2334 2334 929 832 2335 2335 919 812 2336 2336 914 835 2337 2337 925 825 2338 2338 915 809 2339 2339 912 806 2340 2340 929 832 2341 2341 922 820 2342 2342 950 842 2343 2343 971 843 2344 2344 970 844 2345 2345 953 845 2346 2346 974 846 2347 2347 973 847 2348 2348 957 848 2349 2349 976 849 2350 2350 956 850 2351 2351 949 851 2352 2352 968 728 2353 2353 948 852 2354 2354 958 853 2355 2355 943 854 2356 2356 959 855 2357 2357 960 856 2358 2358 944 857 2359 2359 961 858 2360 2360 961 858 2361 2361 942 859 2362 2362 958 853 2363 2363 962 860 2364 2364 943 854 2365 2365 901 834 2366 2366 963 861 2367 2367 945 862 2368 2368 964 863 2369 2369 965 864 2370 2370 945 862 2371 2371 946 865 2372 2372 965 864 2373 2373 947 866 2374 2374 966 867 2375 2375 967 868 2376 2376 947 866 2377 2377 941 869 2378 2378 962 860 2379 2379 902 833 2380 2380 963 861 2381 2381 960 856 2382 2382 941 869 2383 2383 940 870 2384 2384 952 871 2385 2385 973 847 2386 2386 972 872 2387 2387 955 873 2388 2388 974 846 2389 2389 954 874 2390 2390 951 875 2391 2391 968 728 2392 2392 971 843 2393 2393 950 842 2394 2394 977 876 2395 2395 957 848 2396 2396 955 873 2397 2397 976 849 2398 2398 975 702 2399 2399 952 871 2400 2400 969 877 2401 2401 949 851 2402 2402 949 851 2403 2403 958 853 2404 2404 959 855 2405 2405 950 842 2406 2406 961 858 2407 2407 951 875 2408 2408 951 875 2409 2409 958 853 2410 2410 948 852 2411 2411 952 871 2412 2412 959 855 2413 2413 962 860 2414 2414 954 874 2415 2415 963 861 2416 2416 964 863 2417 2417 954 874 2418 2418 965 864 2419 2419 955 873 2420 2420 956 850 2421 2421 965 864 2422 2422 966 867 2423 2423 956 850 2424 2424 967 868 2425 2425 957 848 2426 2426 952 871 2427 2427 963 861 2428 2428 953 845 2429 2429 950 842 2430 2430 967 868 2431 2431 960 856 2432 2432 988 878 2433 2433 1009 879 2434 2434 1008 880 2435 2435 991 881 2436 2436 1012 882 2437 2437 1011 883 2438 2438 995 884 2439 2439 1014 885 2440 2440 994 886 2441 2441 987 887 2442 2442 1006 766 2443 2443 986 888 2444 2444 996 889 2445 2445 981 890 2446 2446 997 891 2447 2447 998 892 2448 2448 982 893 2449 2449 999 894 2450 2450 999 894 2451 2451 980 895 2452 2452 996 889 2453 2453 1000 896 2454 2454 981 890 2455 2455 940 870 2456 2456 1001 897 2457 2457 983 898 2458 2458 1002 899 2459 2459 1003 900 2460 2460 983 898 2461 2461 984 901 2462 2462 1003 900 2463 2463 985 902 2464 2464 1004 903 2465 2465 1005 904 2466 2466 985 902 2467 2467 979 905 2468 2468 1000 896 2469 2469 941 869 2470 2470 1001 897 2471 2471 998 892 2472 2472 979 905 2473 2473 978 906 2474 2474 990 907 2475 2475 1011 883 2476 2476 1010 908 2477 2477 993 909 2478 2478 1012 882 2479 2479 992 910 2480 2480 989 911 2481 2481 1006 766 2482 2482 1009 879 2483 2483 988 878 2484 2484 1015 912 2485 2485 995 884 2486 2486 993 909 2487 2487 1014 885 2488 2488 1013 740 2489 2489 990 907 2490 2490 1007 913 2491 2491 987 887 2492 2492 987 887 2493 2493 996 889 2494 2494 997 891 2495 2495 988 878 2496 2496 999 894 2497 2497 989 911 2498 2498 989 911 2499 2499 996 889 2500 2500 986 888 2501 2501 990 907 2502 2502 997 891 2503 2503 1000 896 2504 2504 992 910 2505 2505 1001 897 2506 2506 1002 899 2507 2507 992 910 2508 2508 1003 900 2509 2509 993 909 2510 2510 994 886 2511 2511 1003 900 2512 2512 1004 903 2513 2513 994 886 2514 2514 1005 904 2515 2515 995 884 2516 2516 990 907 2517 2517 1001 897 2518 2518 991 881 2519 2519 988 878 2520 2520 1005 904 2521 2521 998 892 2522 2522 1025 914 2523 2523 1046 915 2524 2524 1045 916 2525 2525 1028 917 2526 2526 1049 918 2527 2527 1048 919 2528 2528 1032 920 2529 2529 1051 921 2530 2530 1031 922 2531 2531 1024 923 2532 2532 1043 804 2533 2533 1023 924 2534 2534 1033 925 2535 2535 1018 926 2536 2536 1034 927 2537 2537 1035 928 2538 2538 1019 929 2539 2539 1036 930 2540 2540 1036 930 2541 2541 1017 931 2542 2542 1033 925 2543 2543 1037 932 2544 2544 1018 926 2545 2545 978 906 2546 2546 1038 933 2547 2547 1020 934 2548 2548 1039 935 2549 2549 1040 936 2550 2550 1020 934 2551 2551 1021 937 2552 2552 1040 936 2553 2553 1022 938 2554 2554 1041 939 2555 2555 1042 940 2556 2556 1022 938 2557 2557 750 682 2558 2558 1037 932 2559 2559 979 905 2560 2560 1038 933 2561 2561 1035 928 2562 2562 750 682 2563 2563 1016 672 2564 2564 1027 941 2565 2565 1048 919 2566 2566 1047 942 2567 2567 1030 943 2568 2568 1049 918 2569 2569 1029 944 2570 2570 1026 945 2571 2571 1043 804 2572 2572 1046 915 2573 2573 1025 914 2574 2574 1052 946 2575 2575 1032 920 2576 2576 1030 943 2577 2577 1051 921 2578 2578 1050 778 2579 2579 1027 941 2580 2580 1044 947 2581 2581 1024 923 2582 2582 1024 923 2583 2583 1033 925 2584 2584 1034 927 2585 2585 1025 914 2586 2586 1036 930 2587 2587 1026 945 2588 2588 1026 945 2589 2589 1033 925 2590 2590 1023 924 2591 2591 1027 941 2592 2592 1034 927 2593 2593 1037 932 2594 2594 1029 944 2595 2595 1038 933 2596 2596 1039 935 2597 2597 1029 944 2598 2598 1040 936 2599 2599 1030 943 2600 2600 1031 922 2601 2601 1040 936 2602 2602 1041 939 2603 2603 1031 922 2604 2604 1042 940 2605 2605 1032 920 2606 2606 1027 941 2607 2607 1038 933 2608 2608 1028 917 2609 2609 1025 914 2610 2610 1042 940 2611 2611 1035 928 2612 2612 1134 948 2613 2613 1139 948 2614 2614 1140 948 2615 2615 1144 948 2616 2616 1149 948 2617 2617 1150 948 2618 2618 1154 948 2619 2619 1159 948 2620 2620 1160 948 2621 2621 1164 948 2622 2622 1089 948 2623 2623 1090 948 2624 2624 1094 948 2625 2625 1099 948 2626 2626 1100 948 2627 2627 1104 948 2628 2628 1109 948 2629 2629 1110 948 2630 2630 1114 948 2631 2631 1119 948 2632 2632 1120 948 2633 2633 1124 948 2634 2634 1129 948 2635 2635 1130 948 2636 2636 1090 948 2637 2637 1091 948 2638 2638 1165 948 2639 2639 1091 948 2640 2640 1092 948 2641 2641 1165 948 2642 2642 1092 948 2643 2643 1093 948 2644 2644 1165 948 2645 2645 1093 948 2646 2646 1094 948 2647 2647 1165 948 2648 2648 1094 948 2649 2649 1100 948 2650 2650 1165 948 2651 2651 1100 948 2652 2652 1101 948 2653 2653 1165 948 2654 2654 1101 948 2655 2655 1102 948 2656 2656 1165 948 2657 2657 1102 948 2658 2658 1103 948 2659 2659 1165 948 2660 2660 1103 948 2661 2661 1104 948 2662 2662 1165 948 2663 2663 1104 948 2664 2664 1110 948 2665 2665 1165 948 2666 2666 1110 948 2667 2667 1111 948 2668 2668 1165 948 2669 2669 1111 948 2670 2670 1112 948 2671 2671 1165 948 2672 2672 1112 948 2673 2673 1113 948 2674 2674 1165 948 2675 2675 1113 948 2676 2676 1114 948 2677 2677 1165 948 2678 2678 1114 948 2679 2679 1120 948 2680 2680 1165 948 2681 2681 1120 948 2682 2682 1121 948 2683 2683 1165 948 2684 2684 1121 948 2685 2685 1122 948 2686 2686 1165 948 2687 2687 1122 948 2688 2688 1123 948 2689 2689 1165 948 2690 2690 1123 948 2691 2691 1124 948 2692 2692 1165 948 2693 2693 1124 948 2694 2694 1130 948 2695 2695 1165 948 2696 2696 1130 948 2697 2697 1131 948 2698 2698 1165 948 2699 2699 1131 948 2700 2700 1132 948 2701 2701 1165 948 2702 2702 1132 948 2703 2703 1133 948 2704 2704 1165 948 2705 2705 1133 948 2706 2706 1134 948 2707 2707 1165 948 2708 2708 1134 948 2709 2709 1140 948 2710 2710 1165 948 2711 2711 1140 948 2712 2712 1141 948 2713 2713 1165 948 2714 2714 1141 948 2715 2715 1142 948 2716 2716 1165 948 2717 2717 1142 948 2718 2718 1143 948 2719 2719 1165 948 2720 2720 1143 948 2721 2721 1144 948 2722 2722 1165 948 2723 2723 1144 948 2724 2724 1150 948 2725 2725 1165 948 2726 2726 1150 948 2727 2727 1151 948 2728 2728 1165 948 2729 2729 1151 948 2730 2730 1152 948 2731 2731 1165 948 2732 2732 1152 948 2733 2733 1153 948 2734 2734 1165 948 2735 2735 1153 948 2736 2736 1154 948 2737 2737 1165 948 2738 2738 1154 948 2739 2739 1160 948 2740 2740 1165 948 2741 2741 1160 948 2742 2742 1161 948 2743 2743 1165 948 2744 2744 1161 948 2745 2745 1162 948 2746 2746 1165 948 2747 2747 1162 948 2748 2748 1163 948 2749 2749 1165 948 2750 2750 1163 948 2751 2751 1164 948 2752 2752 1165 948 2753 2753 1164 948 2754 2754 1090 948 2755 2755 1165 948 2756 2756 1055 948 2757 2757 1054 948 2758 2758 1158 948 2759 2759 1084 948 2760 2760 1087 948 2761 2761 1088 948 2762 2762 1083 948 2763 2763 1099 948 2764 2764 1087 948 2765 2765 1079 948 2766 2766 1096 948 2767 2767 1099 948 2768 2768 1078 948 2769 2769 1096 948 2770 2770 1079 948 2771 2771 1077 948 2772 2772 1095 948 2773 2773 1078 948 2774 2774 1077 948 2775 2775 1097 948 2776 2776 1098 948 2777 2777 1082 948 2778 2778 1109 948 2779 2779 1097 948 2780 2780 1081 948 2781 2781 1106 948 2782 2782 1109 948 2783 2783 1076 948 2784 2784 1106 948 2785 2785 1081 948 2786 2786 1057 948 2787 2787 1080 948 2788 2788 1085 948 2789 2789 1075 948 2790 2790 1107 948 2791 2791 1108 948 2792 2792 1074 948 2793 2793 1119 948 2794 2794 1107 948 2795 2795 1073 948 2796 2796 1116 948 2797 2797 1119 948 2798 2798 1060 948 2799 2799 1056 948 2800 2800 1148 948 2801 2801 1070 948 2802 2802 1115 948 2803 2803 1071 948 2804 2804 1070 948 2805 2805 1117 948 2806 2806 1118 948 2807 2807 1072 948 2808 2808 1129 948 2809 2809 1117 948 2810 2810 1064 948 2811 2811 1126 948 2812 2812 1129 948 2813 2813 1068 948 2814 2814 1126 948 2815 2815 1064 948 2816 2816 1063 948 2817 2817 1125 948 2818 2818 1068 948 2819 2819 1063 948 2820 2820 1127 948 2821 2821 1128 948 2822 2822 1062 948 2823 2823 1139 948 2824 2824 1127 948 2825 2825 1067 948 2826 2826 1136 948 2827 2827 1139 948 2828 2828 1066 948 2829 2829 1136 948 2830 2830 1067 948 2831 2831 1065 948 2832 2832 1135 948 2833 2833 1066 948 2834 2834 1065 948 2835 2835 1137 948 2836 2836 1138 948 2837 2837 1061 948 2838 2838 1149 948 2839 2839 1137 948 2840 2840 1069 948 2841 2841 1146 948 2842 2842 1149 948 2843 2843 1060 948 2844 2844 1146 948 2845 2845 1069 948 2846 2846 1080 948 2847 2847 1084 948 2848 2848 1088 948 2849 2849 1056 948 2850 2850 1147 948 2851 2851 1148 948 2852 2852 1059 948 2853 2853 1159 948 2854 2854 1147 948 2855 2855 1058 948 2856 2856 1156 948 2857 2857 1159 948 2858 2858 1055 948 2859 2859 1156 948 2860 2860 1058 948 2861 2861 1054 948 2862 2862 1157 948 2863 2863 1158 948 2864 2864 1053 948 2865 2865 1089 948 2866 2866 1157 948 2867 2867 1057 948 2868 2868 1086 948 2869 2869 1089 948 2870 2870 1073 948 2871 2871 1071 948 2872 2872 1115 948 2873 2873 1085 948 2874 2874 1080 948 2875 2875 1088 948 2876 2876 1084 948 2877 2877 1083 948 2878 2878 1087 948 2879 2879 1083 948 2880 2880 1079 948 2881 2881 1099 948 2882 2882 1078 948 2883 2883 1095 948 2884 2884 1096 948 2885 2885 1077 948 2886 2886 1098 948 2887 2887 1095 948 2888 2888 1077 948 2889 2889 1082 948 2890 2890 1097 948 2891 2891 1082 948 2892 2892 1081 948 2893 2893 1109 948 2894 2894 1076 948 2895 2895 1105 948 2896 2896 1106 948 2897 2897 1105 948 2898 2898 1076 948 2899 2899 1108 948 2900 2900 1075 948 2901 2901 1074 948 2902 2902 1107 948 2903 2903 1074 948 2904 2904 1073 948 2905 2905 1119 948 2906 2906 1116 948 2907 2907 1073 948 2908 2908 1115 948 2909 2909 1070 948 2910 2910 1118 948 2911 2911 1115 948 2912 2912 1070 948 2913 2913 1072 948 2914 2914 1117 948 2915 2915 1072 948 2916 2916 1064 948 2917 2917 1129 948 2918 2918 1068 948 2919 2919 1125 948 2920 2920 1126 948 2921 2921 1063 948 2922 2922 1128 948 2923 2923 1125 948 2924 2924 1063 948 2925 2925 1062 948 2926 2926 1127 948 2927 2927 1062 948 2928 2928 1067 948 2929 2929 1139 948 2930 2930 1066 948 2931 2931 1135 948 2932 2932 1136 948 2933 2933 1065 948 2934 2934 1138 948 2935 2935 1135 948 2936 2936 1065 948 2937 2937 1061 948 2938 2938 1137 948 2939 2939 1061 948 2940 2940 1069 948 2941 2941 1149 948 2942 2942 1060 948 2943 2943 1145 948 2944 2944 1146 948 2945 2945 1145 948 2946 2946 1060 948 2947 2947 1148 948 2948 2948 1056 948 2949 2949 1059 948 2950 2950 1147 948 2951 2951 1059 948 2952 2952 1058 948 2953 2953 1159 948 2954 2954 1055 948 2955 2955 1155 948 2956 2956 1156 948 2957 2957 1155 948 2958 2958 1055 948 2959 2959 1158 948 2960 2960 1054 948 2961 2961 1053 948 2962 2962 1157 948 2963 2963 1053 948 2964 2964 1057 948 2965 2965 1089 948 2966 2966 1086 948 2967 2967 1057 948 2968 2968 1085 948 2969 2969 1076 948 2970 2970 1075 948 2971 2971 1108 948 2972 2972 357 321 2973 2973 356 321 2974 2974 358 321 2975 2975 1189 949 2976 2976 1195 950 2977 2977 1184 951 2978 2978 1166 952 2979 2979 1184 951 2980 2980 1168 953 2981 2981 1181 954 2982 2982 1183 955 2983 2983 1197 956 2984 2984 1170 957 2985 2985 1192 958 2986 2986 1169 959 2987 2987 1181 954 2988 2988 1193 960 2989 2989 1167 961 2990 2990 1167 961 2991 2991 1191 962 2992 2992 1166 952 2993 2993 1179 963 2994 2994 1183 955 2995 2995 1180 964 2996 2996 1171 965 2997 2997 1195 950 2998 2998 1172 966 2999 2999 1179 963 3000 3000 1194 967 3001 3001 1182 968 3002 3002 1170 957 3003 3003 1184 951 3004 3004 1185 969 3005 3005 1172 966 3006 3006 1186 970 3007 3007 1173 971 3008 3008 1173 971 3009 3009 1187 972 3010 3010 1174 973 3011 3011 1177 974 3012 3012 1194 967 3013 3013 1178 975 3014 3014 1175 976 3015 3015 1187 972 3016 3016 1188 977 3017 3017 1171 965 3018 3018 1192 958 3019 3019 1196 978 3020 3020 1177 974 3021 3021 1189 949 3022 3022 1190 979 3023 3023 1176 980 3024 3024 1188 977 3025 3025 1189 949 3026 3026 28 0 3027 3027 36 31 3028 3028 35 1 3029 3029 441 3 3030 3030 0 65 3031 3031 8 4 3032 3032 89 6 3033 3033 97 148 3034 3034 96 7 3035 3035 153 9 3036 3036 154 233 3037 3037 162 10 3038 3038 35 1 3039 3039 43 32 3040 3040 42 12 3041 3041 204 14 3042 3042 203 200 3043 3043 195 15 3044 3044 99 17 3045 3045 100 162 3046 3046 108 18 3047 3047 31 20 3048 3048 32 90 3049 3049 40 21 3050 3050 113 23 3051 3051 121 27 3052 3052 120 24 3053 3053 113 23 3054 3054 114 92 3055 3055 122 26 3056 3056 11 28 3057 3057 19 40 3058 3058 18 29 3059 3059 36 31 3060 3060 44 143 3061 3061 43 32 3062 3062 141 33 3063 3063 149 316 3064 3064 148 34 3065 3065 291 36 3066 3066 290 261 3067 3067 292 37 3068 3068 11 28 3069 3069 12 56 3070 3070 20 39 3071 3071 247 41 3072 3072 2 193 3073 3073 1 42 3074 3074 217 44 3075 3075 225 241 3076 3076 224 45 3077 3077 232 47 3078 3078 233 234 3079 3079 240 48 3080 3080 170 50 3081 3081 171 172 3082 3082 179 51 3083 3083 140 35 3084 3084 148 34 3085 3085 147 53 3086 3086 5 55 3087 3087 13 114 3088 3088 12 56 3089 3089 259 58 3090 3090 257 189 3091 3091 256 59 3092 3092 200 61 3093 3093 208 108 3094 3094 207 62 3095 3095 245 64 3096 3096 246 43 3097 3097 1 42 3098 3098 161 11 3099 3099 162 10 3100 3100 170 50 3101 3101 178 52 3102 3102 179 51 3103 3103 187 67 3104 3104 164 69 3105 3105 165 196 3106 3106 173 70 3107 3107 287 72 3108 3108 286 208 3109 3109 288 73 3110 3110 80 75 3111 3111 88 8 3112 3112 87 76 3113 3113 16 78 3114 3114 17 118 3115 3115 25 79 3116 3116 240 48 3117 3117 247 41 3118 3118 246 43 3119 3119 99 17 3120 3120 107 19 3121 3121 106 81 3122 3122 196 16 3123 3123 197 239 3124 3124 205 83 3125 3125 275 84 3126 3126 274 146 3127 3127 276 85 3128 3128 72 87 3129 3129 80 75 3130 3130 79 77 3131 3131 33 89 3132 3132 41 237 3133 3133 40 21 3134 3134 105 91 3135 3135 106 81 3136 3136 114 92 3137 3137 50 93 3138 3138 51 255 3139 3139 59 94 3140 3140 180 96 3141 3141 181 210 3142 3142 189 97 3143 3143 295 99 3144 3144 294 240 3145 3145 296 100 3146 3146 75 102 3147 3147 76 215 3148 3148 84 103 3149 3149 192 105 3150 3150 200 61 3151 3151 199 63 3152 3152 201 107 3153 3153 209 217 3154 3154 208 108 3155 3155 240 48 3156 3156 241 151 3157 3157 248 109 3158 3158 219 110 3159 3159 227 154 3160 3160 226 111 3161 3161 4 57 3162 3162 12 56 3163 3163 11 28 3164 3164 13 114 3165 3165 21 256 3166 3166 20 39 3167 3167 175 115 3168 3168 176 192 3169 3169 184 116 3170 3170 24 80 3171 3171 25 79 3172 3172 33 89 3173 3173 18 29 3174 3174 26 187 3175 3175 25 79 3176 3176 131 119 3177 3177 139 54 3178 3178 138 120 3179 3179 250 122 3180 3180 5 55 3181 3181 4 57 3182 3182 303 124 3183 3183 301 249 3184 3184 300 125 3185 3185 64 127 3186 3186 72 87 3187 3187 71 88 3188 3188 193 129 3189 3189 201 107 3190 3190 200 61 3191 3191 194 130 3192 3192 202 157 3193 3193 201 107 3194 3194 122 26 3195 3195 123 159 3196 3196 131 119 3197 3197 133 131 3198 3198 141 33 3199 3199 140 35 3200 3200 271 133 3201 3201 270 297 3202 3202 272 134 3203 3203 152 136 3204 3204 160 245 3205 3205 159 137 3206 3206 105 91 3207 3207 113 23 3208 3208 112 25 3209 3209 74 140 3210 3210 82 150 3211 3211 81 141 3212 3212 43 32 3213 3213 51 255 3214 3214 50 93 3215 3215 44 143 3216 3216 45 188 3217 3217 53 144 3218 3218 273 135 3219 3219 272 134 3220 3220 274 146 3221 3221 55 147 3222 3222 56 166 3223 3223 64 127 3224 3224 97 148 3225 3225 105 91 3226 3226 104 139 3227 3227 121 27 3228 3228 122 26 3229 3229 130 121 3230 3230 75 102 3231 3231 83 104 3232 3232 82 150 3233 3233 241 151 3234 3234 242 242 3235 3235 249 123 3236 3236 228 152 3237 3237 235 219 3238 3238 234 153 3239 3239 88 8 3240 3240 96 7 3241 3241 95 155 3242 3242 73 142 3243 3243 81 141 3244 3244 80 75 3245 3245 169 66 3246 3246 170 50 3247 3247 178 52 3248 3248 195 15 3249 3249 203 200 3250 3250 202 157 3251 3251 124 158 3252 3252 132 132 3253 3253 131 119 3254 3254 53 144 3255 3255 61 271 3256 3256 60 160 3257 3257 91 161 3258 3258 92 182 3259 3259 100 162 3260 3260 144 163 3261 3261 152 136 3262 3262 151 138 3263 3263 57 165 3264 3264 65 247 3265 3265 64 127 3266 3266 81 141 3267 3267 82 150 3268 3268 90 167 3269 3269 163 168 3270 3270 171 172 3271 3271 170 50 3272 3272 108 18 3273 3273 116 171 3274 3274 115 169 3275 3275 108 18 3276 3276 109 265 3277 3277 117 170 3278 3278 164 69 3279 3279 172 71 3280 3280 171 172 3281 3281 215 173 3282 3282 216 46 3283 3283 224 45 3284 3284 48 175 3285 3285 49 186 3286 3286 57 165 3287 3287 186 68 3288 3288 194 130 3289 3289 193 129 3290 3290 138 120 3291 3291 139 54 3292 3292 147 53 3293 3293 306 178 3294 3294 222 317 3295 3295 230 179 3296 3296 93 181 3297 3297 101 312 3298 3298 100 162 3299 3299 307 183 3300 3300 305 290 3301 3301 304 184 3302 3302 84 103 3303 3303 92 182 3304 3304 91 161 3305 3305 39 22 3306 3306 40 21 3307 3307 48 175 3308 3308 40 21 3309 3309 41 237 3310 3310 49 186 3311 3311 97 148 3312 3312 98 82 3313 3313 106 81 3314 3314 26 187 3315 3315 27 2 3316 3316 35 1 3317 3317 36 31 3318 3318 37 295 3319 3319 45 188 3320 3320 257 189 3321 3321 255 259 3322 3322 254 190 3323 3323 95 155 3324 3324 96 7 3325 3325 104 139 3326 3326 176 192 3327 3327 177 156 3328 3328 185 176 3329 3329 2 193 3330 3330 10 30 3331 3331 9 194 3332 3332 2 193 3333 3333 3 113 3334 3334 11 28 3335 3335 156 195 3336 3336 157 301 3337 3337 165 196 3338 3338 297 101 3339 3339 296 100 3340 3340 298 197 3341 3341 103 191 3342 3342 104 139 3343 3343 112 25 3344 3344 0 65 3345 3345 1 42 3346 3346 9 194 3347 3347 9 194 3348 3348 10 30 3349 3349 18 29 3350 3350 203 200 3351 3351 211 257 3352 3352 210 201 3353 3353 124 158 3354 3354 125 235 3355 3355 133 131 3356 3356 283 202 3357 3357 282 221 3358 3358 284 203 3359 3359 188 98 3360 3360 196 16 3361 3361 195 15 3362 3362 47 185 3363 3363 48 175 3364 3364 56 166 3365 3365 136 205 3366 3366 137 207 3367 3367 145 206 3368 3368 137 207 3369 3369 138 120 3370 3370 146 177 3371 3371 90 167 3372 3372 91 161 3373 3373 99 17 3374 3374 286 208 3375 3375 142 294 3376 3376 150 209 3377 3377 172 71 3378 3378 173 70 3379 3379 181 210 3380 3380 252 211 3381 3381 315 318 3382 3382 314 212 3383 3383 67 214 3384 3384 68 272 3385 3385 76 215 3386 3386 24 80 3387 3387 32 90 3388 3388 31 20 3389 3389 210 201 3390 3390 218 112 3391 3391 217 44 3392 3392 186 68 3393 3393 187 67 3394 3394 195 15 3395 3395 229 218 3396 3396 236 243 3397 3397 235 219 3398 3398 281 220 3399 3399 280 269 3400 3400 282 221 3401 3401 131 119 3402 3402 132 132 3403 3403 140 35 3404 3404 128 222 3405 3405 136 205 3406 3406 135 223 3407 3407 238 225 3408 3408 239 49 3409 3409 246 43 3410 3410 89 6 3411 3411 90 167 3412 3412 98 82 3413 3413 116 171 3414 3414 124 158 3415 3415 123 159 3416 3416 204 14 3417 3417 205 83 3418 3418 213 226 3419 3419 313 228 3420 3420 311 266 3421 3421 310 229 3422 3422 120 24 3423 3423 128 222 3424 3424 127 224 3425 3425 316 321 3426 3426 317 321 3427 3427 319 321 3428 3428 145 206 3429 3429 146 177 3430 3430 154 233 3431 3431 227 154 3432 3432 234 153 3433 3433 233 234 3434 3434 116 171 3435 3435 117 170 3436 3436 125 235 3437 3437 167 236 3438 3438 168 244 3439 3439 176 192 3440 3440 8 4 3441 3441 9 194 3442 3442 17 118 3443 3443 34 13 3444 3444 42 12 3445 3445 41 237 3446 3446 146 177 3447 3447 147 53 3448 3448 155 238 3449 3449 19 40 3450 3450 20 39 3451 3451 28 0 3452 3452 188 98 3453 3453 189 97 3454 3454 197 239 3455 3455 295 99 3456 3456 293 38 3457 3457 292 37 3458 3458 183 117 3459 3459 184 116 3460 3460 192 105 3461 3461 128 222 3462 3462 129 149 3463 3463 137 207 3464 3464 217 44 3465 3465 218 112 3466 3466 226 111 3467 3467 234 153 3468 3468 235 219 3469 3469 242 242 3470 3470 180 96 3471 3471 188 98 3472 3472 187 67 3473 3473 236 243 3474 3474 243 251 3475 3475 242 242 3476 3476 136 205 3477 3477 144 163 3478 3478 143 164 3479 3479 161 11 3480 3480 169 66 3481 3481 168 244 3482 3482 66 246 3483 3483 74 140 3484 3484 73 142 3485 3485 67 214 3486 3486 75 102 3487 3487 74 140 3488 3488 221 248 3489 3489 220 260 3490 3490 212 227 3491 3491 299 198 3492 3492 298 197 3493 3493 300 125 3494 3494 60 160 3495 3495 68 272 3496 3496 67 214 3497 3497 224 45 3498 3498 231 264 3499 3499 745 250 3500 3500 184 116 3501 3501 185 176 3502 3502 193 129 3503 3503 58 95 3504 3504 66 246 3505 3505 65 247 3506 3506 234 153 3507 3507 241 151 3508 3508 240 48 3509 3509 243 251 3510 3510 250 122 3511 3511 249 123 3512 3512 267 252 3513 3513 265 306 3514 3514 264 253 3515 3515 148 34 3516 3516 156 195 3517 3517 155 238 3518 3518 112 25 3519 3519 120 24 3520 3520 119 231 3521 3521 64 127 3522 3522 65 247 3523 3523 73 142 3524 3524 202 157 3525 3525 210 201 3526 3526 209 217 3527 3527 154 233 3528 3528 155 238 3529 3529 163 168 3530 3530 43 32 3531 3531 44 143 3532 3532 52 145 3533 3533 21 256 3534 3534 29 303 3535 3535 28 0 3536 3536 160 245 3537 3537 168 244 3538 3538 167 236 3539 3539 209 217 3540 3540 217 44 3541 3541 216 46 3542 3542 178 52 3543 3543 186 68 3544 3544 185 176 3545 3545 58 95 3546 3546 59 94 3547 3547 67 214 3548 3548 212 227 3549 3549 220 260 3550 3550 219 110 3551 3551 77 258 3552 3552 85 267 3553 3553 84 103 3554 3554 255 259 3555 3555 252 211 3556 3556 253 213 3557 3557 204 14 3558 3558 212 227 3559 3559 211 257 3560 3560 225 241 3561 3561 226 111 3562 3562 233 234 3563 3563 81 141 3564 3564 89 6 3565 3565 88 8 3566 3566 50 93 3567 3567 49 186 3568 3568 41 237 3569 3569 211 257 3570 3570 219 110 3571 3571 218 112 3572 3572 220 260 3573 3573 228 152 3574 3574 227 154 3575 3575 221 248 3576 3576 229 218 3577 3577 228 152 3578 3578 289 74 3579 3579 288 73 3580 3580 290 261 3581 3581 238 225 3582 3582 245 64 3583 3583 744 262 3584 3584 225 241 3585 3585 232 47 3586 3586 231 264 3587 3587 129 149 3588 3588 130 121 3589 3589 138 120 3590 3590 114 92 3591 3591 115 169 3592 3592 123 159 3593 3593 52 145 3594 3594 60 160 3595 3595 59 94 3596 3596 100 162 3597 3597 101 312 3598 3598 109 265 3599 3599 311 266 3600 3600 309 281 3601 3601 308 180 3602 3602 207 62 3603 3603 208 108 3604 3604 216 46 3605 3605 169 66 3606 3606 177 156 3607 3607 176 192 3608 3608 106 81 3609 3609 107 19 3610 3610 115 169 3611 3611 83 104 3612 3612 91 161 3613 3613 90 167 3614 3614 85 267 3615 3615 93 181 3616 3616 92 182 3617 3617 279 268 3618 3618 278 309 3619 3619 280 269 3620 3620 156 195 3621 3621 164 69 3622 3622 163 168 3623 3623 15 270 3624 3624 16 78 3625 3625 24 80 3626 3626 121 27 3627 3627 129 149 3628 3628 128 222 3629 3629 50 93 3630 3630 58 95 3631 3631 57 165 3632 3632 27 2 3633 3633 26 187 3634 3634 18 29 3635 3635 171 172 3636 3636 172 71 3637 3637 180 96 3638 3638 61 271 3639 3639 69 275 3640 3640 68 272 3641 3641 261 273 3642 3642 259 58 3643 3643 258 60 3644 3644 7 5 3645 3645 8 4 3646 3646 16 78 3647 3647 145 206 3648 3648 153 9 3649 3649 152 136 3650 3650 26 187 3651 3651 34 13 3652 3652 33 89 3653 3653 247 41 3654 3654 248 109 3655 3655 3 113 3656 3656 248 109 3657 3657 249 123 3658 3658 4 57 3659 3659 69 275 3660 3660 77 258 3661 3661 76 215 3662 3662 285 204 3663 3663 284 203 3664 3664 286 208 3665 3665 292 37 3666 3666 166 288 3667 3667 174 276 3668 3668 287 72 3669 3669 141 33 3670 3670 133 131 3671 3671 256 59 3672 3672 254 190 3673 3673 14 277 3674 3674 273 135 3675 3675 85 267 3676 3676 77 258 3677 3677 298 197 3678 3678 296 100 3679 3679 182 279 3680 3680 309 281 3681 3681 229 218 3682 3682 221 248 3683 3683 302 126 3684 3684 300 125 3685 3685 198 282 3686 3686 311 266 3687 3687 236 243 3688 3688 229 218 3689 3689 308 180 3690 3690 230 179 3691 3691 237 284 3692 3692 283 202 3693 3693 285 204 3694 3694 133 131 3695 3695 280 269 3696 3696 278 309 3697 3697 110 285 3698 3698 269 287 3699 3699 271 133 3700 3700 77 258 3701 3701 296 100 3702 3702 294 240 3703 3703 174 276 3704 3704 297 101 3705 3705 299 198 3706 3706 189 97 3707 3707 290 261 3708 3708 158 302 3709 3709 166 288 3710 3710 273 135 3711 3711 275 84 3712 3712 93 181 3713 3713 258 60 3714 3714 30 319 3715 3715 38 289 3716 3716 307 183 3717 3717 221 248 3718 3718 213 226 3719 3719 272 134 3720 3720 270 297 3721 3721 78 291 3722 3722 313 228 3723 3723 315 318 3724 3724 250 122 3725 3725 286 208 3726 3726 284 203 3727 3727 134 293 3728 3728 261 273 3729 3729 263 320 3730 3730 45 188 3731 3731 70 296 3732 3732 78 291 3733 3733 270 297 3734 3734 259 58 3735 3735 29 303 3736 3736 21 256 3737 3737 262 299 3738 3738 260 274 3739 3739 38 289 3740 3740 291 36 3741 3741 293 38 3742 3742 165 196 3743 3743 288 73 3744 3744 150 209 3745 3745 158 302 3746 3746 259 58 3747 3747 261 273 3748 3748 37 295 3749 3749 280 269 3750 3750 118 286 3751 3751 126 304 3752 3752 257 189 3753 3753 21 256 3754 3754 13 114 3755 3755 312 230 3756 3756 310 229 3757 3757 237 284 3758 3758 255 259 3759 3759 13 114 3760 3760 5 55 3761 3761 266 254 3762 3762 62 311 3763 3763 70 296 3764 3764 267 252 3765 3765 61 271 3766 3766 53 144 3767 3767 314 212 3768 3768 312 230 3769 3769 244 305 3770 3770 277 86 3771 3771 101 312 3772 3772 93 181 3773 3773 274 146 3774 3774 94 313 3775 3775 102 308 3776 3776 301 249 3777 3777 197 239 3778 3778 189 97 3779 3779 102 308 3780 3780 110 285 3781 3781 278 309 3782 3782 305 290 3783 3783 213 226 3784 3784 205 83 3785 3785 266 254 3786 3786 264 253 3787 3787 54 310 3788 3788 293 38 3789 3789 295 99 3790 3790 173 70 3791 3791 289 74 3792 3792 149 316 3793 3793 141 33 3794 3794 279 268 3795 3795 109 265 3796 3796 101 312 3797 3797 272 134 3798 3798 86 292 3799 3799 94 313 3800 3800 300 125 3801 3801 298 197 3802 3802 190 280 3803 3803 311 266 3804 3804 313 228 3805 3805 243 251 3806 3806 254 190 3807 3807 253 213 3808 3808 6 314 3809 3809 301 249 3810 3810 303 124 3811 3811 205 83 3812 3812 302 126 3813 3813 206 283 3814 3814 214 315 3815 3815 267 252 3816 3816 269 287 3817 3817 69 275 3818 3818 253 213 3819 3819 314 212 3820 3820 251 307 3821 3821 281 220 3822 3822 283 202 3823 3823 125 235 3824 3824 282 221 3825 3825 126 304 3826 3826 134 293 3827 3827 289 74 3828 3828 291 36 3829 3829 157 301 3830 3830 304 184 3831 3831 214 315 3832 3832 222 317 3833 3833 315 318 3834 3834 252 211 3835 3835 5 55 3836 3836 264 253 3837 3837 262 299 3838 3838 46 300 3839 3839 295 99 3840 3840 297 101 3841 3841 181 210 3842 3842 258 60 3843 3843 256 59 3844 3844 22 278 3845 3845 265 306 3846 3846 53 144 3847 3847 45 188 3848 3848 231 264 3849 3849 238 225 3850 3850 743 263 3851 3851 232 47 3852 3852 239 49 3853 3853 238 225 3854 3854 152 136 3855 3855 153 9 3856 3856 161 11 3857 3857 28 0 3858 3858 29 303 3859 3859 37 295 3860 3860 148 34 3861 3861 149 316 3862 3862 157 301 3863 3863 245 64 3864 3864 0 65 3865 3865 441 3 3866 3866 338 981 3867 3867 339 981 3868 3868 337 981 3869 3869 331 982 3870 3870 335 982 3871 3871 333 982 3872 3872 344 983 3873 3873 343 983 3874 3874 346 983 3875 3875 329 321 3876 3876 327 321 3877 3877 331 321 3878 3878 359 321 3879 3879 358 321 3880 3880 361 321 3881 3881 269 287 3882 3882 268 298 3883 3883 270 297 3884 3884 347 321 3885 3885 348 321 3886 3886 346 321 3887 3887 353 984 3888 3888 350 984 3889 3889 351 984 3890 3890 343 985 3891 3891 345 985 3892 3892 341 985 3893 3893 356 321 3894 3894 354 321 3895 3895 355 321 3896 3896 361 986 3897 3897 319 986 3898 3898 362 986 3899 3899 320 321 3900 3900 321 321 3901 3901 318 321 3902 3902 325 321 3903 3903 326 321 3904 3904 328 321 3905 3905 328 321 3906 3906 326 321 3907 3907 323 321 3908 3908 336 987 3909 3909 335 987 3910 3910 337 987 3911 3911 265 306 3912 3912 263 320 3913 3913 262 299 3914 3914 279 268 3915 3915 281 220 3916 3916 117 170 3917 3917 307 183 3918 3918 306 178 3919 3919 308 180 3920 3920 263 320 3921 3921 261 273 3922 3922 260 274 3923 3923 277 86 3924 3924 276 85 3925 3925 278 309 3926 3926 305 290 3927 3927 303 124 3928 3928 302 126 3929 3929 315 318 3930 3930 313 228 3931 3931 312 230 3932 3932 407 342 3933 3933 434 342 3934 3934 433 343 3935 3935 407 342 3936 3936 409 344 3937 3937 435 344 3938 3938 400 345 3939 3939 404 346 3940 3940 429 346 3941 3941 383 347 3942 3942 412 347 3943 3943 440 348 3944 3944 411 349 3945 3945 437 349 3946 3946 436 350 3947 3947 409 344 3948 3948 408 350 3949 3949 436 350 3950 3950 404 346 3951 3951 403 351 3952 3952 430 351 3953 3953 392 352 3954 3954 417 352 3955 3955 416 353 3956 3956 389 354 3957 3957 388 353 3958 3958 416 353 3959 3959 382 355 3960 3960 746 375 3961 3961 412 347 3962 3962 406 356 3963 3963 432 356 3964 3964 431 357 3965 3965 402 357 3966 3966 431 357 3967 3967 430 351 3968 3968 410 358 3969 3969 438 358 3970 3970 437 349 3971 3971 389 354 3972 3972 415 354 3973 3973 414 359 3974 3974 399 360 3975 3975 398 361 3976 3976 426 361 3977 3977 384 362 3978 3978 748 377 3979 3979 747 363 3980 3980 392 352 3981 3981 391 364 3982 3982 418 364 3983 3983 396 365 3984 3984 399 360 3985 3985 425 360 3986 3986 395 367 3987 3987 394 368 3988 3988 422 368 3989 3989 386 359 3990 3990 414 359 3991 3991 413 369 3992 3992 381 370 3993 3993 439 374 3994 3994 438 358 3995 3995 398 361 3996 3996 401 371 3997 3997 427 371 3998 3998 390 372 3999 3999 393 373 4000 4000 420 373 4001 4001 401 371 4002 4002 400 345 4003 4003 428 345 4004 4004 380 348 4005 4005 440 348 4006 4006 439 374 4007 4007 393 373 4008 4008 395 367 4009 4009 421 367 4010 4010 385 363 4011 4011 747 363 4012 4012 746 375 4013 4013 406 356 4014 4014 405 343 4015 4015 433 343 4016 4016 397 376 4017 4017 396 365 4018 4018 424 366 4019 4019 390 372 4020 4020 419 372 4021 4021 418 364 4022 4022 394 368 4023 4023 397 376 4024 4024 423 376 4025 4025 269 287 4026 4026 267 252 4027 4027 266 254 4028 4028 387 369 4029 4029 413 369 4030 4030 748 377 4031 4031 484 378 4032 4032 466 423 4033 4033 467 379 4034 4034 480 381 4035 4035 462 406 4036 4036 454 382 4037 4037 473 384 4038 4038 445 394 4039 4039 443 385 4040 4040 476 386 4041 4041 449 988 4042 4042 448 387 4043 4043 452 389 4044 4044 451 427 4045 4045 477 390 4046 4046 473 384 4047 4047 472 383 4048 4048 454 382 4049 4049 474 393 4050 4050 447 426 4051 4051 445 394 4052 4052 479 395 4053 4053 478 391 4054 4054 460 396 4055 4055 477 390 4056 4056 459 408 4057 4057 460 396 4058 4058 455 392 4059 4059 454 382 4060 4060 481 398 4061 4061 460 396 4062 4062 459 408 4063 4063 486 400 4064 4064 488 402 4065 4065 461 397 4066 4066 460 396 4067 4067 456 403 4068 4068 455 392 4069 4069 482 399 4070 4070 458 405 4071 4071 457 409 4072 4072 484 378 4073 4073 481 398 4074 4074 454 382 4075 4075 462 406 4076 4076 459 408 4077 4077 458 405 4078 4078 485 380 4079 4079 457 409 4080 4080 456 403 4081 4081 483 404 4082 4082 468 410 4083 4083 450 415 4084 4084 491 411 4085 4085 469 412 4086 4086 491 411 4087 4087 541 413 4088 4088 467 379 4089 4089 490 425 4090 4090 450 415 4091 4091 471 416 4092 4092 453 552 4093 4093 442 417 4094 4094 464 419 4095 4095 444 424 4096 4096 446 420 4097 4097 465 421 4098 4098 446 420 4099 4099 489 422 4100 4100 463 418 4101 4101 442 417 4102 4102 444 424 4103 4103 466 423 4104 4104 489 422 4105 4105 490 425 4106 4106 474 393 4107 4107 456 403 4108 4108 457 409 4109 4109 475 388 4110 4110 448 387 4111 4111 447 426 4112 4112 475 388 4113 4113 457 409 4114 4114 458 405 4115 4115 443 385 4116 4116 599 564 4117 4117 480 381 4118 4118 476 386 4119 4119 458 405 4120 4120 459 408 4121 4121 474 393 4122 4122 473 384 4123 4123 455 392 4124 4124 479 395 4125 4125 504 473 4126 4126 452 389 4127 4127 451 427 4128 4128 449 988 4129 4129 476 386 4130 4130 481 398 4131 4131 630 407 4132 4132 471 416 4133 4133 486 400 4134 4134 485 380 4135 4135 467 379 4136 4136 481 398 4137 4137 463 418 4138 4138 464 419 4139 4139 482 399 4140 4140 464 419 4141 4141 465 421 4142 4142 483 404 4143 4143 465 421 4144 4144 466 423 4145 4145 488 402 4146 4146 487 401 4147 4147 469 412 4148 4148 487 401 4149 4149 486 400 4150 4150 468 410 4151 4151 532 428 4152 4152 516 469 4153 4153 517 429 4154 4154 461 397 4155 4155 505 440 4156 4156 521 431 4157 4157 522 432 4158 4158 494 443 4159 4159 493 433 4160 4160 525 434 4161 4161 498 474 4162 4162 496 435 4163 4163 501 437 4164 4164 500 475 4165 4165 526 438 4166 4166 522 432 4167 4167 521 431 4168 4168 505 440 4169 4169 523 442 4170 4170 495 472 4171 4171 494 443 4172 4172 528 444 4173 4173 527 439 4174 4174 511 445 4175 4175 526 438 4176 4176 510 455 4177 4177 511 445 4178 4178 506 441 4179 4179 505 440 4180 4180 529 447 4181 4181 511 445 4182 4182 510 455 4183 4183 534 449 4184 4184 536 451 4185 4185 512 446 4186 4186 511 445 4187 4187 507 452 4188 4188 506 441 4189 4189 530 448 4190 4190 509 454 4191 4191 508 456 4192 4192 532 428 4193 4193 505 440 4194 4194 461 397 4195 4195 488 402 4196 4196 510 455 4197 4197 509 454 4198 4198 533 430 4199 4199 508 456 4200 4200 507 452 4201 4201 531 453 4202 4202 518 457 4203 4203 499 462 4204 4204 540 458 4205 4205 519 459 4206 4206 540 458 4207 4207 502 460 4208 4208 517 429 4209 4209 497 471 4210 4210 499 462 4211 4211 470 414 4212 4212 541 413 4213 4213 492 463 4214 4214 514 465 4215 4215 537 470 4216 4216 538 466 4217 4217 515 467 4218 4218 538 466 4219 4219 539 468 4220 4220 513 464 4221 4221 492 463 4222 4222 537 470 4223 4223 516 469 4224 4224 539 468 4225 4225 497 471 4226 4226 523 442 4227 4227 507 452 4228 4228 508 456 4229 4229 524 436 4230 4230 496 435 4231 4231 495 472 4232 4232 524 436 4233 4233 508 456 4234 4234 509 454 4235 4235 504 473 4236 4236 479 395 4237 4237 521 431 4238 4238 525 434 4239 4239 509 454 4240 4240 510 455 4241 4241 523 442 4242 4242 522 432 4243 4243 506 441 4244 4244 528 444 4245 4245 503 989 4246 4246 501 437 4247 4247 498 474 4248 4248 525 434 4249 4249 526 438 4250 4250 529 447 4251 4251 488 402 4252 4252 470 414 4253 4253 534 449 4254 4254 533 430 4255 4255 517 429 4256 4256 529 447 4257 4257 513 464 4258 4258 514 465 4259 4259 530 448 4260 4260 514 465 4261 4261 515 467 4262 4262 531 453 4263 4263 515 467 4264 4264 516 469 4265 4265 536 451 4266 4266 535 450 4267 4267 519 459 4268 4268 535 450 4269 4269 534 449 4270 4270 518 457 4271 4271 578 476 4272 4272 562 517 4273 4273 563 477 4274 4274 512 446 4275 4275 552 488 4276 4276 567 479 4277 4277 568 480 4278 4278 544 491 4279 4279 542 481 4280 4280 571 482 4281 4281 548 521 4282 4282 547 483 4283 4283 550 485 4284 4284 549 522 4285 4285 572 486 4286 4286 568 480 4287 4287 567 479 4288 4288 552 488 4289 4289 569 490 4290 4290 546 520 4291 4291 544 491 4292 4292 574 492 4293 4293 573 487 4294 4294 558 493 4295 4295 572 486 4296 4296 557 503 4297 4297 558 493 4298 4298 553 489 4299 4299 552 488 4300 4300 575 495 4301 4301 558 493 4302 4302 557 503 4303 4303 580 497 4304 4304 582 499 4305 4305 608 494 4306 4306 558 493 4307 4307 554 500 4308 4308 553 489 4309 4309 576 496 4310 4310 556 502 4311 4311 555 504 4312 4312 578 476 4313 4313 552 488 4314 4314 512 446 4315 4315 536 451 4316 4316 557 503 4317 4317 556 502 4318 4318 579 478 4319 4319 555 504 4320 4320 554 500 4321 4321 577 501 4322 4322 564 505 4323 4323 586 510 4324 4324 587 506 4325 4325 565 507 4326 4326 587 506 4327 4327 600 508 4328 4328 563 477 4329 4329 585 519 4330 4330 586 510 4331 4331 520 461 4332 4332 502 460 4333 4333 583 511 4334 4334 560 513 4335 4335 543 518 4336 4336 545 514 4337 4337 561 515 4338 4338 545 514 4339 4339 584 516 4340 4340 559 512 4341 4341 583 511 4342 4342 543 518 4343 4343 562 517 4344 4344 584 516 4345 4345 585 519 4346 4346 569 490 4347 4347 554 500 4348 4348 555 504 4349 4349 570 484 4350 4350 547 483 4351 4351 546 520 4352 4352 570 484 4353 4353 555 504 4354 4354 556 502 4355 4355 542 481 4356 4356 503 989 4357 4357 528 444 4358 4358 571 482 4359 4359 556 502 4360 4360 557 503 4361 4361 569 490 4362 4362 568 480 4363 4363 553 489 4364 4364 574 492 4365 4365 551 990 4366 4366 550 485 4367 4367 548 521 4368 4368 571 482 4369 4369 572 486 4370 4370 575 495 4371 4371 536 451 4372 4372 520 461 4373 4373 580 497 4374 4374 579 478 4375 4375 563 477 4376 4376 575 495 4377 4377 559 512 4378 4378 560 513 4379 4379 576 496 4380 4380 560 513 4381 4381 561 515 4382 4382 577 501 4383 4383 561 515 4384 4384 562 517 4385 4385 582 499 4386 4386 581 498 4387 4387 565 507 4388 4388 581 498 4389 4389 580 497 4390 4390 564 505 4391 4391 626 523 4392 4392 612 560 4393 4393 613 524 4394 4394 608 494 4395 4395 601 535 4396 4396 616 526 4397 4397 617 527 4398 4398 590 538 4399 4399 588 528 4400 4400 620 529 4401 4401 595 565 4402 4402 594 530 4403 4403 598 532 4404 4404 596 566 4405 4405 621 533 4406 4406 617 527 4407 4407 616 526 4408 4408 601 535 4409 4409 618 537 4410 4410 592 563 4411 4411 590 538 4412 4412 622 534 4413 4413 607 539 4414 4414 462 406 4415 4415 621 533 4416 4416 606 547 4417 4417 607 539 4418 4418 602 536 4419 4419 601 535 4420 4420 623 540 4421 4421 607 539 4422 4422 606 547 4423 4423 628 542 4424 4424 630 407 4425 4425 462 406 4426 4426 607 539 4427 4427 603 544 4428 4428 602 536 4429 4429 624 541 4430 4430 605 546 4431 4431 604 548 4432 4432 626 523 4433 4433 623 540 4434 4434 601 535 4435 4435 608 494 4436 4436 606 547 4437 4437 605 546 4438 4438 627 525 4439 4439 604 548 4440 4440 603 544 4441 4441 625 545 4442 4442 614 549 4443 4443 633 553 4444 4444 597 550 4445 4445 615 551 4446 4446 597 550 4447 4447 453 552 4448 4448 613 524 4449 4449 632 562 4450 4450 633 553 4451 4451 566 509 4452 4452 600 508 4453 4453 631 554 4454 4454 610 556 4455 4455 589 561 4456 4456 591 557 4457 4457 611 558 4458 4458 591 557 4459 4459 593 559 4460 4460 609 555 4461 4461 631 554 4462 4462 589 561 4463 4463 612 560 4464 4464 593 559 4465 4465 632 562 4466 4466 618 537 4467 4467 603 544 4468 4468 604 548 4469 4469 619 531 4470 4470 594 530 4471 4471 592 563 4472 4472 619 531 4473 4473 604 548 4474 4474 605 546 4475 4475 588 528 4476 4476 551 990 4477 4477 574 492 4478 4478 620 529 4479 4479 605 546 4480 4480 606 547 4481 4481 618 537 4482 4482 617 527 4483 4483 602 536 4484 4484 599 564 4485 4485 598 532 4486 4486 622 534 4487 4487 595 565 4488 4488 620 529 4489 4489 621 533 4490 4490 623 540 4491 4491 582 499 4492 4492 566 509 4493 4493 628 542 4494 4494 627 525 4495 4495 613 524 4496 4496 623 540 4497 4497 609 555 4498 4498 610 556 4499 4499 624 541 4500 4500 610 556 4501 4501 611 558 4502 4502 625 545 4503 4503 611 558 4504 4504 612 560 4505 4505 630 407 4506 4506 629 543 4507 4507 615 551 4508 4508 629 543 4509 4509 628 542 4510 4510 614 549 4511 4511 759 652 4512 4512 760 688 4513 4513 780 653 4514 4514 762 655 4515 4515 763 687 4516 4516 783 656 4517 4517 766 658 4518 4518 786 689 4519 4519 785 659 4520 4520 758 661 4521 4521 778 691 4522 4522 777 662 4523 4523 767 664 4524 4524 751 670 4525 4525 752 665 4526 4526 769 667 4527 4527 749 683 4528 4528 753 668 4529 4529 770 669 4530 4530 753 668 4531 4531 751 670 4532 4532 771 671 4533 4533 768 666 4534 4534 752 665 4535 4535 772 673 4536 4536 750 682 4537 4537 754 674 4538 4538 774 676 4539 4539 773 675 4540 4540 754 674 4541 4541 774 676 4542 4542 755 677 4543 4543 756 678 4544 4544 776 680 4545 4545 775 679 4546 4546 756 678 4547 4547 771 671 4548 4548 1016 672 4549 4549 750 682 4550 4550 769 667 4551 4551 776 680 4552 4552 788 681 4553 4553 761 684 4554 4554 762 655 4555 4555 782 657 4556 4556 764 686 4557 4557 784 690 4558 4558 783 656 4559 4559 760 688 4560 4560 757 663 4561 4561 777 662 4562 4562 759 652 4563 4563 779 654 4564 4564 786 689 4565 4565 764 686 4566 4566 765 660 4567 4567 785 659 4568 4568 761 684 4569 4569 781 685 4570 4570 778 691 4571 4571 758 661 4572 4572 757 663 4573 4573 767 664 4574 4574 759 652 4575 4575 769 667 4576 4576 770 669 4577 4577 760 688 4578 4578 770 669 4579 4579 767 664 4580 4580 761 684 4581 4581 758 661 4582 4582 768 666 4583 4583 763 687 4584 4584 762 655 4585 4585 772 673 4586 4586 763 687 4587 4587 773 675 4588 4588 774 676 4589 4589 765 660 4590 4590 764 686 4591 4591 774 676 4592 4592 765 660 4593 4593 775 679 4594 4594 776 680 4595 4595 761 684 4596 4596 771 671 4597 4597 772 673 4598 4598 759 652 4599 4599 766 658 4600 4600 776 680 4601 4601 798 692 4602 4602 799 726 4603 4603 819 693 4604 4604 801 695 4605 4605 802 725 4606 4606 822 696 4607 4607 805 698 4608 4608 825 727 4609 4609 824 699 4610 4610 797 701 4611 4611 817 729 4612 4612 816 702 4613 4613 806 704 4614 4614 790 710 4615 4615 791 705 4616 4616 808 707 4617 4617 787 721 4618 4618 792 708 4619 4619 809 709 4620 4620 792 708 4621 4621 790 710 4622 4622 810 711 4623 4623 807 706 4624 4624 791 705 4625 4625 811 712 4626 4626 788 681 4627 4627 793 713 4628 4628 813 715 4629 4629 812 714 4630 4630 793 713 4631 4631 813 715 4632 4632 794 716 4633 4633 795 717 4634 4634 815 719 4635 4635 814 718 4636 4636 795 717 4637 4637 810 711 4638 4638 749 683 4639 4639 788 681 4640 4640 808 707 4641 4641 815 719 4642 4642 789 720 4643 4643 800 722 4644 4644 801 695 4645 4645 821 697 4646 4646 803 724 4647 4647 823 728 4648 4648 822 696 4649 4649 799 726 4650 4650 796 703 4651 4651 816 702 4652 4652 798 692 4653 4653 818 694 4654 4654 825 727 4655 4655 803 724 4656 4656 804 700 4657 4657 824 699 4658 4658 800 722 4659 4659 820 723 4660 4660 817 729 4661 4661 797 701 4662 4662 796 703 4663 4663 806 704 4664 4664 798 692 4665 4665 808 707 4666 4666 809 709 4667 4667 799 726 4668 4668 809 709 4669 4669 806 704 4670 4670 800 722 4671 4671 797 701 4672 4672 807 706 4673 4673 802 725 4674 4674 801 695 4675 4675 811 712 4676 4676 802 725 4677 4677 812 714 4678 4678 813 715 4679 4679 804 700 4680 4680 803 724 4681 4681 813 715 4682 4682 804 700 4683 4683 814 718 4684 4684 815 719 4685 4685 800 722 4686 4686 810 711 4687 4687 811 712 4688 4688 798 692 4689 4689 805 698 4690 4690 815 719 4691 4691 836 730 4692 4692 837 764 4693 4693 857 731 4694 4694 839 733 4695 4695 840 763 4696 4696 860 734 4697 4697 843 736 4698 4698 863 765 4699 4699 862 737 4700 4700 835 739 4701 4701 855 767 4702 4702 854 740 4703 4703 844 742 4704 4704 828 748 4705 4705 829 743 4706 4706 846 745 4707 4707 826 759 4708 4708 830 746 4709 4709 847 747 4710 4710 830 746 4711 4711 828 748 4712 4712 848 749 4713 4713 845 744 4714 4714 829 743 4715 4715 849 750 4716 4716 789 720 4717 4717 831 751 4718 4718 851 753 4719 4719 850 752 4720 4720 831 751 4721 4721 851 753 4722 4722 832 754 4723 4723 833 755 4724 4724 853 757 4725 4725 852 756 4726 4726 833 755 4727 4727 848 749 4728 4728 787 721 4729 4729 789 720 4730 4730 846 745 4731 4731 853 757 4732 4732 827 758 4733 4733 838 760 4734 4734 839 733 4735 4735 859 735 4736 4736 841 762 4737 4737 861 766 4738 4738 860 734 4739 4739 837 764 4740 4740 834 741 4741 4741 854 740 4742 4742 836 730 4743 4743 856 732 4744 4744 863 765 4745 4745 841 762 4746 4746 842 738 4747 4747 862 737 4748 4748 838 760 4749 4749 858 761 4750 4750 855 767 4751 4751 835 739 4752 4752 834 741 4753 4753 844 742 4754 4754 836 730 4755 4755 846 745 4756 4756 847 747 4757 4757 837 764 4758 4758 847 747 4759 4759 844 742 4760 4760 838 760 4761 4761 835 739 4762 4762 845 744 4763 4763 840 763 4764 4764 839 733 4765 4765 849 750 4766 4766 840 763 4767 4767 850 752 4768 4768 851 753 4769 4769 842 738 4770 4770 841 762 4771 4771 851 753 4772 4772 842 738 4773 4773 852 756 4774 4774 853 757 4775 4775 838 760 4776 4776 848 749 4777 4777 849 750 4778 4778 836 730 4779 4779 843 736 4780 4780 853 757 4781 4781 873 768 4782 4782 874 802 4783 4783 894 769 4784 4784 876 771 4785 4785 877 801 4786 4786 897 772 4787 4787 880 774 4788 4788 900 803 4789 4789 899 775 4790 4790 872 777 4791 4791 892 805 4792 4792 891 778 4793 4793 881 780 4794 4794 865 786 4795 4795 866 781 4796 4796 883 783 4797 4797 903 797 4798 4798 867 784 4799 4799 884 785 4800 4800 867 784 4801 4801 865 786 4802 4802 885 787 4803 4803 882 782 4804 4804 866 781 4805 4805 886 788 4806 4806 827 758 4807 4807 868 789 4808 4808 888 791 4809 4809 887 790 4810 4810 868 789 4811 4811 888 791 4812 4812 869 792 4813 4813 870 793 4814 4814 890 795 4815 4815 889 794 4816 4816 870 793 4817 4817 885 787 4818 4818 826 759 4819 4819 827 758 4820 4820 883 783 4821 4821 890 795 4822 4822 864 796 4823 4823 875 798 4824 4824 876 771 4825 4825 896 773 4826 4826 878 800 4827 4827 898 804 4828 4828 897 772 4829 4829 874 802 4830 4830 871 779 4831 4831 891 778 4832 4832 873 768 4833 4833 893 770 4834 4834 900 803 4835 4835 878 800 4836 4836 879 776 4837 4837 899 775 4838 4838 875 798 4839 4839 895 799 4840 4840 892 805 4841 4841 872 777 4842 4842 871 779 4843 4843 881 780 4844 4844 873 768 4845 4845 883 783 4846 4846 884 785 4847 4847 874 802 4848 4848 884 785 4849 4849 881 780 4850 4850 875 798 4851 4851 872 777 4852 4852 882 782 4853 4853 877 801 4854 4854 876 771 4855 4855 886 788 4856 4856 877 801 4857 4857 887 790 4858 4858 888 791 4859 4859 879 776 4860 4860 878 800 4861 4861 888 791 4862 4862 879 776 4863 4863 889 794 4864 4864 890 795 4865 4865 875 798 4866 4866 885 787 4867 4867 886 788 4868 4868 873 768 4869 4869 880 774 4870 4870 890 795 4871 4871 912 806 4872 4872 913 839 4873 4873 933 807 4874 4874 915 809 4875 4875 916 838 4876 4876 936 810 4877 4877 919 812 4878 4878 939 840 4879 4879 938 813 4880 4880 911 815 4881 4881 931 841 4882 4882 930 690 4883 4883 920 817 4884 4884 904 823 4885 4885 905 818 4886 4886 922 820 4887 4887 901 834 4888 4888 906 821 4889 4889 923 822 4890 4890 906 821 4891 4891 904 823 4892 4892 924 824 4893 4893 921 819 4894 4894 905 818 4895 4895 925 825 4896 4896 864 796 4897 4897 907 826 4898 4898 927 828 4899 4899 926 827 4900 4900 907 826 4901 4901 927 828 4902 4902 908 829 4903 4903 909 830 4904 4904 929 832 4905 4905 928 831 4906 4906 909 830 4907 4907 924 824 4908 4908 903 797 4909 4909 864 796 4910 4910 922 820 4911 4911 929 832 4912 4912 902 833 4913 4913 914 835 4914 4914 915 809 4915 4915 935 811 4916 4916 917 837 4917 4917 937 662 4918 4918 936 810 4919 4919 913 839 4920 4920 910 816 4921 4921 930 690 4922 4922 912 806 4923 4923 932 808 4924 4924 939 840 4925 4925 917 837 4926 4926 918 814 4927 4927 938 813 4928 4928 914 835 4929 4929 934 836 4930 4930 931 841 4931 4931 911 815 4932 4932 910 816 4933 4933 920 817 4934 4934 912 806 4935 4935 922 820 4936 4936 923 822 4937 4937 913 839 4938 4938 923 822 4939 4939 920 817 4940 4940 914 835 4941 4941 911 815 4942 4942 921 819 4943 4943 916 838 4944 4944 915 809 4945 4945 925 825 4946 4946 916 838 4947 4947 926 827 4948 4948 927 828 4949 4949 918 814 4950 4950 917 837 4951 4951 927 828 4952 4952 918 814 4953 4953 928 831 4954 4954 929 832 4955 4955 914 835 4956 4956 924 824 4957 4957 925 825 4958 4958 912 806 4959 4959 919 812 4960 4960 929 832 4961 4961 950 842 4962 4962 951 875 4963 4963 971 843 4964 4964 953 845 4965 4965 954 874 4966 4966 974 846 4967 4967 957 848 4968 4968 977 876 4969 4969 976 849 4970 4970 949 851 4971 4971 969 877 4972 4972 968 728 4973 4973 958 853 4974 4974 942 859 4975 4975 943 854 4976 4976 960 856 4977 4977 940 870 4978 4978 944 857 4979 4979 961 858 4980 4980 944 857 4981 4981 942 859 4982 4982 962 860 4983 4983 959 855 4984 4984 943 854 4985 4985 963 861 4986 4986 902 833 4987 4987 945 862 4988 4988 965 864 4989 4989 964 863 4990 4990 945 862 4991 4991 965 864 4992 4992 946 865 4993 4993 947 866 4994 4994 967 868 4995 4995 966 867 4996 4996 947 866 4997 4997 962 860 4998 4998 901 834 4999 4999 902 833 5000 5000 960 856 5001 5001 967 868 5002 5002 941 869 5003 5003 952 871 5004 5004 953 845 5005 5005 973 847 5006 5006 955 873 5007 5007 975 702 5008 5008 974 846 5009 5009 951 875 5010 5010 948 852 5011 5011 968 728 5012 5012 950 842 5013 5013 970 844 5014 5014 977 876 5015 5015 955 873 5016 5016 956 850 5017 5017 976 849 5018 5018 952 871 5019 5019 972 872 5020 5020 969 877 5021 5021 949 851 5022 5022 948 852 5023 5023 958 853 5024 5024 950 842 5025 5025 960 856 5026 5026 961 858 5027 5027 951 875 5028 5028 961 858 5029 5029 958 853 5030 5030 952 871 5031 5031 949 851 5032 5032 959 855 5033 5033 954 874 5034 5034 953 845 5035 5035 963 861 5036 5036 954 874 5037 5037 964 863 5038 5038 965 864 5039 5039 956 850 5040 5040 955 873 5041 5041 965 864 5042 5042 956 850 5043 5043 966 867 5044 5044 967 868 5045 5045 952 871 5046 5046 962 860 5047 5047 963 861 5048 5048 950 842 5049 5049 957 848 5050 5050 967 868 5051 5051 988 878 5052 5052 989 911 5053 5053 1009 879 5054 5054 991 881 5055 5055 992 910 5056 5056 1012 882 5057 5057 995 884 5058 5058 1015 912 5059 5059 1014 885 5060 5060 987 887 5061 5061 1007 913 5062 5062 1006 766 5063 5063 996 889 5064 5064 980 895 5065 5065 981 890 5066 5066 998 892 5067 5067 978 906 5068 5068 982 893 5069 5069 999 894 5070 5070 982 893 5071 5071 980 895 5072 5072 1000 896 5073 5073 997 891 5074 5074 981 890 5075 5075 1001 897 5076 5076 941 869 5077 5077 983 898 5078 5078 1003 900 5079 5079 1002 899 5080 5080 983 898 5081 5081 1003 900 5082 5082 984 901 5083 5083 985 902 5084 5084 1005 904 5085 5085 1004 903 5086 5086 985 902 5087 5087 1000 896 5088 5088 940 870 5089 5089 941 869 5090 5090 998 892 5091 5091 1005 904 5092 5092 979 905 5093 5093 990 907 5094 5094 991 881 5095 5095 1011 883 5096 5096 993 909 5097 5097 1013 740 5098 5098 1012 882 5099 5099 989 911 5100 5100 986 888 5101 5101 1006 766 5102 5102 988 878 5103 5103 1008 880 5104 5104 1015 912 5105 5105 993 909 5106 5106 994 886 5107 5107 1014 885 5108 5108 990 907 5109 5109 1010 908 5110 5110 1007 913 5111 5111 987 887 5112 5112 986 888 5113 5113 996 889 5114 5114 988 878 5115 5115 998 892 5116 5116 999 894 5117 5117 989 911 5118 5118 999 894 5119 5119 996 889 5120 5120 990 907 5121 5121 987 887 5122 5122 997 891 5123 5123 992 910 5124 5124 991 881 5125 5125 1001 897 5126 5126 992 910 5127 5127 1002 899 5128 5128 1003 900 5129 5129 994 886 5130 5130 993 909 5131 5131 1003 900 5132 5132 994 886 5133 5133 1004 903 5134 5134 1005 904 5135 5135 990 907 5136 5136 1000 896 5137 5137 1001 897 5138 5138 988 878 5139 5139 995 884 5140 5140 1005 904 5141 5141 1025 914 5142 5142 1026 945 5143 5143 1046 915 5144 5144 1028 917 5145 5145 1029 944 5146 5146 1049 918 5147 5147 1032 920 5148 5148 1052 946 5149 5149 1051 921 5150 5150 1024 923 5151 5151 1044 947 5152 5152 1043 804 5153 5153 1033 925 5154 5154 1017 931 5155 5155 1018 926 5156 5156 1035 928 5157 5157 1016 672 5158 5158 1019 929 5159 5159 1036 930 5160 5160 1019 929 5161 5161 1017 931 5162 5162 1037 932 5163 5163 1034 927 5164 5164 1018 926 5165 5165 1038 933 5166 5166 979 905 5167 5167 1020 934 5168 5168 1040 936 5169 5169 1039 935 5170 5170 1020 934 5171 5171 1040 936 5172 5172 1021 937 5173 5173 1022 938 5174 5174 1042 940 5175 5175 1041 939 5176 5176 1022 938 5177 5177 1037 932 5178 5178 978 906 5179 5179 979 905 5180 5180 1035 928 5181 5181 1042 940 5182 5182 750 682 5183 5183 1027 941 5184 5184 1028 917 5185 5185 1048 919 5186 5186 1030 943 5187 5187 1050 778 5188 5188 1049 918 5189 5189 1026 945 5190 5190 1023 924 5191 5191 1043 804 5192 5192 1025 914 5193 5193 1045 916 5194 5194 1052 946 5195 5195 1030 943 5196 5196 1031 922 5197 5197 1051 921 5198 5198 1027 941 5199 5199 1047 942 5200 5200 1044 947 5201 5201 1024 923 5202 5202 1023 924 5203 5203 1033 925 5204 5204 1025 914 5205 5205 1035 928 5206 5206 1036 930 5207 5207 1026 945 5208 5208 1036 930 5209 5209 1033 925 5210 5210 1027 941 5211 5211 1024 923 5212 5212 1034 927 5213 5213 1029 944 5214 5214 1028 917 5215 5215 1038 933 5216 5216 1029 944 5217 5217 1039 935 5218 5218 1040 936 5219 5219 1031 922 5220 5220 1030 943 5221 5221 1040 936 5222 5222 1031 922 5223 5223 1041 939 5224 5224 1042 940 5225 5225 1027 941 5226 5226 1037 932 5227 5227 1038 933 5228 5228 1025 914 5229 5229 1032 920 5230 5230 1042 940 5231 5231 1134 948 5232 5232 1127 948 5233 5233 1139 948 5234 5234 1144 948 5235 5235 1137 948 5236 5236 1149 948 5237 5237 1154 948 5238 5238 1147 948 5239 5239 1159 948 5240 5240 1164 948 5241 5241 1157 948 5242 5242 1089 948 5243 5243 1094 948 5244 5244 1087 948 5245 5245 1099 948 5246 5246 1104 948 5247 5247 1097 948 5248 5248 1109 948 5249 5249 1114 948 5250 5250 1107 948 5251 5251 1119 948 5252 5252 1124 948 5253 5253 1117 948 5254 5254 1129 948 5255 5255 357 991 5256 5256 354 991 5257 5257 356 991 5258 5258 1183 955 5259 5259 1182 968 5260 5260 1189 949 5261 5261 1182 968 5262 5262 1194 967 5263 5263 1190 979 5264 5264 1189 949 5265 5265 1182 968 5266 5266 1190 979 5267 5267 1189 949 5268 5268 1188 977 5269 5269 1187 972 5270 5270 1187 972 5271 5271 1186 970 5272 5272 1189 949 5273 5273 1186 970 5274 5274 1195 950 5275 5275 1189 949 5276 5276 1195 950 5277 5277 1196 978 5278 5278 1184 951 5279 5279 1196 978 5280 5280 1192 958 5281 5281 1184 951 5282 5282 1192 958 5283 5283 1185 969 5284 5284 1184 951 5285 5285 1184 951 5286 5286 1191 962 5287 5287 1193 960 5288 5288 1193 960 5289 5289 1197 956 5290 5290 1184 951 5291 5291 1197 956 5292 5292 1183 955 5293 5293 1184 951 5294 5294 1183 955 5295 5295 1189 949 5296 5296 1184 951 5297 5297 1166 952 5298 5298 1191 962 5299 5299 1184 951 5300 5300 1181 954 5301 5301 1180 964 5302 5302 1183 955 5303 5303 1170 957 5304 5304 1185 969 5305 5305 1192 958 5306 5306 1181 954 5307 5307 1197 956 5308 5308 1193 960 5309 5309 1167 961 5310 5310 1193 960 5311 5311 1191 962 5312 5312 1179 963 5313 5313 1182 968 5314 5314 1183 955 5315 5315 1171 965 5316 5316 1196 978 5317 5317 1195 950 5318 5318 1179 963 5319 5319 1178 975 5320 5320 1194 967 5321 5321 1170 957 5322 5322 1168 953 5323 5323 1184 951 5324 5324 1172 966 5325 5325 1195 950 5326 5326 1186 970 5327 5327 1173 971 5328 5328 1186 970 5329 5329 1187 972 5330 5330 1177 974 5331 5331 1190 979 5332 5332 1194 967 5333 5333 1175 976 5334 5334 1174 973 5335 5335 1187 972 5336 5336 1171 965 5337 5337 1169 959 5338 5338 1192 958 5339 5339 1177 974 5340 5340 1176 980 5341 5341 1189 949 5342 5342 1176 980 5343 5343 1175 976 5344 5344 1188 977 5345 5345</p>
        </triangles>
      </mesh>
    </geometry>
    <geometry id="daewon_dcx_01a_15x7_004-mesh" name="daewon_dcx_01a_15x7.004">
      <mesh>
        <source id="daewon_dcx_01a_15x7_004-mesh-positions">
          <float_array id="daewon_dcx_01a_15x7_004-mesh-positions-array" count="195">8.629036 2.85379e-5 8.125208 8.629036 1.585195 7.969086 8.629036 3.109426 7.506711 8.629036 4.514177 6.755861 8.629036 5.745409 5.74537 8.629036 8.125241 -3.38554e-5 8.629036 6.755897 4.514093 8.629036 7.506742 3.109351 8.629036 7.96912 1.58511 8.629036 5.745388 -5.745436 8.629036 7.969086 -1.585194 8.629036 7.506711 -3.109426 8.629036 6.755861 -4.514176 8.629036 -3.33786e-5 -8.125241 8.629036 4.514094 -6.755897 8.629036 3.109351 -7.506742 8.629036 1.585111 -7.96912 8.629036 -5.745435 -5.745389 8.629036 -1.585194 -7.969087 8.629036 -3.109425 -7.506711 8.629036 -4.514176 -6.755862 8.629036 -8.125241 3.26286e-5 8.629036 -6.755896 -4.514094 8.629036 -7.506742 -3.109352 8.629036 -7.96912 -1.585111 8.629036 -5.745389 5.745435 8.629036 -7.969087 1.585193 8.629036 -7.506711 3.109425 8.629036 -6.755861 4.514175 8.629036 -4.514095 6.755897 8.629036 -3.109352 7.506741 8.629036 -1.585112 7.969119 9.438103 -1.53425e-6 -3.59239e-6 8.9142 1.026482 5.160327 8.9142 1.79388e-5 5.261423 8.9142 -1.026429 5.160348 8.9142 -2.013441 4.860939 8.9142 -2.923073 4.374734 8.9142 -3.720389 3.720417 8.9142 -4.374714 2.923123 8.9142 -4.860921 2.013486 8.9142 -5.16033 1.02648 8.9142 -5.261446 1.98622e-5 8.9142 -5.160351 -1.02643 8.9142 -4.860942 -2.013441 8.9142 -4.374736 -2.923073 8.9142 -3.720419 -3.72039 8.9142 -2.923125 -4.374715 8.9142 -2.013488 -4.860923 8.9142 -1.026482 -5.160331 8.9142 -2.21548e-5 -5.261447 8.9142 1.026427 -5.160352 8.9142 2.013439 -4.860943 8.9142 2.923071 -4.374738 8.9142 3.720388 -3.72042 8.9142 4.374712 -2.923126 8.9142 4.86092 -2.013489 8.9142 5.160328 -1.026483 8.9142 5.261445 -2.3189e-5 8.9142 5.16035 1.026426 8.9142 4.860941 2.013438 8.9142 4.374736 2.92307 8.9142 3.720401 3.720375 8.9142 2.923125 4.374711 8.9142 2.013488 4.860919</float_array>
          <technique_common>
            <accessor source="#daewon_dcx_01a_15x7_004-mesh-positions-array" count="65" stride="3">
              <param name="X" type="float"/>
              <param name="Y" type="float"/>
              <param name="Z" type="float"/>
            </accessor>
          </technique_common>
        </source>
        <source id="daewon_dcx_01a_15x7_004-mesh-normals">
          <float_array id="daewon_dcx_01a_15x7_004-mesh-normals-array" count="99">0.9950801 0.01931864 0.09717327 0.995081 0 0.09906554 1 0 0 0.9950801 -0.01931864 0.09717327 0.9950809 -0.03790491 0.09152728 0.9950815 -0.05502623 0.08237153 0.9950821 -0.07004177 0.07004177 0.9950815 -0.08237153 0.05502623 0.9950809 -0.09152728 0.03790491 0.9950801 -0.09717327 0.01931864 0.995081 -0.09906554 0 0.9950801 -0.09717327 -0.01931864 0.9950809 -0.09152728 -0.03790491 0.9950815 -0.08237153 -0.05502623 0.9950821 -0.07004177 -0.07004177 0.9950815 -0.05502623 -0.08237153 0.9950809 -0.03790491 -0.09152728 0.9950801 -0.01931864 -0.09717327 0.995081 0 -0.09906554 0.9950801 0.01931864 -0.09717327 0.9950809 0.03790491 -0.09152728 0.9950815 0.05502623 -0.08237153 0.9950821 0.07004177 -0.07004177 0.9950815 0.08237153 -0.05502623 0.9950809 0.09152728 -0.03790491 0.9950801 0.09717327 -0.01931864 0.995081 0.09906554 0 0.9950801 0.09717327 0.01931864 0.9950809 0.09152728 0.03790491 0.9950815 0.08237153 0.05502623 0.9950821 0.07004177 0.07004177 0.9950815 0.05502623 0.08237153 0.9950809 0.03790491 0.09152728</float_array>
          <technique_common>
            <accessor source="#daewon_dcx_01a_15x7_004-mesh-normals-array" count="33" stride="3">
              <param name="X" type="float"/>
              <param name="Y" type="float"/>
              <param name="Z" type="float"/>
            </accessor>
          </technique_common>
        </source>
        <source id="daewon_dcx_01a_15x7_004-mesh-map-0">
          <float_array id="daewon_dcx_01a_15x7_004-mesh-map-0-array" count="576">0.5124278 0.5624774 0.5000002 0.5637013 0.5 0.5000002 0.5000002 0.5637013 0.4875728 0.5624777 0.5 0.5000002 0.4875728 0.5624777 0.4756228 0.5588527 0.5 0.5000002 0.4756228 0.5588527 0.4646097 0.5529661 0.5 0.5000002 0.4646097 0.5529661 0.4549564 0.5450441 0.5 0.5000002 0.4549564 0.5450441 0.4470344 0.5353912 0.5 0.5000002 0.4470344 0.5353912 0.4411478 0.524378 0.5 0.5000002 0.4411478 0.524378 0.4375228 0.512428 0.5 0.5000002 0.4375228 0.512428 0.4362985 0.5000004 0.5 0.5000002 0.4362985 0.5000004 0.4375225 0.487573 0.5 0.5000002 0.4375225 0.487573 0.4411475 0.475623 0.5 0.5000002 0.4411475 0.475623 0.4470341 0.4646099 0.5 0.5000002 0.4470341 0.4646099 0.4549561 0.4549566 0.5 0.5000002 0.4549561 0.4549566 0.4646091 0.4470345 0.5 0.5000002 0.4646091 0.4470345 0.4756222 0.4411479 0.5 0.5000002 0.4756222 0.4411479 0.4875721 0.4375229 0.5 0.5000002 0.4875721 0.4375229 0.4999997 0.4362987 0.5 0.5000002 0.4999997 0.4362987 0.5124272 0.4375227 0.5 0.5000002 0.5124272 0.4375227 0.5243772 0.4411477 0.5 0.5000002 0.5243772 0.4411477 0.5353903 0.4470343 0.5 0.5000002 0.5353903 0.4470343 0.5450436 0.4549562 0.5 0.5000002 0.5450436 0.4549562 0.5529657 0.4646093 0.5 0.5000002 0.5529657 0.4646093 0.5588522 0.4756224 0.5 0.5000002 0.5588522 0.4756224 0.5624772 0.4875724 0.5 0.5000002 0.5624772 0.4875724 0.5637015 0.4999999 0.5 0.5000002 0.5637015 0.4999999 0.5624775 0.5124274 0.5 0.5000002 0.5624775 0.5124274 0.5588524 0.5243774 0.5 0.5000002 0.5588524 0.5243774 0.5529659 0.5353904 0.5 0.5000002 0.5529659 0.5353904 0.5450437 0.5450437 0.5 0.5000002 0.5450437 0.5450437 0.535391 0.5529658 0.5 0.5000002 0.535391 0.5529658 0.5243777 0.5588524 0.5 0.5000002 0.5243777 0.5588524 0.5124278 0.5624774 0.5 0.5000002 0.5191923 0.5964837 0.5243777 0.5588524 0.5376465 0.5908855 0.5376465 0.5908855 0.535391 0.5529658 0.5546541 0.5817949 0.569561 0.5695607 0.535391 0.5529658 0.5450437 0.5450437 0.569561 0.5695607 0.5529659 0.5353904 0.5817951 0.5546533 0.5817951 0.5546533 0.5588524 0.5243774 0.5908858 0.5376458 0.5908858 0.5376458 0.5624775 0.5124274 0.596484 0.5191915 0.596484 0.5191915 0.5637015 0.4999999 0.598374 0.4999998 0.5964835 0.4808079 0.5637015 0.4999999 0.5624772 0.4875724 0.5964835 0.4808079 0.5588522 0.4756224 0.5908854 0.4623537 0.5908854 0.4623537 0.5529657 0.4646093 0.5817947 0.4453461 0.5817947 0.4453461 0.5450436 0.4549562 0.5695607 0.4304389 0.5546532 0.4182051 0.5450436 0.4549562 0.5353903 0.4470343 0.5546532 0.4182051 0.5243772 0.4411477 0.5376456 0.4091144 0.5376456 0.4091144 0.5124272 0.4375227 0.5191913 0.4035164 0.5191913 0.4035164 0.4999997 0.4362987 0.4999996 0.4016262 0.4808077 0.4035167 0.4999997 0.4362987 0.4875721 0.4375229 0.4808077 0.4035167 0.4756222 0.4411479 0.4623535 0.4091148 0.4623535 0.4091148 0.4646091 0.4470345 0.4453459 0.4182055 0.4453459 0.4182055 0.4549561 0.4549566 0.4304388 0.4304395 0.4182049 0.445347 0.4549561 0.4549566 0.4470341 0.4646099 0.4182049 0.445347 0.4411475 0.475623 0.4091142 0.4623546 0.4091142 0.4623546 0.4375225 0.487573 0.4035161 0.4808089 0.4035161 0.4808089 0.4362985 0.5000004 0.4016259 0.5000006 0.4035165 0.5191925 0.4362985 0.5000004 0.4375228 0.512428 0.4035165 0.5191925 0.4411478 0.524378 0.4091145 0.5376467 0.4091145 0.5376467 0.4470344 0.5353912 0.4182053 0.5546543 0.4182053 0.5546543 0.4549564 0.5450441 0.4304393 0.5695615 0.4453468 0.5817953 0.4549564 0.5450441 0.4646097 0.5529661 0.4453468 0.5817953 0.4756228 0.5588527 0.4623544 0.5908859 0.4623544 0.5908859 0.4875728 0.5624777 0.4808087 0.5964841 0.5000003 0.5983739 0.4875728 0.5624777 0.5000002 0.5637013 0.5000003 0.5983739 0.5124278 0.5624774 0.5191923 0.5964837 0.5191923 0.5964837 0.5124278 0.5624774 0.5243777 0.5588524 0.5376465 0.5908855 0.5243777 0.5588524 0.535391 0.5529658 0.569561 0.5695607 0.5546541 0.5817949 0.535391 0.5529658 0.569561 0.5695607 0.5450437 0.5450437 0.5529659 0.5353904 0.5817951 0.5546533 0.5529659 0.5353904 0.5588524 0.5243774 0.5908858 0.5376458 0.5588524 0.5243774 0.5624775 0.5124274 0.596484 0.5191915 0.5624775 0.5124274 0.5637015 0.4999999 0.5964835 0.4808079 0.598374 0.4999998 0.5637015 0.4999999 0.5964835 0.4808079 0.5624772 0.4875724 0.5588522 0.4756224 0.5908854 0.4623537 0.5588522 0.4756224 0.5529657 0.4646093 0.5817947 0.4453461 0.5529657 0.4646093 0.5450436 0.4549562 0.5546532 0.4182051 0.5695607 0.4304389 0.5450436 0.4549562 0.5546532 0.4182051 0.5353903 0.4470343 0.5243772 0.4411477 0.5376456 0.4091144 0.5243772 0.4411477 0.5124272 0.4375227 0.5191913 0.4035164 0.5124272 0.4375227 0.4999997 0.4362987 0.4808077 0.4035167 0.4999996 0.4016262 0.4999997 0.4362987 0.4808077 0.4035167 0.4875721 0.4375229 0.4756222 0.4411479 0.4623535 0.4091148 0.4756222 0.4411479 0.4646091 0.4470345 0.4453459 0.4182055 0.4646091 0.4470345 0.4549561 0.4549566 0.4182049 0.445347 0.4304388 0.4304395 0.4549561 0.4549566 0.4182049 0.445347 0.4470341 0.4646099 0.4411475 0.475623 0.4091142 0.4623546 0.4411475 0.475623 0.4375225 0.487573 0.4035161 0.4808089 0.4375225 0.487573 0.4362985 0.5000004 0.4035165 0.5191925 0.4016259 0.5000006 0.4362985 0.5000004 0.4035165 0.5191925 0.4375228 0.512428 0.4411478 0.524378 0.4091145 0.5376467 0.4411478 0.524378 0.4470344 0.5353912 0.4182053 0.5546543 0.4470344 0.5353912 0.4549564 0.5450441 0.4453468 0.5817953 0.4304393 0.5695615 0.4549564 0.5450441 0.4453468 0.5817953 0.4646097 0.5529661 0.4756228 0.5588527 0.4623544 0.5908859 0.4756228 0.5588527 0.4875728 0.5624777 0.5000003 0.5983739 0.4808087 0.5964841 0.4875728 0.5624777 0.5000003 0.5983739 0.5000002 0.5637013 0.5124278 0.5624774</float_array>
          <technique_common>
            <accessor source="#daewon_dcx_01a_15x7_004-mesh-map-0-array" count="288" stride="2">
              <param name="S" type="float"/>
              <param name="T" type="float"/>
            </accessor>
          </technique_common>
        </source>
        <source id="daewon_dcx_01a_15x7_004-mesh-colors-geom-steelwheel_01a_15x8-map0" name="geom-steelwheel_01a_15x8-map0">
          <float_array id="daewon_dcx_01a_15x7_004-mesh-colors-geom-steelwheel_01a_15x8-map0-array" count="1152">1 1 1 1 1 1 1 1 1 1 1 1 1 1 1 1 1 1 1 1 1 1 1 1 1 1 1 1 1 1 1 1 1 1 1 1 1 1 1 1 1 1 1 1 1 1 1 1 1 1 1 1 1 1 1 1 1 1 1 1 1 1 1 1 1 1 1 1 1 1 1 1 1 1 1 1 1 1 1 1 1 1 1 1 1 1 1 1 1 1 1 1 1 1 1 1 1 1 1 1 1 1 1 1 1 1 1 1 1 1 1 1 1 1 1 1 1 1 1 1 1 1 1 1 1 1 1 1 1 1 1 1 1 1 1 1 1 1 1 1 1 1 1 1 1 1 1 1 1 1 1 1 1 1 1 1 1 1 1 1 1 1 1 1 1 1 1 1 1 1 1 1 1 1 1 1 1 1 1 1 1 1 1 1 1 1 1 1 1 1 1 1 1 1 1 1 1 1 1 1 1 1 1 1 1 1 1 1 1 1 1 1 1 1 1 1 1 1 1 1 1 1 1 1 1 1 1 1 1 1 1 1 1 1 1 1 1 1 1 1 1 1 1 1 1 1 1 1 1 1 1 1 1 1 1 1 1 1 1 1 1 1 1 1 1 1 1 1 1 1 1 1 1 1 1 1 1 1 1 1 1 1 1 1 1 1 1 1 1 1 1 1 1 1 1 1 1 1 1 1 1 1 1 1 1 1 1 1 1 1 1 1 1 1 1 1 1 1 1 1 1 1 1 1 1 1 1 1 1 1 1 1 1 1 1 1 1 1 1 1 1 1 1 1 1 1 1 1 1 1 1 1 1 1 1 1 1 1 1 1 1 1 1 1 1 1 1 1 1 1 1 1 1 1 1 1 1 1 1 1 1 1 1 1 1 1 1 1 1 1 1 1 1 1 1 1 1 1 1 1 1 1 1 1 1 1 1 1 1 1 1 1 1 1 1 1 1 1 1 1 1 1 1 1 1 1 1 1 1 1 1 1 1 1 1 1 1 1 1 1 1 1 1 1 1 1 1 1 1 1 1 1 1 1 1 1 1 1 1 1 1 1 1 1 1 1 1 1 1 1 1 1 1 1 1 1 1 1 1 1 1 1 1 1 1 1 1 1 1 1 1 1 1 1 1 1 1 1 1 1 1 1 1 1 1 1 1 1 1 1 1 1 1 1 1 1 1 1 1 1 1 1 1 1 1 1 1 1 1 1 1 1 1 1 1 1 1 1 1 1 1 1 1 1 1 1 1 1 1 1 1 1 1 1 1 1 1 1 1 1 1 1 1 1 1 1 1 1 1 1 1 1 1 1 1 1 1 1 1 1 1 1 1 1 1 1 1 1 1 1 1 1 1 1 1 1 1 1 1 1 1 1 1 1 1 1 1 1 1 1 1 1 1 1 1 1 1 1 1 1 1 1 1 1 1 1 1 1 1 1 1 1 1 1 1 1 1 1 1 1 1 1 1 1 1 1 1 1 1 1 1 1 1 1 1 1 1 1 1 1 1 1 1 1 1 1 1 1 1 1 1 1 1 1 1 1 1 1 1 1 1 1 1 1 1 1 1 1 1 1 1 1 1 1 1 1 1 1 1 1 1 1 1 1 1 1 1 1 1 1 1 1 1 1 1 1 1 1 1 1 1 1 1 1 1 1 1 1 1 1 1 1 1 1 1 1 1 1 1 1 1 1 1 1 1 1 1 1 1 1 1 1 1 1 1 1 1 1 1 1 1 1 1 1 1 1 1 1 1 1 1 1 1 1 1 1 1 1 1 1 1 1 1 1 1 1 1 1 1 1 1 1 1 1 1 1 1 1 1 1 1 1 1 1 1 1 1 1 1 1 1 1 1 1 1 1 1 1 1 1 1 1 1 1 1 1 1 1 1 1 1 1 1 1 1 1 1 1 1 1 1 1 1 1 1 1 1 1 1 1 1 1 1 1 1 1 1 1 1 1 1 1 1 1 1 1 1 1 1 1 1 1 1 1 1 1 1 1 1 1 1 1 1 1 1 1 1 1 1 1 1 1 1 1 1 1 1 1 1 1 1 1 1 1 1 1 1 1 1 1 1 1 1 1 1 1 1 1 1 1 1 1 1 1 1 1 1 1 1 1 1 1 1 1 1 1 1 1 1 1 1 1 1 1 1 1 1 1 1 1 1 1 1 1 1 1 1 1 1 1 1 1 1 1 1 1 1 1 1 1 1 1 1 1 1 1 1 1 1 1 1 1 1 1 1 1 1 1 1 1 1 1 1 1 1 1 1 1 1 1 1 1 1 1 1 1 1 1 1 1 1 1 1 1 1 1 1 1 1 1 1 1 1 1 1 1 1 1 1 1 1 1 1 1 1 1 1 1 1 1 1 1 1 1 1 1 1 1 1 1 1 1 1 1 1 1 1 1 1 1 1 1 1 1 1 1 1 1 1 1 1 1 1 1 1 1 1 1 1 1 1 1 1 1 1 1 1 1 1 1 1 1 1 1 1 1 1 1 1 1 1 1 1 1 1 1 1 1 1 1 1 1 1 1 1 1 1 1 1 1 1 1 1 1 1 1 1 1 1 1 1 1 1 1 1 1 1 1 1 1 1 1 1 1 1 1 1 1 1 1 1 1</float_array>
          <technique_common>
            <accessor source="#daewon_dcx_01a_15x7_004-mesh-colors-geom-steelwheel_01a_15x8-map0-array" count="288" stride="4">
              <param name="R" type="float"/>
              <param name="G" type="float"/>
              <param name="B" type="float"/>
              <param name="A" type="float"/>
            </accessor>
          </technique_common>
        </source>
        <vertices id="daewon_dcx_01a_15x7_004-mesh-vertices">
          <input semantic="POSITION" source="#daewon_dcx_01a_15x7_004-mesh-positions"/>
        </vertices>
        <triangles material="daewon_dx8_01a-material" count="96">
          <input semantic="VERTEX" source="#daewon_dcx_01a_15x7_004-mesh-vertices" offset="0"/>
          <input semantic="NORMAL" source="#daewon_dcx_01a_15x7_004-mesh-normals" offset="1"/>
          <input semantic="TEXCOORD" source="#daewon_dcx_01a_15x7_004-mesh-map-0" offset="2" set="0"/>
          <input semantic="COLOR" source="#daewon_dcx_01a_15x7_004-mesh-colors-geom-steelwheel_01a_15x8-map0" offset="3" set="0"/>
          <p>33 0 0 0 34 1 1 1 32 2 2 2 34 1 3 3 35 3 4 4 32 2 5 5 35 3 6 6 36 4 7 7 32 2 8 8 36 4 9 9 37 5 10 10 32 2 11 11 37 5 12 12 38 6 13 13 32 2 14 14 38 6 15 15 39 7 16 16 32 2 17 17 39 7 18 18 40 8 19 19 32 2 20 20 40 8 21 21 41 9 22 22 32 2 23 23 41 9 24 24 42 10 25 25 32 2 26 26 42 10 27 27 43 11 28 28 32 2 29 29 43 11 30 30 44 12 31 31 32 2 32 32 44 12 33 33 45 13 34 34 32 2 35 35 45 13 36 36 46 14 37 37 32 2 38 38 46 14 39 39 47 15 40 40 32 2 41 41 47 15 42 42 48 16 43 43 32 2 44 44 48 16 45 45 49 17 46 46 32 2 47 47 49 17 48 48 50 18 49 49 32 2 50 50 50 18 51 51 51 19 52 52 32 2 53 53 51 19 54 54 52 20 55 55 32 2 56 56 52 20 57 57 53 21 58 58 32 2 59 59 53 21 60 60 54 22 61 61 32 2 62 62 54 22 63 63 55 23 64 64 32 2 65 65 55 23 66 66 56 24 67 67 32 2 68 68 56 24 69 69 57 25 70 70 32 2 71 71 57 25 72 72 58 26 73 73 32 2 74 74 58 26 75 75 59 27 76 76 32 2 77 77 59 27 78 78 60 28 79 79 32 2 80 80 60 28 81 81 61 29 82 82 32 2 83 83 61 29 84 84 62 30 85 85 32 2 86 86 62 30 87 87 63 31 88 88 32 2 89 89 63 31 90 90 64 32 91 91 32 2 92 92 64 32 93 93 33 0 94 94 32 2 95 95 1 0 96 96 64 32 97 97 2 32 98 98 2 32 99 99 63 31 100 100 3 31 101 101 4 30 102 102 63 31 103 103 62 30 104 104 4 30 105 105 61 29 106 106 6 29 107 107 6 29 108 108 60 28 109 109 7 28 110 110 7 28 111 111 59 27 112 112 8 27 113 113 8 27 114 114 58 26 115 115 5 26 116 116 10 25 117 117 58 26 118 118 57 25 119 119 10 25 120 120 56 24 121 121 11 24 122 122 11 24 123 123 55 23 124 124 12 23 125 125 12 23 126 126 54 22 127 127 9 22 128 128 14 21 129 129 54 22 130 130 53 21 131 131 14 21 132 132 52 20 133 133 15 20 134 134 15 20 135 135 51 19 136 136 16 19 137 137 16 19 138 138 50 18 139 139 13 18 140 140 18 17 141 141 50 18 142 142 49 17 143 143 18 17 144 144 48 16 145 145 19 16 146 146 19 16 147 147 47 15 148 148 20 15 149 149 20 15 150 150 46 14 151 151 17 14 152 152 22 13 153 153 46 14 154 154 45 13 155 155 22 13 156 156 44 12 157 157 23 12 158 158 23 12 159 159 43 11 160 160 24 11 161 161 24 11 162 162 42 10 163 163 21 10 164 164 26 9 165 165 42 10 166 166 41 9 167 167 26 9 168 168 40 8 169 169 27 8 170 170 27 8 171 171 39 7 172 172 28 7 173 173 28 7 174 174 38 6 175 175 25 6 176 176 29 5 177 177 38 6 178 178 37 5 179 179 29 5 180 180 36 4 181 181 30 4 182 182 30 4 183 183 35 3 184 184 31 3 185 185 0 1 186 186 35 3 187 187 34 1 188 188 0 1 189 189 33 0 190 190 1 0 191 191 1 0 192 192 33 0 193 193 64 32 194 194 2 32 195 195 64 32 196 196 63 31 197 197 4 30 198 198 3 31 199 199 63 31 200 200 4 30 201 201 62 30 202 202 61 29 203 203 6 29 204 204 61 29 205 205 60 28 206 206 7 28 207 207 60 28 208 208 59 27 209 209 8 27 210 210 59 27 211 211 58 26 212 212 10 25 213 213 5 26 214 214 58 26 215 215 10 25 216 216 57 25 217 217 56 24 218 218 11 24 219 219 56 24 220 220 55 23 221 221 12 23 222 222 55 23 223 223 54 22 224 224 14 21 225 225 9 22 226 226 54 22 227 227 14 21 228 228 53 21 229 229 52 20 230 230 15 20 231 231 52 20 232 232 51 19 233 233 16 19 234 234 51 19 235 235 50 18 236 236 18 17 237 237 13 18 238 238 50 18 239 239 18 17 240 240 49 17 241 241 48 16 242 242 19 16 243 243 48 16 244 244 47 15 245 245 20 15 246 246 47 15 247 247 46 14 248 248 22 13 249 249 17 14 250 250 46 14 251 251 22 13 252 252 45 13 253 253 44 12 254 254 23 12 255 255 44 12 256 256 43 11 257 257 24 11 258 258 43 11 259 259 42 10 260 260 26 9 261 261 21 10 262 262 42 10 263 263 26 9 264 264 41 9 265 265 40 8 266 266 27 8 267 267 40 8 268 268 39 7 269 269 28 7 270 270 39 7 271 271 38 6 272 272 29 5 273 273 25 6 274 274 38 6 275 275 29 5 276 276 37 5 277 277 36 4 278 278 30 4 279 279 36 4 280 280 35 3 281 281 0 1 282 282 31 3 283 283 35 3 284 284 0 1 285 285 34 1 286 286 33 0 287 287</p>
        </triangles>
      </mesh>
    </geometry>
    <geometry id="daewon_dcx_01a_15x7-mesh" name="daewon_dcx_01a_15x7">
      <mesh>
        <source id="daewon_dcx_01a_15x7-mesh-positions">
          <float_array id="daewon_dcx_01a_15x7-mesh-positions-array" count="3594">8.292925 2.99003e-5 18.34339 8.581462 2.96734e-5 19.26641 9.070406 2.9654e-5 19.77011 9.3371 2.96873e-5 20.16475 9.070406 2.97156e-5 20.61737 8.696444 2.97691e-5 20.7527 -8.850199 -7.72884e-5 20.7527 7.679262 -3.461292 17.40133 8.292925 -3.578565 17.99093 8.581462 -3.758631 18.8962 9.070406 -3.856902 19.39023 9.3371 -3.933891 19.77728 9.070406 -4.022205 20.22122 8.696444 -4.048606 20.35392 -8.850199 -4.048714 20.35393 7.679262 -6.789634 16.39169 8.292925 -7.019666 16.94708 8.581462 -7.372876 17.79983 9.070406 -7.565634 18.2652 9.3371 -7.716676 18.6298 9.070406 -7.88988 19.04798 8.696444 -7.941661 19.17297 -8.850199 -7.941768 19.17297 7.679262 -9.856997 14.75213 8.292925 -10.19099 15.25197 8.581462 -10.70378 16.01943 9.070406 -10.98363 16.43823 9.3371 -11.20287 16.76637 9.070406 -11.45435 17.14272 8.696444 -11.52954 17.25522 -8.850199 -11.52965 17.25523 7.679262 -12.5456 12.54566 8.292925 -12.97067 12.97073 8.581462 -13.62335 13.6234 9.070406 -13.97951 13.97957 9.3371 -14.25857 14.25862 9.070406 -14.57864 14.57868 8.696444 -14.6743 14.67436 -8.850199 -14.67443 14.67436 7.679262 -14.75209 9.857052 8.292925 -15.2519 10.19103 8.581462 -16.01938 10.70384 9.070406 -16.4382 10.98368 9.3371 -16.76633 11.20292 9.070406 -17.14267 11.45439 8.696444 -17.25516 11.52957 -8.850199 -17.2553 11.52957 7.679262 -16.39165 6.789652 8.292925 -16.94702 7.019701 8.581462 -17.79978 7.37293 9.070406 -18.26513 7.565683 9.3371 -18.62974 7.716706 9.070406 -19.04792 7.889918 8.696444 -19.17293 7.941699 -8.850199 -19.17303 7.941699 7.679262 -17.40128 3.461326 8.292925 -17.99087 3.578606 8.581462 -18.89614 3.758676 9.070406 -19.39019 3.85694 9.3371 -19.77722 3.933933 9.070406 -20.22118 4.022235 8.696444 -20.35389 4.048628 -8.850199 -20.354 4.048628 7.679262 -17.74217 -1.92326e-5 8.292925 -18.34331 -1.92227e-5 8.581462 -19.26636 -1.92919e-5 9.070406 -19.77004 -1.93083e-5 9.3371 -20.16467 -1.93388e-5 9.070406 -20.61732 -1.93255e-5 8.696444 -20.75261 -1.93231e-5 -8.850199 -20.75273 -1.9298e-5 7.679262 -17.40128 -3.461356 8.292925 -17.99087 -3.578634 8.581462 -18.89614 -3.758705 9.070406 -19.39017 -3.856974 9.3371 -19.77722 -3.933964 9.070406 -20.22116 -4.022266 8.696444 -20.35384 -4.048667 -8.850199 -20.35397 -4.048667 7.679262 -16.39165 -6.789681 8.292925 -16.94702 -7.019731 8.581462 -17.79978 -7.372957 9.070406 -18.26513 -7.565713 9.3371 -18.62973 -7.716737 9.070406 -19.04791 -7.889951 8.696444 -19.17293 -7.941733 -8.850199 -19.17303 -7.941733 7.679262 -14.75208 -9.857084 8.292925 -15.2519 -10.19106 8.581462 -16.01936 -10.70387 9.070406 -16.43819 -10.98371 9.3371 -16.76632 -11.20296 9.070406 -17.14265 -11.45442 8.696444 -17.25514 -11.5296 -8.850199 -17.25528 -11.5296 7.679262 -12.5456 -12.54568 8.292925 -12.97067 -12.97076 8.581455 -13.62333 -13.62343 9.070406 -13.97951 -13.9796 9.3371 -14.25856 -14.25865 9.070406 -14.57864 -14.57871 8.696444 -14.6743 -14.67438 -8.850199 -14.67441 -14.67438 7.679262 -9.856983 -14.75215 8.292919 -10.19098 -15.25199 8.581455 -10.70377 -16.01945 9.070406 -10.98362 -16.43826 9.3371 -11.20286 -16.76639 9.070406 -11.45433 -17.14275 8.696444 -11.52952 -17.25525 -8.850193 -11.52963 -17.25524 7.679262 -6.789603 -16.39172 8.292919 -7.019651 -16.94711 8.581455 -7.37286 -17.79987 9.070406 -7.565618 -18.26523 9.3371 -7.71666 -18.62982 9.070406 -7.889848 -19.04801 8.696444 -7.941645 -19.17301 -8.850199 -7.941752 -19.173 7.679262 -3.461276 -17.40136 8.292919 -3.57855 -17.99095 8.581455 -3.758615 -18.89624 9.070406 -3.856886 -19.39026 9.3371 -3.933876 -19.77731 9.070406 -4.022174 -20.22124 8.696444 -4.048591 -20.35394 -8.850199 -4.048698 -20.35394 7.679262 6.10759e-5 -17.74227 8.292919 6.1032e-5 -18.34341 8.581455 6.10849e-5 -19.26643 9.070406 6.10656e-5 -19.77013 9.3371 6.10989e-5 -20.16476 9.070406 6.11272e-5 -20.6174 8.696444 6.11807e-5 -20.7527 -8.850199 -4.58768e-5 -20.7527 7.679262 3.461414 -17.40135 8.292919 3.578702 -17.99095 8.581455 3.758768 -18.89623 9.070406 3.857024 -19.39025 9.3371 3.934029 -19.77731 9.070406 4.022326 -20.22124 8.696444 4.048729 -20.35395 -8.850193 4.048606 -20.35395 7.679262 6.789725 -16.39171 8.292919 7.019789 -16.94711 8.581455 7.373014 -17.79986 9.070406 7.565771 -18.26522 9.3371 7.716766 -18.62981 9.070406 7.890001 -19.048 8.696436 7.941784 -19.173 -8.850193 7.941676 -19.173 7.679262 9.857138 -14.75215 8.292919 10.19112 -15.25199 8.581455 10.70395 -16.01945 9.070406 10.98378 -16.43826 9.3371 11.203 -16.76639 9.070406 11.45449 -17.14275 8.696436 11.52964 -17.25525 -8.850199 11.52953 -17.25525 7.679253 12.54574 -12.54567 8.29291 12.97083 -12.97074 8.581446 13.62348 -13.62341 9.0704 13.97965 -13.97958 9.337089 14.25871 -14.25863 9.070391 14.57878 -14.57869 8.696419 14.67445 -14.67437 -8.850222 14.67433 -14.67437 7.679246 14.7522 -9.857065 8.292887 15.25204 -10.19105 8.581423 16.01952 -10.70384 9.070378 16.43833 -10.98369 9.337069 16.76647 -11.20293 9.070378 17.14281 -11.4544 8.696403 17.2553 -11.52958 -8.850245 17.25519 -11.52957 7.67923 16.39178 -6.789671 8.292887 16.94716 -7.019719 8.581423 17.7999 -7.372933 9.070378 18.26527 -7.565686 9.337069 18.62984 -7.71671 9.070378 19.04803 -7.889924 8.696396 19.17301 -7.941706 -8.850254 19.173 -7.941706 7.67923 17.4014 -3.461354 8.292887 17.99098 -3.57863 8.581423 18.89623 -3.758701 9.070369 19.39026 -3.856966 9.337059 19.77732 -3.933956 9.070369 20.22126 -4.022258 8.696403 20.35396 -4.04866 -8.850254 20.35395 -4.048659 7.67923 17.7423 -2.31241e-5 8.292887 18.34342 -2.31142e-5 8.581415 19.26644 -2.32184e-5 9.070369 19.77013 -2.32347e-5 9.337059 20.16477 -2.32652e-5 9.070369 20.61742 -2.32519e-5 8.696403 20.75273 -2.32496e-5 -8.850254 20.7527 -2.71509e-5 7.67923 17.4014 3.461322 8.292887 17.99098 3.578606 8.581423 18.89623 3.758672 9.070369 19.39026 3.856944 9.337059 19.77732 3.933933 9.070369 20.22124 4.022239 8.696403 20.35396 4.048633 -8.850254 20.35395 4.048625 7.67923 16.39175 6.789648 8.292887 16.94714 7.019701 8.581423 17.7999 7.372926 9.070378 18.26526 7.565687 9.337069 18.62983 7.716702 9.070378 19.04799 7.889922 8.696403 19.17299 7.941695 -8.850254 19.17299 7.941687 7.679246 14.75218 9.857065 8.292887 15.25204 10.19103 8.581423 16.0195 10.70383 9.070378 16.43831 10.98367 9.337069 16.76645 11.20292 9.070378 17.1428 11.4544 8.696413 17.25528 11.52956 -8.850245 17.25517 11.52956 7.679253 12.54571 12.54567 8.292919 12.97078 12.97074 8.581455 13.62346 13.62342 9.0704 13.97965 13.97959 9.337089 14.2587 14.25864 9.070391 14.57875 14.57869 8.696428 14.67441 14.67437 -8.850222 14.6743 14.67437 8.292925 10.1911 15.25198 8.581462 10.70388 16.01944 9.070406 10.98376 16.43824 9.3371 11.203 16.76638 9.070406 11.45446 17.14273 8.696444 11.52964 17.25523 -8.850199 11.52953 17.25523 8.292925 7.019772 16.94709 8.581462 7.372998 17.79984 9.070406 7.565755 18.2652 9.3371 7.716766 18.62981 9.070406 7.890001 19.04798 8.696444 7.941767 19.17298 -8.850199 7.941629 19.17299 8.292925 3.578655 17.99093 8.581462 3.758752 18.89621 9.070406 3.856993 19.39024 9.3371 3.934014 19.77729 9.070406 4.022326 20.22123 8.696444 4.048713 20.35394 -8.850199 4.04859 20.35394 7.715464 2.96022e-5 18.78042 -7.696962 -7.7352e-5 18.78041 -7.69697 -3.663921 18.41955 7.715464 -3.663815 18.41955 -7.696962 -7.187011 17.35084 7.715464 -7.186888 17.35084 -7.696962 -10.43392 15.61535 7.715464 -10.4338 15.61534 -7.696962 -13.27982 13.27976 7.715464 -13.27971 13.27975 -7.696962 -15.61539 10.43384 7.715464 -15.61528 10.43383 -7.696962 -17.3509 7.186942 7.715464 -17.35079 7.186943 -7.696962 -18.4196 3.663864 7.715464 -18.41949 3.663864 -7.696962 -18.78047 -1.93046e-5 7.715464 -18.78036 -1.92805e-5 -7.696962 -18.4196 -3.663891 7.715464 -18.41949 -3.663892 -7.696962 -17.3509 -7.186973 7.715464 -17.35079 -7.186973 -7.696962 -15.61538 -10.43386 7.715464 -15.61527 -10.43386 -7.696962 -13.2798 -13.27978 7.715464 -13.27969 -13.27978 -7.696962 -10.4339 -15.61536 7.715464 -10.43379 -15.61536 -7.696962 -7.186995 -17.35087 7.715464 -7.186873 -17.35087 -7.69697 -3.663905 -18.41959 7.715464 -3.6638 -18.41958 -7.69697 -4.59405e-5 -18.78044 7.715464 6.10137e-5 -18.78044 -7.696962 3.663831 -18.41958 7.715464 3.663936 -18.41958 -7.696962 7.186935 -17.35086 7.715464 7.187042 -17.35086 -7.69697 10.43381 -15.61537 7.715464 10.43392 -15.61536 -7.69697 13.27974 -13.27976 7.715456 13.27985 -13.27977 -7.697009 15.61532 -10.43384 7.715433 15.61543 -10.43384 -7.697009 17.35082 -7.186962 7.715433 17.35094 -7.186957 -7.697009 18.41957 -3.663891 7.715433 18.41959 -3.663892 -7.697009 18.78045 -3.10839e-5 7.715433 18.78047 -2.32069e-5 -7.697017 18.41957 3.663853 7.715433 18.41959 3.66386 -7.697017 17.35077 7.186938 7.715433 17.35091 7.186946 -7.697017 15.61532 10.43382 7.715433 15.61543 10.43382 -7.69697 13.27969 13.27978 7.715456 13.27982 13.27977 -7.696962 10.43379 15.61535 7.715464 10.4339 15.61535 -7.696962 7.186904 17.35084 7.715464 7.18701 17.35085 -7.696962 3.663831 18.41955 7.715464 3.663936 18.41956 5.5764 -1.410528 7.091273 5.5764 -2.766843 6.679825 5.5764 1.52588e-5 3.728432 5.5764 -1.426773 3.444622 5.5764 1.410576 7.091273 5.5764 1.66893e-5 7.230197 5.5764 1.426849 3.444622 5.5764 4.016921 6.011684 5.5764 2.766905 6.679825 5.5764 6.011727 4.016879 5.5764 5.112557 5.112514 5.5764 3.444656 1.4268 5.5764 2.636428 2.636391 5.5764 7.09129 1.410534 5.5764 6.67988 2.766869 5.5764 3.728455 -1.14441e-5 5.5764 6.67988 -2.766894 5.5764 7.09129 -1.410549 5.5764 7.230222 -1.14587e-5 5.5764 3.444656 -1.426815 5.5764 6.011727 -4.016902 5.5764 2.636428 -2.636419 5.5764 4.016921 -6.011711 5.5764 5.112557 -5.112543 5.5764 1.426849 -3.444641 5.5764 1.410576 -7.091294 5.5764 2.766905 -6.679856 5.5764 1.52588e-5 -3.728453 5.5764 -1.410528 -7.091292 5.5764 1.66893e-5 -7.230218 5.5764 -1.426773 -3.444641 5.5764 -4.016845 -6.011709 5.5764 -2.766843 -6.679854 5.5764 -2.636368 -2.636419 5.5764 -6.679802 -2.766894 5.5764 -6.01165 -4.0169 5.5764 -5.112494 -5.112541 5.5764 -3.444611 -1.426815 5.5764 -7.230174 -7.85194e-6 5.5764 -7.091257 -1.410549 5.5764 -3.728394 -1.14441e-5 5.5764 -7.091257 1.410534 5.5764 -3.444611 1.4268 5.5764 -6.01165 4.016879 5.5764 -6.679802 2.766873 5.5764 -2.636368 2.636391 5.5764 -4.016845 6.011684 5.5764 -5.112494 5.112514 5.5764 1.269043 5.669861 5.5764 0.8973694 6.567192 7.652779 0.7458801 6.415668 7.652779 1.054779 5.669861 5.5764 1.52588e-5 6.938877 7.652779 4.57764e-5 6.72459 5.5764 -0.8972931 6.567192 7.652779 -0.7457581 6.415668 5.5764 -1.268997 5.669861 7.652779 -1.054657 5.669861 5.5764 -0.8972931 4.772533 7.652779 -0.7457428 4.924065 5.5764 1.52588e-5 4.400856 7.652779 4.57764e-5 4.615147 5.5764 0.8973694 4.772533 7.652779 0.7458801 4.924065 5.5764 -1.410528 7.091273 5.5764 -2.766843 6.679825 5.5764 1.410576 7.091273 5.5764 1.66893e-5 7.230197 5.5764 4.016921 6.011684 5.5764 2.766905 6.679825 5.5764 6.011727 4.016879 5.5764 5.112557 5.112514 5.5764 7.09129 1.410534 5.5764 6.67988 2.766869 5.5764 6.67988 -2.766894 5.5764 7.09129 -1.410549 5.5764 7.230222 -1.14587e-5 5.5764 6.011727 -4.016902 5.5764 4.016921 -6.011711 5.5764 5.112557 -5.112543 5.5764 1.410576 -7.091294 5.5764 2.766905 -6.679856 5.5764 -1.410528 -7.091292 5.5764 1.66893e-5 -7.230218 5.5764 -4.016845 -6.011709 5.5764 -2.766843 -6.679854 5.5764 -6.679802 -2.766894 5.5764 -6.01165 -4.0169 5.5764 -5.112494 -5.112541 5.5764 -7.230174 -7.85194e-6 5.5764 -7.091257 -1.410549 5.5764 -7.091257 1.410534 5.5764 -6.01165 4.016879 5.5764 -6.679802 2.766873 5.5764 -4.016845 6.011684 5.5764 -5.112494 5.112514 8.629039 2.85379e-5 8.125208 8.629039 5.745436 5.745388 8.629039 6.755909 4.514122 8.629039 7.506769 3.109374 8.629039 7.969126 1.585139 8.629039 8.125251 -1.40941e-5 8.629039 7.969126 -1.58516 8.629039 7.506774 -3.109398 8.629039 6.755915 -4.51414 8.629039 5.745442 -5.74541 8.629039 4.514177 -6.755885 8.629039 3.109426 -7.506737 8.629039 1.585199 -7.969108 8.629039 3.54133e-5 -8.125232 8.629039 -1.585116 -7.96911 8.629039 -3.109339 -7.506738 8.629039 -4.514074 -6.755884 8.629039 -5.745352 -5.745411 8.629039 -6.755819 -4.514142 8.629039 -7.506677 -3.1094 8.629039 -7.969056 -1.58516 8.629039 -8.12517 -1.11361e-5 8.629039 -7.969056 1.58514 8.629039 -7.506677 3.109377 8.629039 -6.755821 4.514119 8.629039 -5.745352 5.745385 8.629039 -4.514077 6.755859 8.629039 -3.109346 7.506709 8.629039 -1.58512 7.969086 7.679262 2.99441e-5 17.74224 2.695133 0 17.29348 -8.850199 -7.72884e-5 20.7527 2.695133 -3.373756 16.96119 -8.850199 -4.048714 20.35393 2.695133 -6.617918 15.97709 -8.850199 -7.941768 19.17297 -8.850199 -11.52965 17.25523 -8.850199 -14.67443 14.67436 2.695133 -14.379 9.607734 -8.850199 -17.2553 11.52957 -8.850199 -19.17303 7.941699 2.695133 3.373809 16.96119 -8.850199 -7.72898e-5 19.79509 -8.850199 -3.861893 19.41473 -8.850199 -7.575305 18.28828 -8.850199 -10.99761 16.45901 -8.850199 -13.99731 13.99724 -8.850199 -16.45907 10.99755 -8.850199 -18.28834 7.57524 -8.850199 -19.41481 3.861824 -8.850199 3.86177 19.41474 -5.367885 -8.77302e-5 17.29726 -5.367885 -3.374581 16.96489 -5.367876 -6.619426 15.98058 -5.367885 -9.609889 14.38214 -5.367885 -12.23108 12.231 -5.367885 -14.38221 9.609837 -5.367885 -15.98066 6.619361 -5.367885 -16.96495 3.374515 -5.367876 3.374458 16.9649 -9.364704 -7.73368e-5 20.27389 -9.364704 -3.955295 19.88433 -9.364704 -7.758528 18.73063 -9.364704 -11.26364 16.85712 -9.364704 -14.33586 14.3358 -9.364704 -16.85719 11.26355 -9.364704 -18.73069 7.758471 -9.364704 -19.88438 3.955226 -9.364704 3.955157 19.88434 -8.255879 -8.77302e-5 18.75028 -8.255879 -3.658072 18.38999 -8.255879 -7.175496 17.323 -8.255879 -10.41717 15.59028 -8.255879 -13.25852 13.25846 -8.255879 -15.59036 10.41709 -8.255879 -17.32305 7.175404 -8.255879 -18.39006 3.657985 2.695133 -9.607712 14.37901 2.695133 -12.22831 12.22833 2.695133 -15.97707 6.617918 2.695133 -17.29348 1.90735e-6 -8.850199 -20.7527 -7.62939e-5 -8.850199 -20.35393 -4.048712 -8.850199 -19.17297 -7.941767 -8.850199 -17.25523 -11.52965 2.695133 -12.22833 -12.22831 -8.850199 -14.67436 -14.67443 2.695133 -9.607735 -14.379 -8.850199 -11.52957 -17.2553 -8.850199 -7.9417 -19.17303 2.695133 -3.373779 -16.96118 -8.850199 -4.04863 -20.354 -8.850199 -20.35394 4.048592 -8.850199 -19.79509 -7.62939e-5 -8.850199 -19.41473 -3.861891 -8.850199 -18.28828 -7.575304 -8.850199 -16.45901 -10.99761 -8.850199 -13.99724 -13.99731 -8.850199 -10.99755 -16.45907 -8.850199 -7.575241 -18.28834 -8.850199 -3.861826 -19.41481 -5.367885 -17.29726 -8.58307e-5 -5.367885 -16.96489 -3.37458 -5.367876 -15.98058 -6.619426 -5.367885 -14.38214 -9.609887 -5.367885 -12.231 -12.23108 -5.367885 -9.609838 -14.38221 -5.367885 -6.619363 -15.98066 -5.367885 -3.374516 -16.96495 -9.364704 -20.27389 -7.62939e-5 -9.364704 -19.88433 -3.955294 -9.364704 -18.73063 -7.758526 -9.364704 -16.85712 -11.26364 -9.364704 -14.3358 -14.33586 -9.364704 -11.26355 -16.85719 -9.364704 -7.758472 -18.73069 -9.364704 -3.955227 -19.88438 -8.255879 -18.75028 -8.58307e-5 -8.255879 -18.38999 -3.658071 -8.255879 -17.323 -7.175495 -8.255879 -15.59028 -10.41716 -8.255879 -13.25846 -13.25852 -8.255879 -10.41709 -15.59036 -8.255879 -7.175405 -17.32305 -8.255879 -3.657987 -18.39006 2.695133 -16.96119 -3.373754 2.695133 -15.97709 -6.617916 2.695133 -14.37901 -9.607712 2.695133 -6.61792 -15.97707 2.695133 -16.96119 3.37381 -8.850199 7.41548e-5 -20.7527 2.695133 3.373754 -16.96119 -8.850199 4.048711 -20.35393 2.695133 6.617916 -15.97709 -8.850199 7.941765 -19.17297 -8.850199 11.52965 -17.25523 -8.850199 14.67443 -14.67436 -8.850199 17.2553 -11.52957 -8.850199 19.17303 -7.941702 -8.850199 20.354 -4.048631 -8.850199 7.43008e-5 -19.79509 -8.850199 3.86189 -19.41473 -8.850199 7.575302 -18.28828 -8.850199 10.99761 -16.45901 -8.850199 13.99731 -13.99724 -8.850199 16.45907 -10.99755 -8.850199 18.28834 -7.575242 -5.367885 8.51184e-5 -17.29726 -5.367885 3.374578 -16.96489 -5.367876 6.619423 -15.98058 -5.367885 9.609887 -14.38214 -5.367885 12.23108 -12.231 -5.367885 14.3822 -9.609839 -5.367885 15.98065 -6.619363 -5.367885 16.96495 -3.374518 -9.364704 7.42755e-5 -20.27389 -9.364704 3.955292 -19.88433 -9.364704 7.758525 -18.73063 -9.364704 11.26364 -16.85712 -9.364704 14.33586 -14.3358 -9.364704 16.85719 -11.26355 -9.364704 18.73069 -7.758474 -9.364704 19.88438 -3.955229 -8.255879 8.4899e-5 -18.75028 -8.255879 3.658069 -18.38999 -8.255879 7.175493 -17.323 -8.255879 10.41716 -15.59028 -8.255879 13.25852 -13.25846 -8.255879 15.59036 -10.41709 -8.255879 17.32305 -7.175407 -8.255879 18.39006 -3.657988 2.695133 -2.61124e-6 -17.29348 2.695133 9.60771 -14.37901 2.695133 12.22831 -12.22833 2.695133 14.379 -9.607736 2.695133 15.97707 -6.61792 -8.850199 20.7527 7.31604e-5 2.695133 16.96119 3.373752 -8.850199 20.35393 4.048709 2.695133 15.9771 6.617914 -8.850199 19.17297 7.941764 2.695133 14.37901 9.60771 -8.850199 17.25523 11.52964 -8.850199 14.67436 14.67443 -8.850199 11.52957 17.2553 2.695133 6.617922 15.97707 -8.850199 7.941703 19.17303 -8.850199 4.048633 20.354 2.695133 16.96119 -3.373813 -8.850199 19.79509 7.3305e-5 -8.850199 19.41473 3.861888 -8.850199 18.28828 7.575301 -8.850199 16.45901 10.99761 -8.850199 13.99724 13.99731 -8.850199 10.99755 16.45907 -8.850199 7.575244 18.28834 -8.850199 19.41474 -3.861774 -5.367885 17.29726 8.32189e-5 -5.367885 16.96489 3.374577 -5.367876 15.98058 6.619424 -5.367885 14.38214 9.609885 -5.367885 12.231 12.23108 -5.367885 9.60984 14.3822 -5.367885 6.619365 15.98065 -9.364704 20.27389 7.32327e-5 -9.364704 19.88433 3.955291 -9.364704 18.73063 7.758523 -9.364704 16.85712 11.26363 -9.364704 14.3358 14.33586 -9.364704 11.26355 16.85719 -9.364704 7.758475 18.73069 -8.255879 18.75028 8.29995e-5 -8.255879 18.38999 3.658069 -8.255879 17.323 7.175493 -8.255879 15.59028 10.41716 -8.255879 13.25846 13.25852 -8.255879 10.41709 15.59036 -8.255879 7.175407 17.32305 -8.255879 3.657989 18.39006 2.695133 17.29348 -4.51859e-6 2.695133 12.22833 12.2283 2.695133 9.607737 14.37899 5.5764 5.784514 0.5451517 5.5764 6.523073 1.175925 7.652779 6.332153 1.273176 7.652779 5.718303 0.7489286 5.5764 6.599269 2.144217 7.652779 6.395479 2.077969 5.5764 5.968492 2.88275 7.652779 5.871211 2.691808 5.5764 5.000216 2.958971 7.652779 5.066452 2.755122 5.5764 4.26167 2.32817 7.652779 4.452617 2.230863 5.5764 4.185468 1.359925 7.652779 4.38928 1.426115 5.5764 4.816251 0.6213446 7.652779 4.913554 0.8122454 5.5764 2.305983 -5.332938 5.5764 3.134111 -5.840431 7.652779 3.167604 -5.628802 7.652779 2.479326 -5.206997 5.5764 4.078557 -5.613678 7.652779 3.952577 -5.440335 5.5764 4.586023 -4.785555 7.652779 4.374365 -4.752039 5.5764 4.3593 -3.841116 7.652779 4.185895 -3.967102 5.5764 3.531149 -3.333645 7.652779 3.497611 -3.545316 5.5764 2.586745 -3.560376 7.652779 2.712678 -3.733759 5.5764 2.079237 -4.388521 7.652779 2.290863 -4.422069 5.5764 -4.359338 -3.841088 5.5764 -4.586086 -4.785509 7.652779 -4.374465 -4.751966 7.652779 -4.185995 -3.967029 5.5764 -4.078583 -5.61366 7.652779 -3.952652 -5.44028 5.5764 -3.134174 -5.840384 7.652779 -3.167705 -5.628729 5.5764 -2.306021 -5.332911 7.652779 -2.479426 -5.206925 5.5764 -2.079299 -4.388475 7.652779 -2.290975 -4.421988 5.5764 -2.586771 -3.560358 7.652779 -2.712753 -3.733705 5.5764 -3.531212 -3.333599 7.652779 -3.497724 -3.545234 5.5764 -5.000201 2.959016 5.5764 -5.968468 2.882824 7.652779 -5.871172 2.691926 7.652779 -5.066412 2.755239 5.5764 -6.599258 2.144246 7.652779 -6.39545 2.078058 5.5764 -6.523048 1.175999 7.652779 -6.332115 1.273294 5.5764 -5.784498 0.5451965 7.652779 -5.718264 0.7490463 5.5764 -4.816226 0.6214187 7.652779 -4.913511 0.8123775 5.5764 -4.185457 1.359955 7.652779 -4.389251 1.426203 5.5764 -4.261645 2.328243 7.652779 -4.452573 2.230994 7.652779 0.7458801 6.415668 7.652779 1.054779 5.669861 7.652779 4.57764e-5 6.72459 7.652779 -0.7457581 6.415668 7.652779 -1.054657 5.669861 7.652779 -0.7457428 4.924065 7.652779 4.57764e-5 4.615147 7.652779 0.7458801 4.924065 7.652779 6.332153 1.273176 7.652779 5.718303 0.7489286 7.652779 6.395479 2.077969 7.652779 5.871211 2.691808 7.652779 5.066452 2.755122 7.652779 4.452617 2.230863 7.652779 4.38928 1.426115 7.652779 4.913554 0.8122454 7.652779 3.167604 -5.628802 7.652779 2.479326 -5.206997 7.652779 3.952577 -5.440335 7.652779 4.374365 -4.752039 7.652779 4.185895 -3.967102 7.652779 3.497611 -3.545316 7.652779 2.712678 -3.733759 7.652779 2.290863 -4.422069 7.652779 -4.374465 -4.751966 7.652779 -4.185995 -3.967029 7.652779 -3.952652 -5.44028 7.652779 -3.167705 -5.628729 7.652779 -2.479426 -5.206925 7.652779 -2.290975 -4.421988 7.652779 -2.712753 -3.733705 7.652779 -3.497724 -3.545234 7.652779 -5.871172 2.691926 7.652779 -5.066412 2.755239 7.652779 -6.39545 2.078058 7.652779 -6.332115 1.273294 7.652779 -5.718264 0.7490463 7.652779 -4.913511 0.8123775 7.652779 -4.389251 1.426203 7.652779 -4.452573 2.230994 7.91618 5.392385 1.752026 7.916179 3.332614 -4.587057 7.916181 -3.332716 -4.586983 7.91618 -5.392346 1.752146 7.91618 6.23733e-5 5.669869 7.679262 6.789725 16.3917 7.679262 3.461398 17.40133 7.679262 9.857138 14.75214 8.629039 1.585195 7.969086 8.629039 3.109426 7.506711 8.629039 4.514177 6.755861 7.679253 12.54571 12.54567 8.629039 2.85379e-5 8.125208 7.679262 6.789725 16.3917 7.679262 3.461398 17.40133 7.679262 9.857138 14.75214 8.629039 1.585195 7.969086 8.629039 3.109426 7.506711 8.629039 4.514177 6.755861 7.473285 6.163623 14.88015 7.473286 3.142337 15.79666 7.472026 10.10711 12.4191 7.473286 8.948079 13.39186 7.472032 1.634882 15.92839 8.160544 1.634365 9.583747 8.159294 1.925954 9.035069 8.159294 3.388655 8.180831 8.159294 5.026986 7.750577 8.160546 5.621129 7.932381 7.811147 6.283597 15.16979 7.811147 3.203377 16.10416 7.809886 10.58298 12.45358 7.811147 9.122351 13.65246 7.809892 1.32277 16.28926 8.498409 1.322769 9.317638 8.497155 1.655972 8.814202 8.497155 3.266118 7.885 8.497155 5.061717 7.403495 8.498411 5.653292 7.523882 2.695133 6.163623 14.88015 2.695133 3.142225 15.79667 2.695133 10.11897 12.4308 2.695133 8.948165 13.39179 2.695133 1.63477 15.94504 2.695133 1.634769 9.600351 2.695133 1.926314 9.035046 2.695133 3.388655 8.180831 2.695133 5.026715 7.750817 2.695133 5.632583 7.944408 7.679253 17.74229 -2.67029e-5 8.629039 5.745409 5.74537 8.629039 8.125241 -3.38554e-5 7.679262 16.39174 6.789621 7.679262 14.75218 9.857022 7.679262 17.40139 3.46129 8.629039 6.755897 4.514093 8.629039 7.506742 3.109351 8.629039 7.96912 1.58511 7.473285 14.88019 6.163515 7.473286 13.39189 8.947959 7.472026 15.92844 1.634824 7.473286 15.79672 3.142227 7.472032 12.41911 10.10703 8.160544 7.932403 5.621063 8.159294 7.750613 5.026904 8.159294 8.180863 3.38858 8.159294 9.035102 1.92587 8.160546 9.58378 1.634303 7.811147 15.16984 6.28349 7.811147 13.65249 9.122232 7.809886 16.28931 1.322712 7.811147 16.10422 3.203269 7.809892 12.45358 10.5829 8.498409 7.523903 5.653226 8.497155 7.40353 5.061634 8.497155 7.885031 3.266043 8.497155 8.814236 1.655888 8.498411 9.31767 1.322707 2.695133 14.88019 6.163515 2.695133 13.39182 8.948046 2.695133 15.94509 1.634712 2.695133 15.79673 3.142115 2.695133 12.4308 10.11889 2.695133 7.944428 5.632517 2.695133 7.750852 5.026633 2.695133 8.180863 3.38858 2.695133 9.03508 1.926232 2.695133 9.600383 1.634707 7.679253 12.54567 -12.54571 8.629039 5.745388 -5.745436 7.679262 16.3917 -6.789724 7.679262 17.40133 -3.461397 7.679262 14.75214 -9.857136 8.629039 7.969086 -1.585194 8.629039 7.506711 -3.109426 8.629039 6.755861 -4.514176 7.473285 14.88015 -6.163622 7.473286 15.79666 -3.142335 7.472026 12.4191 -10.10711 7.473286 13.39186 -8.948078 7.472032 15.92839 -1.63488 8.160544 9.583747 -1.634364 8.159294 9.035069 -1.925953 8.159294 8.180831 -3.388655 8.159294 7.750578 -5.026986 8.160546 7.932382 -5.621129 7.811147 15.16979 -6.283597 7.811147 16.10416 -3.203377 7.809886 12.45358 -10.58298 7.811147 13.65246 -9.12235 7.809892 16.28926 -1.322769 8.498409 9.317638 -1.322768 8.497155 8.814202 -1.655971 8.497155 7.885 -3.266118 8.497155 7.403495 -5.061716 8.498411 7.523882 -5.653292 2.695133 14.88015 -6.163622 2.695133 15.79667 -3.142224 2.695133 12.4308 -10.11896 2.695133 13.39179 -8.948164 2.695133 15.94504 -1.634768 2.695133 9.600351 -1.634768 2.695133 9.035046 -1.926313 2.695133 8.180831 -3.388655 2.695133 7.750817 -5.026714 2.695133 7.944408 -5.632582 8.629039 -3.33786e-5 -8.125241 7.679262 6.789623 -16.39174 7.679262 9.857023 -14.75217 7.679262 3.461292 -17.40139 8.629039 4.514094 -6.755897 8.629039 3.109351 -7.506742 8.629039 1.585111 -7.96912 7.473285 6.163516 -14.88019 7.473286 8.94796 -13.39189 7.472026 1.634825 -15.92844 7.473286 3.142228 -15.79672 7.472032 10.10704 -12.4191 8.160544 5.621063 -7.932402 8.159294 5.026904 -7.750613 8.159294 3.388581 -8.180863 8.159294 1.925871 -9.035101 8.160546 1.634303 -9.583781 7.811147 6.283491 -15.16984 7.811147 9.122233 -13.65249 7.809886 1.322713 -16.28931 7.811147 3.20327 -16.10422 7.809892 10.58291 -12.45358 8.498409 5.653227 -7.523903 8.497155 5.061634 -7.40353 8.497155 3.266044 -7.88503 8.497155 1.655889 -8.814236 8.498411 1.322708 -9.31767 2.695133 6.163516 -14.88019 2.695133 8.948047 -13.39182 2.695133 1.634713 -15.94509 2.695133 3.142116 -15.79673 2.695133 10.11889 -12.4308 2.695133 5.632517 -7.944427 2.695133 5.026633 -7.750851 2.695133 3.388581 -8.180863 2.695133 1.926232 -9.03508 2.695133 1.634708 -9.600383 7.679253 -12.54571 -12.54567 8.629039 -5.745435 -5.745389 7.679262 -2.72651e-5 -17.74224 7.679262 -6.789722 -16.3917 7.679262 -3.461395 -17.40133 7.679262 -9.857136 -14.75214 8.629039 -1.585194 -7.969087 8.629039 -3.109425 -7.506711 8.629039 -4.514176 -6.755862 7.473285 -6.16362 -14.88015 7.473286 -3.142334 -15.79666 7.472026 -10.10711 -12.4191 7.473286 -8.948077 -13.39186 7.472032 -1.634879 -15.92839 8.160544 -1.634363 -9.583747 8.159294 -1.925953 -9.035069 8.159294 -3.388654 -8.180833 8.159294 -5.026985 -7.750578 8.160546 -5.621127 -7.932382 7.811147 -6.283595 -15.16979 7.811147 -3.203375 -16.10416 7.809886 -10.58298 -12.45358 7.811147 -9.122349 -13.65246 7.809892 -1.322767 -16.28926 8.498409 -1.322767 -9.317638 8.497155 -1.65597 -8.814202 8.497155 -3.266117 -7.885001 8.497155 -5.061716 -7.403496 8.498411 -5.653291 -7.523883 2.695133 -6.16362 -14.88015 2.695133 -3.142223 -15.79667 2.695133 -10.11896 -12.4308 2.695133 -8.948163 -13.39179 2.695133 -1.634767 -15.94504 2.695133 -1.634767 -9.600351 2.695133 -1.926313 -9.035046 2.695133 -3.388654 -8.180833 2.695133 -5.026714 -7.750818 2.695133 -5.632582 -7.944409 7.679253 -17.74229 2.40239e-5 8.629039 -8.125241 3.26286e-5 7.679262 -16.39174 -6.789623 7.679262 -14.75217 -9.857024 7.679262 -17.40139 -3.461293 8.629039 -6.755896 -4.514094 8.629039 -7.506742 -3.109352 8.629039 -7.96912 -1.585111 7.473285 -14.88019 -6.163517 7.473286 -13.39189 -8.947961 7.472026 -15.92844 -1.634826 7.473286 -15.79672 -3.14223 7.472032 -12.4191 -10.10704 8.160544 -7.932402 -5.621064 8.159294 -7.750612 -5.026905 8.159294 -8.180863 -3.388581 8.159294 -9.035102 -1.925872 8.160546 -9.58378 -1.634304 7.811147 -15.16984 -6.283492 7.811147 -13.65249 -9.122234 7.809886 -16.28931 -1.322714 7.811147 -16.10422 -3.203271 7.809892 -12.45358 -10.58291 8.498409 -7.523902 -5.653227 8.497155 -7.403529 -5.061635 8.497155 -7.88503 -3.266044 8.497155 -8.814236 -1.655889 8.498411 -9.31767 -1.322709 2.695133 -14.88019 -6.163517 2.695133 -13.39182 -8.948048 2.695133 -15.94509 -1.634715 2.695133 -15.79673 -3.142117 2.695133 -12.4308 -10.11889 2.695133 -7.944427 -5.632519 2.695133 -7.750851 -5.026634 2.695133 -8.180863 -3.388581 2.695133 -9.03508 -1.926233 2.695133 -9.600383 -1.634709 7.679253 -12.54567 12.54571 8.629039 -5.745389 5.745435 7.679262 -16.3917 6.789722 7.679262 -17.40133 3.461394 7.679262 -14.75214 9.857134 8.629039 -7.969087 1.585193 8.629039 -7.506711 3.109425 8.629039 -6.755861 4.514175 7.473285 -14.88015 6.16362 7.473286 -15.79666 3.142333 7.472026 -12.4191 10.10711 7.473286 -13.39186 8.948076 7.472032 -15.92839 1.634878 8.160544 -9.583747 1.634363 8.159294 -9.035069 1.925951 8.159294 -8.180833 3.388654 8.159294 -7.750579 5.026985 8.160546 -7.932383 5.621128 7.811147 -15.16979 6.283595 7.811147 -16.10416 3.203374 7.809886 -12.45358 10.58298 7.811147 -13.65246 9.122348 7.809892 -16.28926 1.322767 8.498409 -9.317638 1.322767 8.497155 -8.814202 1.655969 8.497155 -7.885 3.266117 8.497155 -7.403496 5.061715 8.498411 -7.523883 5.653291 2.695133 -14.88015 6.16362 2.695133 -15.79667 3.142222 2.695133 -12.4308 10.11896 2.695133 -13.39179 8.948163 2.695133 -15.94504 1.634765 2.695133 -9.600351 1.634767 2.695133 -9.035046 1.926312 2.695133 -8.180833 3.388654 2.695133 -7.750818 5.026713 2.695133 -7.944409 5.632581 7.679253 2.21165e-5 17.74229 7.679262 -6.789625 16.39174 7.679262 -9.857025 14.75217 7.679262 -3.461295 17.40139 8.629039 -4.514095 6.755897 8.629039 -3.109352 7.506741 8.629039 -1.585112 7.969119 7.473285 -6.163518 14.88019 7.473286 -8.947962 13.39189 7.472026 -1.634827 15.92844 7.473286 -3.14223 15.79672 7.472032 -10.10704 12.4191 8.160544 -5.621065 7.932401 8.159294 -5.026905 7.750612 8.159294 -3.388582 8.180863 8.159294 -1.925872 9.035101 8.160546 -1.634305 9.583781 7.811147 -6.283493 15.16983 7.811147 -9.122235 13.65249 7.809886 -1.322715 16.28931 7.811147 -3.203272 16.10422 7.809892 -10.58291 12.45358 8.498409 -5.653228 7.523902 8.497155 -5.061635 7.403529 8.497155 -3.266045 7.885029 8.497155 -1.65589 8.814236 8.498411 -1.32271 9.31767 2.695133 -6.163518 14.88019 2.695133 -8.948049 13.39182 2.695133 -1.634716 15.94509 2.695133 -3.142118 15.79673 2.695133 -10.11889 12.4308 2.695133 -5.632518 7.944427 2.695133 -5.026634 7.75085 2.695133 -3.388582 8.180863 2.695133 -1.926234 9.03508 2.695133 -1.63471 9.600383 2.695133 0 17.29348 2.695133 -3.373756 16.96119 2.695133 -6.617918 15.97709 2.695133 -14.379 9.607734 2.695133 3.373809 16.96119 2.695133 -9.607712 14.37901 2.695133 -12.22831 12.22833 2.695133 -15.97707 6.617918 2.695133 -17.29348 1.90735e-6 2.695133 -12.22833 -12.22831 2.695133 -9.607735 -14.379 2.695133 -3.373779 -16.96118 2.695133 -16.96119 -3.373754 2.695133 -15.97709 -6.617916 2.695133 -14.37901 -9.607712 2.695133 -6.61792 -15.97707 2.695133 -16.96119 3.37381 2.695133 3.373754 -16.96119 2.695133 6.617916 -15.97709 2.695133 -2.61124e-6 -17.29348 2.695133 9.60771 -14.37901 2.695133 12.22831 -12.22833 2.695133 14.379 -9.607736 2.695133 15.97707 -6.61792 2.695133 16.96119 3.373752 2.695133 15.9771 6.617914 2.695133 14.37901 9.60771 2.695133 6.617922 15.97707 2.695133 16.96119 -3.373813 2.695133 17.29348 -4.51859e-6 2.695133 12.22833 12.2283 2.695133 9.607737 14.37899 2.695133 6.163623 14.88015 2.695133 3.142225 15.79667 2.695133 10.11897 12.4308 2.695133 8.948165 13.39179 2.695133 1.63477 15.94504 2.695133 1.634769 9.600351 2.695133 1.926314 9.035046 2.695133 3.388655 8.180831 2.695133 5.026715 7.750817 2.695133 5.632583 7.944408 2.695133 14.88019 6.163515 2.695133 13.39182 8.948046 2.695133 15.94509 1.634712 2.695133 15.79673 3.142115 2.695133 12.4308 10.11889 2.695133 7.944428 5.632517 2.695133 7.750852 5.026633 2.695133 8.180863 3.38858 2.695133 9.03508 1.926232 2.695133 9.600383 1.634707 2.695133 14.88015 -6.163622 2.695133 15.79667 -3.142224 2.695133 12.4308 -10.11896 2.695133 13.39179 -8.948164 2.695133 15.94504 -1.634768 2.695133 9.600351 -1.634768 2.695133 9.035046 -1.926313 2.695133 8.180831 -3.388655 2.695133 7.750817 -5.026714 2.695133 7.944408 -5.632582 2.695133 6.163516 -14.88019 2.695133 8.948047 -13.39182 2.695133 1.634713 -15.94509 2.695133 3.142116 -15.79673 2.695133 10.11889 -12.4308 2.695133 5.632517 -7.944427 2.695133 5.026633 -7.750851 2.695133 3.388581 -8.180863 2.695133 1.926232 -9.03508 2.695133 1.634708 -9.600383 2.695133 -6.16362 -14.88015 2.695133 -3.142223 -15.79667 2.695133 -10.11896 -12.4308 2.695133 -8.948163 -13.39179 2.695133 -1.634767 -15.94504 2.695133 -1.634767 -9.600351 2.695133 -1.926313 -9.035046 2.695133 -3.388654 -8.180833 2.695133 -5.026714 -7.750818 2.695133 -5.632582 -7.944409 2.695133 -14.88019 -6.163517 2.695133 -13.39182 -8.948048 2.695133 -15.94509 -1.634715 2.695133 -15.79673 -3.142117 2.695133 -12.4308 -10.11889 2.695133 -7.944427 -5.632519 2.695133 -7.750851 -5.026634 2.695133 -8.180863 -3.388581 2.695133 -9.03508 -1.926233 2.695133 -9.600383 -1.634709 2.695133 -14.88015 6.16362 2.695133 -15.79667 3.142222 2.695133 -12.4308 10.11896 2.695133 -13.39179 8.948163 2.695133 -15.94504 1.634765 2.695133 -9.600351 1.634767 2.695133 -9.035046 1.926312 2.695133 -8.180833 3.388654 2.695133 -7.750818 5.026713 2.695133 -7.944409 5.632581 2.695133 -6.163518 14.88019 2.695133 -8.948049 13.39182 2.695133 -1.634716 15.94509 2.695133 -3.142118 15.79673 2.695133 -10.11889 12.4308 2.695133 -5.632518 7.944427 2.695133 -5.026634 7.75085 2.695133 -3.388582 8.180863 2.695133 -1.926234 9.03508 2.695133 -1.63471 9.600383 2.695133 4.73608e-7 -3.30774e-7 5.5764 1.52588e-5 3.728432 5.5764 -1.426773 3.444622 5.5764 1.426849 3.444622 5.5764 3.444656 1.4268 5.5764 2.636428 2.636391 5.5764 3.728455 -1.14441e-5 5.5764 3.444656 -1.426815 5.5764 2.636428 -2.636419 5.5764 1.426849 -3.444641 5.5764 1.52588e-5 -3.728453 5.5764 -1.426773 -3.444641 5.5764 -2.636368 -2.636419 5.5764 -3.444611 -1.426815 5.5764 -3.728394 -1.14441e-5 5.5764 -3.444611 1.4268 5.5764 -2.636368 2.636391 7.05278 -2.916644 -1.12256e-5 7.05278 -2.694646 1.116156 7.05278 1.116202 2.694659 7.05278 2.062433 2.062395 7.05278 2.062433 -2.062422 7.05278 1.116202 -2.694678 7.05278 1.81126e-5 -2.916698 7.05278 -1.116131 -2.694678 7.05278 -2.062374 -2.062422 7.05278 1.81126e-5 2.916678 7.05278 2.694694 1.116156 7.05278 -1.116131 2.694659 7.05278 -2.694646 -1.116172 7.05278 2.694694 -1.116172 7.05278 2.916704 -1.12256e-5 7.05278 -2.062374 2.062395</float_array>
          <technique_common>
            <accessor source="#daewon_dcx_01a_15x7-mesh-positions-array" count="1198" stride="3">
              <param name="X" type="float"/>
              <param name="Y" type="float"/>
              <param name="Z" type="float"/>
            </accessor>
          </technique_common>
        </source>
        <source id="daewon_dcx_01a_15x7-mesh-normals">
          <float_array id="daewon_dcx_01a_15x7-mesh-normals-array" count="2952">0.6284611 -0.4321585 0.6467424 0.9999971 -0.001709043 0.001709043 0.9999971 -0.001342833 0.002014219 0.6997751 0 -0.7143633 0.8596702 0.09964579 -0.5010368 0.6997801 0.1393517 -0.7006347 0.8530212 0.4339268 0.2899356 0.8596687 0.3612269 0.3612269 0.8596612 0.4247644 0.2838274 0.8530212 -0.2899356 0.4339268 0.7787505 -0.443592 0.443592 0.8530182 -0.3690105 0.369041 0.7787555 0.5216017 -0.3485279 0.7787505 0.443592 -0.443592 0.6284543 0.7778465 0 0.999997 0.002411007 4.5779e-4 0.999997 0.002441525 0 0.9999971 -0.001709043 -0.001709043 0.6284487 -0.43215 -0.6467601 0.9999971 -0.001342833 -0.002014219 0.6997804 0.5051274 -0.5051274 0.8596612 0.4247644 -0.2838274 0.6997798 0.5939689 -0.3968745 0.8530213 0.1997199 0.4821478 0.8596702 0.09964579 0.5010368 0.8596653 0.1954756 0.4719797 0.7787455 0.12238 0.6152874 0.8530102 0.1018118 0.5118671 0.9999971 -4.5779e-4 0.00238049 0.7787644 0.2400658 -0.579564 0.7787601 0.1223822 -0.6152684 0.6284487 -0.6467601 0.43215 0.999997 -0.002044796 0.001342833 -0.3582593 0.1821357 -0.9156838 0.6284558 0.2976558 -0.7186407 0.6284591 0.1517433 -0.7628979 -0.5418825 0.4669254 -0.6988163 0.5115003 0.607605 -0.607605 -0.5418664 0.5942983 -0.5942983 0.6284558 -0.2976558 0.7186407 0.999997 -9.1558e-4 0.002258419 0.7787601 -0.1223822 -0.6152684 0.8530177 0 -0.521882 0.8530235 -0.1018134 -0.5118446 0.8530212 -0.4339268 -0.2899356 0.8596687 -0.3612269 -0.3612269 0.8596686 -0.4247681 -0.2837993 0.8530212 -0.2899356 -0.4339268 0.7787506 -0.2400616 -0.5795843 0.8530213 -0.1997199 -0.4821478 0.7787555 -0.5216017 0.3485279 0.9999971 0.002227902 -9.15581e-4 0.7787386 -0.5795981 0.2400673 0.9999971 9.15581e-4 -0.002227902 0.999997 4.5779e-4 -0.002411007 -0.3582305 0 0.9336333 0.6284591 -0.1517433 0.7628979 0.6284729 0 0.7778316 -0.5418709 -0.4669154 0.6988319 0.5115082 -0.328818 0.7938753 0.511509 -0.477388 0.7144645 0.8596571 -0.5010597 -0.09964424 0.6997969 -0.6599699 -0.2733572 0.6997802 -0.7006347 -0.1393517 0.8596702 -0.09964579 -0.5010368 0.8596638 0 -0.5108603 0.8530212 -0.4339268 0.2899356 0.999997 0.002411007 -4.5779e-4 0.7787603 -0.6152685 0.1223822 0.628455 0.5500202 -0.5500202 -0.3582921 0.7762792 -0.518669 0.6284487 0.6467601 -0.43215 -0.5418657 0.1639483 -0.8243195 0.5115082 0.328818 -0.7938753 -0.5418792 0.3216178 -0.7764851 0.8596602 0.4719769 0.1955049 0.6997798 0.5939689 0.3968745 0.6997813 0.6599839 0.2733631 0.8596653 0.1954756 -0.4719797 0.8530212 0.2899356 -0.4339268 0.8596686 0.2837993 -0.4247681 0.7787555 0.3485279 0.5216017 0.7787505 0.443592 0.443592 -0.3582593 0.9156838 0.1821357 0.6284591 0.7628979 0.1517433 -0.5418632 -0.6988219 -0.4669393 0.5115003 -0.607605 -0.607605 -0.5418664 -0.5942983 -0.5942983 0.8596571 0.5010597 0.09964424 0.6997802 0.7006347 0.1393517 0.8530278 0.3690146 -0.3690146 0.8596687 0.3612269 -0.3612269 0.8530212 0.2899356 0.4339268 0.7787506 0.2400616 0.5795843 0.7787506 0.5795843 -0.2400616 0.9999971 -0.00238049 4.5779e-4 0.7787603 0.6152685 -0.1223822 0.6284236 0.7186692 -0.2976551 -0.3582693 0.9156789 -0.1821408 0.6284591 0.7628979 -0.1517433 -0.5418825 0.6988163 -0.4669254 0.5115031 0.7938674 -0.3288452 -0.5418792 0.7764851 -0.3216178 0.9999971 -0.00238049 -4.5779e-4 0.6284558 -0.7186407 -0.2976558 0.999997 -0.002258419 -9.1558e-4 0.8596638 -0.5108603 0 0.6997751 -0.7143633 0 0.8530235 -0.5118446 -0.1018134 0.8596653 -0.4719797 -0.1954756 0.999997 4.5779e-4 0.002411007 0.999997 0.002044796 0.001342833 0.7787505 -0.443592 -0.443592 0.7787555 -0.5216017 -0.3485279 0.999997 0 0.002441525 -0.3582693 -0.1821408 0.9156789 0.6997813 -0.6599839 0.2733631 0.8596571 -0.5010597 0.09964424 0.6997802 -0.7006347 0.1393517 0.8530213 0.1997199 -0.4821478 0.999997 0 -0.002441525 0.7787601 -0.1223822 0.6152684 0.7787445 0 0.6273414 -0.3582693 0.1821408 0.9156789 0.6284591 0.1517433 0.7628979 -0.5418657 0.8243195 0.1639483 0.5114946 0.8592866 0 0.5115076 0.8427667 0.1676438 0.8596638 0.5108603 0 0.6997751 0.7143633 0 0.8530177 -0.521882 0 0.7787445 -0.6273414 0 -0.3582673 0 -0.9336191 0.6284543 0 -0.7778465 -0.5418657 -0.8243195 -0.1639483 0.5115082 -0.7938753 -0.328818 -0.5418792 -0.7764851 -0.3216178 0.8596686 -0.2837993 0.4247681 0.699796 -0.5051167 0.5051167 0.6997953 -0.396866 0.5939562 0.8596686 0.2837993 0.4247681 0.7787603 0.6152685 0.1223822 0.8530213 0.4821478 0.1997199 0.8530235 0.5118446 0.1018134 -0.3582603 -0.8625532 0.3572837 0.6284558 -0.7186407 0.2976558 0.511509 -0.7144645 -0.477388 0.6997802 0.7006347 -0.1393517 0.8530278 0.3690146 0.3690146 0.8530177 0 0.521882 0.7787506 0.5795843 0.2400616 0.999997 9.1558e-4 0.002258419 0.628455 0.5500202 0.5500202 0.999997 0.001342833 0.002044796 0.999997 0.001739561 0.001739561 0.6997804 0.5051274 0.5051274 0.8530213 -0.4821478 0.1997199 0.7787603 -0.6152685 -0.1223822 0.6284445 -0.1517398 -0.7629107 0.999997 -4.5779e-4 -0.002411007 0.6284591 -0.7628979 0.1517433 0.999997 -0.002044796 -0.001342833 0.628455 -0.5500202 -0.5500202 0.8596653 -0.1954756 0.4719797 0.6997969 -0.2733572 0.6599699 0.8530318 0.5118313 -0.1018108 0.8596571 0.5010597 -0.09964424 0.7787555 0.5216017 0.3485279 0.999997 0.001739561 -0.001739561 0.999997 -9.1558e-4 -0.002258419 -0.3582642 -0.3572571 -0.8625625 0.6284558 -0.2976558 -0.7186407 0.999997 0.002044796 -0.001342833 0.699808 -0.5939365 -0.3968732 0.6997804 -0.5051274 -0.5051274 0.8596602 0.4719769 -0.1955049 0.8530235 -0.5118446 0.1018134 0.7787386 -0.2400673 0.5795981 0.5114978 0.7144794 0.4773776 0.8632596 0.3569194 0.3569194 0.5115003 0.607605 0.607605 -0.3582655 -0.7762877 -0.5186747 0.6284487 -0.6467601 -0.43215 -0.5418709 0.6988319 0.4669154 0.5115031 0.7938674 0.3288452 0.6997813 0.6599839 -0.2733631 0.8530213 0.4821478 -0.1997199 0.7787555 0.3485279 -0.5216017 0.628455 -0.5500202 0.5500202 -0.3582655 -0.7762877 0.5186747 -0.5418792 -0.3216178 0.7764851 0.5115102 -0.1676142 0.8427709 0.6997953 0.396866 0.5939562 0.8596653 -0.4719797 0.1954756 0.7787593 0 -0.6273229 0.8530235 0.1018134 -0.5118446 0.6284487 0.43215 -0.6467601 -0.3582688 0.660168 -0.660168 0.5114945 0.8427755 -0.1676395 -0.5418657 0.8243195 -0.1639483 0.6997813 0.2733631 0.6599839 0.7787386 -0.5795981 -0.2400673 -0.5418657 -0.1639483 -0.8243195 0.5114946 0 -0.8592866 -0.5418662 0 -0.8404648 0.8596702 -0.09964579 0.5010368 0.8530213 -0.1997199 0.4821478 0.8530102 -0.1018118 0.5118671 0.5114971 0.1676099 -0.8427799 0.8632643 0.1931556 -0.4663324 -0.3583002 0.8625453 -0.3572626 -0.5418662 0 0.8404648 0.5114971 0.1676099 0.8427799 0.5114946 0 0.8592866 0.999997 -0.002441525 0 0.6284261 -0.7629253 -0.1517427 0.6997953 0.396866 -0.5939562 0.8530088 -0.4821712 -0.1997169 -0.3582688 0.660168 0.660168 0.6284487 0.43215 0.6467601 -0.5418792 -0.3216178 -0.7764851 0.5114971 -0.1676099 -0.8427799 0.8596638 0 0.5108603 0.6997957 -0.1393488 0.7006197 0.6997751 0 0.7143633 0.8596653 -0.1954756 -0.4719797 -0.3582642 0.8625625 0.3572571 0.6284558 0.7186407 0.2976558 -0.5418792 0.3216178 0.7764851 0.511509 0.477388 0.7144645 0.5115082 0.328818 0.7938753 0.6997801 0.1393517 0.7006347 1 0 0 0.7787435 -0.3485362 0.521614 0.7787555 -0.3485279 -0.5216017 -0.3582693 -0.1821408 -0.9156789 0.699808 -0.5939365 0.3968732 0.8530212 0.4339268 -0.2899356 0.9999971 0.001342833 -0.002014219 -0.3582673 0.9336191 0 0.511509 0.7144645 -0.477388 0.8530278 -0.3690146 -0.3690146 0.6284558 0.2976558 0.7186407 -0.3582655 0.5186747 0.7762877 0.8596686 -0.4247681 0.2837993 0.8596687 -0.3612269 0.3612269 0.7787324 0.6273563 0 0.8530177 0.521882 0 -0.3583006 0.7762671 0.5186814 -0.5418662 0.8404648 0 0.6997798 -0.3968745 -0.5939689 -0.3582909 0.3572532 0.8625532 -0.5418657 -0.8243195 0.1639483 0.5115082 -0.7938753 0.328818 0.5115102 -0.8427709 0.1676142 0.999997 -0.002258419 9.1558e-4 -0.3583002 -0.3572626 0.8625453 0.999997 0.002258419 9.1558e-4 -0.3582959 -0.9156689 -0.1821388 -0.5418657 -0.1639483 0.8243195 0.6284303 0.6467725 0.4321583 0.511509 0.477388 -0.7144645 0.6997801 -0.1393517 -0.7006347 0.6997813 -0.2733631 -0.6599839 0.8596612 -0.2838274 -0.4247644 -0.3582655 -0.5186747 -0.7762877 -0.5418709 0.4669154 0.6988319 -0.3582642 -0.8625625 -0.3572571 -0.5418632 -0.4669393 -0.6988219 0.5115082 -0.328818 -0.7938753 0.6997813 0.2733631 -0.6599839 -0.3582593 -0.9156838 0.1821357 0.6284543 -0.7778465 0 -0.5418664 -0.5942983 0.5942983 0.5115003 -0.607605 0.607605 -0.3582939 -0.9336089 0 0.8632633 0.4196987 -0.2804095 0.863267 -0.09845501 0.4950524 0.8632643 -0.1931556 0.4663324 0.8632643 0.4663324 -0.1931556 0.863267 0.4950524 -0.09845501 -0.5418664 0.5942983 0.5942983 0.8632627 0.504755 0 0.863267 0.4950524 0.09845501 0.8632559 0.2804376 0.4196951 0.8632633 -0.2804095 -0.4196987 0.8632643 -0.1931556 -0.4663324 -0.5418662 -0.8404648 0 0.8632596 0.3569194 -0.3569194 0.8632596 -0.3569194 0.3569194 -0.5418792 0.7764851 0.3216178 0.863267 -0.4950524 -0.09845501 0.8632643 -0.4663324 -0.1931556 0.8632627 0 -0.504755 0.863267 0.09845501 -0.4950524 -0.3582688 -0.660168 0.660168 0.8632627 -0.504755 0 0.5114971 -0.8427799 -0.1676099 0.5114946 -0.8592866 0 0.511509 -0.7144645 0.477388 0.8632633 -0.4196987 0.2804095 -0.3583006 0.5186814 -0.7762671 0.8632559 0.2804376 -0.4196951 -0.3582598 -0.518697 0.7762753 0.863267 -0.09845501 -0.4950524 0.8632643 0.1931556 0.4663324 -0.5418792 -0.7764851 0.3216178 0.863267 0.09845501 0.4950524 0.8632596 -0.3569194 -0.3569194 0.511509 -0.477388 -0.7144645 0.8632643 -0.4663324 0.1931556 0.863267 -0.4950524 0.09845501 -0.3582954 -0.6601608 -0.6601608 0.8632633 -0.4196987 -0.2804095 0.8632627 0 0.504755 0.8632643 0.4663324 0.1931556 -0.3582642 0.3572571 -0.8625625 0.8632633 0.4196987 0.2804095 -0.5418657 0.1639483 0.8243195 0.8632633 -0.2804095 0.4196987 -0.5418632 -0.6988219 0.4669393 1 0 0 1 0 0 1 1.93076e-7 0 1 -1.83453e-7 0 1 -3.66902e-7 0 1 7.33801e-7 0 1 0 0 1 -7.72305e-7 0 1 0 0 1 0 0 1 -3.66908e-7 0 1 -3.8615e-7 0 0.1026356 0.7033726 0.7033726 0.1026367 0.9947189 0 0.1026356 0.7033726 -0.7033726 0.1026669 -0.9947159 0 0.1026657 -0.7033704 -0.7033704 0.1026367 0 -0.9947189 0.1026657 -0.7033704 0.7033704 0.1026367 0 0.9947189 0.1026356 -0.7033726 0.7033726 0.2813242 0.9411757 -0.1872035 0.2813252 0.9596126 0 0.2813284 0.88656 -0.3672407 0.2813236 0.5331354 0.7978871 0.2813317 0.6785472 0.6785472 0.2813252 0 -0.9596126 0.2813242 0.1872035 -0.9411756 0.2813317 0.6785472 -0.6785472 0.2813236 0.7978871 -0.5331354 0.2813236 0.7978871 0.5331354 0.2813533 -0.9596043 0 0.2813523 -0.9411676 -0.1872019 0.2813597 -0.8865623 -0.3672112 0.2813242 -0.1872035 -0.9411756 0.2813242 0.9411757 0.1872035 0.2813284 0.88656 0.3672407 0.2813282 0.5331135 -0.7979 0.2813517 -0.7978802 -0.5331308 0.2813252 0 0.9596126 0.2813242 0.1872035 0.9411756 0.2813562 -0.5331089 -0.7978932 0.2813597 -0.3672112 -0.8865623 0.2813523 -0.9411676 0.1872019 0.2813523 -0.1872019 0.9411675 0.2813242 -0.1872035 0.9411756 0.2813598 -0.6785414 0.6785414 0.2813562 -0.5331089 0.7978932 0.2813598 -0.6785414 -0.6785414 0.2813284 0.3672407 -0.88656 0.2813316 0.3672143 0.8865699 0.2813597 -0.8865623 0.3672112 0.2813517 -0.7978802 0.5331308 0.2813316 0.3672143 -0.8865699 0.2813523 -0.1872019 -0.9411675 0.2813597 -0.3672112 0.8865623 0.2813517 -0.5331308 -0.7978802 -0.6979785 0.3978508 -0.5954334 -0.2345109 0.6873881 -0.6873881 -0.6979748 0.5063751 -0.5063751 -0.9989593 0.008881092 0.04474133 -0.7796973 0 -0.6261566 -0.9989572 0 0.0456568 -0.9989578 -0.008881092 0.04477179 -0.6812584 0 0.7320431 -0.9989589 -0.03225892 0.03225892 -0.681253 -0.4067009 0.6086779 -0.9989572 -0.02536147 0.03796595 -0.6812471 -0.6763335 0.2801347 -0.9989572 -0.03796595 0.02536147 -0.9989577 -0.04217767 0.017457 -0.779696 0.1221365 -0.6141311 -0.9989577 -0.017457 0.04217767 -0.6812465 -0.1427987 0.7179915 -0.9989565 -0.04480224 0.008881092 -0.7797035 0.5784907 -0.2396059 -0.779696 0.6141311 -0.1221365 -0.6979843 0 -0.716113 -0.6979734 0.1396862 -0.7023681 -0.6979785 0.5954334 -0.3978508 -0.6979848 0.6616054 -0.2740361 -0.6979734 0.7023681 -0.1396862 -0.7797035 0.2396059 -0.5784907 -0.6979848 0.2740361 -0.6616054 -0.7796912 0.442765 -0.442765 -0.779696 -0.1221365 -0.6141311 -0.6979734 -0.1396862 -0.7023681 -0.7797058 0.5206279 -0.3478584 -0.7797058 0.3478584 -0.5206279 -0.2345073 0.8082937 -0.5400628 -4.57789e-4 0.9238802 -0.3826815 -0.2344812 0.8981276 -0.3720021 -4.57784e-4 0.9807878 -0.1950772 -0.2345076 0.9534426 -0.1896142 -4.57789e-4 0.8314676 -0.5555732 -0.2345076 -0.1896142 -0.9534425 -4.57792e-4 0 -0.9999999 -0.2344774 0 -0.9721217 -0.2344774 0.189645 -0.9534439 -4.57789e-4 0.3826815 -0.9238802 -0.2344812 0.3720021 -0.8981276 -4.57789e-4 0.5555732 -0.8314676 -0.2345073 0.5400628 -0.8082937 -4.57784e-4 0.1950772 -0.9807878 -4.57793e-4 0.7071067 -0.7071067 -0.6812471 -0.2801347 0.6763335 -0.681253 -0.6086779 0.4067009 -0.6979785 0.5954334 0.3978508 -0.2345109 0.6873881 0.6873881 -0.6979748 0.5063751 0.5063751 -0.9989572 -0.0456568 0 -0.9989578 -0.04477179 -0.008881092 -0.6812584 -0.7320431 0 -0.9989589 -0.03225892 -0.03225892 -0.681253 -0.6086779 -0.4067009 -0.9989572 -0.03796595 -0.02536147 -0.6812471 -0.2801347 -0.6763335 -0.9989572 -0.02536147 -0.03796595 -0.9989577 -0.017457 -0.04217767 -0.7796973 0.6261566 0 -0.779696 0.6141311 0.1221365 -0.9989577 -0.04217767 -0.017457 -0.6812465 -0.7179915 -0.1427987 -0.9989593 -0.008881092 -0.04474133 -0.7797035 0.2396059 0.5784907 -0.779696 0.1221365 0.6141311 -0.6979843 0.716113 0 -0.6979734 0.7023681 0.1396862 -0.6979785 0.3978508 0.5954334 -0.6979848 0.2740361 0.6616054 -0.6979734 0.1396862 0.7023681 -0.7797035 0.5784907 0.2396059 -0.6979848 0.6616054 0.2740361 -0.7796912 0.442765 0.442765 -0.7797058 0.3478584 0.5206279 -0.7797058 0.5206279 0.3478584 -0.2345073 0.5400628 0.8082937 -4.57789e-4 0.3826815 0.9238802 -0.2344812 0.3720021 0.8981276 -4.57784e-4 0.1950772 0.9807878 -0.2345076 0.1896142 0.9534425 -4.57789e-4 0.5555732 0.8314676 -4.57792e-4 0.9999999 0 -0.2344774 0.9721217 0 -0.2344774 0.9534439 0.189645 -4.57789e-4 0.9238802 0.3826815 -0.2344812 0.8981276 0.3720021 -4.57789e-4 0.8314676 0.5555732 -0.2345073 0.8082937 0.5400628 -4.57784e-4 0.9807878 0.1950772 -4.57793e-4 0.7071067 0.7071067 -0.6812471 -0.6763335 -0.2801347 -0.6812153 -0.7180212 0.1427985 -0.681253 -0.4067009 -0.6086779 -0.6979785 -0.3978508 0.5954334 -0.2345109 -0.6873881 0.6873881 -0.6979748 -0.5063751 0.5063751 -0.9989572 0 -0.0456568 -0.9989578 0.008881092 -0.04477179 -0.6812584 0 -0.7320431 -0.9989589 0.03225892 -0.03225892 -0.681253 0.4067009 -0.6086779 -0.9989572 0.02536147 -0.03796595 -0.6812471 0.6763335 -0.2801347 -0.9989572 0.03796595 -0.02536147 -0.9989577 0.04217767 -0.017457 -0.7796973 0 0.6261566 -0.779696 -0.1221365 0.6141311 -0.9989577 0.017457 -0.04217767 -0.6812465 0.1427987 -0.7179915 -0.9989563 0.04480224 -0.008911609 -0.7797035 -0.5784907 0.2396059 -0.7797106 -0.6141121 0.1221387 -0.6979843 0 0.716113 -0.6979734 -0.1396862 0.7023681 -0.6979785 -0.5954334 0.3978508 -0.6979848 -0.6616054 0.2740361 -0.6979734 -0.7023681 0.1396862 -0.7797035 -0.2396059 0.5784907 -0.6979848 -0.2740361 0.6616054 -0.7796912 -0.442765 0.442765 -0.7797058 -0.5206279 0.3478584 -0.7797058 -0.3478584 0.5206279 -0.2345073 -0.8082937 0.5400628 -4.57789e-4 -0.9238802 0.3826815 -0.2344812 -0.8981276 0.3720021 -4.57784e-4 -0.9807878 0.1950772 -0.2345076 -0.9534426 0.1896142 -4.57789e-4 -0.8314676 0.5555732 -4.57792e-4 0 0.9999999 -0.2344774 0 0.9721217 -0.2344774 -0.189645 0.9534439 -4.57789e-4 -0.3826815 0.9238802 -0.2344812 -0.3720021 0.8981276 -4.57789e-4 -0.5555732 0.8314676 -0.2345073 -0.5400628 0.8082937 -4.57784e-4 -0.1950772 0.9807878 -4.57793e-4 -0.7071067 0.7071067 -0.6812471 0.2801347 -0.6763335 -0.681253 0.6086779 -0.4067009 -0.6979785 -0.5954334 -0.3978508 -0.2345109 -0.6873881 -0.6873881 -0.6979748 -0.5063751 -0.5063751 -0.9989572 0.0456568 0 -0.9989578 0.04477179 0.008881092 -0.6812584 0.7320431 0 -0.9989589 0.03225892 0.03225892 -0.681253 0.6086779 0.4067009 -0.9989572 0.03796595 0.02536147 -0.6812471 0.2801347 0.6763335 -0.9989572 0.02536147 0.03796595 -0.9989577 0.017457 0.04217767 -0.7796973 -0.6261566 0 -0.779696 -0.6141311 -0.1221365 -0.9989577 0.04217767 0.017457 -0.6812465 0.7179915 0.1427987 -0.7797035 -0.2396059 -0.5784907 -0.6979691 -0.7161279 0 -0.6979734 -0.7023681 -0.1396862 -0.6979785 -0.3978508 -0.5954334 -0.6979848 -0.2740361 -0.6616054 -0.7797035 -0.5784907 -0.2396059 -0.6979848 -0.6616054 -0.2740361 -0.7796912 -0.442765 -0.442765 -0.7797058 -0.3478584 -0.5206279 -0.7797058 -0.5206279 -0.3478584 -0.2345073 -0.5400628 -0.8082937 -4.57789e-4 -0.3826815 -0.9238802 -0.2345101 -0.3719994 -0.8981212 -4.57784e-4 -0.1950772 -0.9807878 -4.57789e-4 -0.5555732 -0.8314676 -4.57792e-4 -0.9999999 0 -0.2344774 -0.9721217 0 -0.2344774 -0.9534439 -0.189645 -4.57789e-4 -0.9238802 -0.3826815 -0.2344812 -0.8981276 -0.3720021 -4.57789e-4 -0.8314676 -0.5555732 -0.2345073 -0.8082937 -0.5400628 -4.57784e-4 -0.9807878 -0.1950772 -4.57793e-4 -0.7071067 -0.7071067 -0.6812471 0.6763335 0.2801347 -0.6813091 0.142799 0.7179321 -0.6812512 0.5176373 0.5176373 -0.681253 0.4067009 0.6086779 0.1026355 0.8863028 -0.4515899 0.1026359 0.307389 -0.9460328 0.1026355 -0.4515899 -0.8863028 0.1026368 0.3073613 -0.9460416 0.1026661 -0.307388 0.9460298 0.1026656 -0.8863 0.4515885 0.1026368 -0.9460416 -0.3073613 0.1026656 0.4515885 0.8863 0.1026359 0.9460328 0.307389 0.1026368 0.4515656 0.886315 0.1026358 -0.1556169 -0.9824711 0.1026344 -0.8047477 -0.5846773 0.1026362 -0.1555871 -0.9824758 0.1026362 -0.9824758 0.1555871 0.1026671 0.8047344 0.5846898 0.1026664 0.1555867 0.9824727 0.1026362 -0.5846571 0.804762 0.1026358 -0.9824711 0.1556169 0.1026664 0.9824727 -0.1555867 0.1026369 0.5846917 -0.8047369 0.1026362 0.9824758 -0.1555871 0.1026362 -0.9824758 -0.1555871 0.1026344 -0.8047477 0.5846773 0.1026362 -0.1555871 0.9824758 0.1026369 -0.8047369 0.5846917 0.1026664 0.8047595 -0.5846554 0.1026664 0.9824727 0.1555867 0.1026369 0.5846917 0.8047369 0.1026664 0.1555867 -0.9824727 0.1026671 0.8047344 -0.5846898 0.1026344 -0.5846773 -0.8047477 0.1026362 -0.5846571 -0.804762 0.1026358 0.1556169 -0.9824711 0.1026355 -0.4515899 0.8863028 0.1026359 0.307389 0.9460328 0.1026355 0.8863028 0.4515899 0.102667 -0.3073604 -0.9460387 0.1026656 0.4515885 -0.8863 0.1026359 0.9460328 -0.307389 0.1026656 -0.8863 -0.4515885 0.1026661 -0.307388 -0.9460298 0.1026359 -0.9460328 0.307389 0.1026368 -0.9460416 0.3073613 0.1026355 -0.8863028 -0.4515899 0.9702072 -0.07486373 -0.2304204 0.9702088 0.1099916 -0.215863 0.9702088 -0.215863 -0.1099916 0.9702041 -0.1960245 0.1424024 0.9702064 -0.2393013 -0.03787434 0.9702053 -0.03790479 -0.239301 0.9702099 0.1424033 -0.1959952 0.9702072 -0.2304204 0.07486373 0.9702072 0.2304204 -0.07486373 0.9702099 0.1424033 0.1959952 0.9702064 -0.03787434 0.2393013 0.9702064 0.2393013 0.03787434 0.9702053 0.03790479 -0.239301 0.9702041 0.1960245 -0.1424024 0.9702041 -0.1424024 -0.1960245 0.9702099 -0.1959952 -0.1424033 0.9702064 -0.2393013 0.03787434 0.9702064 0.03787434 0.2393013 0.9702041 -0.1424024 0.1960245 0.9702088 -0.1099916 0.215863 0.9702064 0.2393013 -0.03787434 0.9702099 0.1959952 0.1424033 0.9702088 -0.1099916 -0.215863 0.9702072 0.07486373 -0.2304204 0.9702109 0.1713052 0.1713052 0.9702036 0 0.2422915 0.9702088 0.215863 -0.1099916 0.9702088 -0.215863 0.1099916 0.9702072 -0.2304204 -0.07486373 0.9702072 -0.07486373 0.2304204 0.9702072 0.2304204 0.07486373 0.9702088 0.1099916 0.215863 0.9702088 0.215863 0.1099916 0.9702072 0.07486373 0.2304204 0.9702109 -0.1713052 0.1713052 0.9702036 -0.2422915 0 0.9702109 -0.1713052 -0.1713052 0.9702036 0 -0.2422915 0.9702109 0.1713052 -0.1713052 0.9702036 0.2422915 0 1 -3.86147e-7 0 0.5629842 -0.8264548 0.004608333 -0.00137335 -0.5564873 -0.830855 -0.002594113 -0.9987403 -0.05011248 0.4391685 0.87028 0.2230329 7.01943e-4 0.7251067 0.6886363 7.62974e-4 0.9719074 0.2353624 0.4391746 -0.4576694 0.7730877 7.01928e-4 -0.02578818 0.9996672 0.4232998 -1.83115e-4 0.9059898 0.3738623 -0.1759747 -0.9106371 0 -0.3826816 -0.9238803 0.3733454 -0.3550032 -0.8570799 0.9443142 -0.1259207 -0.3039982 0.9950835 0.01913559 0.09717363 0.9447218 -0.06268644 -0.3218249 0.9926033 -0.09995001 0.06891208 0.9950857 0.05517905 0.0822193 0.9447208 -0.183237 -0.2718952 0.9950675 0.03796541 0.0916481 0.9926013 0.119421 -0.02194315 0.9951598 0 0.09827077 0.9404745 0.2945086 0.1696248 0.9880728 0.06662225 0.1388294 0.8963698 0.3182203 0.3086373 0.8672041 0.1905621 0.460047 0.951846 0.1173136 0.2832435 0.9880754 0.05102735 0.1452693 0.8963695 -0.00677514 0.443256 0.9404701 -0.08832162 0.3282001 0.9951593 0.06949144 0.06949144 0.5629932 0.5876531 -0.5811219 -0.002594113 0.6707832 -0.741649 0.3817328 0.3536857 0.8539242 0.4233026 0.6407526 0.6405085 0.3738899 -0.5194662 -0.7683497 7.62973e-4 -0.5208054 0.8536751 0 0.3826816 0.9238803 -0.001373291 -0.1940085 -0.9809989 0.5629932 -0.5811219 0.5876531 -0.001373291 -0.9809989 -0.1940085 -0.002594113 -0.741649 0.6707832 0.4391746 0.7730877 -0.4576694 7.01928e-4 0.9996673 -0.02578818 7.62985e-4 0.8536888 -0.5207831 0.4391685 0.2230329 0.87028 7.01927e-4 0.688621 0.7251212 0.4233026 0.6405085 0.6407526 0.3738899 -0.7683497 -0.5194662 0 -0.9238803 -0.3826816 0.3733454 -0.8570799 -0.3550032 0.9443142 -0.3039982 -0.1259207 0.9950857 0.0822193 0.05517905 0.9447208 -0.2718952 -0.183237 0.9926013 -0.02194315 0.119421 0.9950835 0.09717363 0.01913559 0.9447218 -0.3218249 -0.06268644 0.9950675 0.0916481 0.03796541 0.9926033 0.06891208 -0.09995001 0.9404701 0.3282001 -0.08832162 0.9880754 0.1452693 0.05102735 0.8963697 0.4432561 -0.006744623 0.8672041 0.460047 0.1905621 0.951846 0.2832435 0.1173136 0.9880771 0.1387995 0.06662255 0.8963698 0.3086373 0.3182203 0.9404709 0.1695936 0.294538 0.9951598 0.09827077 0 0.5629842 0.004608333 -0.8264548 -0.002594113 -0.05011248 -0.9987403 0.3817328 0.8539242 0.3536857 0.4232998 0.9059898 -1.52595e-4 0.3738886 -0.9106267 -0.1759727 7.62974e-4 0.2353624 0.9719074 0 0.9238803 0.3826816 -0.00137335 -0.830855 -0.5564873 0.5629842 0.004608333 0.8264548 -0.00137335 -0.830855 0.5564873 -0.002594113 -0.05011248 0.9987403 0.4391685 0.2230329 -0.87028 7.01943e-4 0.6886363 -0.7251067 7.62974e-4 0.2353624 -0.9719074 0.4391746 0.7730877 0.4576694 7.01928e-4 0.9996673 0.02578818 0.4232998 0.9059898 1.83115e-4 0.3738886 -0.9106267 0.1759727 0 -0.9238803 0.3826816 0.3733454 -0.8570799 0.3550032 0.9443142 -0.3039982 0.1259207 0.9950835 0.09717363 -0.01913559 0.9447218 -0.3218249 0.06268644 0.9926033 0.06891208 0.09995001 0.9950857 0.0822193 -0.05517905 0.9447208 -0.2718952 0.183237 0.9950675 0.0916481 -0.03796541 0.9926013 -0.02194315 -0.119421 0.9404659 0.1696232 -0.2945365 0.9880728 0.1388294 -0.06662225 0.8963698 0.3086373 -0.3182203 0.8672041 0.460047 -0.1905621 0.951846 0.2832435 -0.1173136 0.9880754 0.1452693 -0.05102735 0.8963695 0.443256 0.00677514 0.9404701 0.3282001 0.08832162 0.9951593 0.06949144 -0.06949144 0.5629932 -0.5811219 -0.5876531 -0.002594053 -0.7416627 -0.670768 0.3817328 0.8539242 -0.3536857 0.4233026 0.6405085 -0.6407526 0.3738899 -0.7683497 0.5194662 7.62973e-4 0.8536751 0.5208054 0 0.9238803 -0.3826816 -0.001373291 -0.9809989 0.1940085 0.5629932 0.5876531 0.5811219 -0.001373291 -0.1940085 0.9809989 -0.002594113 0.6707832 0.741649 0.4391746 -0.4576694 -0.7730877 7.01928e-4 -0.02578818 -0.9996672 7.62985e-4 -0.5207831 -0.8536888 0.4391685 0.87028 -0.2230329 7.01927e-4 0.7251212 -0.688621 0.4233026 0.6407526 -0.6405085 0.3738899 -0.5194662 0.7683497 0 -0.3826816 0.9238803 0.3733454 -0.3550032 0.8570799 0.9443142 -0.1259207 0.3039982 0.9950857 0.05517905 -0.0822193 0.9447208 -0.183237 0.2718952 0.9926013 0.119421 0.02194315 0.9950835 0.01913559 -0.09717363 0.9447218 -0.06268644 0.3218249 0.9950675 0.03796541 -0.0916481 0.9926033 -0.09995001 -0.06891208 0.9404701 -0.08832162 -0.3282001 0.9880754 0.05102735 -0.1452693 0.8963697 -0.006744623 -0.4432561 0.8672041 0.1905621 -0.460047 0.951846 0.1173136 -0.2832435 0.9880771 0.06662255 -0.1387995 0.8963698 0.3182203 -0.3086373 0.9404659 0.2945365 -0.1696232 0.9951598 0 -0.09827077 0.5629842 -0.8264548 -0.004608333 -0.002594113 -0.9987403 0.05011248 0.3817328 0.3536857 -0.8539242 0.4232998 -1.52595e-4 -0.9059898 0.3738886 -0.1759727 0.9106267 7.62974e-4 0.9719074 -0.2353624 0 0.3826816 -0.9238803 -0.00137335 -0.5564873 0.830855 0.5629842 0.8264548 -0.004608333 -0.00137335 0.5564873 0.830855 -0.002594113 0.9987403 0.05011248 0.4391685 -0.87028 -0.2230329 7.01943e-4 -0.7251067 -0.6886363 7.62974e-4 -0.9719074 -0.2353624 0.4391746 0.4576694 -0.7730877 7.01928e-4 0.02578818 -0.9996672 0.4232998 1.83115e-4 -0.9059898 0.3738886 0.1759727 0.9106267 0.3733454 0.3550032 0.8570799 0.9443142 0.1259207 0.3039982 0.9950835 -0.01913559 -0.09717363 0.9447218 0.06268644 0.3218249 0.9926033 0.09995001 -0.06891208 0.9950857 -0.05517905 -0.0822193 0.9447208 0.183237 0.2718952 0.9950675 -0.03796541 -0.0916481 0.9926013 -0.119421 0.02194315 0.9404659 -0.2945365 -0.1696232 0.9880728 -0.06662225 -0.1388294 0.8963698 -0.3182203 -0.3086373 0.8672041 -0.1905621 -0.460047 0.951846 -0.1173136 -0.2832435 0.9880754 -0.05102735 -0.1452693 0.8963695 0.00677514 -0.443256 0.9404701 0.08832162 -0.3282001 0.9951593 -0.06949144 -0.06949144 0.5629932 -0.5876531 0.5811219 -0.002594113 -0.6707832 0.741649 0.3817328 -0.3536857 -0.8539242 0.4233026 -0.6407526 -0.6405085 0.3738899 0.5194662 0.7683497 7.62973e-4 0.5208054 -0.8536751 -0.001373291 0.1940085 0.9809989 0.5629932 0.5811219 -0.5876531 -0.001373291 0.9809989 0.1940085 -0.002594113 0.741649 -0.6707832 0.4391746 -0.7730877 0.4576694 7.01928e-4 -0.9996673 0.02578818 7.62985e-4 -0.8536888 0.5207831 0.4391685 -0.2230329 -0.87028 7.01927e-4 -0.688621 -0.7251212 0.4233026 -0.6405085 -0.6407526 0.3738899 0.7683497 0.5194662 0.3733454 0.8570799 0.3550032 0.9443142 0.3039982 0.1259207 0.9950857 -0.0822193 -0.05517905 0.9447208 0.2718952 0.183237 0.9926013 0.02194315 -0.119421 0.9950835 -0.09717363 -0.01913559 0.9447218 0.3218249 0.06268644 0.9950675 -0.0916481 -0.03796541 0.9926033 -0.06891208 0.09995001 0.9404701 -0.3282001 0.08832162 0.9880754 -0.1452693 -0.05102735 0.8963697 -0.4432561 0.006744623 0.8672041 -0.460047 -0.1905621 0.951846 -0.2832435 -0.1173136 0.9880771 -0.1387995 -0.06662255 0.8963698 -0.3086373 -0.3182203 0.9404709 -0.1695936 -0.294538 0.9951598 -0.09827077 0 0.5629842 -0.004608333 0.8264548 -0.002594113 0.05011248 0.9987403 0.3817328 -0.8539242 -0.3536857 0.4232998 -0.9059898 1.52595e-4 0.3738886 0.9106267 0.1759727 7.62974e-4 -0.2353624 -0.9719074 -0.00137335 0.830855 0.5564873 0.5629842 -0.004608333 -0.8264548 -0.00137335 0.830855 -0.5564873 -0.002594113 0.05011248 -0.9987403 0.4391685 -0.2230329 0.87028 7.01943e-4 -0.6886363 0.7251067 7.62974e-4 -0.2353624 0.9719074 0.4391746 -0.7730877 -0.4576694 7.01928e-4 -0.9996673 -0.02578818 0.4232998 -0.9059898 -1.83115e-4 0.3738886 0.9106267 -0.1759727 0.3733454 0.8570799 -0.3550032 0.9443142 0.3039982 -0.1259207 0.9950835 -0.09717363 0.01913559 0.9447218 0.3218249 -0.06268644 0.9926033 -0.06891208 -0.09995001 0.9950857 -0.0822193 0.05517905 0.9447208 0.2718952 -0.183237 0.9950675 -0.0916481 0.03796541 0.9926013 0.02194315 0.119421 0.9404659 -0.1696232 0.2945365 0.9880728 -0.1388294 0.06662225 0.8963698 -0.3086373 0.3182203 0.8672041 -0.460047 0.1905621 0.951846 -0.2832435 0.1173136 0.9880754 -0.1452693 0.05102735 0.8963695 -0.443256 -0.00677514 0.9404701 -0.3282001 -0.08832162 0.9951593 -0.06949144 0.06949144 0.5629932 0.5811219 0.5876531 -0.002594053 0.7416627 0.670768 0.3817328 -0.8539242 0.3536857 0.4233026 -0.6405085 0.6407526 0.3738899 0.7683497 -0.5194662 7.62973e-4 -0.8536751 -0.5208054 -0.001373291 0.9809989 -0.1940085 0.5629932 -0.5876531 -0.5811219 -0.001373291 0.1940085 -0.9809989 -0.002594113 -0.6707832 -0.741649 0.4391746 0.4576694 0.7730877 7.01928e-4 0.02578818 0.9996672 7.62985e-4 0.5207831 0.8536888 0.4391685 -0.87028 0.2230329 7.01927e-4 -0.7251212 0.688621 0.4233026 -0.6407526 0.6405085 0.3738899 0.5194662 -0.7683497 0.3733454 0.3550032 -0.8570799 0.9443142 0.1259207 -0.3039982 0.9950857 -0.05517905 0.0822193 0.9447208 0.183237 -0.2718952 0.9926013 -0.119421 -0.02194315 0.9950835 -0.01913559 0.09717363 0.9447218 0.06268644 -0.3218249 0.9950675 -0.03796541 0.0916481 0.9926033 0.09995001 0.06891208 0.9404701 0.08832162 0.3282001 0.9880754 -0.05102735 0.1452693 0.8963697 0.006744623 0.4432561 0.8672041 -0.1905621 0.460047 0.951846 -0.1173136 0.2832435 0.9880771 -0.06662255 0.1387995 0.8963698 -0.3182203 0.3086373 0.9404659 -0.2945365 0.1696232 0.5629842 0.8264548 0.004608333 -0.002594113 0.9987403 -0.05011248 0.3817328 -0.3536857 0.8539242 0.4232998 1.52595e-4 0.9059898 0.3738886 0.1759727 -0.9106267 7.62974e-4 -0.9719074 0.2353624 -0.00137335 0.5564873 -0.830855 -1 0 0 0.8330821 -0.211681 -0.5110437 0.8330875 0.511047 -0.2116518 0.8330821 0.211681 0.5110437 0.4817981 0 0.8762823 0.4818022 0.3353419 0.8095755 0.4818009 -0.619624 0.619624 0.8330875 -0.511047 0.2116518 0.8330933 -0.3911085 0.391139 0.4818009 0.619624 0.619624 0.8330875 0.511047 0.2116518 0.4818072 0.8095838 0.3353148 0.8330821 -0.211681 0.5110437 0.4818022 -0.3353419 0.8095755 0.8330912 0 0.5531356 0.4817981 -0.8762823 0 0.4818072 -0.8095838 0.3353148 0.4817981 0.8762823 0 0.4818072 0.8095838 -0.3353148 0.8330875 -0.511047 -0.2116518 0.8330912 -0.5531356 0 0.8330833 0.3911344 0.3911344 0.8330833 0.3911344 -0.3911344 0.4818009 0.619624 -0.619624 0.8330821 0.211681 -0.5110437 0.4818022 0.3353419 -0.8095755 0.4818009 -0.619624 -0.619624 0.4818072 -0.8095838 -0.3353148 0.4817981 0 -0.8762823 0.8330912 0 -0.5531356 0.8330912 0.5531356 0 0.8330833 -0.3911344 -0.3911344 0.4818022 -0.3353419 -0.8095755 1 3.86151e-7 0 1 0 0 1 5.96231e-7 0 1 1.93075e-7 0 1 0 0 1 3.66905e-7 0 1 3.66902e-7 0 -0.6812512 -0.5176373 0.5176373 -0.6812512 -0.5176373 -0.5176373 -0.6812615 -0.1428018 -0.7179767 -0.6812512 0.5176373 -0.5176373 -0.6812615 0.7179767 -0.1428018 1 0 0</float_array>
          <technique_common>
            <accessor source="#daewon_dcx_01a_15x7-mesh-normals-array" count="984" stride="3">
              <param name="X" type="float"/>
              <param name="Y" type="float"/>
              <param name="Z" type="float"/>
            </accessor>
          </technique_common>
        </source>
        <source id="daewon_dcx_01a_15x7-mesh-map-0">
          <float_array id="daewon_dcx_01a_15x7-mesh-map-0-array" count="10692">0.2360832 0.894979 0.1714722 0.8285275 0.2418775 0.8863076 0.4999993 0.9087923 0.4175462 0.9145223 0.4202483 0.9009375 0.1309025 0.2533761 0.2011463 0.2011455 0.1485853 0.2651916 0.7466243 0.1309018 0.8220984 0.1779017 0.813892 0.1861081 0.1714722 0.8285275 0.1212522 0.7530708 0.1779019 0.822098 0.9750369 0.4999995 0.9556803 0.5906403 0.9646075 0.4999995 0.1714725 0.1714717 0.2360837 0.1050203 0.2418777 0.1136919 0.2109401 0.7890598 0.1485853 0.7348077 0.1601012 0.7271127 0.3301233 0.08987993 0.4175466 0.08547729 0.3382615 0.109528 0.3301233 0.08987993 0.4111335 0.0532363 0.4133978 0.06461882 0.4093593 0.9556809 0.3256817 0.9208416 0.4111331 0.9467629 0.1714722 0.8285275 0.1050208 0.7639163 0.1136919 0.7581223 0.5932839 0.03103232 0.6817892 0.06112217 0.5926755 0.03408998 0.115526 0.09704953 0.02592575 0.1191915 0.115526 0.1191915 0.4093593 0.9556809 0.3182108 0.9388774 0.3222016 0.9292421 0.5888661 0.9467632 0.4999993 0.9439101 0.5866026 0.9353805 0.8690978 0.7466229 0.7988534 0.798854 0.8514152 0.7348077 0.7466226 0.869098 0.6743184 0.9208416 0.6698771 0.9101193 0.8787481 0.2469289 0.9292417 0.3222022 0.9208418 0.3256819 0.5926755 0.03408998 0.6777977 0.07075756 0.5906412 0.04431849 0.4999993 0.9781551 0.4073246 0.9659096 0.4999993 0.975037 0.115526 0.09708631 0.02592575 0.07494384 0.02592575 0.09708631 0.914522 0.5824534 0.8776747 0.6564377 0.9009377 0.579751 0.5824531 0.9145223 0.4999993 0.9439101 0.4999993 0.9226432 0.813892 0.1861081 0.8787481 0.2469289 0.8690983 0.2533769 0.9208418 0.3256819 0.9556803 0.4093592 0.9467623 0.4111331 0.8359028 0.1640979 0.8975715 0.2343512 0.8949796 0.2360835 0.115526 0.05276483 0.02592575 0.07490736 0.115526 0.07490736 0.1095287 0.3382611 0.1601014 0.2728867 0.1223247 0.3435615 0.3382612 0.8904712 0.2533769 0.8690977 0.2651919 0.8514149 0.6743184 0.9208416 0.5866026 0.9353805 0.6698771 0.9101193 0.1714725 0.1714717 0.2469291 0.1212522 0.1779019 0.1779013 0.9750369 0.4999995 0.9689666 0.5932831 0.9659085 0.5926749 0.115526 0.0970326 0.02592575 0.1191751 0.115526 0.1191752 0.0854777 0.417546 0.1223247 0.3435615 0.09906226 0.4202482 0.1861081 0.8138917 0.1485853 0.7348077 0.2011463 0.7988537 0.2533771 0.1309018 0.3256821 0.07915771 0.3301233 0.08987993 0.0791586 0.6743181 0.04431915 0.5906403 0.05323648 0.5888664 0.9388771 0.3182112 0.9689666 0.4067164 0.965909 0.4073247 0.115526 0.1413335 0.02592575 0.1634758 0.115526 0.1634758 0.04431915 0.409359 0.06112289 0.3182106 0.07075798 0.3222016 0.9226424 0.4999995 0.9009377 0.579751 0.9087923 0.4999995 0.9353796 0.5866021 0.8904712 0.6617383 0.914522 0.5824534 0.6743184 0.9208416 0.5906408 0.9556811 0.5888661 0.9467632 0.886308 0.7581223 0.8220984 0.8220984 0.8787475 0.7530706 0.4999993 0.975037 0.4093593 0.9556809 0.4999993 0.9646084 0.4067162 0.9689671 0.3182108 0.9388774 0.4073246 0.9659096 0.8776753 0.3435617 0.914522 0.4175462 0.9009377 0.4202482 0.2651919 0.8514149 0.1861081 0.8138917 0.2011463 0.7988537 0.3256817 0.9208416 0.2533769 0.8690977 0.3301229 0.9101192 0.5 0.03539139 0.5888668 0.05323648 0.5 0.04448384 0.5932835 0.9689674 0.4999993 0.975037 0.5926755 0.9659097 0.115526 0.05278563 0.02592575 0.03064316 0.02592575 0.05278557 0.07735729 0.4999995 0.09906226 0.4202482 0.09120792 0.4999995 0.9439094 0.4999995 0.914522 0.5824534 0.9226424 0.4999995 0.9555147 0.4999995 0.9353796 0.5866021 0.9439094 0.4999995 0.4111335 0.0532363 0.5 0.03539139 0.5 0.04448384 0.5 0.02184486 0.5926755 0.03408998 0.5 0.02496224 0.115526 0.05274885 0.02592575 0.07489073 0.115526 0.07489073 0.7348083 0.1485846 0.7890602 0.2109399 0.7271132 0.1601012 0.2533771 0.1309018 0.3382615 0.109528 0.2651921 0.1485846 0.05323702 0.4111329 0.08988058 0.3301225 0.06461971 0.4133971 0.1136919 0.7581223 0.0791586 0.6743181 0.1212522 0.7530708 0.1050208 0.7639163 0.05824238 0.6829817 0.06112259 0.6817886 0.115526 0.07489073 0.02592575 0.0970326 0.115526 0.0970326 0.09906226 0.5797511 0.07735729 0.4999995 0.09120792 0.4999995 0.1861085 0.1861077 0.2651921 0.1485846 0.2011463 0.2011455 0.4133978 0.06461882 0.5 0.04448384 0.5 0.0560894 0.04431915 0.409359 0.0791586 0.3256813 0.05323702 0.4111329 0.6777977 0.9292424 0.5926755 0.9659097 0.5906408 0.9556811 0.8359021 0.8359021 0.7581228 0.8863078 0.8285279 0.8285279 0.1485853 0.2651916 0.2109401 0.2109397 0.1601014 0.2728867 0.06461971 0.4133971 0.1095287 0.3382611 0.0854777 0.417546 0.8690983 0.2533769 0.9208418 0.3256819 0.9101193 0.330123 0.9555147 0.4999995 0.9556803 0.5906403 0.9467623 0.5888664 0.4073252 0.03408998 0.5 0.03539139 0.4093596 0.04431849 0.05824238 0.6829817 0.03408998 0.5926748 0.06112259 0.6817886 0.1136921 0.2418768 0.1640976 0.1640974 0.1714725 0.1714717 0.661739 0.109528 0.7271132 0.1601012 0.6564381 0.1223247 0.06461971 0.5866023 0.07735729 0.4999995 0.0854777 0.5824534 0.08988058 0.3301225 0.1212524 0.2469285 0.1309025 0.2533761 0.8285282 0.1714723 0.8787481 0.2469289 0.8220984 0.1779017 0.2360837 0.1050203 0.322202 0.07075732 0.2418777 0.1136919 0.2360837 0.1050203 0.3170182 0.05824184 0.3182116 0.06112194 0.8359028 0.1640979 0.8863086 0.2418775 0.8285282 0.1714723 0.839898 0.7271129 0.7988534 0.798854 0.7890595 0.7890601 0.1095287 0.6617383 0.06461971 0.5866023 0.0854777 0.5824534 0.9467623 0.4111331 0.9439094 0.4999995 0.9353796 0.4133971 0.5888668 0.05323648 0.6777977 0.07075756 0.6743187 0.07915794 0.02592575 0.09706956 0.01158308 0.1192116 0.02592575 0.1192122 0.1024293 0.2343508 0.1640976 0.1640974 0.1050212 0.236083 0.115526 0.09706962 0.02592575 0.0749275 0.02592575 0.09706956 0.06112289 0.3182106 0.1136921 0.2418768 0.07075798 0.3222016 0.1601012 0.7271127 0.1095287 0.6617383 0.1223247 0.6564378 0.1485853 0.7348077 0.08988058 0.6698769 0.1095287 0.6617383 0.1861085 0.1861077 0.2469291 0.1212522 0.2533771 0.1309018 0.2469288 0.8787471 0.1714722 0.8285275 0.1779019 0.822098 0.1640976 0.8359018 0.102429 0.7656485 0.1050208 0.7639163 0.115526 0.07494384 0.02592575 0.05280196 0.02592575 0.07494384 0.2109401 0.2109397 0.2651921 0.1485846 0.2728876 0.1601012 0.8904718 0.3382613 0.9353796 0.4133971 0.914522 0.4175462 0.4999993 0.9555156 0.4133974 0.9353803 0.4999993 0.9439101 0.4999993 0.9555156 0.4093593 0.9556809 0.4111331 0.9467629 0.7639171 0.1050203 0.8381071 0.1618933 0.8359028 0.1640979 0.115526 0.1634758 0.02592575 0.1856177 0.115526 0.1856177 0.2728876 0.1601012 0.3382615 0.109528 0.343562 0.1223245 0.4999993 0.9226432 0.4133974 0.9353803 0.4175462 0.9145223 0.4133974 0.9353803 0.3256817 0.9208416 0.3301229 0.9101192 0.9556803 0.5906403 0.9208416 0.6743181 0.9467623 0.5888664 0.4073252 0.03408998 0.5 0.02184486 0.5 0.02496224 0.115526 0.008480727 0.02592575 0.03062301 0.115526 0.03062301 0.965909 0.4073247 0.9646075 0.4999995 0.9556803 0.4093592 0.1223247 0.6564378 0.0854777 0.5824534 0.09906226 0.5797511 0.5824542 0.08547729 0.6698774 0.0898801 0.661739 0.109528 0.586603 0.06461906 0.6743187 0.07915794 0.6698774 0.0898801 0.1212524 0.2469285 0.1714725 0.1714717 0.1779019 0.1779013 0.02592575 0.05276483 0.01158308 0.07490736 0.02592575 0.07490736 0.8949796 0.2360835 0.9417567 0.3170182 0.9388771 0.3182112 0.115526 0.03065973 0.02592575 0.008517861 0.02592575 0.03065973 0.03539204 0.4999995 0.03409045 0.4073244 0.04431915 0.409359 0.2651919 0.8514149 0.2109401 0.7890598 0.2728872 0.8398983 0.9208416 0.6743181 0.8690978 0.7466229 0.9101193 0.6698768 0.9467623 0.4111331 0.9646075 0.4999995 0.9555147 0.4999995 0.8381062 0.8381066 0.7639165 0.8949791 0.8359021 0.8359021 0.115526 0.1634593 0.02592575 0.1856012 0.115526 0.1856012 0.5 0.03539139 0.5926755 0.03408998 0.5906412 0.04431849 0.5 0.07735639 0.5797517 0.09906202 0.5 0.09120708 0.6617385 0.8904715 0.5866026 0.9353805 0.5824531 0.9145223 0.1309025 0.2533761 0.1779019 0.1779013 0.1861085 0.1861077 0.3182116 0.06112194 0.4093596 0.04431849 0.322202 0.07075732 0.9659085 0.5926749 0.9417563 0.6829816 0.9388762 0.6817888 0.115526 0.1634962 0.02592575 0.1413539 0.02592575 0.1634962 0.4175466 0.08547729 0.5 0.09120708 0.4202486 0.09906184 0.4695621 0.6530197 0.4599748 0.5966292 0.4999994 0.6045907 0.6698774 0.0898801 0.7530718 0.1212522 0.7466243 0.1309018 0.8285279 0.8285279 0.7530713 0.8787474 0.8220984 0.8220984 0.3182116 0.06112194 0.4067166 0.03103256 0.4073252 0.03408998 0.8398986 0.2728871 0.8904718 0.3382613 0.8776753 0.3435617 0.4175462 0.9145223 0.3301229 0.9101192 0.3382612 0.8904712 0.1779019 0.822098 0.1309021 0.7466232 0.1861081 0.8138917 0.6743187 0.07915794 0.7581228 0.1136919 0.7530718 0.1212522 0.3222016 0.9292421 0.2360832 0.894979 0.2418775 0.8863076 0.965909 0.4073247 0.9781544 0.4999995 0.9750369 0.4999995 0.115526 0.1413335 0.02592575 0.1191915 0.02592575 0.1413334 0.9009377 0.4202482 0.9226424 0.4999995 0.9087923 0.4999995 0.5 0.07735639 0.586603 0.06461906 0.5824542 0.08547729 0.8690978 0.7466229 0.8220984 0.8220984 0.8138917 0.8138921 0.7581228 0.8863078 0.6817892 0.9388774 0.6777977 0.9292424 0.9388771 0.3182112 0.9556803 0.4093592 0.9292417 0.3222022 0.7656487 0.8975713 0.6817892 0.9388774 0.7639165 0.8949791 0.5824542 0.08547729 0.6564381 0.1223247 0.5797517 0.09906202 0.813892 0.1861081 0.8514152 0.2651919 0.7988546 0.201146 0.04448461 0.4999995 0.06461971 0.4133971 0.05608963 0.4999995 0.03539204 0.4999995 0.05323702 0.4111329 0.04448461 0.4999995 0.897571 0.7656483 0.9388762 0.6817888 0.9417563 0.6829816 0.115526 0.008501172 0.02592575 0.03064316 0.115526 0.03064316 0.03408998 0.5926748 0.03539204 0.4999995 0.04431915 0.5906403 0.7988534 0.798854 0.7271132 0.8398986 0.7890595 0.7890601 0.914522 0.4175462 0.9439094 0.4999995 0.9226424 0.4999995 0.05323648 0.5888664 0.05608963 0.4999995 0.06461971 0.5866023 0.7581228 0.8863078 0.6743184 0.9208416 0.7530713 0.8787474 0.6829819 0.9417575 0.5926755 0.9659097 0.6817892 0.9388774 0.115526 0.1856547 0.02592575 0.1635123 0.02592575 0.1856547 0.6817892 0.06112217 0.7581228 0.1136919 0.6777977 0.07075756 0.3382615 0.109528 0.4202486 0.09906184 0.343562 0.1223245 0.07735729 0.4999995 0.06461971 0.4133971 0.0854777 0.417546 0.9467623 0.5888664 0.9101193 0.6698768 0.9353796 0.5866021 0.7530718 0.1212522 0.8285282 0.1714723 0.8220984 0.1779017 0.1136919 0.7581223 0.06112259 0.6817886 0.07075774 0.6777977 0.3170178 0.9417572 0.2360832 0.894979 0.3182108 0.9388774 0.7988546 0.201146 0.8398986 0.2728871 0.7890602 0.2109399 0.9101193 0.6698768 0.8514152 0.7348077 0.8904712 0.6617383 0.9208418 0.3256819 0.9353796 0.4133971 0.9101193 0.330123 0.05323648 0.5888664 0.03539204 0.4999995 0.04448461 0.4999995 0.9388762 0.6817888 0.886308 0.7581223 0.9292415 0.6777976 0.03103345 0.4067162 0.06112289 0.3182106 0.03409045 0.4073244 0.115526 0.05280196 0.02592575 0.03065973 0.02592575 0.05280196 0.9659085 0.5926749 0.9292415 0.6777976 0.9556803 0.5906403 0.8138917 0.8138921 0.7530713 0.8787474 0.7466226 0.869098 0.08988058 0.3301225 0.1485853 0.2651916 0.1095287 0.3382611 0.1212522 0.7530708 0.08988058 0.6698769 0.1309021 0.7466232 0.9292415 0.6777976 0.8787475 0.7530706 0.9208416 0.6743181 0.8949794 0.7639165 0.8285279 0.8285279 0.886308 0.7581223 0.897571 0.7656483 0.8359021 0.8359021 0.8949794 0.7639165 0.115526 0.07490736 0.02592575 0.09704947 0.115526 0.09704953 0.6617385 0.8904715 0.5797514 0.9009375 0.6564381 0.8776749 0.8138917 0.8138921 0.7348079 0.8514152 0.7988534 0.798854 0.5 0.0560894 0.5888668 0.05323648 0.586603 0.06461906 0.3256821 0.07915771 0.4093596 0.04431849 0.4111335 0.0532363 0.06112259 0.6817886 0.04431915 0.5906403 0.07075774 0.6777977 0.1640976 0.1640974 0.2343512 0.1024283 0.2360837 0.1050203 0.115526 0.1413539 0.02592575 0.1192122 0.02592575 0.1413539 0.8776747 0.6564377 0.8514152 0.7348077 0.839898 0.7271129 0.8690983 0.2533769 0.8904718 0.3382613 0.8514152 0.2651919 0.2469291 0.1212522 0.322202 0.07075732 0.3256821 0.07915771 0.07075798 0.3222016 0.1212524 0.2469285 0.0791586 0.3256813 0.05824238 0.3170175 0.1050212 0.236083 0.06112289 0.3182106 0.115526 0.1413173 0.02592575 0.1634593 0.115526 0.1634593 0.7639171 0.1050203 0.8285282 0.1714723 0.7581228 0.1136919 0.3435612 0.8776747 0.2651919 0.8514149 0.2728872 0.8398983 0.4133978 0.06461882 0.5 0.07735639 0.4175466 0.08547729 0.0791586 0.6743181 0.06461971 0.5866023 0.08988058 0.6698769 0.3222016 0.9292421 0.2469288 0.8787471 0.3256817 0.9208416 0.8863086 0.2418775 0.9388771 0.3182112 0.9292417 0.3222022 0.03103226 0.5932829 0.02496278 0.4999995 0.03408998 0.5926748 0.115526 0.1192281 0.02592575 0.09708631 0.02592575 0.1192281 0.4202483 0.9009375 0.3382612 0.8904712 0.3435612 0.8776747 0.6698774 0.0898801 0.7348083 0.1485846 0.661739 0.109528 0.2469288 0.8787471 0.1861081 0.8138917 0.2533769 0.8690977 0.5888661 0.9467632 0.4999993 0.9646084 0.4999993 0.9555156 0.5906408 0.9556811 0.4999993 0.975037 0.4999993 0.9646084 0.02184551 0.4999995 0.03409045 0.4073244 0.02496278 0.4999995 0.115526 0.03062301 0.02592575 0.05276483 0.115526 0.05276483 0.02592575 0.1191915 0.01158308 0.1413334 0.02592575 0.1413334 0.115526 0.05276483 0.1289275 0.03062301 0.115526 0.03062301 0.02592575 0.07494384 0.01158308 0.05280196 0.01158308 0.07494384 0.115526 0.07489073 0.1289275 0.05274885 0.115526 0.05274885 0.02592575 0.1856177 0.01158308 0.1634758 0.01158308 0.1856177 0.115526 0.1192116 0.1289275 0.09706962 0.115526 0.09706962 0.02592575 0.05278557 0.01158308 0.03064316 0.01158308 0.05278557 0.115526 0.1413539 0.1289275 0.1192116 0.115526 0.1192116 0.02592575 0.1192122 0.01158308 0.1413539 0.02592575 0.1413539 0.115526 0.008480727 0.1289275 0.03062301 0.1289275 0.008480727 0.02592575 0.1634593 0.01158308 0.1413173 0.01158308 0.1634593 0.115526 0.03060644 0.1289275 0.05274885 0.1289275 0.03060644 0.02592575 0.1634758 0.01158308 0.1413334 0.01158308 0.1634758 0.115526 0.1634758 0.1289275 0.1856177 0.1289275 0.1634758 0.02592575 0.09704947 0.01158308 0.1191915 0.02592575 0.1191915 0.115526 0.07489073 0.1289275 0.0970326 0.1289275 0.07489073 0.02592575 0.09708631 0.01158308 0.1192281 0.02592575 0.1192281 0.115526 0.09706962 0.1289275 0.0749275 0.115526 0.0749275 0.02592575 0.07489073 0.01158308 0.05274879 0.01158308 0.07489073 0.115526 0.1634962 0.1289275 0.1856381 0.1289275 0.1634962 0.02592575 0.05276483 0.01158308 0.03062301 0.01158308 0.05276483 0.115526 0.1192281 0.1289275 0.1413704 0.1289275 0.1192281 0.01158308 0.03060644 0.02592575 0.05274879 0.02592575 0.03060644 0.115526 0.09708631 0.1289275 0.07494384 0.115526 0.07494384 0.02592575 0.1413704 0.01158308 0.1192281 0.01158308 0.1413704 0.115526 0.09704953 0.1289275 0.1191915 0.1289275 0.09704953 0.02592575 0.07490736 0.01158308 0.09704947 0.02592575 0.09704947 0.115526 0.09708631 0.1289275 0.1192281 0.1289275 0.09708631 0.02592575 0.1634593 0.01158308 0.1856012 0.02592575 0.1856012 0.115526 0.07494384 0.1289275 0.05280196 0.115526 0.05280196 0.02592575 0.1634962 0.01158308 0.1413539 0.01158308 0.1634962 0.115526 0.05280196 0.1289275 0.03065973 0.115526 0.03065973 0.02592575 0.008464694 0.01158308 0.03060644 0.02592575 0.03060644 0.115526 0.1856547 0.1289275 0.1635123 0.115526 0.1635123 0.02592575 0.1856381 0.01158308 0.1634962 0.01158308 0.1856381 0.115526 0.1191752 0.1289275 0.0970326 0.115526 0.0970326 0.02592575 0.0970326 0.01158308 0.1191751 0.02592575 0.1191751 0.115526 0.03064316 0.1289275 0.008501172 0.115526 0.008501172 0.02592575 0.1191751 0.01158308 0.1413173 0.02592575 0.1413173 0.115526 0.0749275 0.1289275 0.05278563 0.115526 0.05278563 0.02592575 0.1856547 0.01158308 0.1635123 0.01158308 0.1856547 0.115526 0.1191915 0.1289275 0.1413335 0.1289275 0.1191915 0.115526 0.07490736 0.1289275 0.05276483 0.115526 0.05276483 0.115526 0.1413173 0.1289275 0.1191752 0.115526 0.1191752 0.02592575 0.07489073 0.01158308 0.0970326 0.02592575 0.0970326 0.02592575 0.03064316 0.01158308 0.008501172 0.01158308 0.03064316 0.115526 0.1413539 0.1289275 0.1634962 0.1289275 0.1413539 0.02592575 0.05280196 0.01158308 0.03065973 0.01158308 0.05280196 0.115526 0.03064316 0.1289275 0.05278563 0.1289275 0.03064316 0.02592575 0.05278557 0.01158308 0.0749275 0.02592575 0.0749275 0.115526 0.008464753 0.1289275 0.03060644 0.1289275 0.008464753 0.02592575 0.03065973 0.01158308 0.008517861 0.01158308 0.03065973 0.115526 0.1634593 0.1289275 0.1856012 0.1289275 0.1634593 0.02592575 0.008480727 0.01158308 0.03062301 0.02592575 0.03062301 0.115526 0.07490736 0.1289275 0.09704953 0.1289275 0.07490736 0.02592575 0.0749275 0.01158308 0.09706956 0.02592575 0.09706956 0.115526 0.008517861 0.1289275 0.03065973 0.1289275 0.008517861 0.02592575 0.1635123 0.01158308 0.1413704 0.01158308 0.1635123 0.115526 0.1413335 0.1289275 0.1634758 0.1289275 0.1413335 0.02592575 0.09708631 0.01158308 0.07494384 0.01158308 0.09708631 0.115526 0.1635123 0.1289275 0.1413704 0.115526 0.1413704 0.7348079 0.8514152 0.6564381 0.8776749 0.7271132 0.8398986 0.7466226 0.869098 0.6617385 0.8904715 0.7348079 0.8514152 0.7348083 0.1485846 0.813892 0.1861081 0.7988546 0.201146 0.2360832 0.894979 0.1618936 0.8381064 0.1640976 0.8359018 0.6817892 0.06112217 0.7656487 0.1024283 0.7639171 0.1050203 0.5824531 0.9145223 0.4999993 0.9087923 0.5797514 0.9009375 0.4999995 0.6560173 0.4695621 0.6530197 0.4999994 0.6045907 0.5866785 0.3702761 0.5739563 0.4260431 0.5400251 0.4033707 0.559705 0.6441411 0.5304374 0.6530197 0.5400251 0.5966292 0.6045899 0.4999998 0.653019 0.4695625 0.6560169 0.4999999 0.5866785 0.6297237 0.559705 0.6441411 0.5400251 0.5966292 0.4695621 0.3469803 0.4599748 0.4033707 0.4402947 0.3558586 0.6441413 0.5597051 0.6297234 0.5866786 0.5966289 0.5400251 0.653019 0.5304375 0.6045899 0.4999998 0.6560169 0.4999999 0.3702765 0.5866786 0.4260432 0.5739564 0.389679 0.6103209 0.653019 0.5304375 0.6441413 0.5597051 0.5966289 0.5400251 0.115526 0.03060644 0.02592575 0.05274879 0.115526 0.05274885 0.4133214 0.3702762 0.4599748 0.4033707 0.4260432 0.4260431 0.653019 0.4695625 0.5966289 0.459975 0.6441413 0.4402946 0.4033703 0.459975 0.3702765 0.4133213 0.4260432 0.4260431 0.4260432 0.4260431 0.3702765 0.4133213 0.389679 0.389679 0.559705 0.3558585 0.5866785 0.3702761 0.5400251 0.4033707 0.4999994 0.3954092 0.5304374 0.3469803 0.5400251 0.4033707 0.3954097 0.4999998 0.3469802 0.4695625 0.4033703 0.459975 0.5304374 0.3469803 0.559705 0.3558585 0.5400251 0.4033707 0.4260432 0.5739564 0.4133214 0.6297237 0.389679 0.6103209 0.5304374 0.6530197 0.4999994 0.6045907 0.5400251 0.5966292 0.4695621 0.3469803 0.4999995 0.3439825 0.4999994 0.3954092 0.389679 0.389679 0.4133214 0.3702762 0.4260432 0.4260431 0.3469802 0.4695625 0.3558588 0.4402946 0.4033703 0.459975 0.6297234 0.5866786 0.5739563 0.5739564 0.5966289 0.5400251 0.3558588 0.5597053 0.3469802 0.5304375 0.4033703 0.5400251 0.5739563 0.5739564 0.5866785 0.6297237 0.5400251 0.5966292 0.3702765 0.5866786 0.3558588 0.5597053 0.4033703 0.5400251 0.6297234 0.4133213 0.5739563 0.4260431 0.6103208 0.389679 0.4133214 0.6297237 0.4599748 0.5966292 0.4402947 0.6441411 0.115526 0.1635123 0.02592575 0.1413704 0.02592575 0.1635123 0.115526 0.1413173 0.1289275 0.1634593 0.1289275 0.1413173 0.115526 0.09706962 0.02592575 0.1192122 0.115526 0.1192116 0.115526 0.1413704 0.02592575 0.1192281 0.02592575 0.1413704 0.9589496 0.9593776 0.9935867 0.9099997 0.9689793 0.9694096 0.115526 0.1191752 0.02592575 0.1413173 0.115526 0.1413173 0.9589496 0.8606227 0.9935867 0.9099997 0.9794009 0.9099997 0.8397411 0.9099997 0.8501597 0.8505901 0.8601933 0.8606227 0.90957 0.84017 0.9689793 0.8505901 0.9589496 0.8606227 0.8601933 0.8606227 0.9095679 0.8259825 0.90957 0.84017 0.115526 0.0749275 0.02592575 0.05278557 0.02592575 0.0749275 0.115526 0.1856381 0.02592575 0.1634962 0.02592575 0.1856381 0.8397411 0.9099997 0.8501597 0.9694096 0.8255501 0.9099997 0.90957 0.9798303 0.9689793 0.9694096 0.9095679 0.9940177 0.8601924 0.9593776 0.9095679 0.9940177 0.8501597 0.9694096 0.3431549 0.5311981 0.3270538 0.4999997 0.3400823 0.4999998 0.3431549 0.5311981 0.3402185 0.5661833 0.3303767 0.5337398 0.4111543 0.3670336 0.3777084 0.3777084 0.4039162 0.3562004 0.499999 0.659917 0.4662593 0.6696227 0.4688007 0.6568443 0.3869209 0.6130783 0.3562004 0.5960834 0.3670335 0.588845 0.3522553 0.5611975 0.3562004 0.5960834 0.3402185 0.5661833 0.3869209 0.3869212 0.3562006 0.4039161 0.3777084 0.3777084 0.6599162 0.4999997 0.6696223 0.5337398 0.6568433 0.5311981 0.6477437 0.5611974 0.6696223 0.5337398 0.6597809 0.5661833 0.5311977 0.6568443 0.4999993 0.6729457 0.499999 0.659917 0.3431549 0.4688016 0.3402185 0.4338161 0.3522553 0.438802 0.3522553 0.438802 0.3562006 0.4039161 0.3670335 0.4111545 0.4111543 0.6329661 0.3777084 0.6222909 0.3869209 0.6130783 0.6477437 0.5611974 0.6437988 0.5960835 0.6329655 0.588845 0.499999 0.3400826 0.4662594 0.3303769 0.4999994 0.3270538 0.5888446 0.6329661 0.566183 0.659781 0.5611969 0.6477438 0.6599162 0.4999997 0.6696223 0.4662597 0.6729453 0.4999997 0.5311977 0.3431553 0.4999994 0.3270538 0.5337398 0.3303769 0.6130778 0.3869212 0.5960833 0.3562004 0.6222908 0.3777084 0.6329655 0.588845 0.6222907 0.6222911 0.6130778 0.6130783 0.4388018 0.6477438 0.4039162 0.643799 0.4111543 0.6329661 0.4688007 0.3431553 0.4338161 0.3402184 0.4662594 0.3303769 0.6477437 0.438802 0.6437989 0.4039161 0.659781 0.4338162 0.4388018 0.3522556 0.4039162 0.3562004 0.4338161 0.3402184 0.4688007 0.6568443 0.433816 0.6597809 0.4388018 0.6477438 0.6329655 0.4111545 0.6222908 0.3777084 0.6437989 0.4039161 0.5611969 0.6477438 0.5337397 0.6696227 0.5311977 0.6568443 0.3431549 0.4688016 0.3270538 0.4999997 0.3303767 0.4662597 0.5611969 0.3522555 0.5337398 0.3303769 0.566183 0.3402185 0.6477437 0.438802 0.6696223 0.4662597 0.6568433 0.4688016 0.5888446 0.3670335 0.566183 0.3402185 0.5960833 0.3562004 0.9589496 0.9593776 0.9794009 0.9099997 0.9935867 0.9099997 0.9589496 0.8606227 0.9689793 0.8505901 0.9935867 0.9099997 0.8397411 0.9099997 0.8255501 0.9099997 0.8501597 0.8505901 0.90957 0.84017 0.9095679 0.8259825 0.9689793 0.8505901 0.8601933 0.8606227 0.8501597 0.8505901 0.9095679 0.8259825 0.8397411 0.9099997 0.8601924 0.9593776 0.8501597 0.9694096 0.90957 0.9798303 0.9589496 0.9593776 0.9689793 0.9694096 0.8601924 0.9593776 0.90957 0.9798303 0.9095679 0.9940177 0.115526 0.03060644 0.02592575 0.008464694 0.02592575 0.03060644 0.6130778 0.6130783 0.5960833 0.643799 0.5888446 0.6329661 0.9072824 0.1075242 0.9341337 0.13345 0.9072824 0.13345 0.8914616 0.003821194 0.8972989 0.02974706 0.8914616 0.02974706 0.8914616 0.0556727 0.8856242 0.02974706 0.8914616 0.02974706 0.8914616 0.13345 0.8856242 0.1075242 0.8914616 0.1075242 0.8856242 0.1853016 0.8914616 0.1593758 0.8914616 0.1853016 0.8914616 0.0556727 0.8972989 0.02974706 0.8972989 0.0556727 0.8914616 0.08159846 0.8856242 0.0556727 0.8914616 0.0556727 0.8914616 0.2112273 0.8972989 0.1853016 0.8972989 0.2112273 0.8914616 0.1593758 0.8972989 0.1853016 0.8914616 0.1853016 0.8972989 0.0556727 0.9072824 0.02974706 0.9072824 0.0556727 0.8972989 0.1853016 0.9072824 0.1593758 0.9072824 0.1853016 0.9072824 0.2112273 0.8972989 0.1853016 0.9072824 0.1853016 0.8972989 0.08159846 0.9072824 0.0556727 0.9072824 0.08159846 0.8972989 0.13345 0.9072824 0.1075242 0.9072824 0.13345 0.9072824 0.02974706 0.8972989 0.003821194 0.9072824 0.003821194 0.8972989 0.1593758 0.9072824 0.13345 0.9072824 0.1593758 0.8972989 0.1075242 0.9072824 0.08159846 0.9072824 0.1075242 0.9341337 0.1593758 0.9940398 0.1853016 0.9341337 0.1853016 0.9341337 0.1853016 0.9940398 0.2112273 0.9341337 0.2112273 0.9341337 0.13345 0.9940398 0.1593758 0.9341337 0.1593758 0.9341337 0.003821194 0.9940398 0.02974706 0.9341337 0.02974706 0.9341337 0.0556727 0.9940398 0.08159846 0.9341337 0.08159846 0.9341337 0.08159846 0.9940398 0.1075242 0.9341337 0.1075242 0.9341337 0.02974706 0.9940398 0.0556727 0.9341337 0.0556727 0.9341337 0.1075242 0.9940398 0.13345 0.9341337 0.13345 0.8914616 0.08159846 0.8972989 0.1075242 0.8914616 0.1075242 0.8914616 0.1075242 0.8856242 0.08159846 0.8914616 0.08159846 0.8914616 0.1075242 0.8972989 0.13345 0.8914616 0.13345 0.8856242 0.02974706 0.8914616 0.003821194 0.8914616 0.02974706 0.8914616 0.13345 0.8972989 0.1593758 0.8914616 0.1593758 0.8914616 0.08159846 0.8972989 0.0556727 0.8972989 0.08159846 0.8914616 0.2112273 0.8856242 0.1853016 0.8914616 0.1853016 0.8856242 0.1593758 0.8914616 0.13345 0.8914616 0.1593758 0.9072824 0.02974706 0.9341337 0.003821194 0.9341337 0.02974706 0.9072824 0.1593758 0.9341337 0.13345 0.9341337 0.1593758 0.9072824 0.02974706 0.9341337 0.0556727 0.9072824 0.0556727 0.9072824 0.0556727 0.9341337 0.08159846 0.9072824 0.08159846 0.9072824 0.08159846 0.9341337 0.1075242 0.9072824 0.1075242 0.9072824 0.2112273 0.9341337 0.1853016 0.9341337 0.2112273 0.9072824 0.1853016 0.9341337 0.1593758 0.9341337 0.1853016 0.9072824 0.1075242 0.9341337 0.13345 0.9072824 0.13345 0.8972989 0.003821194 0.8914616 0.02974706 0.8914616 0.003821194 0.8914616 0.0556727 0.8856242 0.02974706 0.8914616 0.02974706 0.8914616 0.13345 0.8856242 0.1075242 0.8914616 0.1075242 0.8856242 0.1853016 0.8914616 0.1593758 0.8914616 0.1853016 0.8914616 0.0556727 0.8972989 0.02974706 0.8972989 0.0556727 0.8914616 0.08159846 0.8856242 0.0556727 0.8914616 0.0556727 0.8914616 0.2112273 0.8972989 0.1853016 0.8972989 0.2112273 0.8914616 0.1593758 0.8972989 0.1853016 0.8914616 0.1853016 0.8972989 0.0556727 0.9072824 0.02974706 0.9072824 0.0556727 0.8972989 0.1853016 0.9072824 0.1593758 0.9072824 0.1853016 0.9072824 0.2112273 0.8972989 0.1853016 0.9072824 0.1853016 0.8972989 0.08159846 0.9072824 0.0556727 0.9072824 0.08159846 0.8972989 0.13345 0.9072824 0.1075242 0.9072824 0.13345 0.8972989 0.02974706 0.9072824 0.003821194 0.9072824 0.02974706 0.8972989 0.1593758 0.9072824 0.13345 0.9072824 0.1593758 0.8972989 0.1075242 0.9072824 0.08159846 0.9072824 0.1075242 0.9341337 0.1593758 0.9940398 0.1853016 0.9341337 0.1853016 0.9341337 0.1853016 0.9940398 0.2112273 0.9341337 0.2112273 0.9341337 0.13345 0.9940398 0.1593758 0.9341337 0.1593758 0.9341337 0.003821194 0.9940398 0.02974706 0.9341337 0.02974706 0.9341337 0.0556727 0.9940398 0.08159846 0.9341337 0.08159846 0.9341337 0.08159846 0.9940398 0.1075242 0.9341337 0.1075242 0.9341337 0.02974706 0.9940398 0.0556727 0.9341337 0.0556727 0.9341337 0.1075242 0.9940398 0.13345 0.9341337 0.13345 0.8914616 0.08159846 0.8972989 0.1075242 0.8914616 0.1075242 0.8914616 0.1075242 0.8856242 0.08159846 0.8914616 0.08159846 0.8914616 0.1075242 0.8972989 0.13345 0.8914616 0.13345 0.8856242 0.003821194 0.8914616 0.02974706 0.8856242 0.02974706 0.8914616 0.13345 0.8972989 0.1593758 0.8914616 0.1593758 0.8914616 0.08159846 0.8972989 0.0556727 0.8972989 0.08159846 0.8914616 0.2112273 0.8856242 0.1853016 0.8914616 0.1853016 0.8856242 0.1593758 0.8914616 0.13345 0.8914616 0.1593758 0.9072824 0.02974706 0.9341337 0.003821194 0.9341337 0.02974706 0.9072824 0.1593758 0.9341337 0.13345 0.9341337 0.1593758 0.9072824 0.02974706 0.9341337 0.0556727 0.9072824 0.0556727 0.9072824 0.0556727 0.9341337 0.08159846 0.9072824 0.08159846 0.9072824 0.08159846 0.9341337 0.1075242 0.9072824 0.1075242 0.9072824 0.2112273 0.9341337 0.1853016 0.9341337 0.2112273 0.9072824 0.1853016 0.9341337 0.1593758 0.9341337 0.1853016 0.9072824 0.1075242 0.9341337 0.13345 0.9072824 0.13345 0.8972989 0.003821194 0.8914616 0.02974706 0.8914616 0.003821194 0.8914616 0.0556727 0.8856242 0.02974706 0.8914616 0.02974706 0.8914616 0.13345 0.8856242 0.1075242 0.8914616 0.1075242 0.8856242 0.1853016 0.8914616 0.1593758 0.8914616 0.1853016 0.8914616 0.0556727 0.8972989 0.02974706 0.8972989 0.0556727 0.8914616 0.08159846 0.8856242 0.0556727 0.8914616 0.0556727 0.8914616 0.2112273 0.8972989 0.1853016 0.8972989 0.2112273 0.8914616 0.1593758 0.8972989 0.1853016 0.8914616 0.1853016 0.8972989 0.0556727 0.9072824 0.02974706 0.9072824 0.0556727 0.8972989 0.1853016 0.9072824 0.1593758 0.9072824 0.1853016 0.9072824 0.2112273 0.8972989 0.1853016 0.9072824 0.1853016 0.8972989 0.08159846 0.9072824 0.0556727 0.9072824 0.08159846 0.8972989 0.13345 0.9072824 0.1075242 0.9072824 0.13345 0.8972989 0.02974706 0.9072824 0.003821194 0.9072824 0.02974706 0.8972989 0.1593758 0.9072824 0.13345 0.9072824 0.1593758 0.8972989 0.1075242 0.9072824 0.08159846 0.9072824 0.1075242 0.9341337 0.1593758 0.9940398 0.1853016 0.9341337 0.1853016 0.9341337 0.1853016 0.9940398 0.2112273 0.9341337 0.2112273 0.9341337 0.13345 0.9940398 0.1593758 0.9341337 0.1593758 0.9341337 0.003821194 0.9940398 0.02974706 0.9341337 0.02974706 0.9341337 0.0556727 0.9940398 0.08159846 0.9341337 0.08159846 0.9341337 0.08159846 0.9940398 0.1075242 0.9341337 0.1075242 0.9341337 0.02974706 0.9940398 0.0556727 0.9341337 0.0556727 0.9341337 0.1075242 0.9940398 0.13345 0.9341337 0.13345 0.8914616 0.08159846 0.8972989 0.1075242 0.8914616 0.1075242 0.8914616 0.1075242 0.8856242 0.08159846 0.8914616 0.08159846 0.8914616 0.1075242 0.8972989 0.13345 0.8914616 0.13345 0.8856242 0.02974706 0.8914616 0.003821194 0.8914616 0.02974706 0.8914616 0.13345 0.8972989 0.1593758 0.8914616 0.1593758 0.8914616 0.08159846 0.8972989 0.0556727 0.8972989 0.08159846 0.8914616 0.2112273 0.8856242 0.1853016 0.8914616 0.1853016 0.8856242 0.1593758 0.8914616 0.13345 0.8914616 0.1593758 0.9072824 0.02974706 0.9341337 0.003821194 0.9341337 0.02974706 0.9072824 0.1593758 0.9341337 0.13345 0.9341337 0.1593758 0.9072824 0.02974706 0.9341337 0.0556727 0.9072824 0.0556727 0.9072824 0.0556727 0.9341337 0.08159846 0.9072824 0.08159846 0.9072824 0.08159846 0.9341337 0.1075242 0.9072824 0.1075242 0.9072824 0.2112273 0.9341337 0.1853016 0.9341337 0.2112273 0.9072824 0.1853016 0.9341337 0.1593758 0.9341337 0.1853016 0.9072824 0.1075242 0.9341337 0.13345 0.9072824 0.13345 0.8972989 0.003821194 0.8914616 0.02974706 0.8914616 0.003821194 0.8914616 0.0556727 0.8856242 0.02974706 0.8914616 0.02974706 0.8914616 0.13345 0.8856242 0.1075242 0.8914616 0.1075242 0.8856242 0.1853016 0.8914616 0.1593758 0.8914616 0.1853016 0.8914616 0.0556727 0.8972989 0.02974706 0.8972989 0.0556727 0.8914616 0.08159846 0.8856242 0.0556727 0.8914616 0.0556727 0.8914616 0.1853016 0.8972989 0.2112273 0.8914616 0.2112273 0.8914616 0.1593758 0.8972989 0.1853016 0.8914616 0.1853016 0.8972989 0.0556727 0.9072824 0.02974706 0.9072824 0.0556727 0.8972989 0.1853016 0.9072824 0.1593758 0.9072824 0.1853016 0.9072824 0.2112273 0.8972989 0.1853016 0.9072824 0.1853016 0.8972989 0.08159846 0.9072824 0.0556727 0.9072824 0.08159846 0.8972989 0.13345 0.9072824 0.1075242 0.9072824 0.13345 0.9072824 0.02974706 0.8972989 0.003821194 0.9072824 0.003821194 0.8972989 0.1593758 0.9072824 0.13345 0.9072824 0.1593758 0.8972989 0.1075242 0.9072824 0.08159846 0.9072824 0.1075242 0.9341337 0.1593758 0.9940398 0.1853016 0.9341337 0.1853016 0.9341337 0.1853016 0.9940398 0.2112273 0.9341337 0.2112273 0.9341337 0.13345 0.9940398 0.1593758 0.9341337 0.1593758 0.9341337 0.003821194 0.9940398 0.02974706 0.9341337 0.02974706 0.9341337 0.0556727 0.9940398 0.08159846 0.9341337 0.08159846 0.9341337 0.08159846 0.9940398 0.1075242 0.9341337 0.1075242 0.9341337 0.02974706 0.9940398 0.0556727 0.9341337 0.0556727 0.9341337 0.1075242 0.9940398 0.13345 0.9341337 0.13345 0.8914616 0.08159846 0.8972989 0.1075242 0.8914616 0.1075242 0.8914616 0.1075242 0.8856242 0.08159846 0.8914616 0.08159846 0.8914616 0.1075242 0.8972989 0.13345 0.8914616 0.13345 0.8856242 0.02974706 0.8914616 0.003821194 0.8914616 0.02974706 0.8914616 0.13345 0.8972989 0.1593758 0.8914616 0.1593758 0.8914616 0.08159846 0.8972989 0.0556727 0.8972989 0.08159846 0.8856242 0.2112273 0.8914616 0.1853016 0.8914616 0.2112273 0.8856242 0.13345 0.8914616 0.1593758 0.8856242 0.1593758 0.9072824 0.02974706 0.9341337 0.003821194 0.9341337 0.02974706 0.9072824 0.1593758 0.9341337 0.13345 0.9341337 0.1593758 0.9072824 0.02974706 0.9341337 0.0556727 0.9072824 0.0556727 0.9072824 0.0556727 0.9341337 0.08159846 0.9072824 0.08159846 0.9072824 0.08159846 0.9341337 0.1075242 0.9072824 0.1075242 0.9072824 0.2112273 0.9341337 0.1853016 0.9341337 0.2112273 0.9072824 0.1853016 0.9341337 0.1593758 0.9341337 0.1853016 0.9589496 0.9593776 0.9935867 0.9099997 0.9689793 0.9694096 0.9589496 0.8606227 0.9935867 0.9099997 0.9794009 0.9099997 0.8397411 0.9099997 0.8501597 0.8505901 0.8601933 0.8606227 0.90957 0.84017 0.9689793 0.8505901 0.9589496 0.8606227 0.8601933 0.8606227 0.9095679 0.8259825 0.90957 0.84017 0.8397411 0.9099997 0.8501597 0.9694096 0.8255501 0.9099997 0.90957 0.9798303 0.9689793 0.9694096 0.9095679 0.9940177 0.8601924 0.9593776 0.9095679 0.9940177 0.8501597 0.9694096 0.9589496 0.9593776 0.9794009 0.9099997 0.9935867 0.9099997 0.9589496 0.8606227 0.9689793 0.8505901 0.9935867 0.9099997 0.8397411 0.9099997 0.8255501 0.9099997 0.8501597 0.8505901 0.90957 0.84017 0.9095679 0.8259825 0.9689793 0.8505901 0.8601933 0.8606227 0.8501597 0.8505901 0.9095679 0.8259825 0.8397411 0.9099997 0.8601924 0.9593776 0.8501597 0.9694096 0.90957 0.9798303 0.9589496 0.9593776 0.9689793 0.9694096 0.8601924 0.9593776 0.90957 0.9798303 0.9095679 0.9940177 0.9589496 0.9593776 0.9935867 0.9099997 0.9689793 0.9694096 0.9589496 0.8606227 0.9935867 0.9099997 0.9794009 0.9099997 0.8397411 0.9099997 0.8501597 0.8505901 0.8601933 0.8606227 0.90957 0.84017 0.9689793 0.8505901 0.9589496 0.8606227 0.8601933 0.8606227 0.9095679 0.8259825 0.90957 0.84017 0.8397411 0.9099997 0.8501597 0.9694096 0.8255501 0.9099997 0.90957 0.9798303 0.9689793 0.9694096 0.9095679 0.9940177 0.8601924 0.9593776 0.9095679 0.9940177 0.8501597 0.9694096 0.9589496 0.9593776 0.9794009 0.9099997 0.9935867 0.9099997 0.9589496 0.8606227 0.9689793 0.8505901 0.9935867 0.9099997 0.8397411 0.9099997 0.8255501 0.9099997 0.8501597 0.8505901 0.90957 0.84017 0.9095679 0.8259825 0.9689793 0.8505901 0.8601933 0.8606227 0.8501597 0.8505901 0.9095679 0.8259825 0.8397411 0.9099997 0.8601924 0.9593776 0.8501597 0.9694096 0.90957 0.9798303 0.9589496 0.9593776 0.9689793 0.9694096 0.8601924 0.9593776 0.90957 0.9798303 0.9095679 0.9940177 0.9589496 0.9593776 0.9935867 0.9099997 0.9689793 0.9694096 0.9589496 0.8606227 0.9935867 0.9099997 0.9794009 0.9099997 0.8397411 0.9099997 0.8501597 0.8505901 0.8601933 0.8606227 0.90957 0.84017 0.9689793 0.8505901 0.9589496 0.8606227 0.8601933 0.8606227 0.9095679 0.8259825 0.90957 0.84017 0.8397411 0.9099997 0.8501597 0.9694096 0.8255501 0.9099997 0.90957 0.9798303 0.9689793 0.9694096 0.9095679 0.9940177 0.8601924 0.9593776 0.9095679 0.9940177 0.8501597 0.9694096 0.9589496 0.9593776 0.9794009 0.9099997 0.9935867 0.9099997 0.9589496 0.8606227 0.9689793 0.8505901 0.9935867 0.9099997 0.8397411 0.9099997 0.8255501 0.9099997 0.8501597 0.8505901 0.90957 0.84017 0.9095679 0.8259825 0.9689793 0.8505901 0.8601933 0.8606227 0.8501597 0.8505901 0.9095679 0.8259825 0.8397411 0.9099997 0.8601924 0.9593776 0.8501597 0.9694096 0.90957 0.9798303 0.9589496 0.9593776 0.9689793 0.9694096 0.8601924 0.9593776 0.90957 0.9798303 0.9095679 0.9940177 0.9589496 0.9593776 0.9935867 0.9099997 0.9689793 0.9694096 0.9589496 0.8606227 0.9935867 0.9099997 0.9794009 0.9099997 0.8397411 0.9099997 0.8501597 0.8505901 0.8601933 0.8606227 0.90957 0.84017 0.9689793 0.8505901 0.9589496 0.8606227 0.8601933 0.8606227 0.9095679 0.8259825 0.90957 0.84017 0.8397411 0.9099997 0.8501597 0.9694096 0.8255501 0.9099997 0.90957 0.9798303 0.9689793 0.9694096 0.9095679 0.9940177 0.8601924 0.9593776 0.9095679 0.9940177 0.8501597 0.9694096 0.9589496 0.9593776 0.9794009 0.9099997 0.9935867 0.9099997 0.9589496 0.8606227 0.9689793 0.8505901 0.9935867 0.9099997 0.8397411 0.9099997 0.8255501 0.9099997 0.8501597 0.8505901 0.90957 0.84017 0.9095679 0.8259825 0.9689793 0.8505901 0.8601933 0.8606227 0.8501597 0.8505901 0.9095679 0.8259825 0.8397411 0.9099997 0.8601924 0.9593776 0.8501597 0.9694096 0.90957 0.9798303 0.9589496 0.9593776 0.9689793 0.9694096 0.8601924 0.9593776 0.90957 0.9798303 0.9095679 0.9940177 0.8397411 0.9099997 0.8601933 0.8606227 0.909571 0.9100003 0.8601924 0.9593776 0.8397411 0.9099997 0.909571 0.9100003 0.9794009 0.9099997 0.9589496 0.9593776 0.9095711 0.9100003 0.9589496 0.9593776 0.90957 0.9798303 0.9095711 0.9100003 0.90957 0.9798303 0.8601924 0.9593776 0.909571 0.9100003 0.8601933 0.8606227 0.90957 0.84017 0.909571 0.9100003 0.90957 0.84017 0.9589496 0.8606227 0.9095711 0.9100003 0.8601933 0.8606227 0.90957 0.84017 0.9095711 0.9100003 0.8601924 0.9593776 0.8397411 0.9099997 0.9095711 0.9100003 0.9589496 0.9593776 0.90957 0.9798303 0.9095711 0.9100003 0.8397411 0.9099997 0.8601933 0.8606227 0.9095711 0.9100003 0.9589496 0.8606227 0.9794009 0.9099997 0.9095711 0.9100003 0.9794009 0.9099997 0.9589496 0.9593776 0.9095711 0.9100003 0.9589496 0.8606227 0.9794009 0.9099997 0.9095711 0.9100003 0.8601933 0.8606227 0.90957 0.84017 0.9095711 0.9100003 0.9589496 0.9593776 0.90957 0.9798303 0.909571 0.9100003 0.90957 0.84017 0.9589496 0.8606227 0.9095711 0.9100003 0.90957 0.9798303 0.8601924 0.9593776 0.9095711 0.9100003 0.8601924 0.9593776 0.8397411 0.9099997 0.9095711 0.9100003 0.90957 0.9798303 0.8601924 0.9593776 0.9095711 0.9100003 0.9589496 0.8606227 0.9794009 0.9099997 0.9095711 0.9100003 0.9589496 0.9593776 0.90957 0.9798303 0.9095711 0.9100003 0.9794009 0.9099997 0.9589496 0.9593776 0.9095711 0.9100003 0.8397411 0.9099997 0.8601933 0.8606227 0.9095711 0.9100003 0.8601933 0.8606227 0.90957 0.84017 0.9095711 0.9100003 0.8397411 0.9099997 0.8601933 0.8606227 0.9095711 0.9100003 0.90957 0.9798303 0.8601924 0.9593776 0.9095711 0.9100003 0.9589496 0.9593776 0.90957 0.9798303 0.9095711 0.9100003 0.8601924 0.9593776 0.8397411 0.9099997 0.9095711 0.9100003 0.90957 0.84017 0.9589496 0.8606227 0.9095711 0.9100003 0.90957 0.84017 0.9589496 0.8606227 0.909571 0.9100003 0.9589496 0.8606227 0.9794009 0.9099997 0.909571 0.9100003 0.9794009 0.9099997 0.9589496 0.9593776 0.909571 0.9100003 0.90957 0.9798303 0.8601924 0.9593776 0.9095711 0.9100003 0.8601924 0.9593776 0.8397411 0.9099997 0.9095711 0.9100003 0.8397411 0.9099997 0.8601933 0.8606227 0.9095711 0.9100003 0.8601933 0.8606227 0.90957 0.84017 0.9095711 0.9100003 0.90957 0.84017 0.9589496 0.8606227 0.9095711 0.9100003 0.9589496 0.8606227 0.9794009 0.9099997 0.9095711 0.9100003 0.9794009 0.9099997 0.9589496 0.9593776 0.9095711 0.9100003 0.6297234 0.4133213 0.6441413 0.4402946 0.5966289 0.459975 0.7221394 0.7729532 0.6966676 0.7943313 0.7224 0.7732102 0.535921 0.7106361 0.5423376 0.6985766 0.5359298 0.711001 0.6235442 0.6743416 0.6104798 0.670351 0.6104857 0.6703459 0.5690639 0.8471868 0.6354674 0.8270434 0.6354674 0.8270434 0.6381042 0.8334092 0.5760765 0.8824552 0.5704055 0.8539453 0.7325984 0.7737109 0.7166454 0.8242298 0.700496 0.8000604 0.700496 0.8000604 0.6492282 0.8602649 0.6381042 0.8334092 0.5290725 0.8580134 0.5760765 0.8824552 0.5000005 0.889949 0.5290725 0.7047875 0.5348403 0.6751483 0.5363958 0.6937227 0.5717845 0.6733002 0.5348403 0.6751483 0.5683407 0.664986 0.5717845 0.6733002 0.599215 0.6484833 0.6112491 0.6627175 0.624251 0.6653634 0.599215 0.6484833 0.6262757 0.6262743 0.5290725 0.8580134 0.5000006 0.6785796 0.5290725 0.7047875 0.7325984 0.7737109 0.6262757 0.6262743 0.7757363 0.7757349 0.5359323 0.8500821 0.5359298 0.711001 0.5359298 0.850448 0.5744777 0.6798022 0.5423376 0.6985766 0.5423297 0.6985771 0.6966655 0.7943329 0.6354674 0.8270434 0.6966676 0.7943313 0.7221394 0.7729532 0.6237959 0.6746059 0.6235442 0.6743416 0.5744777 0.6798022 0.6104798 0.670351 0.5744777 0.6798022 0.5359323 0.8500821 0.5690614 0.8471871 0.5690639 0.8471868 0.5690639 0.8471868 0.6381042 0.8334092 0.5704055 0.8539453 0.7221394 0.7729532 0.700496 0.8000604 0.6966655 0.7943329 0.6966655 0.7943329 0.6381042 0.8334092 0.6354674 0.8270434 0.5359323 0.8500821 0.5704055 0.8539453 0.5290725 0.8580134 0.5423297 0.6985771 0.5290725 0.7047875 0.5363958 0.6937227 0.5423297 0.6985771 0.5717845 0.6733002 0.5744777 0.6798022 0.6104857 0.6703459 0.5717845 0.6733002 0.6112491 0.6627175 0.6104857 0.6703459 0.624251 0.6653634 0.6235442 0.6743416 0.5359323 0.8500821 0.5290725 0.7047875 0.535921 0.7106361 0.7221394 0.7729532 0.624251 0.6653634 0.7325984 0.7737109 0.8500836 0.5359305 0.8471889 0.5690585 0.8504496 0.535928 0.6743425 0.6235422 0.6703523 0.6104775 0.6746069 0.623794 0.7106373 0.5359191 0.6985778 0.5423353 0.6985782 0.5423273 0.7943341 0.6966626 0.8270447 0.6354646 0.8270447 0.6354646 0.8334107 0.6381014 0.8242313 0.7166424 0.8000617 0.7004927 0.858015 0.5290707 0.882457 0.5760735 0.8539471 0.5704026 0.8539471 0.5704026 0.8602665 0.6492254 0.8334107 0.6381014 0.7737115 0.7325962 0.8242313 0.7166424 0.7757363 0.7757349 0.6653644 0.6242491 0.6484847 0.5992127 0.6627187 0.6112468 0.6733013 0.5717824 0.6484847 0.5992127 0.6649872 0.5683385 0.6733013 0.5717824 0.6751496 0.5348379 0.6937239 0.5363935 0.7047887 0.5290707 0.6751496 0.5348379 0.6785809 0.4999988 0.7737115 0.7325962 0.6262757 0.6262743 0.6653644 0.6242491 0.858015 0.5290707 0.6785809 0.4999988 0.8899493 0.4999989 0.7729536 0.7221372 0.6746069 0.623794 0.7732108 0.7223979 0.6798033 0.5744755 0.6703523 0.6104775 0.6703471 0.6104834 0.8471886 0.569061 0.8270447 0.6354646 0.8471889 0.5690585 0.8500836 0.5359305 0.7110024 0.535928 0.7106373 0.5359191 0.6798033 0.5744755 0.6985778 0.5423353 0.6798033 0.5744755 0.7729536 0.7221372 0.7943326 0.6966644 0.7943341 0.6966626 0.7943341 0.6966626 0.8334107 0.6381014 0.8000617 0.7004927 0.8500836 0.5359305 0.8539471 0.5704026 0.8471886 0.569061 0.8471886 0.569061 0.8334107 0.6381014 0.8270447 0.6354646 0.7729536 0.7221372 0.8000617 0.7004927 0.7737115 0.7325962 0.6703471 0.6104834 0.6653644 0.6242491 0.6627187 0.6112468 0.6703471 0.6104834 0.6733013 0.5717824 0.6798033 0.5744755 0.6985782 0.5423273 0.6733013 0.5717824 0.6937239 0.5363935 0.6985782 0.5423273 0.7047887 0.5290707 0.7106373 0.5359191 0.7729536 0.7221372 0.6653644 0.6242491 0.6743425 0.6235422 0.8500836 0.5359305 0.7047887 0.5290707 0.858015 0.5290707 0.7729536 0.2778601 0.7943318 0.303332 0.7732107 0.2775995 0.7106366 0.4640786 0.6985771 0.457662 0.7110016 0.4640697 0.674342 0.3764554 0.6703516 0.3895197 0.6703463 0.3895137 0.8471874 0.4309356 0.8270438 0.3645322 0.8270438 0.3645322 0.8334097 0.3618953 0.8824556 0.4239231 0.8539459 0.429594 0.7737113 0.2674012 0.8242303 0.2833541 0.800061 0.2995037 0.800061 0.2995037 0.8602655 0.3507713 0.8334097 0.3618953 0.8580139 0.470927 0.8824556 0.4239231 0.8899493 0.4999989 0.704788 0.470927 0.6751488 0.4651592 0.6937232 0.4636037 0.6733008 0.428215 0.6751488 0.4651592 0.6649865 0.4316589 0.6733008 0.428215 0.6484839 0.4007846 0.6627179 0.3887504 0.6653638 0.3757485 0.6484839 0.4007846 0.6262752 0.3737233 0.8580139 0.470927 0.6785809 0.4999988 0.704788 0.470927 0.7737113 0.2674012 0.6262752 0.3737233 0.7757354 0.2242633 0.8500825 0.4640672 0.7110016 0.4640697 0.8504486 0.4640697 0.6798026 0.4255219 0.6985771 0.457662 0.6985775 0.4576699 0.7943333 0.3033339 0.8270438 0.3645322 0.7943318 0.303332 0.7729536 0.2778601 0.6746065 0.3762036 0.674342 0.3764554 0.6798026 0.4255219 0.6703516 0.3895197 0.6798026 0.4255219 0.8500825 0.4640672 0.8471875 0.430938 0.8471874 0.4309356 0.8471874 0.4309356 0.8334097 0.3618953 0.8539459 0.429594 0.7729536 0.2778601 0.800061 0.2995037 0.7943333 0.3033339 0.7943333 0.3033339 0.8334097 0.3618953 0.8270438 0.3645322 0.8500825 0.4640672 0.8539459 0.429594 0.8580139 0.470927 0.6985775 0.4576699 0.704788 0.470927 0.6937232 0.4636037 0.6985775 0.4576699 0.6733008 0.428215 0.6798026 0.4255219 0.6703463 0.3895137 0.6733008 0.428215 0.6627179 0.3887504 0.6703463 0.3895137 0.6653638 0.3757485 0.674342 0.3764554 0.8500825 0.4640672 0.704788 0.470927 0.7106366 0.4640786 0.7729536 0.2778601 0.6653638 0.3757485 0.7737113 0.2674012 0.5359311 0.1499158 0.569059 0.1528105 0.5359286 0.1495498 0.6235427 0.325657 0.6104781 0.3296472 0.6237945 0.3253927 0.5359196 0.2893621 0.5423358 0.3014217 0.5423279 0.3014213 0.696663 0.2056654 0.635465 0.1729547 0.635465 0.1729547 0.6381019 0.1665888 0.7166429 0.1757684 0.7004932 0.1999378 0.5290713 0.1419845 0.5760741 0.1175425 0.5704032 0.1460524 0.5704032 0.1460524 0.649226 0.1397331 0.6381019 0.1665888 0.7325967 0.226288 0.7166429 0.1757684 0.7757354 0.2242633 0.6242496 0.3346352 0.5992131 0.3515148 0.6112473 0.3372808 0.5717828 0.3266981 0.5992131 0.3515148 0.568339 0.3350124 0.5717828 0.3266981 0.5348384 0.32485 0.536394 0.3062756 0.5290712 0.2952108 0.5348384 0.32485 0.4999992 0.3214187 0.7325967 0.226288 0.6262752 0.3737233 0.6242496 0.3346352 0.5290713 0.1419845 0.4999992 0.3214187 0.4999994 0.1100511 0.7221378 0.2270458 0.6237945 0.3253927 0.7223984 0.2267887 0.574476 0.3201962 0.6104781 0.3296472 0.610484 0.3296524 0.5690615 0.1528108 0.635465 0.1729547 0.569059 0.1528105 0.5359311 0.1499158 0.5359285 0.2889972 0.5359196 0.2893621 0.574476 0.3201962 0.5423358 0.3014217 0.574476 0.3201962 0.7221378 0.2270458 0.6966649 0.205667 0.696663 0.2056654 0.696663 0.2056654 0.6381019 0.1665888 0.7004932 0.1999378 0.5359311 0.1499158 0.5704032 0.1460524 0.5690615 0.1528108 0.5690615 0.1528108 0.6381019 0.1665888 0.635465 0.1729547 0.7221378 0.2270458 0.7004932 0.1999378 0.7325967 0.226288 0.610484 0.3296524 0.6242496 0.3346352 0.6112473 0.3372808 0.610484 0.3296524 0.5717828 0.3266981 0.574476 0.3201962 0.5423279 0.3014213 0.5717828 0.3266981 0.536394 0.3062756 0.5423279 0.3014213 0.5290712 0.2952108 0.5359196 0.2893621 0.7221378 0.2270458 0.6242496 0.3346352 0.6235427 0.325657 0.5359311 0.1499158 0.5290712 0.2952108 0.5290713 0.1419845 0.2778606 0.2270458 0.3033326 0.2056677 0.2776001 0.2267888 0.4640791 0.2893628 0.4576625 0.3014224 0.4640703 0.2889979 0.3764559 0.3256574 0.3895202 0.329648 0.3895143 0.3296532 0.4309361 0.1528121 0.3645327 0.1729557 0.3645327 0.1729557 0.3618958 0.1665897 0.4239236 0.1175438 0.4295946 0.1460537 0.2674017 0.2262881 0.2833546 0.1757691 0.2995042 0.1999385 0.2995042 0.1999385 0.3507719 0.139734 0.3618958 0.1665897 0.4709275 0.1419855 0.4239236 0.1175438 0.4999994 0.1100511 0.4709275 0.2952115 0.4651598 0.3248507 0.4636042 0.3062763 0.4282155 0.3266988 0.4651598 0.3248507 0.4316594 0.335013 0.4282155 0.3266988 0.400785 0.3515156 0.388751 0.3372815 0.375749 0.3346356 0.400785 0.3515156 0.3737238 0.3737244 0.4709275 0.1419855 0.4999992 0.3214187 0.4709275 0.2952115 0.2674017 0.2262881 0.3737238 0.3737244 0.2242637 0.224264 0.4640678 0.149917 0.4640703 0.2889979 0.4640703 0.1495509 0.4255223 0.3201968 0.4576625 0.3014224 0.4576704 0.301422 0.3033345 0.2056661 0.3645327 0.1729557 0.3033326 0.2056677 0.2778606 0.2270458 0.3762041 0.3253931 0.3764559 0.3256574 0.4255223 0.3201968 0.3895202 0.329648 0.4255223 0.3201968 0.4640678 0.149917 0.4309386 0.1528118 0.4309361 0.1528121 0.4309361 0.1528121 0.3618958 0.1665897 0.4295946 0.1460537 0.2778606 0.2270458 0.2995042 0.1999385 0.3033345 0.2056661 0.3033345 0.2056661 0.3618958 0.1665897 0.3645327 0.1729557 0.4640678 0.149917 0.4295946 0.1460537 0.4709275 0.1419855 0.4576704 0.301422 0.4709275 0.2952115 0.4636042 0.3062763 0.4576704 0.301422 0.4282155 0.3266988 0.4255223 0.3201968 0.3895143 0.3296532 0.4282155 0.3266988 0.388751 0.3372815 0.3895143 0.3296532 0.375749 0.3346356 0.3764559 0.3256574 0.4640678 0.149917 0.4709275 0.2952115 0.4640791 0.2893628 0.2778606 0.2270458 0.375749 0.3346356 0.2674017 0.2262881 0.1499163 0.4640685 0.152811 0.4309403 0.1495503 0.4640709 0.3256575 0.3764568 0.3296477 0.3895215 0.3253932 0.376205 0.2893626 0.4640799 0.3014222 0.4576637 0.3014217 0.4576717 0.2056658 0.3033365 0.1729552 0.3645344 0.1729552 0.3645344 0.1665892 0.3618976 0.1757689 0.2833566 0.1999383 0.2995063 0.1419849 0.4709282 0.1175431 0.4239253 0.1460528 0.4295964 0.1460528 0.4295964 0.1397336 0.3507736 0.1665892 0.3618976 0.2262886 0.2674028 0.1757689 0.2833566 0.2242637 0.224264 0.3346357 0.3757499 0.3515154 0.4007863 0.3372813 0.3887522 0.3266986 0.4282166 0.3515154 0.4007863 0.3350128 0.4316605 0.3266986 0.4282166 0.3248504 0.4651611 0.3062761 0.4636055 0.2952113 0.4709283 0.3248504 0.4651611 0.3214191 0.5000002 0.2262886 0.2674028 0.3737238 0.3737244 0.3346357 0.3757499 0.1419849 0.4709282 0.3214191 0.5000002 0.1100507 0.5000001 0.2270463 0.2778617 0.3253932 0.376205 0.2267892 0.2776011 0.3201967 0.4255235 0.3296477 0.3895215 0.3296529 0.3895155 0.1528113 0.4309379 0.1729552 0.3645344 0.152811 0.4309403 0.1499163 0.4640685 0.2889977 0.464071 0.2893626 0.4640799 0.3201967 0.4255235 0.3014222 0.4576637 0.3201967 0.4255235 0.2270463 0.2778617 0.2056675 0.3033346 0.2056658 0.3033365 0.2056658 0.3033365 0.1665892 0.3618976 0.1999383 0.2995063 0.1499163 0.4640685 0.1460528 0.4295964 0.1528113 0.4309379 0.1528113 0.4309379 0.1665892 0.3618976 0.1729552 0.3645344 0.2270463 0.2778617 0.1999383 0.2995063 0.2262886 0.2674028 0.3296529 0.3895155 0.3346357 0.3757499 0.3372813 0.3887522 0.3296529 0.3895155 0.3266986 0.4282166 0.3201967 0.4255235 0.3014217 0.4576717 0.3266986 0.4282166 0.3062761 0.4636055 0.3014217 0.4576717 0.2952113 0.4709283 0.2893626 0.4640799 0.2270463 0.2778617 0.3346357 0.3757499 0.3256575 0.3764568 0.1499163 0.4640685 0.2952113 0.4709283 0.1419849 0.4709282 0.2270463 0.722139 0.2056681 0.696667 0.2267892 0.7223995 0.2893633 0.5359204 0.301423 0.542337 0.2889984 0.5359293 0.3256579 0.6235436 0.3296484 0.6104792 0.3296537 0.6104852 0.1528126 0.5690634 0.1729562 0.6354668 0.1729562 0.6354668 0.1665902 0.6381037 0.1175443 0.5760759 0.1460542 0.570405 0.2262886 0.7325978 0.1757696 0.7166448 0.199939 0.7004953 0.199939 0.7004953 0.1397345 0.6492276 0.1665902 0.6381037 0.141986 0.5290721 0.1175443 0.5760759 0.1100507 0.5000001 0.295212 0.5290721 0.3248512 0.5348398 0.3062768 0.5363953 0.3266993 0.571784 0.3248512 0.5348398 0.3350135 0.5683401 0.3266993 0.571784 0.3515161 0.5992144 0.3372821 0.6112486 0.3346362 0.6242505 0.3515161 0.5992144 0.3737248 0.6262757 0.141986 0.5290721 0.3214191 0.5000002 0.295212 0.5290721 0.2262886 0.7325978 0.3737248 0.6262757 0.2242646 0.7757356 0.1499174 0.5359318 0.2889984 0.5359293 0.1495514 0.5359293 0.3201973 0.5744772 0.301423 0.542337 0.3014225 0.5423291 0.2056666 0.6966651 0.1729562 0.6354668 0.2056681 0.696667 0.2270463 0.722139 0.3253936 0.6237954 0.3256579 0.6235436 0.3201973 0.5744772 0.3296484 0.6104792 0.3201973 0.5744772 0.1499174 0.5359318 0.1528123 0.569061 0.1528126 0.5690634 0.1528126 0.5690634 0.1665902 0.6381037 0.1460542 0.570405 0.2270463 0.722139 0.199939 0.7004953 0.2056666 0.6966651 0.2056666 0.6966651 0.1665902 0.6381037 0.1729562 0.6354668 0.1499174 0.5359318 0.1460542 0.570405 0.141986 0.5290721 0.3014225 0.5423291 0.295212 0.5290721 0.3062768 0.5363953 0.3014225 0.5423291 0.3266993 0.571784 0.3201973 0.5744772 0.3296537 0.6104852 0.3266993 0.571784 0.3372821 0.6112486 0.3296537 0.6104852 0.3346362 0.6242505 0.3256579 0.6235436 0.1499174 0.5359318 0.295212 0.5290721 0.2893633 0.5359204 0.2270463 0.722139 0.3346362 0.6242505 0.2262886 0.7325978 0.4640689 0.8500832 0.4309409 0.8471885 0.4640713 0.8504491 0.3764573 0.674342 0.389522 0.6703519 0.3762056 0.6746063 0.4640803 0.7106369 0.4576643 0.6985774 0.4576722 0.6985778 0.3033369 0.7943336 0.3645349 0.8270444 0.3645349 0.8270444 0.3618981 0.8334102 0.2833572 0.8242306 0.2995067 0.8000611 0.4709287 0.8580146 0.4239258 0.8824564 0.4295968 0.8539466 0.4295968 0.8539466 0.350774 0.8602659 0.3618981 0.8334102 0.2674033 0.773711 0.2833572 0.8242306 0.2242646 0.7757356 0.3757504 0.6653638 0.4007868 0.6484842 0.3887526 0.6627182 0.4282172 0.6733009 0.4007868 0.6484842 0.431661 0.6649866 0.4282172 0.6733009 0.4651616 0.675149 0.4636059 0.6937234 0.4709288 0.7047883 0.4651616 0.675149 0.5000006 0.6785796 0.2674033 0.773711 0.3737248 0.6262757 0.3757504 0.6653638 0.4709287 0.8580146 0.5000006 0.6785796 0.5000005 0.889949 0.2778622 0.7729532 0.3762056 0.6746063 0.2776016 0.7732103 0.425524 0.6798028 0.389522 0.6703519 0.3895161 0.6703466 0.4309384 0.8471882 0.3645349 0.8270444 0.4309409 0.8471885 0.4640689 0.8500832 0.4640715 0.7110018 0.4640803 0.7106369 0.425524 0.6798028 0.4576643 0.6985774 0.425524 0.6798028 0.2778622 0.7729532 0.303335 0.794332 0.3033369 0.7943336 0.3033369 0.7943336 0.3618981 0.8334102 0.2995067 0.8000611 0.4640689 0.8500832 0.4295968 0.8539466 0.4309384 0.8471882 0.4309384 0.8471882 0.3618981 0.8334102 0.3645349 0.8270444 0.2778622 0.7729532 0.2995067 0.8000611 0.2674033 0.773711 0.3895161 0.6703466 0.3757504 0.6653638 0.3887526 0.6627182 0.3895161 0.6703466 0.4282172 0.6733009 0.425524 0.6798028 0.4576722 0.6985778 0.4282172 0.6733009 0.4636059 0.6937234 0.4576722 0.6985778 0.4709288 0.7047883 0.4640803 0.7106369 0.2778622 0.7729532 0.3757504 0.6653638 0.3764573 0.674342 0.4640689 0.8500832 0.4709288 0.7047883 0.4709287 0.8580146 0.3762041 0.3253931 0.2267892 0.2776011 0.3253932 0.376205 0.2889977 0.464071 0.1495514 0.5359293 0.2889984 0.5359293 0.3253936 0.6237954 0.2776016 0.7732103 0.3762056 0.6746063 0.4640715 0.7110018 0.5359298 0.850448 0.5359298 0.711001 0.6237959 0.6746059 0.7732108 0.7223979 0.6746069 0.623794 0.7110024 0.535928 0.8504486 0.4640697 0.7110016 0.4640697 0.6746065 0.3762036 0.7223984 0.2267887 0.6237945 0.3253927 0.5359285 0.2889972 0.4640703 0.1495509 0.4640703 0.2889979 0.5359298 0.711001 0.5423376 0.6985766 0.5 0.4999995 0.5423376 0.6985766 0.5744777 0.6798022 0.5 0.4999995 0.5744777 0.6798022 0.6104798 0.670351 0.5 0.4999995 0.6104798 0.670351 0.6237959 0.6746059 0.5 0.4999995 0.6237959 0.6746059 0.6746069 0.623794 0.5 0.4999995 0.6746069 0.623794 0.6703523 0.6104775 0.5 0.4999995 0.6703523 0.6104775 0.6798033 0.5744755 0.5 0.4999995 0.6798033 0.5744755 0.6985778 0.5423353 0.5 0.4999995 0.6985778 0.5423353 0.7110024 0.535928 0.5 0.4999995 0.7110024 0.535928 0.7110016 0.4640697 0.5 0.4999995 0.7110016 0.4640697 0.6985771 0.457662 0.5 0.4999995 0.6985771 0.457662 0.6798026 0.4255219 0.5 0.4999995 0.6798026 0.4255219 0.6703516 0.3895197 0.5 0.4999995 0.6703516 0.3895197 0.6746065 0.3762036 0.5 0.4999995 0.6746065 0.3762036 0.6237945 0.3253927 0.5 0.4999995 0.6237945 0.3253927 0.6104781 0.3296472 0.5 0.4999995 0.6104781 0.3296472 0.574476 0.3201962 0.5 0.4999995 0.574476 0.3201962 0.5423358 0.3014217 0.5 0.4999995 0.5423358 0.3014217 0.5359285 0.2889972 0.5 0.4999995 0.5359285 0.2889972 0.4640703 0.2889979 0.5 0.4999995 0.4640703 0.2889979 0.4576625 0.3014224 0.5 0.4999995 0.4576625 0.3014224 0.4255223 0.3201968 0.5 0.4999995 0.4255223 0.3201968 0.3895202 0.329648 0.5 0.4999995 0.3895202 0.329648 0.3762041 0.3253931 0.5 0.4999995 0.3762041 0.3253931 0.3253932 0.376205 0.5 0.4999995 0.3253932 0.376205 0.3296477 0.3895215 0.5 0.4999995 0.3296477 0.3895215 0.3201967 0.4255235 0.5 0.4999995 0.3201967 0.4255235 0.3014222 0.4576637 0.5 0.4999995 0.3014222 0.4576637 0.2889977 0.464071 0.5 0.4999995 0.2889977 0.464071 0.2889984 0.5359293 0.5 0.4999995 0.2889984 0.5359293 0.301423 0.542337 0.5 0.4999995 0.301423 0.542337 0.3201973 0.5744772 0.5 0.4999995 0.3201973 0.5744772 0.3296484 0.6104792 0.5 0.4999995 0.3296484 0.6104792 0.3253936 0.6237954 0.5 0.4999995 0.3253936 0.6237954 0.3762056 0.6746063 0.5 0.4999995 0.3762056 0.6746063 0.389522 0.6703519 0.5 0.4999995 0.389522 0.6703519 0.425524 0.6798028 0.5 0.4999995 0.425524 0.6798028 0.4576643 0.6985774 0.5 0.4999995 0.4576643 0.6985774 0.4640715 0.7110018 0.5 0.4999995 0.4640715 0.7110018 0.5359298 0.711001 0.5 0.4999995 0.3545479 0.8511525 0.4258498 0.8727815 0.4309409 0.8471885 0.711164 0.8160287 0.7224 0.7732102 0.6966676 0.7943313 0.7687608 0.7687597 0.7732108 0.7223979 0.7224 0.7732102 0.8160295 0.7111628 0.7943326 0.6966644 0.7732108 0.7223979 0.8511531 0.6454516 0.7943326 0.6966644 0.8160295 0.7111628 0.872782 0.5741497 0.8270447 0.6354646 0.8511531 0.6454516 0.872782 0.5741497 0.8504496 0.535928 0.8471889 0.5690585 0.8800853 0.4999994 0.8504486 0.4640697 0.8504496 0.535928 0.872782 0.4258481 0.8471875 0.430938 0.8504486 0.4640697 0.8511525 0.3545474 0.8471875 0.430938 0.872782 0.4258481 0.5741514 0.8727815 0.6454522 0.851152 0.6354674 0.8270434 0.8160292 0.2888357 0.7732107 0.2775995 0.7943318 0.303332 0.7687602 0.2312387 0.7223984 0.2267887 0.7732107 0.2775995 0.7111634 0.1839699 0.6966649 0.205667 0.7223984 0.2267887 0.1488475 0.6454517 0.1839708 0.7111634 0.2056681 0.696667 0.5741501 0.1272175 0.635465 0.1729547 0.6454521 0.1488465 0.5741501 0.1272175 0.5359286 0.1495498 0.569059 0.1528105 0.5 0.1199141 0.4640703 0.1495509 0.5359286 0.1495498 0.4258493 0.1272178 0.4309386 0.1528118 0.4640703 0.1495509 0.3545479 0.148847 0.4309386 0.1528118 0.4258493 0.1272178 0.2888361 0.1839703 0.3645327 0.1729557 0.3545479 0.148847 0.2888361 0.1839703 0.2776001 0.2267888 0.3033326 0.2056677 0.2312392 0.2312393 0.2267892 0.2776011 0.2776001 0.2267888 0.1839705 0.2888361 0.2056675 0.3033346 0.2267892 0.2776011 0.1488469 0.3545475 0.2056675 0.3033346 0.1839705 0.2888361 0.127218 0.4258493 0.1729552 0.3645344 0.1488469 0.3545475 0.127218 0.4258493 0.1495503 0.4640709 0.152811 0.4309403 0.1199147 0.4999995 0.1495514 0.5359293 0.1495503 0.4640709 0.127218 0.5741509 0.1528123 0.569061 0.1495514 0.5359293 0.1488475 0.6454517 0.1528123 0.569061 0.127218 0.5741509 0.6454522 0.851152 0.711164 0.8160287 0.6966676 0.7943313 0.1839708 0.7111634 0.2267892 0.7223995 0.2056681 0.696667 0.2312397 0.7687602 0.2776016 0.7732103 0.2267892 0.7223995 0.2888367 0.816029 0.303335 0.794332 0.2776016 0.7732103 0.3545479 0.8511525 0.303335 0.794332 0.2888367 0.816029 0.4258498 0.8727815 0.4640713 0.8504491 0.4309409 0.8471885 0.5 0.8800849 0.5359298 0.850448 0.4640713 0.8504491 0.5741514 0.8727815 0.5690614 0.8471871 0.5359298 0.850448 0.7111634 0.1839699 0.6454521 0.1488465 0.635465 0.1729547 0.6354674 0.8270434 0.6454522 0.851152 0.6966676 0.7943313 0.711164 0.8160287 0.7687608 0.7687597 0.7224 0.7732102 0.7687608 0.7687597 0.8160295 0.7111628 0.7732108 0.7223979 0.8511531 0.6454516 0.8270447 0.6354646 0.7943326 0.6966644 0.872782 0.5741497 0.8471889 0.5690585 0.8270447 0.6354646 0.872782 0.5741497 0.8800853 0.4999994 0.8504496 0.535928 0.8800853 0.4999994 0.872782 0.4258481 0.8504486 0.4640697 0.8511525 0.3545474 0.8270438 0.3645322 0.8471875 0.430938 0.8270438 0.3645322 0.8511525 0.3545474 0.7943318 0.303332 0.8160292 0.2888357 0.7687602 0.2312387 0.7732107 0.2775995 0.7687602 0.2312387 0.7111634 0.1839699 0.7223984 0.2267887 0.6966649 0.205667 0.7111634 0.1839699 0.635465 0.1729547 0.5741501 0.1272175 0.569059 0.1528105 0.635465 0.1729547 0.5741501 0.1272175 0.5 0.1199141 0.5359286 0.1495498 0.5 0.1199141 0.4258493 0.1272178 0.4640703 0.1495509 0.3545479 0.148847 0.3645327 0.1729557 0.4309386 0.1528118 0.2888361 0.1839703 0.3033326 0.2056677 0.3645327 0.1729557 0.2888361 0.1839703 0.2312392 0.2312393 0.2776001 0.2267888 0.2312392 0.2312393 0.1839705 0.2888361 0.2267892 0.2776011 0.1488469 0.3545475 0.1729552 0.3645344 0.2056675 0.3033346 0.127218 0.4258493 0.152811 0.4309403 0.1729552 0.3645344 0.127218 0.4258493 0.1199147 0.4999995 0.1495503 0.4640709 0.1199147 0.4999995 0.127218 0.5741509 0.1495514 0.5359293 0.1488475 0.6454517 0.1729562 0.6354668 0.1528123 0.569061 0.1729562 0.6354668 0.1488475 0.6454517 0.2056681 0.696667 0.1839708 0.7111634 0.2312397 0.7687602 0.2267892 0.7223995 0.2312397 0.7687602 0.2888367 0.816029 0.2776016 0.7732103 0.3545479 0.8511525 0.3645349 0.8270444 0.303335 0.794332 0.3645349 0.8270444 0.3545479 0.8511525 0.4309409 0.8471885 0.4258498 0.8727815 0.5 0.8800849 0.4640713 0.8504491 0.5 0.8800849 0.5741514 0.8727815 0.5359298 0.850448 0.5690614 0.8471871 0.5741514 0.8727815 0.6354674 0.8270434 0.8511525 0.3545474 0.8160292 0.2888357 0.7943318 0.303332 0.3469802 0.5304375 0.3954097 0.4999998 0.4033703 0.5400251 0.06880491 0.85883 0.1411703 0.888805 0.1111957 0.9611706 0.08999991 0.9808014 0.1111957 0.9611706 0.1170946 0.975412 0.03993648 0.9600641 0.03882974 0.9311957 0.05083626 0.9491642 0.1400639 0.9600641 0.1411703 0.9311957 0.1554117 0.9370947 0.03993648 0.9600641 0.06880491 0.9611706 0.06290596 0.975412 0.06290596 0.975412 0.08999991 0.9653866 0.08999991 0.9808014 0.01919943 0.9100003 0.03882974 0.9311957 0.02458834 0.9370947 0.1608009 0.9100003 0.1411703 0.888805 0.1554117 0.882906 0.01919943 0.9100003 0.03882974 0.888805 0.03461414 0.9100003 0.1400639 0.9600641 0.1111957 0.9611706 0.129164 0.9491642 0.1554117 0.882906 0.129164 0.8708362 0.1400639 0.8599364 0.1400639 0.8599364 0.1111957 0.85883 0.1170946 0.8445887 0.03993648 0.8599364 0.03882974 0.888805 0.02458834 0.882906 0.08999991 0.8391993 0.1111957 0.85883 0.08999991 0.854614 0.1608009 0.9100003 0.1411703 0.9311957 0.1453862 0.9100003 0.03993648 0.8599364 0.06880491 0.85883 0.05083626 0.8708362 0.06290596 0.8445887 0.08999991 0.854614 0.06880491 0.85883 0.2360832 0.894979 0.1640976 0.8359018 0.1714722 0.8285275 0.4999993 0.9087923 0.4999993 0.9226432 0.4175462 0.9145223 0.1309025 0.2533761 0.1861085 0.1861077 0.2011463 0.2011455 0.7466243 0.1309018 0.7530718 0.1212522 0.8220984 0.1779017 0.1714722 0.8285275 0.1136919 0.7581223 0.1212522 0.7530708 0.9750369 0.4999995 0.9659085 0.5926749 0.9556803 0.5906403 0.1714725 0.1714717 0.1640976 0.1640974 0.2360837 0.1050203 0.2109401 0.7890598 0.2011463 0.7988537 0.1485853 0.7348077 0.3301233 0.08987993 0.4133978 0.06461882 0.4175466 0.08547729 0.3301233 0.08987993 0.3256821 0.07915771 0.4111335 0.0532363 0.4093593 0.9556809 0.3222016 0.9292421 0.3256817 0.9208416 0.1714722 0.8285275 0.1640976 0.8359018 0.1050208 0.7639163 0.5932839 0.03103232 0.6829823 0.05824214 0.6817892 0.06112217 0.115526 0.09704953 0.02592575 0.09704947 0.02592575 0.1191915 0.4093593 0.9556809 0.4073246 0.9659096 0.3182108 0.9388774 0.5888661 0.9467632 0.4999993 0.9555156 0.4999993 0.9439101 0.8690978 0.7466229 0.8138917 0.8138921 0.7988534 0.798854 0.7466226 0.869098 0.7530713 0.8787474 0.6743184 0.9208416 0.8787481 0.2469289 0.8863086 0.2418775 0.9292417 0.3222022 0.5926755 0.03408998 0.6817892 0.06112217 0.6777977 0.07075756 0.4999993 0.9781551 0.4067162 0.9689671 0.4073246 0.9659096 0.115526 0.09708631 0.115526 0.07494384 0.02592575 0.07494384 0.914522 0.5824534 0.8904712 0.6617383 0.8776747 0.6564377 0.5824531 0.9145223 0.5866026 0.9353805 0.4999993 0.9439101 0.813892 0.1861081 0.8220984 0.1779017 0.8787481 0.2469289 0.9208418 0.3256819 0.9292417 0.3222022 0.9556803 0.4093592 0.8359028 0.1640979 0.8381071 0.1618933 0.8975715 0.2343512 0.115526 0.05276483 0.02592575 0.05276483 0.02592575 0.07490736 0.1095287 0.3382611 0.1485853 0.2651916 0.1601014 0.2728867 0.3382612 0.8904712 0.3301229 0.9101192 0.2533769 0.8690977 0.6743184 0.9208416 0.5888661 0.9467632 0.5866026 0.9353805 0.1714725 0.1714717 0.2418777 0.1136919 0.2469291 0.1212522 0.9750369 0.4999995 0.9781544 0.4999995 0.9689666 0.5932831 0.115526 0.0970326 0.02592575 0.0970326 0.02592575 0.1191751 0.0854777 0.417546 0.1095287 0.3382611 0.1223247 0.3435615 0.1861081 0.8138917 0.1309021 0.7466232 0.1485853 0.7348077 0.2533771 0.1309018 0.2469291 0.1212522 0.3256821 0.07915771 0.0791586 0.6743181 0.07075774 0.6777977 0.04431915 0.5906403 0.9388771 0.3182112 0.9417567 0.3170182 0.9689666 0.4067164 0.115526 0.1413335 0.02592575 0.1413334 0.02592575 0.1634758 0.04431915 0.409359 0.03409045 0.4073244 0.06112289 0.3182106 0.9226424 0.4999995 0.914522 0.5824534 0.9009377 0.579751 0.9353796 0.5866021 0.9101193 0.6698768 0.8904712 0.6617383 0.6743184 0.9208416 0.6777977 0.9292424 0.5906408 0.9556811 0.886308 0.7581223 0.8285279 0.8285279 0.8220984 0.8220984 0.4999993 0.975037 0.4073246 0.9659096 0.4093593 0.9556809 0.4067162 0.9689671 0.3170178 0.9417572 0.3182108 0.9388774 0.8776753 0.3435617 0.8904718 0.3382613 0.914522 0.4175462 0.2651919 0.8514149 0.2533769 0.8690977 0.1861081 0.8138917 0.3256817 0.9208416 0.2469288 0.8787471 0.2533769 0.8690977 0.5 0.03539139 0.5906412 0.04431849 0.5888668 0.05323648 0.5932835 0.9689674 0.4999993 0.9781551 0.4999993 0.975037 0.115526 0.05278563 0.115526 0.03064316 0.02592575 0.03064316 0.07735729 0.4999995 0.0854777 0.417546 0.09906226 0.4202482 0.9439094 0.4999995 0.9353796 0.5866021 0.914522 0.5824534 0.9555147 0.4999995 0.9467623 0.5888664 0.9353796 0.5866021 0.4111335 0.0532363 0.4093596 0.04431849 0.5 0.03539139 0.5 0.02184486 0.5932839 0.03103232 0.5926755 0.03408998 0.115526 0.05274885 0.02592575 0.05274879 0.02592575 0.07489073 0.7348083 0.1485846 0.7988546 0.201146 0.7890602 0.2109399 0.2533771 0.1309018 0.3301233 0.08987993 0.3382615 0.109528 0.05323702 0.4111329 0.0791586 0.3256813 0.08988058 0.3301225 0.1136919 0.7581223 0.07075774 0.6777977 0.0791586 0.6743181 0.1050208 0.7639163 0.102429 0.7656485 0.05824238 0.6829817 0.115526 0.07489073 0.02592575 0.07489073 0.02592575 0.0970326 0.09906226 0.5797511 0.0854777 0.5824534 0.07735729 0.4999995 0.1861085 0.1861077 0.2533771 0.1309018 0.2651921 0.1485846 0.4133978 0.06461882 0.4111335 0.0532363 0.5 0.04448384 0.04431915 0.409359 0.07075798 0.3222016 0.0791586 0.3256813 0.6777977 0.9292424 0.6817892 0.9388774 0.5926755 0.9659097 0.8359021 0.8359021 0.7639165 0.8949791 0.7581228 0.8863078 0.1485853 0.2651916 0.2011463 0.2011455 0.2109401 0.2109397 0.06461971 0.4133971 0.08988058 0.3301225 0.1095287 0.3382611 0.8690983 0.2533769 0.8787481 0.2469289 0.9208418 0.3256819 0.9555147 0.4999995 0.9646075 0.4999995 0.9556803 0.5906403 0.4073252 0.03408998 0.5 0.02496224 0.5 0.03539139 0.05824238 0.6829817 0.03103226 0.5932829 0.03408998 0.5926748 0.1136921 0.2418768 0.1050212 0.236083 0.1640976 0.1640974 0.661739 0.109528 0.7348083 0.1485846 0.7271132 0.1601012 0.06461971 0.5866023 0.05608963 0.4999995 0.07735729 0.4999995 0.08988058 0.3301225 0.0791586 0.3256813 0.1212524 0.2469285 0.8285282 0.1714723 0.8863086 0.2418775 0.8787481 0.2469289 0.2360837 0.1050203 0.3182116 0.06112194 0.322202 0.07075732 0.2360837 0.1050203 0.2343512 0.1024283 0.3170182 0.05824184 0.8359028 0.1640979 0.8949796 0.2360835 0.8863086 0.2418775 0.839898 0.7271129 0.8514152 0.7348077 0.7988534 0.798854 0.1095287 0.6617383 0.08988058 0.6698769 0.06461971 0.5866023 0.9467623 0.4111331 0.9555147 0.4999995 0.9439094 0.4999995 0.5888668 0.05323648 0.5906412 0.04431849 0.6777977 0.07075756 0.02592575 0.09706956 0.01158308 0.09706956 0.01158308 0.1192116 0.1024293 0.2343508 0.1618936 0.1618931 0.1640976 0.1640974 0.115526 0.09706962 0.115526 0.0749275 0.02592575 0.0749275 0.06112289 0.3182106 0.1050212 0.236083 0.1136921 0.2418768 0.1601012 0.7271127 0.1485853 0.7348077 0.1095287 0.6617383 0.1485853 0.7348077 0.1309021 0.7466232 0.08988058 0.6698769 0.1861085 0.1861077 0.1779019 0.1779013 0.2469291 0.1212522 0.2469288 0.8787471 0.2418775 0.8863076 0.1714722 0.8285275 0.1640976 0.8359018 0.1618936 0.8381064 0.102429 0.7656485 0.115526 0.07494384 0.115526 0.05280196 0.02592575 0.05280196 0.2109401 0.2109397 0.2011463 0.2011455 0.2651921 0.1485846 0.8904718 0.3382613 0.9101193 0.330123 0.9353796 0.4133971 0.4999993 0.9555156 0.4111331 0.9467629 0.4133974 0.9353803 0.4999993 0.9555156 0.4999993 0.9646084 0.4093593 0.9556809 0.7639171 0.1050203 0.7656487 0.1024283 0.8381071 0.1618933 0.115526 0.1634758 0.02592575 0.1634758 0.02592575 0.1856177 0.2728876 0.1601012 0.2651921 0.1485846 0.3382615 0.109528 0.4999993 0.9226432 0.4999993 0.9439101 0.4133974 0.9353803 0.4133974 0.9353803 0.4111331 0.9467629 0.3256817 0.9208416 0.9556803 0.5906403 0.9292415 0.6777976 0.9208416 0.6743181 0.4073252 0.03408998 0.4067166 0.03103256 0.5 0.02184486 0.115526 0.008480727 0.02592575 0.008480727 0.02592575 0.03062301 0.965909 0.4073247 0.9750369 0.4999995 0.9646075 0.4999995 0.1223247 0.6564378 0.1095287 0.6617383 0.0854777 0.5824534 0.5824542 0.08547729 0.586603 0.06461906 0.6698774 0.0898801 0.586603 0.06461906 0.5888668 0.05323648 0.6743187 0.07915794 0.1212524 0.2469285 0.1136921 0.2418768 0.1714725 0.1714717 0.02592575 0.05276483 0.01158308 0.05276483 0.01158308 0.07490736 0.8949796 0.2360835 0.8975715 0.2343512 0.9417567 0.3170182 0.115526 0.03065973 0.115526 0.008517861 0.02592575 0.008517861 0.03539204 0.4999995 0.02496278 0.4999995 0.03409045 0.4073244 0.2651919 0.8514149 0.2011463 0.7988537 0.2109401 0.7890598 0.9208416 0.6743181 0.8787475 0.7530706 0.8690978 0.7466229 0.9467623 0.4111331 0.9556803 0.4093592 0.9646075 0.4999995 0.8381062 0.8381066 0.7656487 0.8975713 0.7639165 0.8949791 0.115526 0.1634593 0.02592575 0.1634593 0.02592575 0.1856012 0.5 0.03539139 0.5 0.02496224 0.5926755 0.03408998 0.5 0.07735639 0.5824542 0.08547729 0.5797517 0.09906202 0.6617385 0.8904715 0.6698771 0.9101193 0.5866026 0.9353805 0.1309025 0.2533761 0.1212524 0.2469285 0.1779019 0.1779013 0.3182116 0.06112194 0.4073252 0.03408998 0.4093596 0.04431849 0.9659085 0.5926749 0.9689666 0.5932831 0.9417563 0.6829816 0.115526 0.1634962 0.115526 0.1413539 0.02592575 0.1413539 0.4175466 0.08547729 0.5 0.07735639 0.5 0.09120708 0.4695621 0.6530197 0.4402947 0.6441411 0.4599748 0.5966292 0.6698774 0.0898801 0.6743187 0.07915794 0.7530718 0.1212522 0.8285279 0.8285279 0.7581228 0.8863078 0.7530713 0.8787474 0.3182116 0.06112194 0.3170182 0.05824184 0.4067166 0.03103256 0.8398986 0.2728871 0.8514152 0.2651919 0.8904718 0.3382613 0.4175462 0.9145223 0.4133974 0.9353803 0.3301229 0.9101192 0.1779019 0.822098 0.1212522 0.7530708 0.1309021 0.7466232 0.6743187 0.07915794 0.6777977 0.07075756 0.7581228 0.1136919 0.3222016 0.9292421 0.3182108 0.9388774 0.2360832 0.894979 0.965909 0.4073247 0.9689666 0.4067164 0.9781544 0.4999995 0.115526 0.1413335 0.115526 0.1191915 0.02592575 0.1191915 0.9009377 0.4202482 0.914522 0.4175462 0.9226424 0.4999995 0.5 0.07735639 0.5 0.0560894 0.586603 0.06461906 0.8690978 0.7466229 0.8787475 0.7530706 0.8220984 0.8220984 0.7581228 0.8863078 0.7639165 0.8949791 0.6817892 0.9388774 0.9388771 0.3182112 0.965909 0.4073247 0.9556803 0.4093592 0.7656487 0.8975713 0.6829819 0.9417575 0.6817892 0.9388774 0.5824542 0.08547729 0.661739 0.109528 0.6564381 0.1223247 0.813892 0.1861081 0.8690983 0.2533769 0.8514152 0.2651919 0.04448461 0.4999995 0.05323702 0.4111329 0.06461971 0.4133971 0.03539204 0.4999995 0.04431915 0.409359 0.05323702 0.4111329 0.897571 0.7656483 0.8949794 0.7639165 0.9388762 0.6817888 0.115526 0.008501172 0.02592575 0.008501172 0.02592575 0.03064316 0.03408998 0.5926748 0.02496278 0.4999995 0.03539204 0.4999995 0.7988534 0.798854 0.7348079 0.8514152 0.7271132 0.8398986 0.914522 0.4175462 0.9353796 0.4133971 0.9439094 0.4999995 0.05323648 0.5888664 0.04448461 0.4999995 0.05608963 0.4999995 0.7581228 0.8863078 0.6777977 0.9292424 0.6743184 0.9208416 0.6829819 0.9417575 0.5932835 0.9689674 0.5926755 0.9659097 0.115526 0.1856547 0.115526 0.1635123 0.02592575 0.1635123 0.6817892 0.06112217 0.7639171 0.1050203 0.7581228 0.1136919 0.3382615 0.109528 0.4175466 0.08547729 0.4202486 0.09906184 0.07735729 0.4999995 0.05608963 0.4999995 0.06461971 0.4133971 0.9467623 0.5888664 0.9208416 0.6743181 0.9101193 0.6698768 0.7530718 0.1212522 0.7581228 0.1136919 0.8285282 0.1714723 0.1136919 0.7581223 0.1050208 0.7639163 0.06112259 0.6817886 0.3170178 0.9417572 0.2343508 0.8975711 0.2360832 0.894979 0.7988546 0.201146 0.8514152 0.2651919 0.8398986 0.2728871 0.9101193 0.6698768 0.8690978 0.7466229 0.8514152 0.7348077 0.9208418 0.3256819 0.9467623 0.4111331 0.9353796 0.4133971 0.05323648 0.5888664 0.04431915 0.5906403 0.03539204 0.4999995 0.9388762 0.6817888 0.8949794 0.7639165 0.886308 0.7581223 0.03103345 0.4067162 0.05824238 0.3170175 0.06112289 0.3182106 0.115526 0.05280196 0.115526 0.03065973 0.02592575 0.03065973 0.9659085 0.5926749 0.9388762 0.6817888 0.9292415 0.6777976 0.8138917 0.8138921 0.8220984 0.8220984 0.7530713 0.8787474 0.08988058 0.3301225 0.1309025 0.2533761 0.1485853 0.2651916 0.1212522 0.7530708 0.0791586 0.6743181 0.08988058 0.6698769 0.9292415 0.6777976 0.886308 0.7581223 0.8787475 0.7530706 0.8949794 0.7639165 0.8359021 0.8359021 0.8285279 0.8285279 0.897571 0.7656483 0.8381062 0.8381066 0.8359021 0.8359021 0.115526 0.07490736 0.02592575 0.07490736 0.02592575 0.09704947 0.6617385 0.8904715 0.5824531 0.9145223 0.5797514 0.9009375 0.8138917 0.8138921 0.7466226 0.869098 0.7348079 0.8514152 0.5 0.0560894 0.5 0.04448384 0.5888668 0.05323648 0.3256821 0.07915771 0.322202 0.07075732 0.4093596 0.04431849 0.06112259 0.6817886 0.03408998 0.5926748 0.04431915 0.5906403 0.1640976 0.1640974 0.1618936 0.1618931 0.2343512 0.1024283 0.115526 0.1413539 0.115526 0.1192116 0.02592575 0.1192122 0.8776747 0.6564377 0.8904712 0.6617383 0.8514152 0.7348077 0.8690983 0.2533769 0.9101193 0.330123 0.8904718 0.3382613 0.2469291 0.1212522 0.2418777 0.1136919 0.322202 0.07075732 0.07075798 0.3222016 0.1136921 0.2418768 0.1212524 0.2469285 0.05824238 0.3170175 0.1024293 0.2343508 0.1050212 0.236083 0.115526 0.1413173 0.02592575 0.1413173 0.02592575 0.1634593 0.7639171 0.1050203 0.8359028 0.1640979 0.8285282 0.1714723 0.3435612 0.8776747 0.3382612 0.8904712 0.2651919 0.8514149 0.4133978 0.06461882 0.5 0.0560894 0.5 0.07735639 0.0791586 0.6743181 0.05323648 0.5888664 0.06461971 0.5866023 0.3222016 0.9292421 0.2418775 0.8863076 0.2469288 0.8787471 0.8863086 0.2418775 0.8949796 0.2360835 0.9388771 0.3182112 0.03103226 0.5932829 0.02184551 0.4999995 0.02496278 0.4999995 0.115526 0.1192281 0.115526 0.09708631 0.02592575 0.09708631 0.4202483 0.9009375 0.4175462 0.9145223 0.3382612 0.8904712 0.6698774 0.0898801 0.7466243 0.1309018 0.7348083 0.1485846 0.2469288 0.8787471 0.1779019 0.822098 0.1861081 0.8138917 0.5888661 0.9467632 0.5906408 0.9556811 0.4999993 0.9646084 0.5906408 0.9556811 0.5926755 0.9659097 0.4999993 0.975037 0.02184551 0.4999995 0.03103345 0.4067162 0.03409045 0.4073244 0.115526 0.03062301 0.02592575 0.03062301 0.02592575 0.05276483 0.02592575 0.1191915 0.01158308 0.1191915 0.01158308 0.1413334 0.115526 0.05276483 0.1289275 0.05276483 0.1289275 0.03062301 0.02592575 0.07494384 0.02592575 0.05280196 0.01158308 0.05280196 0.115526 0.07489073 0.1289275 0.07489073 0.1289275 0.05274885 0.02592575 0.1856177 0.02592575 0.1634758 0.01158308 0.1634758 0.115526 0.1192116 0.1289275 0.1192116 0.1289275 0.09706962 0.02592575 0.05278557 0.02592575 0.03064316 0.01158308 0.03064316 0.115526 0.1413539 0.1289275 0.1413539 0.1289275 0.1192116 0.02592575 0.1192122 0.01158308 0.1192116 0.01158308 0.1413539 0.115526 0.008480727 0.115526 0.03062301 0.1289275 0.03062301 0.02592575 0.1634593 0.02592575 0.1413173 0.01158308 0.1413173 0.115526 0.03060644 0.115526 0.05274885 0.1289275 0.05274885 0.02592575 0.1634758 0.02592575 0.1413334 0.01158308 0.1413334 0.115526 0.1634758 0.115526 0.1856177 0.1289275 0.1856177 0.02592575 0.09704947 0.01158308 0.09704947 0.01158308 0.1191915 0.115526 0.07489073 0.115526 0.0970326 0.1289275 0.0970326 0.02592575 0.09708631 0.01158308 0.09708631 0.01158308 0.1192281 0.115526 0.09706962 0.1289275 0.09706962 0.1289275 0.0749275 0.02592575 0.07489073 0.02592575 0.05274879 0.01158308 0.05274879 0.115526 0.1634962 0.115526 0.1856381 0.1289275 0.1856381 0.02592575 0.05276483 0.02592575 0.03062301 0.01158308 0.03062301 0.115526 0.1192281 0.115526 0.1413704 0.1289275 0.1413704 0.01158308 0.03060644 0.01158308 0.05274879 0.02592575 0.05274879 0.115526 0.09708631 0.1289275 0.09708631 0.1289275 0.07494384 0.02592575 0.1413704 0.02592575 0.1192281 0.01158308 0.1192281 0.115526 0.09704953 0.115526 0.1191915 0.1289275 0.1191915 0.02592575 0.07490736 0.01158308 0.07490736 0.01158308 0.09704947 0.115526 0.09708631 0.115526 0.1192281 0.1289275 0.1192281 0.02592575 0.1634593 0.01158308 0.1634593 0.01158308 0.1856012 0.115526 0.07494384 0.1289275 0.07494384 0.1289275 0.05280196 0.02592575 0.1634962 0.02592575 0.1413539 0.01158308 0.1413539 0.115526 0.05280196 0.1289275 0.05280196 0.1289275 0.03065973 0.02592575 0.008464694 0.01158308 0.008464694 0.01158308 0.03060644 0.115526 0.1856547 0.1289275 0.1856547 0.1289275 0.1635123 0.02592575 0.1856381 0.02592575 0.1634962 0.01158308 0.1634962 0.115526 0.1191752 0.1289275 0.1191752 0.1289275 0.0970326 0.02592575 0.0970326 0.01158308 0.0970326 0.01158308 0.1191751 0.115526 0.03064316 0.1289275 0.03064316 0.1289275 0.008501172 0.02592575 0.1191751 0.01158308 0.1191751 0.01158308 0.1413173 0.115526 0.0749275 0.1289275 0.0749275 0.1289275 0.05278563 0.02592575 0.1856547 0.02592575 0.1635123 0.01158308 0.1635123 0.115526 0.1191915 0.115526 0.1413335 0.1289275 0.1413335 0.115526 0.07490736 0.1289275 0.07490736 0.1289275 0.05276483 0.115526 0.1413173 0.1289275 0.1413173 0.1289275 0.1191752 0.02592575 0.07489073 0.01158308 0.07489073 0.01158308 0.0970326 0.02592575 0.03064316 0.02592575 0.008501172 0.01158308 0.008501172 0.115526 0.1413539 0.115526 0.1634962 0.1289275 0.1634962 0.02592575 0.05280196 0.02592575 0.03065973 0.01158308 0.03065973 0.115526 0.03064316 0.115526 0.05278563 0.1289275 0.05278563 0.02592575 0.05278557 0.01158308 0.05278557 0.01158308 0.0749275 0.115526 0.008464753 0.115526 0.03060644 0.1289275 0.03060644 0.02592575 0.03065973 0.02592575 0.008517861 0.01158308 0.008517861 0.115526 0.1634593 0.115526 0.1856012 0.1289275 0.1856012 0.02592575 0.008480727 0.01158308 0.008480727 0.01158308 0.03062301 0.115526 0.07490736 0.115526 0.09704953 0.1289275 0.09704953 0.02592575 0.0749275 0.01158308 0.0749275 0.01158308 0.09706956 0.115526 0.008517861 0.115526 0.03065973 0.1289275 0.03065973 0.02592575 0.1635123 0.02592575 0.1413704 0.01158308 0.1413704 0.115526 0.1413335 0.115526 0.1634758 0.1289275 0.1634758 0.02592575 0.09708631 0.02592575 0.07494384 0.01158308 0.07494384 0.115526 0.1635123 0.1289275 0.1635123 0.1289275 0.1413704 0.7348079 0.8514152 0.6617385 0.8904715 0.6564381 0.8776749 0.7466226 0.869098 0.6698771 0.9101193 0.6617385 0.8904715 0.7348083 0.1485846 0.7466243 0.1309018 0.813892 0.1861081 0.2360832 0.894979 0.2343508 0.8975711 0.1618936 0.8381064 0.6817892 0.06112217 0.6829823 0.05824214 0.7656487 0.1024283 0.5824531 0.9145223 0.4999993 0.9226432 0.4999993 0.9087923 0.5866785 0.3702761 0.6103208 0.389679 0.5739563 0.4260431 0.6045899 0.4999998 0.5966289 0.459975 0.653019 0.4695625 0.4695621 0.3469803 0.4999994 0.3954092 0.4599748 0.4033707 0.653019 0.5304375 0.5966289 0.5400251 0.6045899 0.4999998 0.3702765 0.5866786 0.4033703 0.5400251 0.4260432 0.5739564 0.115526 0.03060644 0.02592575 0.03060644 0.02592575 0.05274879 0.4133214 0.3702762 0.4402947 0.3558586 0.4599748 0.4033707 0.4033703 0.459975 0.3558588 0.4402946 0.3702765 0.4133213 0.4999994 0.3954092 0.4999995 0.3439825 0.5304374 0.3469803 0.3954097 0.4999998 0.3439825 0.5 0.3469802 0.4695625 0.4260432 0.5739564 0.4599748 0.5966292 0.4133214 0.6297237 0.5304374 0.6530197 0.4999995 0.6560173 0.4999994 0.6045907 0.6297234 0.5866786 0.6103208 0.6103209 0.5739563 0.5739564 0.5739563 0.5739564 0.6103208 0.6103209 0.5866785 0.6297237 0.6297234 0.4133213 0.5966289 0.459975 0.5739563 0.4260431 0.115526 0.1635123 0.115526 0.1413704 0.02592575 0.1413704 0.115526 0.1413173 0.115526 0.1634593 0.1289275 0.1634593 0.115526 0.09706962 0.02592575 0.09706956 0.02592575 0.1192122 0.115526 0.1413704 0.115526 0.1192281 0.02592575 0.1192281 0.115526 0.1191752 0.02592575 0.1191751 0.02592575 0.1413173 0.115526 0.0749275 0.115526 0.05278563 0.02592575 0.05278557 0.115526 0.1856381 0.115526 0.1634962 0.02592575 0.1634962 0.3431549 0.5311981 0.3303767 0.5337398 0.3270538 0.4999997 0.3431549 0.5311981 0.3522553 0.5611975 0.3402185 0.5661833 0.4111543 0.3670336 0.3869209 0.3869212 0.3777084 0.3777084 0.499999 0.659917 0.4999993 0.6729457 0.4662593 0.6696227 0.3869209 0.6130783 0.3777084 0.6222909 0.3562004 0.5960834 0.3522553 0.5611975 0.3670335 0.588845 0.3562004 0.5960834 0.3869209 0.3869212 0.3670335 0.4111545 0.3562006 0.4039161 0.6599162 0.4999997 0.6729453 0.4999997 0.6696223 0.5337398 0.6477437 0.5611974 0.6568433 0.5311981 0.6696223 0.5337398 0.5311977 0.6568443 0.5337397 0.6696227 0.4999993 0.6729457 0.3431549 0.4688016 0.3303767 0.4662597 0.3402185 0.4338161 0.3522553 0.438802 0.3402185 0.4338161 0.3562006 0.4039161 0.4111543 0.6329661 0.4039162 0.643799 0.3777084 0.6222909 0.6477437 0.5611974 0.6597809 0.5661833 0.6437988 0.5960835 0.499999 0.3400826 0.4688007 0.3431553 0.4662594 0.3303769 0.5888446 0.6329661 0.5960833 0.643799 0.566183 0.659781 0.6599162 0.4999997 0.6568433 0.4688016 0.6696223 0.4662597 0.5311977 0.3431553 0.499999 0.3400826 0.4999994 0.3270538 0.6130778 0.3869212 0.5888446 0.3670335 0.5960833 0.3562004 0.6329655 0.588845 0.6437988 0.5960835 0.6222907 0.6222911 0.4388018 0.6477438 0.433816 0.6597809 0.4039162 0.643799 0.4688007 0.3431553 0.4388018 0.3522556 0.4338161 0.3402184 0.6477437 0.438802 0.6329655 0.4111545 0.6437989 0.4039161 0.4388018 0.3522556 0.4111543 0.3670336 0.4039162 0.3562004 0.4688007 0.6568443 0.4662593 0.6696227 0.433816 0.6597809 0.6329655 0.4111545 0.6130778 0.3869212 0.6222908 0.3777084 0.5611969 0.6477438 0.566183 0.659781 0.5337397 0.6696227 0.3431549 0.4688016 0.3400823 0.4999998 0.3270538 0.4999997 0.5611969 0.3522555 0.5311977 0.3431553 0.5337398 0.3303769 0.6477437 0.438802 0.659781 0.4338162 0.6696223 0.4662597 0.5888446 0.3670335 0.5611969 0.3522555 0.566183 0.3402185 0.115526 0.03060644 0.115526 0.008464753 0.02592575 0.008464694 0.6130778 0.6130783 0.6222907 0.6222911 0.5960833 0.643799 0.9072824 0.1075242 0.9341337 0.1075242 0.9341337 0.13345 0.8914616 0.003821194 0.8972989 0.003821194 0.8972989 0.02974706 0.8914616 0.0556727 0.8856242 0.0556727 0.8856242 0.02974706 0.8914616 0.13345 0.8856242 0.13345 0.8856242 0.1075242 0.8856242 0.1853016 0.8856242 0.1593758 0.8914616 0.1593758 0.8914616 0.0556727 0.8914616 0.02974706 0.8972989 0.02974706 0.8914616 0.08159846 0.8856242 0.08159846 0.8856242 0.0556727 0.8914616 0.2112273 0.8914616 0.1853016 0.8972989 0.1853016 0.8914616 0.1593758 0.8972989 0.1593758 0.8972989 0.1853016 0.8972989 0.0556727 0.8972989 0.02974706 0.9072824 0.02974706 0.8972989 0.1853016 0.8972989 0.1593758 0.9072824 0.1593758 0.9072824 0.2112273 0.8972989 0.2112273 0.8972989 0.1853016 0.8972989 0.08159846 0.8972989 0.0556727 0.9072824 0.0556727 0.8972989 0.13345 0.8972989 0.1075242 0.9072824 0.1075242 0.9072824 0.02974706 0.8972989 0.02974706 0.8972989 0.003821194 0.8972989 0.1593758 0.8972989 0.13345 0.9072824 0.13345 0.8972989 0.1075242 0.8972989 0.08159846 0.9072824 0.08159846 0.9341337 0.1593758 0.9940398 0.1593758 0.9940398 0.1853016 0.9341337 0.1853016 0.9940398 0.1853016 0.9940398 0.2112273 0.9341337 0.13345 0.9940398 0.13345 0.9940398 0.1593758 0.9341337 0.003821194 0.9940398 0.003821194 0.9940398 0.02974706 0.9341337 0.0556727 0.9940398 0.0556727 0.9940398 0.08159846 0.9341337 0.08159846 0.9940398 0.08159846 0.9940398 0.1075242 0.9341337 0.02974706 0.9940398 0.02974706 0.9940398 0.0556727 0.9341337 0.1075242 0.9940398 0.1075242 0.9940398 0.13345 0.8914616 0.08159846 0.8972989 0.08159846 0.8972989 0.1075242 0.8914616 0.1075242 0.8856242 0.1075242 0.8856242 0.08159846 0.8914616 0.1075242 0.8972989 0.1075242 0.8972989 0.13345 0.8856242 0.02974706 0.8856242 0.003821194 0.8914616 0.003821194 0.8914616 0.13345 0.8972989 0.13345 0.8972989 0.1593758 0.8914616 0.08159846 0.8914616 0.0556727 0.8972989 0.0556727 0.8914616 0.2112273 0.8856242 0.2112273 0.8856242 0.1853016 0.8856242 0.1593758 0.8856242 0.13345 0.8914616 0.13345 0.9072824 0.02974706 0.9072824 0.003821194 0.9341337 0.003821194 0.9072824 0.1593758 0.9072824 0.13345 0.9341337 0.13345 0.9072824 0.02974706 0.9341337 0.02974706 0.9341337 0.0556727 0.9072824 0.0556727 0.9341337 0.0556727 0.9341337 0.08159846 0.9072824 0.08159846 0.9341337 0.08159846 0.9341337 0.1075242 0.9072824 0.2112273 0.9072824 0.1853016 0.9341337 0.1853016 0.9072824 0.1853016 0.9072824 0.1593758 0.9341337 0.1593758 0.9072824 0.1075242 0.9341337 0.1075242 0.9341337 0.13345 0.8972989 0.003821194 0.8972989 0.02974706 0.8914616 0.02974706 0.8914616 0.0556727 0.8856242 0.0556727 0.8856242 0.02974706 0.8914616 0.13345 0.8856242 0.13345 0.8856242 0.1075242 0.8856242 0.1853016 0.8856242 0.1593758 0.8914616 0.1593758 0.8914616 0.0556727 0.8914616 0.02974706 0.8972989 0.02974706 0.8914616 0.08159846 0.8856242 0.08159846 0.8856242 0.0556727 0.8914616 0.2112273 0.8914616 0.1853016 0.8972989 0.1853016 0.8914616 0.1593758 0.8972989 0.1593758 0.8972989 0.1853016 0.8972989 0.0556727 0.8972989 0.02974706 0.9072824 0.02974706 0.8972989 0.1853016 0.8972989 0.1593758 0.9072824 0.1593758 0.9072824 0.2112273 0.8972989 0.2112273 0.8972989 0.1853016 0.8972989 0.08159846 0.8972989 0.0556727 0.9072824 0.0556727 0.8972989 0.13345 0.8972989 0.1075242 0.9072824 0.1075242 0.8972989 0.02974706 0.8972989 0.003821194 0.9072824 0.003821194 0.8972989 0.1593758 0.8972989 0.13345 0.9072824 0.13345 0.8972989 0.1075242 0.8972989 0.08159846 0.9072824 0.08159846 0.9341337 0.1593758 0.9940398 0.1593758 0.9940398 0.1853016 0.9341337 0.1853016 0.9940398 0.1853016 0.9940398 0.2112273 0.9341337 0.13345 0.9940398 0.13345 0.9940398 0.1593758 0.9341337 0.003821194 0.9940398 0.003821194 0.9940398 0.02974706 0.9341337 0.0556727 0.9940398 0.0556727 0.9940398 0.08159846 0.9341337 0.08159846 0.9940398 0.08159846 0.9940398 0.1075242 0.9341337 0.02974706 0.9940398 0.02974706 0.9940398 0.0556727 0.9341337 0.1075242 0.9940398 0.1075242 0.9940398 0.13345 0.8914616 0.08159846 0.8972989 0.08159846 0.8972989 0.1075242 0.8914616 0.1075242 0.8856242 0.1075242 0.8856242 0.08159846 0.8914616 0.1075242 0.8972989 0.1075242 0.8972989 0.13345 0.8856242 0.003821194 0.8914616 0.003821194 0.8914616 0.02974706 0.8914616 0.13345 0.8972989 0.13345 0.8972989 0.1593758 0.8914616 0.08159846 0.8914616 0.0556727 0.8972989 0.0556727 0.8914616 0.2112273 0.8856242 0.2112273 0.8856242 0.1853016 0.8856242 0.1593758 0.8856242 0.13345 0.8914616 0.13345 0.9072824 0.02974706 0.9072824 0.003821194 0.9341337 0.003821194 0.9072824 0.1593758 0.9072824 0.13345 0.9341337 0.13345 0.9072824 0.02974706 0.9341337 0.02974706 0.9341337 0.0556727 0.9072824 0.0556727 0.9341337 0.0556727 0.9341337 0.08159846 0.9072824 0.08159846 0.9341337 0.08159846 0.9341337 0.1075242 0.9072824 0.2112273 0.9072824 0.1853016 0.9341337 0.1853016 0.9072824 0.1853016 0.9072824 0.1593758 0.9341337 0.1593758 0.9072824 0.1075242 0.9341337 0.1075242 0.9341337 0.13345 0.8972989 0.003821194 0.8972989 0.02974706 0.8914616 0.02974706 0.8914616 0.0556727 0.8856242 0.0556727 0.8856242 0.02974706 0.8914616 0.13345 0.8856242 0.13345 0.8856242 0.1075242 0.8856242 0.1853016 0.8856242 0.1593758 0.8914616 0.1593758 0.8914616 0.0556727 0.8914616 0.02974706 0.8972989 0.02974706 0.8914616 0.08159846 0.8856242 0.08159846 0.8856242 0.0556727 0.8914616 0.2112273 0.8914616 0.1853016 0.8972989 0.1853016 0.8914616 0.1593758 0.8972989 0.1593758 0.8972989 0.1853016 0.8972989 0.0556727 0.8972989 0.02974706 0.9072824 0.02974706 0.8972989 0.1853016 0.8972989 0.1593758 0.9072824 0.1593758 0.9072824 0.2112273 0.8972989 0.2112273 0.8972989 0.1853016 0.8972989 0.08159846 0.8972989 0.0556727 0.9072824 0.0556727 0.8972989 0.13345 0.8972989 0.1075242 0.9072824 0.1075242 0.8972989 0.02974706 0.8972989 0.003821194 0.9072824 0.003821194 0.8972989 0.1593758 0.8972989 0.13345 0.9072824 0.13345 0.8972989 0.1075242 0.8972989 0.08159846 0.9072824 0.08159846 0.9341337 0.1593758 0.9940398 0.1593758 0.9940398 0.1853016 0.9341337 0.1853016 0.9940398 0.1853016 0.9940398 0.2112273 0.9341337 0.13345 0.9940398 0.13345 0.9940398 0.1593758 0.9341337 0.003821194 0.9940398 0.003821194 0.9940398 0.02974706 0.9341337 0.0556727 0.9940398 0.0556727 0.9940398 0.08159846 0.9341337 0.08159846 0.9940398 0.08159846 0.9940398 0.1075242 0.9341337 0.02974706 0.9940398 0.02974706 0.9940398 0.0556727 0.9341337 0.1075242 0.9940398 0.1075242 0.9940398 0.13345 0.8914616 0.08159846 0.8972989 0.08159846 0.8972989 0.1075242 0.8914616 0.1075242 0.8856242 0.1075242 0.8856242 0.08159846 0.8914616 0.1075242 0.8972989 0.1075242 0.8972989 0.13345 0.8856242 0.02974706 0.8856242 0.003821194 0.8914616 0.003821194 0.8914616 0.13345 0.8972989 0.13345 0.8972989 0.1593758 0.8914616 0.08159846 0.8914616 0.0556727 0.8972989 0.0556727 0.8914616 0.2112273 0.8856242 0.2112273 0.8856242 0.1853016 0.8856242 0.1593758 0.8856242 0.13345 0.8914616 0.13345 0.9072824 0.02974706 0.9072824 0.003821194 0.9341337 0.003821194 0.9072824 0.1593758 0.9072824 0.13345 0.9341337 0.13345 0.9072824 0.02974706 0.9341337 0.02974706 0.9341337 0.0556727 0.9072824 0.0556727 0.9341337 0.0556727 0.9341337 0.08159846 0.9072824 0.08159846 0.9341337 0.08159846 0.9341337 0.1075242 0.9072824 0.2112273 0.9072824 0.1853016 0.9341337 0.1853016 0.9072824 0.1853016 0.9072824 0.1593758 0.9341337 0.1593758 0.9072824 0.1075242 0.9341337 0.1075242 0.9341337 0.13345 0.8972989 0.003821194 0.8972989 0.02974706 0.8914616 0.02974706 0.8914616 0.0556727 0.8856242 0.0556727 0.8856242 0.02974706 0.8914616 0.13345 0.8856242 0.13345 0.8856242 0.1075242 0.8856242 0.1853016 0.8856242 0.1593758 0.8914616 0.1593758 0.8914616 0.0556727 0.8914616 0.02974706 0.8972989 0.02974706 0.8914616 0.08159846 0.8856242 0.08159846 0.8856242 0.0556727 0.8914616 0.1853016 0.8972989 0.1853016 0.8972989 0.2112273 0.8914616 0.1593758 0.8972989 0.1593758 0.8972989 0.1853016 0.8972989 0.0556727 0.8972989 0.02974706 0.9072824 0.02974706 0.8972989 0.1853016 0.8972989 0.1593758 0.9072824 0.1593758 0.9072824 0.2112273 0.8972989 0.2112273 0.8972989 0.1853016 0.8972989 0.08159846 0.8972989 0.0556727 0.9072824 0.0556727 0.8972989 0.13345 0.8972989 0.1075242 0.9072824 0.1075242 0.9072824 0.02974706 0.8972989 0.02974706 0.8972989 0.003821194 0.8972989 0.1593758 0.8972989 0.13345 0.9072824 0.13345 0.8972989 0.1075242 0.8972989 0.08159846 0.9072824 0.08159846 0.9341337 0.1593758 0.9940398 0.1593758 0.9940398 0.1853016 0.9341337 0.1853016 0.9940398 0.1853016 0.9940398 0.2112273 0.9341337 0.13345 0.9940398 0.13345 0.9940398 0.1593758 0.9341337 0.003821194 0.9940398 0.003821194 0.9940398 0.02974706 0.9341337 0.0556727 0.9940398 0.0556727 0.9940398 0.08159846 0.9341337 0.08159846 0.9940398 0.08159846 0.9940398 0.1075242 0.9341337 0.02974706 0.9940398 0.02974706 0.9940398 0.0556727 0.9341337 0.1075242 0.9940398 0.1075242 0.9940398 0.13345 0.8914616 0.08159846 0.8972989 0.08159846 0.8972989 0.1075242 0.8914616 0.1075242 0.8856242 0.1075242 0.8856242 0.08159846 0.8914616 0.1075242 0.8972989 0.1075242 0.8972989 0.13345 0.8856242 0.02974706 0.8856242 0.003821194 0.8914616 0.003821194 0.8914616 0.13345 0.8972989 0.13345 0.8972989 0.1593758 0.8914616 0.08159846 0.8914616 0.0556727 0.8972989 0.0556727 0.8856242 0.2112273 0.8856242 0.1853016 0.8914616 0.1853016 0.8856242 0.13345 0.8914616 0.13345 0.8914616 0.1593758 0.9072824 0.02974706 0.9072824 0.003821194 0.9341337 0.003821194 0.9072824 0.1593758 0.9072824 0.13345 0.9341337 0.13345 0.9072824 0.02974706 0.9341337 0.02974706 0.9341337 0.0556727 0.9072824 0.0556727 0.9341337 0.0556727 0.9341337 0.08159846 0.9072824 0.08159846 0.9341337 0.08159846 0.9341337 0.1075242 0.9072824 0.2112273 0.9072824 0.1853016 0.9341337 0.1853016 0.9072824 0.1853016 0.9072824 0.1593758 0.9341337 0.1593758 0.7221394 0.7729532 0.6966655 0.7943329 0.6966676 0.7943313 0.535921 0.7106361 0.5423297 0.6985771 0.5423376 0.6985766 0.6235442 0.6743416 0.6237959 0.6746059 0.6104798 0.670351 0.5690639 0.8471868 0.5690614 0.8471871 0.6354674 0.8270434 0.6381042 0.8334092 0.6492282 0.8602649 0.5760765 0.8824552 0.7325984 0.7737109 0.7757363 0.7757349 0.7166454 0.8242298 0.700496 0.8000604 0.7166454 0.8242298 0.6492282 0.8602649 0.5290725 0.8580134 0.5704055 0.8539453 0.5760765 0.8824552 0.5290725 0.7047875 0.5000006 0.6785796 0.5348403 0.6751483 0.5717845 0.6733002 0.5363958 0.6937227 0.5348403 0.6751483 0.5717845 0.6733002 0.5683407 0.664986 0.599215 0.6484833 0.624251 0.6653634 0.6112491 0.6627175 0.599215 0.6484833 0.5290725 0.8580134 0.5000005 0.889949 0.5000006 0.6785796 0.7325984 0.7737109 0.624251 0.6653634 0.6262757 0.6262743 0.5359323 0.8500821 0.535921 0.7106361 0.5359298 0.711001 0.5744777 0.6798022 0.5744777 0.6798022 0.5423376 0.6985766 0.6966655 0.7943329 0.6354674 0.8270434 0.6354674 0.8270434 0.7221394 0.7729532 0.7224 0.7732102 0.6237959 0.6746059 0.5744777 0.6798022 0.6104857 0.6703459 0.6104798 0.670351 0.5359323 0.8500821 0.5359298 0.850448 0.5690614 0.8471871 0.5690639 0.8471868 0.6354674 0.8270434 0.6381042 0.8334092 0.7221394 0.7729532 0.7325984 0.7737109 0.700496 0.8000604 0.6966655 0.7943329 0.700496 0.8000604 0.6381042 0.8334092 0.5359323 0.8500821 0.5690639 0.8471868 0.5704055 0.8539453 0.5423297 0.6985771 0.535921 0.7106361 0.5290725 0.7047875 0.5423297 0.6985771 0.5363958 0.6937227 0.5717845 0.6733002 0.6104857 0.6703459 0.5744777 0.6798022 0.5717845 0.6733002 0.6104857 0.6703459 0.6112491 0.6627175 0.624251 0.6653634 0.5359323 0.8500821 0.5290725 0.8580134 0.5290725 0.7047875 0.7221394 0.7729532 0.6235442 0.6743416 0.624251 0.6653634 0.8500836 0.5359305 0.8471886 0.569061 0.8471889 0.5690585 0.6743425 0.6235422 0.6703471 0.6104834 0.6703523 0.6104775 0.7106373 0.5359191 0.7110024 0.535928 0.6985778 0.5423353 0.7943341 0.6966626 0.7943326 0.6966644 0.8270447 0.6354646 0.8334107 0.6381014 0.8602665 0.6492254 0.8242313 0.7166424 0.858015 0.5290707 0.8899493 0.4999989 0.882457 0.5760735 0.8539471 0.5704026 0.882457 0.5760735 0.8602665 0.6492254 0.7737115 0.7325962 0.8000617 0.7004927 0.8242313 0.7166424 0.6653644 0.6242491 0.6262757 0.6262743 0.6484847 0.5992127 0.6733013 0.5717824 0.6627187 0.6112468 0.6484847 0.5992127 0.6733013 0.5717824 0.6649872 0.5683385 0.6751496 0.5348379 0.7047887 0.5290707 0.6937239 0.5363935 0.6751496 0.5348379 0.7737115 0.7325962 0.7757363 0.7757349 0.6262757 0.6262743 0.858015 0.5290707 0.7047887 0.5290707 0.6785809 0.4999988 0.7729536 0.7221372 0.6743425 0.6235422 0.6746069 0.623794 0.6798033 0.5744755 0.6798033 0.5744755 0.6703523 0.6104775 0.8471886 0.569061 0.8270447 0.6354646 0.8270447 0.6354646 0.8500836 0.5359305 0.8504496 0.535928 0.7110024 0.535928 0.6798033 0.5744755 0.6985782 0.5423273 0.6985778 0.5423353 0.7729536 0.7221372 0.7732108 0.7223979 0.7943326 0.6966644 0.7943341 0.6966626 0.8270447 0.6354646 0.8334107 0.6381014 0.8500836 0.5359305 0.858015 0.5290707 0.8539471 0.5704026 0.8471886 0.569061 0.8539471 0.5704026 0.8334107 0.6381014 0.7729536 0.7221372 0.7943341 0.6966626 0.8000617 0.7004927 0.6703471 0.6104834 0.6743425 0.6235422 0.6653644 0.6242491 0.6703471 0.6104834 0.6627187 0.6112468 0.6733013 0.5717824 0.6985782 0.5423273 0.6798033 0.5744755 0.6733013 0.5717824 0.6985782 0.5423273 0.6937239 0.5363935 0.7047887 0.5290707 0.7729536 0.7221372 0.7737115 0.7325962 0.6653644 0.6242491 0.8500836 0.5359305 0.7106373 0.5359191 0.7047887 0.5290707 0.7729536 0.2778601 0.7943333 0.3033339 0.7943318 0.303332 0.7106366 0.4640786 0.6985775 0.4576699 0.6985771 0.457662 0.674342 0.3764554 0.6746065 0.3762036 0.6703516 0.3895197 0.8471874 0.4309356 0.8471875 0.430938 0.8270438 0.3645322 0.8334097 0.3618953 0.8602655 0.3507713 0.8824556 0.4239231 0.7737113 0.2674012 0.7757354 0.2242633 0.8242303 0.2833541 0.800061 0.2995037 0.8242303 0.2833541 0.8602655 0.3507713 0.8580139 0.470927 0.8539459 0.429594 0.8824556 0.4239231 0.704788 0.470927 0.6785809 0.4999988 0.6751488 0.4651592 0.6733008 0.428215 0.6937232 0.4636037 0.6751488 0.4651592 0.6733008 0.428215 0.6649865 0.4316589 0.6484839 0.4007846 0.6653638 0.3757485 0.6627179 0.3887504 0.6484839 0.4007846 0.8580139 0.470927 0.8899493 0.4999989 0.6785809 0.4999988 0.7737113 0.2674012 0.6653638 0.3757485 0.6262752 0.3737233 0.8500825 0.4640672 0.7106366 0.4640786 0.7110016 0.4640697 0.6798026 0.4255219 0.6798026 0.4255219 0.6985771 0.457662 0.7943333 0.3033339 0.8270438 0.3645322 0.8270438 0.3645322 0.7729536 0.2778601 0.7732107 0.2775995 0.6746065 0.3762036 0.6798026 0.4255219 0.6703463 0.3895137 0.6703516 0.3895197 0.8500825 0.4640672 0.8504486 0.4640697 0.8471875 0.430938 0.8471874 0.4309356 0.8270438 0.3645322 0.8334097 0.3618953 0.7729536 0.2778601 0.7737113 0.2674012 0.800061 0.2995037 0.7943333 0.3033339 0.800061 0.2995037 0.8334097 0.3618953 0.8500825 0.4640672 0.8471874 0.4309356 0.8539459 0.429594 0.6985775 0.4576699 0.7106366 0.4640786 0.704788 0.470927 0.6985775 0.4576699 0.6937232 0.4636037 0.6733008 0.428215 0.6703463 0.3895137 0.6798026 0.4255219 0.6733008 0.428215 0.6703463 0.3895137 0.6627179 0.3887504 0.6653638 0.3757485 0.8500825 0.4640672 0.8580139 0.470927 0.704788 0.470927 0.7729536 0.2778601 0.674342 0.3764554 0.6653638 0.3757485 0.5359311 0.1499158 0.5690615 0.1528108 0.569059 0.1528105 0.6235427 0.325657 0.610484 0.3296524 0.6104781 0.3296472 0.5359196 0.2893621 0.5359285 0.2889972 0.5423358 0.3014217 0.696663 0.2056654 0.6966649 0.205667 0.635465 0.1729547 0.6381019 0.1665888 0.649226 0.1397331 0.7166429 0.1757684 0.5290713 0.1419845 0.4999994 0.1100511 0.5760741 0.1175425 0.5704032 0.1460524 0.5760741 0.1175425 0.649226 0.1397331 0.7325967 0.226288 0.7004932 0.1999378 0.7166429 0.1757684 0.6242496 0.3346352 0.6262752 0.3737233 0.5992131 0.3515148 0.5717828 0.3266981 0.6112473 0.3372808 0.5992131 0.3515148 0.5717828 0.3266981 0.568339 0.3350124 0.5348384 0.32485 0.5290712 0.2952108 0.536394 0.3062756 0.5348384 0.32485 0.7325967 0.226288 0.7757354 0.2242633 0.6262752 0.3737233 0.5290713 0.1419845 0.5290712 0.2952108 0.4999992 0.3214187 0.7221378 0.2270458 0.6235427 0.325657 0.6237945 0.3253927 0.574476 0.3201962 0.574476 0.3201962 0.6104781 0.3296472 0.5690615 0.1528108 0.635465 0.1729547 0.635465 0.1729547 0.5359311 0.1499158 0.5359286 0.1495498 0.5359285 0.2889972 0.574476 0.3201962 0.5423279 0.3014213 0.5423358 0.3014217 0.7221378 0.2270458 0.7223984 0.2267887 0.6966649 0.205667 0.696663 0.2056654 0.635465 0.1729547 0.6381019 0.1665888 0.5359311 0.1499158 0.5290713 0.1419845 0.5704032 0.1460524 0.5690615 0.1528108 0.5704032 0.1460524 0.6381019 0.1665888 0.7221378 0.2270458 0.696663 0.2056654 0.7004932 0.1999378 0.610484 0.3296524 0.6235427 0.325657 0.6242496 0.3346352 0.610484 0.3296524 0.6112473 0.3372808 0.5717828 0.3266981 0.5423279 0.3014213 0.574476 0.3201962 0.5717828 0.3266981 0.5423279 0.3014213 0.536394 0.3062756 0.5290712 0.2952108 0.7221378 0.2270458 0.7325967 0.226288 0.6242496 0.3346352 0.5359311 0.1499158 0.5359196 0.2893621 0.5290712 0.2952108 0.2778606 0.2270458 0.3033345 0.2056661 0.3033326 0.2056677 0.4640791 0.2893628 0.4576704 0.301422 0.4576625 0.3014224 0.3764559 0.3256574 0.3762041 0.3253931 0.3895202 0.329648 0.4309361 0.1528121 0.4309386 0.1528118 0.3645327 0.1729557 0.3618958 0.1665897 0.3507719 0.139734 0.4239236 0.1175438 0.2674017 0.2262881 0.2242637 0.224264 0.2833546 0.1757691 0.2995042 0.1999385 0.2833546 0.1757691 0.3507719 0.139734 0.4709275 0.1419855 0.4295946 0.1460537 0.4239236 0.1175438 0.4709275 0.2952115 0.4999992 0.3214187 0.4651598 0.3248507 0.4282155 0.3266988 0.4636042 0.3062763 0.4651598 0.3248507 0.4282155 0.3266988 0.4316594 0.335013 0.400785 0.3515156 0.375749 0.3346356 0.388751 0.3372815 0.400785 0.3515156 0.4709275 0.1419855 0.4999994 0.1100511 0.4999992 0.3214187 0.2674017 0.2262881 0.375749 0.3346356 0.3737238 0.3737244 0.4640678 0.149917 0.4640791 0.2893628 0.4640703 0.2889979 0.4255223 0.3201968 0.4255223 0.3201968 0.4576625 0.3014224 0.3033345 0.2056661 0.3645327 0.1729557 0.3645327 0.1729557 0.2778606 0.2270458 0.2776001 0.2267888 0.3762041 0.3253931 0.4255223 0.3201968 0.3895143 0.3296532 0.3895202 0.329648 0.4640678 0.149917 0.4640703 0.1495509 0.4309386 0.1528118 0.4309361 0.1528121 0.3645327 0.1729557 0.3618958 0.1665897 0.2778606 0.2270458 0.2674017 0.2262881 0.2995042 0.1999385 0.3033345 0.2056661 0.2995042 0.1999385 0.3618958 0.1665897 0.4640678 0.149917 0.4309361 0.1528121 0.4295946 0.1460537 0.4576704 0.301422 0.4640791 0.2893628 0.4709275 0.2952115 0.4576704 0.301422 0.4636042 0.3062763 0.4282155 0.3266988 0.3895143 0.3296532 0.4255223 0.3201968 0.4282155 0.3266988 0.3895143 0.3296532 0.388751 0.3372815 0.375749 0.3346356 0.4640678 0.149917 0.4709275 0.1419855 0.4709275 0.2952115 0.2778606 0.2270458 0.3764559 0.3256574 0.375749 0.3346356 0.1499163 0.4640685 0.1528113 0.4309379 0.152811 0.4309403 0.3256575 0.3764568 0.3296529 0.3895155 0.3296477 0.3895215 0.2893626 0.4640799 0.2889977 0.464071 0.3014222 0.4576637 0.2056658 0.3033365 0.2056675 0.3033346 0.1729552 0.3645344 0.1665892 0.3618976 0.1397336 0.3507736 0.1757689 0.2833566 0.1419849 0.4709282 0.1100507 0.5000001 0.1175431 0.4239253 0.1460528 0.4295964 0.1175431 0.4239253 0.1397336 0.3507736 0.2262886 0.2674028 0.1999383 0.2995063 0.1757689 0.2833566 0.3346357 0.3757499 0.3737238 0.3737244 0.3515154 0.4007863 0.3266986 0.4282166 0.3372813 0.3887522 0.3515154 0.4007863 0.3266986 0.4282166 0.3350128 0.4316605 0.3248504 0.4651611 0.2952113 0.4709283 0.3062761 0.4636055 0.3248504 0.4651611 0.2262886 0.2674028 0.2242637 0.224264 0.3737238 0.3737244 0.1419849 0.4709282 0.2952113 0.4709283 0.3214191 0.5000002 0.2270463 0.2778617 0.3256575 0.3764568 0.3253932 0.376205 0.3201967 0.4255235 0.3201967 0.4255235 0.3296477 0.3895215 0.1528113 0.4309379 0.1729552 0.3645344 0.1729552 0.3645344 0.1499163 0.4640685 0.1495503 0.4640709 0.2889977 0.464071 0.3201967 0.4255235 0.3014217 0.4576717 0.3014222 0.4576637 0.2270463 0.2778617 0.2267892 0.2776011 0.2056675 0.3033346 0.2056658 0.3033365 0.1729552 0.3645344 0.1665892 0.3618976 0.1499163 0.4640685 0.1419849 0.4709282 0.1460528 0.4295964 0.1528113 0.4309379 0.1460528 0.4295964 0.1665892 0.3618976 0.2270463 0.2778617 0.2056658 0.3033365 0.1999383 0.2995063 0.3296529 0.3895155 0.3256575 0.3764568 0.3346357 0.3757499 0.3296529 0.3895155 0.3372813 0.3887522 0.3266986 0.4282166 0.3014217 0.4576717 0.3201967 0.4255235 0.3266986 0.4282166 0.3014217 0.4576717 0.3062761 0.4636055 0.2952113 0.4709283 0.2270463 0.2778617 0.2262886 0.2674028 0.3346357 0.3757499 0.1499163 0.4640685 0.2893626 0.4640799 0.2952113 0.4709283 0.2270463 0.722139 0.2056666 0.6966651 0.2056681 0.696667 0.2893633 0.5359204 0.3014225 0.5423291 0.301423 0.542337 0.3256579 0.6235436 0.3253936 0.6237954 0.3296484 0.6104792 0.1528126 0.5690634 0.1528123 0.569061 0.1729562 0.6354668 0.1665902 0.6381037 0.1397345 0.6492276 0.1175443 0.5760759 0.2262886 0.7325978 0.2242646 0.7757356 0.1757696 0.7166448 0.199939 0.7004953 0.1757696 0.7166448 0.1397345 0.6492276 0.141986 0.5290721 0.1460542 0.570405 0.1175443 0.5760759 0.295212 0.5290721 0.3214191 0.5000002 0.3248512 0.5348398 0.3266993 0.571784 0.3062768 0.5363953 0.3248512 0.5348398 0.3266993 0.571784 0.3350135 0.5683401 0.3515161 0.5992144 0.3346362 0.6242505 0.3372821 0.6112486 0.3515161 0.5992144 0.141986 0.5290721 0.1100507 0.5000001 0.3214191 0.5000002 0.2262886 0.7325978 0.3346362 0.6242505 0.3737248 0.6262757 0.1499174 0.5359318 0.2893633 0.5359204 0.2889984 0.5359293 0.3201973 0.5744772 0.3201973 0.5744772 0.301423 0.542337 0.2056666 0.6966651 0.1729562 0.6354668 0.1729562 0.6354668 0.2270463 0.722139 0.2267892 0.7223995 0.3253936 0.6237954 0.3201973 0.5744772 0.3296537 0.6104852 0.3296484 0.6104792 0.1499174 0.5359318 0.1495514 0.5359293 0.1528123 0.569061 0.1528126 0.5690634 0.1729562 0.6354668 0.1665902 0.6381037 0.2270463 0.722139 0.2262886 0.7325978 0.199939 0.7004953 0.2056666 0.6966651 0.199939 0.7004953 0.1665902 0.6381037 0.1499174 0.5359318 0.1528126 0.5690634 0.1460542 0.570405 0.3014225 0.5423291 0.2893633 0.5359204 0.295212 0.5290721 0.3014225 0.5423291 0.3062768 0.5363953 0.3266993 0.571784 0.3296537 0.6104852 0.3201973 0.5744772 0.3266993 0.571784 0.3296537 0.6104852 0.3372821 0.6112486 0.3346362 0.6242505 0.1499174 0.5359318 0.141986 0.5290721 0.295212 0.5290721 0.2270463 0.722139 0.3256579 0.6235436 0.3346362 0.6242505 0.4640689 0.8500832 0.4309384 0.8471882 0.4309409 0.8471885 0.3764573 0.674342 0.3895161 0.6703466 0.389522 0.6703519 0.4640803 0.7106369 0.4640715 0.7110018 0.4576643 0.6985774 0.3033369 0.7943336 0.303335 0.794332 0.3645349 0.8270444 0.3618981 0.8334102 0.350774 0.8602659 0.2833572 0.8242306 0.4709287 0.8580146 0.5000005 0.889949 0.4239258 0.8824564 0.4295968 0.8539466 0.4239258 0.8824564 0.350774 0.8602659 0.2674033 0.773711 0.2995067 0.8000611 0.2833572 0.8242306 0.3757504 0.6653638 0.3737248 0.6262757 0.4007868 0.6484842 0.4282172 0.6733009 0.3887526 0.6627182 0.4007868 0.6484842 0.4282172 0.6733009 0.431661 0.6649866 0.4651616 0.675149 0.4709288 0.7047883 0.4636059 0.6937234 0.4651616 0.675149 0.2674033 0.773711 0.2242646 0.7757356 0.3737248 0.6262757 0.4709287 0.8580146 0.4709288 0.7047883 0.5000006 0.6785796 0.2778622 0.7729532 0.3764573 0.674342 0.3762056 0.6746063 0.425524 0.6798028 0.425524 0.6798028 0.389522 0.6703519 0.4309384 0.8471882 0.3645349 0.8270444 0.3645349 0.8270444 0.4640689 0.8500832 0.4640713 0.8504491 0.4640715 0.7110018 0.425524 0.6798028 0.4576722 0.6985778 0.4576643 0.6985774 0.2778622 0.7729532 0.2776016 0.7732103 0.303335 0.794332 0.3033369 0.7943336 0.3645349 0.8270444 0.3618981 0.8334102 0.4640689 0.8500832 0.4709287 0.8580146 0.4295968 0.8539466 0.4309384 0.8471882 0.4295968 0.8539466 0.3618981 0.8334102 0.2778622 0.7729532 0.3033369 0.7943336 0.2995067 0.8000611 0.3895161 0.6703466 0.3764573 0.674342 0.3757504 0.6653638 0.3895161 0.6703466 0.3887526 0.6627182 0.4282172 0.6733009 0.4576722 0.6985778 0.425524 0.6798028 0.4282172 0.6733009 0.4576722 0.6985778 0.4636059 0.6937234 0.4709288 0.7047883 0.2778622 0.7729532 0.2674033 0.773711 0.3757504 0.6653638 0.4640689 0.8500832 0.4640803 0.7106369 0.4709288 0.7047883 0.3762041 0.3253931 0.2776001 0.2267888 0.2267892 0.2776011 0.2889977 0.464071 0.1495503 0.4640709 0.1495514 0.5359293 0.3253936 0.6237954 0.2267892 0.7223995 0.2776016 0.7732103 0.4640715 0.7110018 0.4640713 0.8504491 0.5359298 0.850448 0.6237959 0.6746059 0.7224 0.7732102 0.7732108 0.7223979 0.7110024 0.535928 0.8504496 0.535928 0.8504486 0.4640697 0.6746065 0.3762036 0.7732107 0.2775995 0.7223984 0.2267887 0.5359285 0.2889972 0.5359286 0.1495498 0.4640703 0.1495509 0.3469802 0.5304375 0.3439825 0.5 0.3954097 0.4999998 0.03882974 0.9311957 0.03461414 0.9100003 0.06880491 0.85883 0.03461414 0.9100003 0.03882974 0.888805 0.05083626 0.8708362 0.06880491 0.85883 0.03461414 0.9100003 0.05083626 0.8708362 0.06880491 0.85883 0.08999991 0.854614 0.1111957 0.85883 0.1111957 0.85883 0.129164 0.8708362 0.06880491 0.85883 0.129164 0.8708362 0.1411703 0.888805 0.06880491 0.85883 0.1411703 0.888805 0.1453862 0.9100003 0.1111957 0.9611706 0.1453862 0.9100003 0.1411703 0.9311957 0.1111957 0.9611706 0.1411703 0.9311957 0.129164 0.9491642 0.1111957 0.9611706 0.1111957 0.9611706 0.08999991 0.9653866 0.06880491 0.9611706 0.06880491 0.9611706 0.05083626 0.9491642 0.1111957 0.9611706 0.05083626 0.9491642 0.03882974 0.9311957 0.1111957 0.9611706 0.03882974 0.9311957 0.06880491 0.85883 0.1111957 0.9611706 0.08999991 0.9808014 0.08999991 0.9653866 0.1111957 0.9611706 0.03993648 0.9600641 0.02458834 0.9370947 0.03882974 0.9311957 0.1400639 0.9600641 0.129164 0.9491642 0.1411703 0.9311957 0.03993648 0.9600641 0.05083626 0.9491642 0.06880491 0.9611706 0.06290596 0.975412 0.06880491 0.9611706 0.08999991 0.9653866 0.01919943 0.9100003 0.03461414 0.9100003 0.03882974 0.9311957 0.1608009 0.9100003 0.1453862 0.9100003 0.1411703 0.888805 0.01919943 0.9100003 0.02458834 0.882906 0.03882974 0.888805 0.1400639 0.9600641 0.1170946 0.975412 0.1111957 0.9611706 0.1554117 0.882906 0.1411703 0.888805 0.129164 0.8708362 0.1400639 0.8599364 0.129164 0.8708362 0.1111957 0.85883 0.03993648 0.8599364 0.05083626 0.8708362 0.03882974 0.888805 0.08999991 0.8391993 0.1170946 0.8445887 0.1111957 0.85883 0.1608009 0.9100003 0.1554117 0.9370947 0.1411703 0.9311957 0.03993648 0.8599364 0.06290596 0.8445887 0.06880491 0.85883 0.06290596 0.8445887 0.08999991 0.8391993 0.08999991 0.854614</float_array>
          <technique_common>
            <accessor source="#daewon_dcx_01a_15x7-mesh-map-0-array" count="5346" stride="2">
              <param name="S" type="float"/>
              <param name="T" type="float"/>
            </accessor>
          </technique_common>
        </source>
        <source id="daewon_dcx_01a_15x7-mesh-colors-geom-steelwheel_01a_15x8-map0" name="geom-steelwheel_01a_15x8-map0">
          <float_array id="daewon_dcx_01a_15x7-mesh-colors-geom-steelwheel_01a_15x8-map0-array" count="21384">1 1 1 1 1 1 1 1 1 1 1 1 1 1 1 1 1 1 1 1 1 1 1 1 1 1 1 1 1 1 1 1 1 1 1 1 1 1 1 1 1 1 1 1 1 1 1 1 1 1 1 1 1 1 1 1 1 1 1 1 1 1 1 1 1 1 1 1 1 1 1 1 1 1 1 1 1 1 1 1 1 1 1 1 1 1 1 1 1 1 1 1 1 1 1 1 1 1 1 1 1 1 1 1 1 1 1 1 1 1 1 1 1 1 1 1 1 1 1 1 1 1 1 1 1 1 1 1 1 1 1 1 1 1 1 1 1 1 1 1 1 1 1 1 1 1 1 1 1 1 1 1 1 1 1 1 1 1 1 1 1 1 1 1 1 1 1 1 1 1 1 1 1 1 1 1 1 1 1 1 1 1 1 1 1 1 1 1 1 1 1 1 1 1 1 1 1 1 1 1 1 1 1 1 1 1 1 1 1 1 1 1 1 1 1 1 1 1 1 1 1 1 1 1 1 1 1 1 1 1 1 1 1 1 1 1 1 1 1 1 1 1 1 1 1 1 1 1 1 1 1 1 1 1 1 1 1 1 1 1 1 1 1 1 1 1 1 1 1 1 1 1 1 1 1 1 1 1 1 1 1 1 1 1 1 1 1 1 1 1 1 1 1 1 1 1 1 1 1 1 1 1 1 1 1 1 1 1 1 1 1 1 1 1 1 1 1 1 1 1 1 1 1 1 1 1 1 1 1 1 1 1 1 1 1 1 1 1 1 1 1 1 1 1 1 1 1 1 1 1 1 1 1 1 1 1 1 1 1 1 1 1 1 1 1 1 1 1 1 1 1 1 1 1 1 1 1 1 1 1 1 1 1 1 1 1 1 1 1 1 1 1 1 1 1 1 1 1 1 1 1 1 1 1 1 1 1 1 1 1 1 1 1 1 1 1 1 1 1 1 1 1 1 1 1 1 1 1 1 1 1 1 1 1 1 1 1 1 1 1 1 1 1 1 1 1 1 1 1 1 1 1 1 1 1 1 1 1 1 1 1 1 1 1 1 1 1 1 1 1 1 1 1 1 1 1 1 1 1 1 1 1 1 1 1 1 1 1 1 1 1 1 1 1 1 1 1 1 1 1 1 1 1 1 1 1 1 1 1 1 1 1 1 1 1 1 1 1 1 1 1 1 1 1 1 1 1 1 1 1 1 1 1 1 1 1 1 1 1 1 1 1 1 1 1 1 1 1 1 1 1 1 1 1 1 1 1 1 1 1 1 1 1 1 1 1 1 1 1 1 1 1 1 1 1 1 1 1 1 1 1 1 1 1 1 1 1 1 1 1 1 1 1 1 1 1 1 1 1 1 1 1 1 1 1 1 1 1 1 1 1 1 1 1 1 1 1 1 1 1 1 1 1 1 1 1 1 1 1 1 1 1 1 1 1 1 1 1 1 1 1 1 1 1 1 1 1 1 1 1 1 1 1 1 1 1 1 1 1 1 1 1 1 1 1 1 1 1 1 1 1 1 1 1 1 1 1 1 1 1 1 1 1 1 1 1 1 1 1 1 1 1 1 1 1 1 1 1 1 1 1 1 1 1 1 1 1 1 1 1 1 1 1 1 1 1 1 1 1 1 1 1 1 1 1 1 1 1 1 1 1 1 1 1 1 1 1 1 1 1 1 1 1 1 1 1 1 1 1 1 1 1 1 1 1 1 1 1 1 1 1 1 1 1 1 1 1 1 1 1 1 1 1 1 1 1 1 1 1 1 1 1 1 1 1 1 1 1 1 1 1 1 1 1 1 1 1 1 1 1 1 1 1 1 1 1 1 1 1 1 1 1 1 1 1 1 1 1 1 1 1 1 1 1 1 1 1 1 1 1 1 1 1 1 1 1 1 1 1 1 1 1 1 1 1 1 1 1 1 1 1 1 1 1 1 1 1 1 1 1 1 1 1 1 1 1 1 1 1 1 1 1 1 1 1 1 1 1 1 1 1 1 1 1 1 1 1 1 1 1 1 1 1 1 1 1 1 1 1 1 1 1 1 1 1 1 1 1 1 1 1 1 1 1 1 1 1 1 1 1 1 1 1 1 1 1 1 1 1 1 1 1 1 1 1 1 1 1 1 1 1 1 1 1 1 1 1 1 1 1 1 1 1 1 1 1 1 1 1 1 1 1 1 1 1 1 1 1 1 1 1 1 1 1 1 1 1 1 1 1 1 1 1 1 1 1 1 1 1 1 1 1 1 1 1 1 1 1 1 1 1 1 1 1 1 1 1 1 1 1 1 1 1 1 1 1 1 1 1 1 1 1 1 1 1 1 1 1 1 1 1 1 1 1 1 1 1 1 1 1 1 1 1 1 1 1 1 1 1 1 1 1 1 1 1 1 1 1 1 1 1 1 1 1 1 1 1 1 1 1 1 1 1 1 1 1 1 1 1 1 1 1 1 1 1 1 1 1 1 1 1 1 1 1 1 1 1 1 1 1 1 1 1 1 1 1 1 1 1 1 1 1 1 1 1 1 1 1 1 1 1 1 1 1 1 1 1 1 1 1 1 1 1 1 1 1 1 1 1 1 1 1 1 1 1 1 1 1 1 1 1 1 1 1 1 1 1 1 1 1 1 1 1 1 1 1 1 1 1 1 1 1 1 1 1 1 1 1 1 1 1 1 1 1 1 1 1 1 1 1 1 1 1 1 1 1 1 1 1 1 1 1 1 1 1 1 1 1 1 1 1 1 1 1 1 1 1 1 1 1 1 1 1 1 1 1 1 1 1 1 1 1 1 1 1 1 1 1 1 1 1 1 1 1 1 1 1 1 1 1 1 1 1 1 1 1 1 1 1 1 1 1 1 1 1 1 1 1 1 1 1 1 1 1 1 1 1 1 1 1 1 1 1 1 1 1 1 1 1 1 1 1 1 1 1 1 1 1 1 1 1 1 1 1 1 1 1 1 1 1 1 1 1 1 1 1 1 1 1 1 1 1 1 1 1 1 1 1 1 1 1 1 1 1 1 1 1 1 1 1 1 1 1 1 1 1 1 1 1 1 1 1 1 1 1 1 1 1 1 1 1 1 1 1 1 1 1 1 1 1 1 1 1 1 1 1 1 1 1 1 1 1 1 1 1 1 1 1 1 1 1 1 1 1 1 1 1 1 1 1 1 1 1 1 1 1 1 1 1 1 1 1 1 1 1 1 1 1 1 1 1 1 1 1 1 1 1 1 1 1 1 1 1 1 1 1 1 1 1 1 1 1 1 1 1 1 1 1 1 1 1 1 1 1 1 1 1 1 1 1 1 1 1 1 1 1 1 1 1 1 1 1 1 1 1 1 1 1 1 1 1 1 1 1 1 1 1 1 1 1 1 1 1 1 1 1 1 1 1 1 1 1 1 1 1 1 1 1 1 1 1 1 1 1 1 1 1 1 1 1 1 1 1 1 1 1 1 1 1 1 1 1 1 1 1 1 1 1 1 1 1 1 1 1 1 1 1 1 1 1 1 1 1 1 1 1 1 1 1 1 1 1 1 1 1 1 1 1 1 1 1 1 1 1 1 1 1 1 1 1 1 1 1 1 1 1 1 1 1 1 1 1 1 1 1 1 1 1 1 1 1 1 1 1 1 1 1 1 1 1 1 1 1 1 1 1 1 1 1 1 1 1 1 1 1 1 1 1 1 1 1 1 1 1 1 1 1 1 1 1 1 1 1 1 1 1 1 1 1 1 1 1 1 1 1 1 1 1 1 1 1 1 1 1 1 1 1 1 1 1 1 1 1 1 1 1 1 1 1 1 1 1 1 1 1 1 1 1 1 1 1 1 1 1 1 1 1 1 1 1 1 1 1 1 1 1 1 1 1 1 1 1 1 1 1 1 1 1 1 1 1 1 1 1 1 1 1 1 1 1 1 1 1 1 1 1 1 1 1 1 1 1 1 1 1 1 1 1 1 1 1 1 1 1 1 1 1 1 1 1 1 1 1 1 1 1 1 1 1 1 1 1 1 1 1 1 1 1 1 1 1 1 1 1 1 1 1 1 1 1 1 1 1 1 1 1 1 1 1 1 1 1 1 1 1 1 1 1 1 1 1 1 1 1 1 1 1 1 1 1 1 1 1 1 1 1 1 1 1 1 1 1 1 1 1 1 1 1 1 1 1 1 1 1 1 1 1 1 1 1 1 1 1 1 1 1 1 1 1 1 1 1 1 1 1 1 1 1 1 1 1 1 1 1 1 1 1 1 1 1 1 1 1 1 1 1 1 1 1 1 1 1 1 1 1 1 1 1 1 1 1 1 1 1 1 1 1 1 1 1 1 1 1 1 1 1 1 1 1 1 1 1 1 1 1 1 1 1 1 1 1 1 1 1 1 1 1 1 1 1 1 1 1 1 1 1 1 1 1 1 1 1 1 1 1 1 1 1 1 1 1 1 1 1 1 1 1 1 1 1 1 1 1 1 1 1 1 1 1 1 1 1 1 1 1 1 1 1 1 1 1 1 1 1 1 1 1 1 1 1 1 1 1 1 1 1 1 1 1 1 1 1 1 1 1 1 1 1 1 1 1 1 1 1 1 1 1 1 1 1 1 1 1 1 1 1 1 1 1 1 1 1 1 1 1 1 1 1 1 1 1 1 1 1 1 1 1 1 1 1 1 1 1 1 1 1 1 1 1 1 1 1 1 1 1 1 1 1 1 1 1 1 1 1 1 1 1 1 1 1 1 1 1 1 1 1 1 1 1 1 1 1 1 1 1 1 1 1 1 1 1 1 1 1 1 1 1 1 1 1 1 1 1 1 1 1 1 1 1 1 1 1 1 1 1 1 1 1 1 1 1 1 1 1 1 1 1 1 1 1 1 1 1 1 1 1 1 1 1 1 1 1 1 1 1 1 1 1 1 1 1 1 1 1 1 1 1 1 1 1 1 1 1 1 1 1 1 1 1 1 1 1 1 1 1 1 1 1 1 1 1 1 1 1 1 1 1 1 1 1 1 1 1 1 1 1 1 1 1 1 1 1 1 1 1 1 1 1 1 1 1 1 1 1 1 1 1 1 1 1 1 1 1 1 1 1 1 1 1 1 1 1 1 1 1 1 1 1 1 1 1 1 1 1 1 1 1 1 1 1 1 1 1 1 1 1 1 1 1 1 1 1 1 1 1 1 1 1 1 1 1 1 1 1 1 1 1 1 1 1 1 1 1 1 1 1 1 1 1 1 1 1 1 1 1 1 1 1 1 1 1 1 1 1 1 1 1 1 1 1 1 1 1 1 1 1 1 1 1 1 1 1 1 1 1 1 1 1 1 1 1 1 1 1 1 1 1 1 1 1 1 1 1 1 1 1 1 1 1 1 1 1 1 1 1 1 1 1 1 1 1 1 1 1 1 1 1 1 1 1 1 1 1 1 1 1 1 1 1 1 1 1 1 1 1 1 1 1 1 1 1 1 1 1 1 1 1 1 1 1 1 1 1 1 1 1 1 1 1 1 1 1 1 1 1 1 1 1 1 1 1 1 1 1 1 1 1 1 1 1 1 1 1 1 1 1 1 1 1 1 1 1 1 1 1 1 1 1 1 1 1 1 1 1 1 1 1 1 1 1 1 1 1 1 1 1 1 1 1 1 1 1 1 1 1 1 1 1 1 1 1 1 1 1 1 1 1 1 1 1 1 1 1 1 1 1 1 1 1 1 1 1 1 1 1 1 1 1 1 1 1 1 1 1 1 1 1 1 1 1 1 1 1 1 1 1 1 1 1 1 1 1 1 1 1 1 1 1 1 1 1 1 1 1 1 1 1 1 1 1 1 1 1 1 1 1 1 1 1 1 1 1 1 1 1 1 1 1 1 1 1 1 1 1 1 1 1 1 1 1 1 1 1 1 1 1 1 1 1 1 1 1 1 1 1 1 1 1 1 1 1 1 1 1 1 1 1 1 1 1 1 1 1 1 1 1 1 1 1 1 1 1 1 1 1 1 1 1 1 1 1 1 1 1 1 1 1 1 1 1 1 1 1 1 1 1 1 1 1 1 1 1 1 1 1 1 1 1 1 1 1 1 1 1 1 1 1 1 1 1 1 1 1 1 1 1 1 1 1 1 1 1 1 1 1 1 1 1 1 1 1 1 1 1 1 1 1 1 1 1 1 1 1 1 1 1 1 1 1 1 1 1 1 1 1 1 1 1 1 1 1 1 1 1 1 1 1 1 1 1 1 1 1 1 1 1 1 1 1 1 1 1 1 1 1 1 1 1 1 1 1 1 1 1 1 1 1 1 1 1 1 1 1 1 1 1 1 1 1 1 1 1 1 1 1 1 1 1 1 1 1 1 1 1 1 1 1 1 1 1 1 1 1 1 1 1 1 1 1 1 1 1 1 1 1 1 1 1 1 1 1 1 1 1 1 1 1 1 1 1 1 1 1 1 1 1 1 1 1 1 1 1 1 1 1 1 1 1 1 1 1 1 1 1 1 1 1 1 1 1 1 1 1 1 1 1 1 1 1 1 1 1 1 1 1 1 1 1 1 1 1 1 1 1 1 1 1 1 1 1 1 1 1 1 1 1 1 1 1 1 1 1 1 1 1 1 1 1 1 1 1 1 1 1 1 1 1 1 1 1 1 1 1 1 1 1 1 1 1 1 1 1 1 1 1 1 1 1 1 1 1 1 1 1 1 1 1 1 1 1 1 1 1 1 1 1 1 1 1 1 1 1 1 1 1 1 1 1 1 1 1 1 1 1 1 1 1 1 1 1 1 1 1 1 1 1 1 1 1 1 1 1 1 1 1 1 1 1 1 1 1 1 1 1 1 1 1 1 1 1 1 1 1 1 1 1 1 1 1 1 1 1 1 1 1 1 1 1 1 1 1 1 1 1 1 1 1 1 1 1 1 1 1 1 1 1 1 1 1 1 1 1 1 1 1 1 1 1 1 1 1 1 1 1 1 1 1 1 1 1 1 1 1 1 1 1 1 1 1 1 1 1 1 1 1 1 1 1 1 1 1 1 1 1 1 1 1 1 1 1 1 1 1 1 1 1 1 1 1 1 1 1 1 1 1 1 1 1 1 1 1 1 1 1 1 1 1 1 1 1 1 1 1 1 1 1 1 1 1 1 1 1 1 1 1 1 1 1 1 1 1 1 1 1 1 1 1 1 1 1 1 1 1 1 1 1 1 1 1 1 1 1 1 1 1 1 1 1 1 1 1 1 1 1 1 1 1 1 1 1 1 1 1 1 1 1 1 1 1 1 1 1 1 1 1 1 1 1 1 1 1 1 1 1 1 1 1 1 1 1 1 1 1 1 1 1 1 1 1 1 1 1 1 1 1 1 1 1 1 1 1 1 1 1 1 1 1 1 1 1 1 1 1 1 1 1 1 1 1 1 1 1 1 1 1 1 1 1 1 1 1 1 1 1 1 1 1 1 1 1 1 1 1 1 1 1 1 1 1 1 1 1 1 1 1 1 1 1 1 1 1 1 1 1 1 1 1 1 1 1 1 1 1 1 1 1 1 1 1 1 1 1 1 1 1 1 1 1 1 1 1 1 1 1 1 1 1 1 1 1 1 1 1 1 1 1 1 1 1 1 1 1 1 1 1 1 1 1 1 1 1 1 1 1 1 1 1 1 1 1 1 1 1 1 1 1 1 1 1 1 1 1 1 1 1 1 1 1 1 1 1 1 1 1 1 1 1 1 1 1 1 1 1 1 1 1 1 1 1 1 1 1 1 1 1 1 1 1 1 1 1 1 1 1 1 1 1 1 1 1 1 1 1 1 1 1 1 1 1 1 1 1 1 1 1 1 1 1 1 1 1 1 1 1 1 1 1 1 1 1 1 1 1 1 1 1 1 1 1 1 1 1 1 1 1 1 1 1 1 1 1 1 1 1 1 1 1 1 1 1 1 1 1 1 1 1 1 1 1 1 1 1 1 1 1 1 1 1 1 1 1 1 1 1 1 1 1 1 1 1 1 1 1 1 1 1 1 1 1 1 1 1 1 1 1 1 1 1 1 1 1 1 1 1 1 1 1 1 1 1 1 1 1 1 1 1 1 1 1 1 1 1 1 1 1 1 1 1 1 1 1 1 1 1 1 1 1 1 1 1 1 1 1 1 1 1 1 1 1 1 1 1 1 1 1 1 1 1 1 1 1 1 1 1 1 1 1 1 1 1 1 1 1 1 1 1 1 1 1 1 1 1 1 1 1 1 1 1 1 1 1 1 1 1 1 1 1 1 1 1 1 1 1 1 1 1 1 1 1 1 1 1 1 1 1 1 1 1 1 1 1 1 1 1 1 1 1 1 1 1 1 1 1 1 1 1 1 1 1 1 1 1 1 1 1 1 1 1 1 1 1 1 1 1 1 1 1 1 1 1 1 1 1 1 1 1 1 1 1 1 1 1 1 1 1 1 1 1 1 1 1 1 1 1 1 1 1 1 1 1 1 1 1 1 1 1 1 1 1 1 1 1 1 1 1 1 1 1 1 1 1 1 1 1 1 1 1 1 1 1 1 1 1 1 1 1 1 1 1 1 1 1 1 1 1 1 1 1 1 1 1 1 1 1 1 1 1 1 1 1 1 1 1 1 1 1 1 1 1 1 1 1 1 1 1 1 1 1 1 1 1 1 1 1 1 1 1 1 1 1 1 1 1 1 1 1 1 1 1 1 1 1 1 1 1 1 1 1 1 1 1 1 1 1 1 1 1 1 1 1 1 1 1 1 1 1 1 1 1 1 1 1 1 1 1 1 1 1 1 1 1 1 1 1 1 1 1 1 1 1 1 1 1 1 1 1 1 1 1 1 1 1 1 1 1 1 1 1 1 1 1 1 1 1 1 1 1 1 1 1 1 1 1 1 1 1 1 1 1 1 1 1 1 1 1 1 1 1 1 1 1 1 1 1 1 1 1 1 1 1 1 1 1 1 1 1 1 1 1 1 1 1 1 1 1 1 1 1 1 1 1 1 1 1 1 1 1 1 1 1 1 1 1 1 1 1 1 1 1 1 1 1 1 1 1 1 1 1 1 1 1 1 1 1 1 1 1 1 1 1 1 1 1 1 1 1 1 1 1 1 1 1 1 1 1 1 1 1 1 1 1 1 1 1 1 1 1 1 1 1 1 1 1 1 1 1 1 1 1 1 1 1 1 1 1 1 1 1 1 1 1 1 1 1 1 1 1 1 1 1 1 1 1 1 1 1 1 1 1 1 1 1 1 1 1 1 1 1 1 1 1 1 1 1 1 1 1 1 1 1 1 1 1 1 1 1 1 1 1 1 1 1 1 1 1 1 1 1 1 1 1 1 1 1 1 1 1 1 1 1 1 1 1 1 1 1 1 1 1 1 1 1 1 1 1 1 1 1 1 1 1 1 1 1 1 1 1 1 1 1 1 1 1 1 1 1 1 1 1 1 1 1 1 1 1 1 1 1 1 1 1 1 1 1 1 1 1 1 1 1 1 1 1 1 1 1 1 1 1 1 1 1 1 1 1 1 1 1 1 1 1 1 1 1 1 1 1 1 1 1 1 1 1 1 1 1 1 1 1 1 1 1 1 1 1 1 1 1 1 1 1 1 1 1 1 1 1 1 1 1 1 1 1 1 1 1 1 1 1 1 1 1 1 1 1 1 1 1 1 1 1 1 1 1 1 1 1 1 1 1 1 1 1 1 1 1 1 1 1 1 1 1 1 1 1 1 1 1 1 1 1 1 1 1 1 1 1 1 1 1 1 1 1 1 1 1 1 1 1 1 1 1 1 1 1 1 1 1 1 1 1 1 1 1 1 1 1 1 1 1 1 1 1 1 1 1 1 1 1 1 1 1 1 1 1 1 1 1 1 1 1 1 1 1 1 1 1 1 1 1 1 1 1 1 1 1 1 1 1 1 1 1 1 1 1 1 1 1 1 1 1 1 1 1 1 1 1 1 1 1 1 1 1 1 1 1 1 1 1 1 1 1 1 1 1 1 1 1 1 1 1 1 1 1 1 1 1 1 1 1 1 1 1 1 1 1 1 1 1 1 1 1 1 1 1 1 1 1 1 1 1 1 1 1 1 1 1 1 1 1 1 1 1 1 1 1 1 1 1 1 1 1 1 1 1 1 1 1 1 1 1 1 1 1 1 1 1 1 1 1 1 1 1 1 1 1 1 1 1 1 1 1 1 1 1 1 1 1 1 1 1 1 1 1 1 1 1 1 1 1 1 1 1 1 1 1 1 1 1 1 1 1 1 1 1 1 1 1 1 1 1 1 1 1 1 1 1 1 1 1 1 1 1 1 1 1 1 1 1 1 1 1 1 1 1 1 1 1 1 1 1 1 1 1 1 1 1 1 1 1 1 1 1 1 1 1 1 1 1 1 1 1 1 1 1 1 1 1 1 1 1 1 1 1 1 1 1 1 1 1 1 1 1 1 1 1 1 1 1 1 1 1 1 1 1 1 1 1 1 1 1 1 1 1 1 1 1 1 1 1 1 1 1 1 1 1 1 1 1 1 1 1 1 1 1 1 1 1 1 1 1 1 1 1 1 1 1 1 1 1 1 1 1 1 1 1 1 1 1 1 1 1 1 1 1 1 1 1 1 1 1 1 1 1 1 1 1 1 1 1 1 1 1 1 1 1 1 1 1 1 1 1 1 1 1 1 1 1 1 1 1 1 1 1 1 1 1 1 1 1 1 1 1 1 1 1 1 1 1 1 1 1 1 1 1 1 1 1 1 1 1 1 1 1 1 1 1 1 1 1 1 1 1 1 1 1 1 1 1 1 1 1 1 1 1 1 1 1 1 1 1 1 1 1 1 1 1 1 1 1 1 1 1 1 1 1 1 1 1 1 1 1 1 1 1 1 1 1 1 1 1 1 1 1 1 1 1 1 1 1 1 1 1 1 1 1 1 1 1 1 1 1 1 1 1 1 1 1 1 1 1 1 1 1 1 1 1 1 1 1 1 1 1 1 1 1 1 1 1 1 1 1 1 1 1 1 1 1 1 1 1 1 1 1 1 1 1 1 1 1 1 1 1 1 1 1 1 1 1 1 1 1 1 1 1 1 1 1 1 1 1 1 1 1 1 1 1 1 1 1 1 1 1 1 1 1 1 1 1 1 1 1 1 1 1 1 1 1 1 1 1 1 1 1 1 1 1 1 1 1 1 1 1 1 1 1 1 1 1 1 1 1 1 1 1 1 1 1 1 1 1 1 1 1 1 1 1 1 1 1 1 1 1 1 1 1 1 1 1 1 1 1 1 1 1 1 1 1 1 1 1 1 1 1 1 1 1 1 1 1 1 1 1 1 1 1 1 1 1 1 1 1 1 1 1 1 1 1 1 1 1 1 1 1 1 1 1 1 1 1 1 1 1 1 1 1 1 1 1 1 1 1 1 1 1 1 1 1 1 1 1 1 1 1 1 1 1 1 1 1 1 1 1 1 1 1 1 1 1 1 1 1 1 1 1 1 1 1 1 1 1 1 1 1 1 1 1 1 1 1 1 1 1 1 1 1 1 1 1 1 1 1 1 1 1 1 1 1 1 1 1 1 1 1 1 1 1 1 1 1 1 1 1 1 1 1 1 1 1 1 1 1 1 1 1 1 1 1 1 1 1 1 1 1 1 1 1 1 1 1 1 1 1 1 1 1 1 1 1 1 1 1 1 1 1 1 1 1 1 1 1 1 1 1 1 1 1 1 1 1 1 1 1 1 1 1 1 1 1 1 1 1 1 1 1 1 1 1 1 1 1 1 1 1 1 1 1 1 1 1 1 1 1 1 1 1 1 1 1 1 1 1 1 1 1 1 1 1 1 1 1 1 1 1 1 1 1 1 1 1 1 1 1 1 1 1 1 1 1 1 1 1 1 1 1 1 1 1 1 1 1 1 1 1 1 1 1 1 1 1 1 1 1 1 1 1 1 1 1 1 1 1 1 1 1 1 1 1 1 1 1 1 1 1 1 1 1 1 1 1 1 1 1 1 1 1 1 1 1 1 1 1 1 1 1 1 1 1 1 1 1 1 1 1 1 1 1 1 1 1 1 1 1 1 1 1 1 1 1 1 1 1 1 1 1 1 1 1 1 1 1 1 1 1 1 1 1 1 1 1 1 1 1 1 1 1 1 1 1 1 1 1 1 1 1 1 1 1 1 1 1 1 1 1 1 1 1 1 1 1 1 1 1 1 1 1 1 1 1 1 1 1 1 1 1 1 1 1 1 1 1 1 1 1 1 1 1 1 1 1 1 1 1 1 1 1 1 1 1 1 1 1 1 1 1 1 1 1 1 1 1 1 1 1 1 1 1 1 1 1 1 1 1 1 1 1 1 1 1 1 1 1 1 1 1 1 1 1 1 1 1 1 1 1 1 1 1 1 1 1 1 1 1 1 1 1 1 1 1 1 1 1 1 1 1 1 1 1 1 1 1 1 1 1 1 1 1 1 1 1 1 1 1 1 1 1 1 1 1 1 1 1 1 1 1 1 1 1 1 1 1 1 1 1 1 1 1 1 1 1 1 1 1 1 1 1 1 1 1 1 1 1 1 1 1 1 1 1 1 1 1 1 1 1 1 1 1 1 1 1 1 1 1 1 1 1 1 1 1 1 1 1 1 1 1 1 1 1 1 1 1 1 1 1 1 1 1 1 1 1 1 1 1 1 1 1 1 1 1 1 1 1 1 1 1 1 1 1 1 1 1 1 1 1 1 1 1 1 1 1 1 1 1 1 1 1 1 1 1 1 1 1 1 1 1 1 1 1 1 1 1 1 1 1 1 1 1 1 1 1 1 1 1 1 1 1 1 1 1 1 1 1 1 1 1 1 1 1 1 1 1 1 1 1 1 1 1 1 1 1 1 1 1 1 1 1 1 1 1 1 1 1 1 1 1 1 1 1 1 1 1 1 1 1 1 1 1 1 1 1 1 1 1 1 1 1 1 1 1 1 1 1 1 1 1 1 1 1 1 1 1 1 1 1 1 1 1 1 1 1 1 1 1 1 1 1 1 1 1 1 1 1 1 1 1 1 1 1 1 1 1 1 1 1 1 1 1 1 1 1 1 1 1 1 1 1 1 1 1 1 1 1 1 1 1 1 1 1 1 1 1 1 1 1 1 1 1 1 1 1 1 1 1 1 1 1 1 1 1 1 1 1 1 1 1 1 1 1 1 1 1 1 1 1 1 1 1 1 1 1 1 1 1 1 1 1 1 1 1 1 1 1 1 1 1 1 1 1 1 1 1 1 1 1 1 1 1 1 1 1 1 1 1 1 1 1 1 1 1 1 1 1 1 1 1 1 1 1 1 1 1 1 1 1 1 1 1 1 1 1 1 1 1 1 1 1 1 1 1 1 1 1 1 1 1 1 1 1 1 1 1 1 1 1 1 1 1 1 1 1 1 1 1 1 1 1 1 1 1 1 1 1 1 1 1 1 1 1 1 1 1 1 1 1 1 1 1 1 1 1 1 1 1 1 1 1 1 1 1 1 1 1 1 1 1 1 1 1 1 1 1 1 1 1 1 1 1 1 1 1 1 1 1 1 1 1 1 1 1 1 1 1 1 1 1 1 1 1 1 1 1 1 1 1 1 1 1 1 1 1 1 1 1 1 1 1 1 1 1 1 1 1 1 1 1 1 1 1 1 1 1 1 1 1 1 1 1 1 1 1 1 1 1 1 1 1 1 1 1 1 1 1 1 1 1 1 1 1 1 1 1 1 1 1 1 1 1 1 1 1 1 1 1 1 1 1 1 1 1 1 1 1 1 1 1 1 1 1 1 1 1 1 1 1 1 1 1 1 1 1 1 1 1 1 1 1 1 1 1 1 1 1 1 1 1 1 1 1 1 1 1 1 1 1 1 1 1 1 1 1 1 1 1 1 1 1 1 1 1 1 1 1 1 1 1 1 1 1 1 1 1 1 1 1 1 1 1 1 1 1 1 1 1 1 1 1 1 1 1 1 1 1 1 1 1 1 1 1 1 1 1 1 1 1 1 1 1 1 1 1 1 1 1 1 1 1 1 1 1 1 1 1 1 1 1 1 1 1 1 1 1 1 1 1 1 1 1 1 1 1 1 1 1 1 1 1 1 1 1 1 1 1 1 1 1 1 1 1 1 1 1 1 1 1 1 1 1 1 1 1 1 1 1 1 1 1 1 1 1 1 1 1 1 1 1 1 1 1 1 1 1 1 1 1 1 1 1 1 1 1 1 1 1 1 1 1 1 1 1 1 1 1 1 1 1 1 1 1 1 1 1 1 1 1 1 1 1 1 1 1 1 1 1 1 1 1 1 1 1 1 1 1 1 1 1 1 1 1 1 1 1 1 1 1 1 1 1 1 1 1 1 1 1 1 1 1 1 1 1 1 1 1 1 1 1 1 1 1 1 1 1 1 1 1 1 1 1 1 1 1 1 1 1 1 1 1 1 1 1 1 1 1 1 1 1 1 1 1 1 1 1 1 1 1 1 1 1 1 1 1 1 1 1 1 1 1 1 1 1 1 1 1 1 1 1 1 1 1 1 1 1 1 1 1 1 1 1 1 1 1 1 1 1 1 1 1 1 1 1 1 1 1 1 1 1 1 1 1 1 1 1 1 1 1 1 1 1 1 1 1 1 1 1 1 1 1 1 1 1 1 1 1 1 1 1 1 1 1 1 1 1 1 1 1 1 1 1 1 1 1 1 1 1 1 1 1 1 1 1 1 1 1 1 1 1 1 1 1 1 1 1 1 1 1 1 1 1 1 1 1 1 1 1 1 1 1 1 1 1 1 1 1 1 1 1 1 1 1 1 1 1 1 1 1 1 1 1 1 1 1 1 1 1 1 1 1 1 1 1 1 1 1 1 1 1 1 1 1 1 1 1 1 1 1 1 1 1 1 1 1 1 1 1 1 1 1 1 1 1 1 1 1 1 1 1 1 1 1 1 1 1 1 1 1 1 1 1 1 1 1 1 1 1 1 1 1 1 1 1 1 1 1 1 1 1 1 1 1 1 1 1 1 1 1 1 1 1 1 1 1 1 1 1 1 1 1 1 1 1 1 1 1 1 1 1 1 1 1 1 1 1 1 1 1 1 1 1 1 1 1 1 1 1 1 1 1 1 1 1 1 1 1 1 1 1 1 1 1 1 1 1 1 1 1 1 1 1 1 1 1 1 1 1 1 1 1 1 1 1 1 1 1 1 1 1 1 1 1 1 1 1 1 1 1 1 1 1 1 1 1 1 1 1 1 1 1 1 1 1 1 1 1 1 1 1 1 1 1 1 1 1 1 1 1 1 1 1 1 1 1 1 1 1 1 1 1 1 1 1 1 1 1 1 1 1 1 1 1 1 1 1 1 1 1 1 1 1 1 1 1 1 1 1 1 1 1 1 1 1 1 1 1 1 1 1 1 1 1 1 1 1 1 1 1 1 1 1 1 1 1 1 1 1 1 1 1 1 1 1 1 1 1 1 1 1 1 1 1 1 1 1 1 1 1 1 1 1 1 1 1 1 1 1 1 1 1 1 1 1 1 1 1 1 1 1 1 1 1 1 1 1 1 1 1 1 1 1 1 1 1 1 1 1 1 1 1 1 1 1 1 1 1 1 1 1 1 1 1 1 1 1 1 1 1 1 1 1 1 1 1 1 1 1 1 1 1 1 1 1 1 1 1 1 1 1 1 1 1 1 1 1 1 1 1 1 1 1 1 1 1 1 1 1 1 1 1 1 1 1 1 1 1 1 1 1 1 1 1 1 1 1 1 1 1 1 1 1 1 1 1 1 1 1 1 1 1 1 1 1 1 1 1 1 1 1 1 1 1 1 1 1 1 1 1 1 1 1 1 1 1 1 1 1 1 1 1 1 1 1 1 1 1 1 1 1 1 1 1 1 1 1 1 1 1 1 1 1 1 1 1 1 1 1 1 1 1 1 1 1 1 1 1 1 1 1 1 1 1 1 1 1 1 1 1 1 1 1 1 1 1 1 1 1 1 1 1 1 1 1 1 1 1 1 1 1 1 1 1 1 1 1 1 1 1 1 1 1 1 1 1 1 1 1 1 1 1 1 1 1 1 1 1 1 1 1 1 1 1 1 1 1 1 1 1 1 1 1 1 1 1 1 1 1 1 1 1 1 1 1 1 1 1 1 1 1 1 1 1 1 1 1 1 1 1 1 1 1 1 1 1 1 1 1 1 1 1 1 1 1 1 1 1 1 1 1 1 1 1 1 1 1 1 1 1 1 1 1 1 1 1 1 1 1 1 1 1 1 1 1 1 1 1 1 1 1 1 1 1 1 1 1 1 1 1 1 1 1 1 1 1 1 1 1 1 1 1 1 1 1 1 1 1 1 1 1 1 1 1 1 1 1 1 1 1 1 1 1 1 1 1 1 1 1 1 1 1 1 1 1 1 1 1 1 1 1 1 1 1 1 1 1 1 1 1 1 1 1 1 1 1 1 1 1 1 1 1 1 1 1 1 1 1 1 1 1 1 1 1 1 1 1 1 1 1 1 1 1 1 1 1 1 1 1 1 1 1 1 1 1 1 1 1 1 1 1 1 1 1 1 1 1 1 1 1 1 1 1 1 1 1 1 1 1 1 1 1 1 1 1 1 1 1 1 1 1 1 1 1 1 1 1 1 1 1 1 1 1 1 1 1 1 1 1 1 1 1 1 1 1 1 1 1 1 1 1 1 1 1 1 1 1 1 1 1 1 1 1 1 1 1 1 1 1 1 1 1 1 1 1 1 1 1 1 1 1 1 1 1 1 1 1 1 1 1 1 1 1 1 1 1 1 1 1 1 1 1 1 1 1 1 1 1 1 1 1 1 1 1 1 1 1 1 1 1 1 1 1 1 1 1 1 1 1 1 1 1 1 1 1 1 1 1 1 1 1 1 1 1 1 1 1 1 1 1 1 1 1 1 1 1 1 1 1 1 1 1 1 1 1 1 1 1 1 1 1 1 1 1 1 1 1 1 1 1 1 1 1 1 1 1 1 1 1 1 1 1 1 1 1 1 1 1 1 1 1 1 1 1 1 1 1 1 1 1 1 1 1 1 1 1 1 1 1 1 1 1 1 1 1 1 1 1 1 1 1 1 1 1 1 1 1 1 1 1 1 1 1 1 1 1 1 1 1 1 1 1 1 1 1 1 1 1 1 1 1 1 1 1 1 1 1 1 1 1 1 1 1 1 1 1 1 1 1 1 1 1 1 1 1 1 1 1 1 1 1 1 1 1 1 1 1 1 1 1 1 1 1 1 1 1 1 1 1 1 1 1 1 1 1 1 1 1 1 1 1 1 1 1 1 1 1 1 1 1 1 1 1 1 1 1 1 1 1 1 1 1 1 1 1 1 1 1 1 1 1 1 1 1 1 1 1 1 1 1 1 1 1 1 1 1 1 1 1 1 1 1 1 1 1 1 1 1 1 1 1 1 1 1 1 1 1 1 1 1 1 1 1 1 1 1 1 1 1 1 1 1 1 1 1 1 1 1 1 1 1 1 1 1 1 1 1 1 1 1 1 1 1 1 1 1 1 1 1 1 1 1 1 1 1 1 1 1 1 1 1 1 1 1 1 1 1 1 1 1 1 1 1 1 1 1 1 1 1 1 1 1 1 1 1 1 1 1 1 1 1 1 1 1 1 1 1 1 1 1 1 1 1 1 1 1 1 1 1 1 1 1 1 1 1 1 1 1 1 1 1 1 1 1 1 1 1 1 1 1 1 1 1 1 1 1 1 1 1 1 1 1 1 1 1 1 1 1 1 1 1 1 1 1 1 1 1 1 1 1 1 1 1 1 1 1 1 1 1 1 1 1 1 1 1 1 1 1 1 1 1 1 1 1 1 1 1 1 1 1 1 1 1 1 1 1 1 1 1 1 1 1 1 1 1 1 1 1 1 1 1 1 1 1 1 1 1 1 1 1 1 1 1 1 1 1 1 1 1 1 1 1 1 1 1 1 1 1 1 1 1 1 1 1 1 1 1 1 1 1 1 1 1 1 1 1 1 1 1 1 1 1 1 1 1 1 1 1 1 1 1 1 1 1 1 1 1 1 1 1 1 1 1 1 1 1 1 1 1 1 1 1 1 1 1 1 1 1 1 1 1 1 1 1 1 1 1 1 1 1 1 1 1 1 1 1 1 1 1 1 1 1 1 1 1 1 1 1 1 1 1 1 1 1 1 1 1 1 1 1 1 1 1 1 1 1 1 1 1 1 1 1 1 1 1 1 1 1 1 1 1 1 1 1 1 1 1 1 1 1 1 1 1 1 1 1 1 1 1 1 1 1 1 1 1 1 1 1 1 1 1 1 1 1 1 1 1 1 1 1 1 1 1 1 1 1 1 1 1 1 1 1 1 1 1 1 1 1 1 1 1 1 1 1 1 1 1 1 1 1 1 1 1 1 1 1 1 1 1 1 1 1 1 1 1 1 1 1 1 1 1 1 1 1 1 1 1 1 1 1 1 1 1 1 1 1 1 1 1 1 1 1 1 1 1 1 1 1 1 1 1 1 1 1 1 1 1 1 1 1 1 1 1 1 1 1 1 1 1 1 1 1 1 1 1 1 1 1 1 1 1 1 1 1 1 1 1 1 1 1 1 1 1 1 1 1 1 1 1 1 1 1 1 1 1 1 1 1 1 1 1 1 1 1 1 1 1 1 1 1 1 1 1 1 1 1 1 1 1 1 1 1 1 1 1 1 1 1 1 1 1 1 1 1 1 1 1 1 1 1 1 1 1 1 1 1 1 1 1 1 1 1 1 1 1 1 1 1 1 1 1 1 1 1 1 1 1 1 1 1 1 1 1 1 1 1 1 1 1 1 1 1 1 1 1 1 1 1 1 1 1 1 1 1 1 1 1 1 1 1 1 1 1 1 1 1 1 1 1 1 1 1 1 1 1 1 1 1 1 1 1 1 1 1 1 1 1 1 1 1 1 1 1 1 1 1 1 1 1 1 1 1 1 1 1 1 1 1 1 1 1 1 1 1 1 1 1 1 1 1 1 1 1 1 1 1 1 1 1 1 1 1 1 1 1 1 1 1 1 1 1 1 1 1 1 1 1 1 1 1 1 1 1 1 1 1 1 1 1 1 1 1 1 1 1 1 1 1 1 1 1 1 1 1 1 1 1 1 1 1 1 1 1 1 1 1 1 1 1 1 1 1 1 1 1 1 1 1 1 1 1 1 1 1 1 1 1 1 1 1 1 1 1 1 1 1 1 1 1 1 1 1 1 1 1 1 1 1 1 1 1 1 1 1 1 1 1 1 1 1 1 1 1 1 1 1 1 1 1 1 1 1 1 1 1 1 1 1 1 1 1 1 1 1 1 1 1 1 1 1 1 1 1 1 1 1 1 1 1 1 1 1 1 1 1 1 1 1 1 1 1 1 1 1 1 1 1 1 1 1 1 1 1 1 1 1 1 1 1 1 1 1 1 1 1 1 1 1 1 1 1 1 1 1 1 1 1 1 1 1 1 1 1 1 1 1 1 1 1 1 1 1 1 1 1 1 1 1 1 1 1 1 1 1 1 1 1 1 1 1 1 1 1 1 1 1 1 1 1 1 1 1 1 1 1 1 1 1 1 1 1 1 1 1 1 1 1 1 1 1 1 1 1 1 1 1 1 1 1 1 1 1 1 1 1 1 1 1 1 1 1 1 1 1 1 1 1 1 1 1 1 1 1 1 1 1 1 1 1 1 1 1 1 1 1 1 1 1 1 1 1 1 1 1 1 1 1 1 1 1 1 1 1 1 1 1 1 1 1 1 1 1 1 1 1 1 1 1 1 1 1 1 1 1 1 1 1 1 1 1 1 1 1 1 1 1 1 1 1 1 1 1 1 1 1 1 1 1 1 1 1 1 1 1 1 1 1 1 1 1 1 1 1 1 1 1 1 1 1 1 1 1 1 1 1 1 1 1 1 1 1 1 1 1 1 1 1 1 1 1 1 1 1 1 1 1 1 1 1 1 1 1 1 1 1 1 1 1 1 1 1 1 1 1 1 1 1 1 1 1 1 1 1 1 1 1 1 1 1 1 1 1 1 1 1 1 1 1 1 1 1 1 1 1 1 1 1 1 1 1 1 1 1 1 1 1 1 1 1 1 1 1 1 1 1 1 1 1 1 1 1 1 1 1 1 1 1 1 1 1 1 1 1 1 1 1 1 1 1 1 1 1 1 1 1 1 1 1 1 1 1 1 1 1 1 1 1 1 1 1 1 1 1 1 1 1 1 1 1 1 1 1 1 1 1 1 1 1 1 1 1 1 1 1 1 1 1 1 1 1 1 1 1 1 1 1 1 1 1 1 1 1 1 1 1 1 1 1 1 1 1 1 1 1 1 1 1 1 1 1 1 1 1 1 1 1 1 1 1 1 1 1 1 1 1 1 1 1 1 1 1 1 1 1 1 1 1 1 1 1 1 1 1 1 1 1 1 1 1 1 1 1 1 1 1 1 1 1 1 1 1 1 1 1 1 1 1 1 1 1 1 1 1 1 1 1 1 1 1 1 1 1 1 1 1 1 1 1 1 1 1 1 1 1 1 1 1 1 1 1 1 1 1 1 1 1 1 1 1 1 1 1 1 1 1 1 1 1 1 1 1 1 1 1 1 1 1 1 1 1 1 1 1 1 1 1 1 1 1 1 1 1 1 1 1 1 1 1 1 1 1 1 1 1 1 1 1 1 1 1 1 1 1 1 1 1 1 1 1 1 1 1 1 1 1 1 1 1 1 1 1 1 1 1 1 1 1 1 1 1 1 1 1 1 1 1 1 1 1 1 1 1 1 1 1 1 1 1 1 1 1 1 1 1 1 1 1 1 1 1 1 1 1 1 1 1 1 1 1 1 1 1 1 1 1 1 1 1 1 1 1 1 1 1 1 1 1 1 1 1 1 1 1 1 1 1 1 1 1 1 1 1 1 1 1 1 1 1 1 1 1 1 1 1 1 1 1 1 1 1 1 1 1 1 1 1 1 1 1 1 1 1 1 1 1 1 1 1 1 1 1 1 1 1 1 1 1 1 1 1 1 1 1 1 1 1 1 1 1 1 1 1 1 1 1 1 1 1 1 1 1 1 1 1 1 1 1 1 1 1 1 1 1 1 1 1 1 1 1 1 1 1 1 1 1 1 1 1 1 1 1 1 1 1 1 1 1 1 1 1 1 1 1 1 1 1 1 1 1 1 1 1 1 1 1 1 1 1 1 1 1 1 1 1 1 1 1 1 1 1 1 1 1 1 1 1 1 1 1 1 1 1 1 1 1 1 1 1 1 1 1 1 1 1 1 1 1 1 1 1 1 1 1 1 1 1 1 1 1 1 1 1 1 1 1 1 1 1 1 1 1 1 1 1 1 1 1 1 1 1 1 1 1 1 1 1 1 1 1 1 1 1 1 1 1 1 1 1 1 1 1 1 1 1 1 1 1 1 1 1 1 1 1 1 1 1 1 1 1 1 1 1 1 1 1 1 1 1 1 1 1 1 1 1 1 1 1 1 1 1 1 1 1 1 1 1 1 1 1 1 1 1 1 1 1 1 1 1 1 1 1 1 1 1 1 1 1 1 1 1 1 1 1 1 1 1 1 1 1 1 1 1 1 1 1 1 1 1 1 1 1 1 1 1 1 1 1 1 1 1 1 1 1 1 1 1 1 1 1 1 1 1 1 1 1 1 1 1 1 1 1 1 1 1 1 1 1 1 1 1 1 1 1 1 1 1 1 1 1 1 1 1 1 1 1 1 1 1 1 1 1 1 1 1 1 1 1 1 1 1 1 1 1 1 1 1 1 1 1 1 1 1 1 1 1 1 1 1 1 1 1 1 1 1 1 1 1 1 1 1 1 1 1 1 1 1 1 1 1 1 1 1 1 1 1 1 1 1 1 1 1 1 1 1 1 1 1 1 1 1 1 1 1 1 1 1 1 1 1 1 1 1 1 1 1 1 1 1 1 1 1 1 1 1 1 1 1 1 1 1 1 1 1 1 1 1 1 1 1 1 1 1 1 1 1 1 1 1 1 1 1 1 1 1 1 1 1 1 1 1 1 1 1 1 1 1 1 1 1 1 1 1 1 1 1 1 1 1 1 1 1 1 1 1 1 1 1 1 1 1 1 1 1 1 1 1 1 1 1 1 1 1 1 1 1 1 1 1 1 1 1 1 1 1 1 1 1 1 1 1 1 1 1 1 1 1 1 1 1 1 1 1 1 1 1 1 1 1 1 1 1 1 1 1 1 1 1 1 1 1 1 1 1 1 1 1 1 1 1 1 1 1 1 1 1 1 1 1 1 1 1 1 1 1 1 1 1 1 1 1 1 1 1 1 1 1 1 1 1 1 1 1 1 1 1 1 1 1 1 1 1 1 1 1 1 1 1 1 1 1 1 1 1 1 1 1 1 1 1 1 1 1 1 1 1 1 1 1 1 1 1 1 1 1 1 1 1 1 1 1 1 1 1 1 1 1 1 1 1 1 1 1 1 1 1 1 1 1 1 1 1 1 1 1 1 1 1 1 1 1 1 1 1 1 1 1 1 1 1 1 1 1 1 1 1 1 1 1 1 1 1 1 1 1 1 1 1 1 1 1 1 1 1 1 1 1 1 1 1 1 1 1 1 1 1 1 1 1 1 1 1 1 1 1 1 1 1 1 1 1 1 1 1 1 1 1 1 1 1 1 1 1 1 1 1 1 1 1 1 1 1 1 1 1 1 1 1 1 1 1 1 1 1 1 1 1 1 1 1 1 1 1 1 1 1 1 1 1 1 1 1 1 1 1 1 1 1 1 1 1 1 1 1 1 1 1 1 1 1 1 1 1 1 1 1 1 1 1 1 1 1 1 1 1 1 1 1 1 1 1 1 1 1 1 1 1 1 1 1 1 1 1 1 1 1 1 1 1 1 1 1 1 1 1 1 1 1 1 1 1 1 1 1 1 1 1 1 1 1 1 1 1 1 1 1 1 1 1 1 1 1 1 1 1 1 1 1 1 1 1 1 1 1 1 1 1 1 1 1 1 1 1 1 1 1 1 1 1 1 1 1 1 1 1 1 1 1 1 1 1 1 1 1 1 1 1 1 1 1 1 1 1 1 1 1 1 1 1 1 1 1 1 1 1 1 1 1 1 1 1 1 1 1 1 1 1 1 1 1 1 1 1 1 1 1 1 1 1 1 1 1 1 1 1 1 1 1 1 1 1 1 1 1 1 1 1 1 1 1 1 1 1 1 1 1 1 1 1 1 1 1 1 1 1 1 1 1 1 1 1 1 1 1 1 1 1 1 1 1 1 1 1 1 1 1 1 1 1 1 1 1 1 1 1 1 1 1 1 1 1 1 1 1 1 1 1 1 1 1 1 1 1 1 1 1 1 1 1 1 1 1 1 1 1 1 1 1 1 1 1 1 1 1 1 1 1 1 1 1 1 1 1 1 1 1 1 1 1 1 1 1 1 1 1 1 1 1 1 1 1 1 1 1 1 1 1 1 1 1 1 1 1 1 1 1 1 1 1 1 1 1 1 1 1 1 1 1 1 1 1 1 1 1 1 1 1 1 1 1 1 1 1 1 1 1 1 1 1 1 1 1 1 1 1 1 1 1 1 1 1 1 1 1 1 1 1 1 1 1 1 1 1 1 1 1 1 1 1 1 1 1 1 1 1 1 1 1 1 1 1 1 1 1 1 1 1 1 1 1 1 1 1 1 1 1 1 1 1 1 1 1 1 1 1 1 1 1 1 1 1 1 1 1 1 1 1 1 1 1 1 1 1 1 1 1 1 1 1 1 1 1 1 1 1 1 1 1 1 1 1 1 1 1 1 1 1 1 1 1 1 1 1 1 1 1 1 1 1 1 1 1 1 1 1 1 1 1 1 1 1 1 1 1 1 1 1 1 1 1 1 1 1 1 1 1 1 1 1 1 1 1 1 1 1 1 1 1 1 1 1 1 1 1 1 1 1 1 1 1 1 1 1 1 1 1 1 1 1 1 1 1 1 1 1 1 1 1 1 1 1 1 1 1 1 1 1 1 1 1 1 1 1 1 1 1 1 1 1 1 1 1 1 1 1 1 1 1 1 1 1 1 1 1 1 1 1 1 1 1 1 1 1 1 1 1 1 1 1 1 1 1 1 1 1 1 1 1 1 1 1 1 1 1 1 1 1 1 1 1 1 1 1 1 1 1 1 1 1 1 1 1 1 1 1 1 1 1 1 1 1 1 1 1 1 1 1 1 1 1 1 1 1 1 1 1 1 1 1 1 1 1 1 1 1 1 1 1 1 1 1 1 1 1 1 1 1 1 1 1 1 1 1 1 1 1 1 1 1 1 1 1 1 1 1 1 1 1 1 1 1 1 1 1 1 1 1 1 1 1 1 1 1 1 1 1 1 1 1 1 1 1 1 1 1 1 1 1 1 1 1 1 1 1 1 1 1 1 1 1 1 1 1 1 1 1 1 1 1 1 1 1 1 1 1 1 1 1 1 1 1 1 1 1 1 1 1 1 1 1 1 1 1 1 1 1 1 1 1 1 1 1 1 1 1 1 1 1 1 1 1 1 1 1 1 1 1 1 1 1 1 1 1 1 1 1 1 1 1 1 1 1 1 1 1 1 1 1 1 1 1 1 1 1 1 1 1 1 1 1 1 1 1 1 1 1 1 1 1 1 1 1 1 1 1 1 1 1 1 1 1 1 1 1 1 1 1 1 1 1 1 1 1 1 1 1 1 1 1 1 1 1 1 1 1 1 1 1 1 1 1 1 1 1 1 1 1 1 1 1 1 1 1 1 1 1 1 1 1 1 1 1 1 1 1 1 1 1 1 1 1 1 1 1 1 1 1 1 1 1 1 1 1 1 1 1 1 1 1 1 1 1 1 1 1 1 1 1 1 1 1 1 1 1 1 1 1 1 1 1 1 1 1 1 1 1 1 1 1 1 1 1 1 1 1 1 1 1 1 1 1 1 1 1 1 1 1 1 1 1 1 1 1 1 1 1 1 1 1 1 1 1 1 1 1 1 1 1 1 1 1 1 1 1 1 1 1 1 1 1 1 1 1 1 1 1 1 1 1 1 1 1 1 1 1 1 1 1 1 1 1 1 1 1 1 1 1 1 1 1 1 1 1 1 1 1 1 1 1 1 1 1 1 1 1 1 1 1 1 1 1 1 1 1 1 1 1 1 1 1 1 1 1 1 1 1 1 1 1 1 1 1 1 1 1 1 1 1 1 1 1 1 1 1 1 1 1 1 1 1 1 1 1 1 1 1 1 1 1 1 1 1 1 1 1 1 1 1 1 1 1 1 1 1 1 1 1 1 1 1 1 1 1 1 1 1 1 1 1 1 1 1 1 1 1 1 1 1 1 1 1 1 1 1 1 1 1 1 1 1 1 1 1 1 1 1 1 1 1 1 1 1 1 1 1 1 1 1 1 1 1 1 1 1 1 1 1 1 1 1 1 1 1 1 1 1 1 1 1 1 1 1 1 1 1 1 1 1 1 1 1 1 1 1 1 1 1 1 1 1 1 1 1 1 1 1 1 1 1 1 1 1 1 1 1 1 1 1 1 1 1 1 1 1 1 1 1 1 1 1 1 1 1 1 1 1 1 1 1 1 1 1 1 1 1 1 1 1 1 1 1 1 1 1 1 1 1 1 1 1 1 1 1 1 1 1 1 1 1 1 1 1 1 1 1 1 1 1 1 1 1 1 1 1 1 1 1 1 1 1 1 1 1 1 1 1 1 1 1 1 1 1 1 1 1 1 1 1 1 1 1 1 1 1 1 1 1 1 1 1 1 1 1 1 1 1 1 1 1 1 1 1 1 1 1 1 1 1 1 1 1 1 1 1 1 1 1 1 1 1 1 1 1 1 1 1 1 1 1 1 1 1 1 1 1 1 1 1 1 1 1 1 1 1 1 1 1 1 1 1 1 1 1 1 1 1 1 1 1 1 1 1 1 1 1 1 1 1 1 1 1 1 1 1 1 1 1 1 1 1 1 1 1 1 1 1 1 1 1 1 1 1 1 1 1 1 1 1 1 1 1 1 1 1 1 1 1 1 1 1 1 1 1 1 1 1 1 1 1 1 1 1 1 1 1 1 1 1 1 1 1 1 1 1 1 1 1 1 1 1 1 1 1 1 1 1 1 1 1 1 1 1 1 1 1 1 1 1 1 1 1 1 1 1 1 1 1 1 1 1 1 1 1 1 1 1 1 1 1 1 1 1 1 1 1 1 1 1 1 1 1 1 1 1 1 1 1 1 1 1 1 1 1 1 1 1 1 1 1 1 1 1 1 1 1 1 1 1 1 1 1 1 1 1 1 1 1 1 1 1 1 1 1 1 1 1 1 1 1 1 1 1 1 1 1 1 1 1 1 1 1 1 1 1 1 1 1 1 1 1 1 1 1 1 1 1 1 1 1 1 1 1 1 1 1 1 1 1 1 1 1 1 1 1 1 1 1 1 1 1 1 1 1 1 1 1 1 1 1 1 1 1 1 1 1 1 1 1 1 1 1 1 1 1 1 1 1 1 1 1 1 1 1 1 1 1 1 1 1 1 1 1 1 1 1 1 1 1 1 1 1 1 1 1 1 1 1 1 1 1 1 1 1 1 1 1 1 1 1 1 1 1 1 1 1 1 1 1 1 1 1 1 1 1 1 1 1 1 1 1 1 1 1 1 1 1 1 1 1 1 1 1 1 1 1 1 1 1 1 1 1 1 1 1 1 1 1 1 1 1 1 1 1 1 1 1 1 1 1 1 1 1 1 1 1 1 1 1 1 1 1 1 1 1 1 1 1 1 1 1 1 1 1 1 1 1 1 1 1 1 1 1 1 1 1 1 1 1 1 1 1 1 1 1 1 1 1 1 1 1 1 1 1 1 1 1 1 1 1 1 1 1 1 1 1 1 1 1 1 1 1 1 1 1 1 1 1 1 1 1 1 1 1 1 1 1 1 1 1 1 1 1 1 1 1 1 1 1 1 1 1 1 1 1 1 1 1 1 1 1 1 1 1 1 1 1 1 1 1 1 1 1 1 1 1 1 1 1 1 1 1 1 1 1 1 1 1 1 1 1 1 1 1 1 1 1 1 1 1 1 1 1 1 1 1 1 1 1 1 1 1 1 1 1 1 1 1 1 1 1 1 1 1 1 1 1 1 1 1 1 1 1 1 1 1 1 1 1 1 1 1 1 1 1 1 1 1 1 1 1 1 1 1 1 1 1 1 1 1 1 1 1 1 1 1 1 1 1 1 1 1 1 1 1 1 1 1 1 1 1 1 1 1 1 1 1 1 1 1 1 1 1 1 1 1 1 1 1 1 1 1 1 1 1 1 1 1 1 1 1 1 1 1 1 1 1 1 1 1 1 1 1 1 1 1 1 1 1 1 1 1 1 1 1 1 1 1 1 1 1 1 1 1 1 1 1 1 1 1 1 1 1 1 1 1 1 1 1 1 1 1 1 1 1 1 1 1 1 1 1 1 1 1 1 1 1 1 1 1 1 1 1 1 1 1 1 1 1 1 1 1 1 1 1 1 1 1 1 1 1 1 1 1 1 1 1 1 1 1 1 1 1 1 1 1 1 1 1 1 1 1 1 1 1 1 1 1 1 1 1 1 1 1 1 1 1 1 1 1 1 1 1 1 1 1 1 1 1 1 1 1 1 1 1 1 1 1 1 1 1 1 1 1 1 1 1 1 1 1 1 1 1 1 1 1 1 1 1 1 1 1 1 1 1 1 1 1 1 1 1 1 1 1 1 1 1 1 1 1 1 1 1 1 1 1 1 1 1 1 1 1 1 1 1 1 1 1 1 1 1 1 1 1 1 1 1 1 1 1 1 1 1 1 1 1 1 1 1 1 1 1 1 1 1 1 1 1 1 1 1 1 1 1 1 1 1 1 1 1 1 1 1 1 1 1 1 1 1 1 1 1 1 1 1 1 1 1 1 1 1 1 1 1 1 1 1 1 1 1 1 1 1 1 1 1 1 1 1 1 1 1 1 1 1 1 1 1 1 1 1 1 1 1 1 1 1 1 1 1 1 1 1 1 1 1 1 1 1 1 1 1 1 1 1 1 1 1 1 1 1 1 1 1 1 1 1 1 1 1 1 1 1 1 1 1 1 1 1 1 1 1 1 1 1 1 1 1 1 1 1 1 1 1 1 1 1 1 1 1 1 1 1 1 1 1 1 1 1 1 1 1 1 1 1 1 1 1 1 1 1 1 1 1 1 1 1 1 1 1 1 1 1 1 1 1 1 1 1 1 1 1 1 1 1 1 1 1 1 1 1 1 1 1 1 1 1 1 1 1 1 1 1 1 1 1 1 1 1 1 1 1 1 1 1 1 1 1 1 1 1 1 1 1 1 1 1 1 1 1 1 1 1 1 1 1 1 1 1 1 1 1 1 1 1 1 1 1 1 1 1 1 1 1 1 1 1 1 1 1 1 1 1 1 1 1 1 1 1 1 1 1 1 1 1 1 1 1 1 1 1 1 1 1 1 1 1 1 1 1 1 1 1 1 1 1 1 1 1 1 1 1 1 1 1 1 1 1 1 1 1 1 1 1 1 1 1 1 1 1 1 1 1 1 1 1 1 1 1 1 1 1 1 1 1 1 1 1 1 1 1 1 1 1 1 1 1 1 1 1 1 1 1 1 1 1 1 1 1 1 1 1 1 1 1 1 1 1 1 1 1 1 1 1 1 1 1 1 1 1 1 1 1 1 1 1 1 1 1 1 1 1 1 1 1 1 1 1 1 1 1 1 1 1 1 1 1 1 1 1 1 1 1 1 1 1 1 1 1 1 1 1 1 1 1 1 1 1 1 1 1 1 1 1 1 1 1 1 1 1 1 1 1 1 1 1 1 1 1 1 1 1 1 1 1 1 1 1 1 1 1 1 1 1 1 1 1 1 1 1 1 1 1 1 1 1 1 1 1 1 1 1 1 1 1 1 1 1 1 1 1 1 1 1 1 1 1 1 1 1 1 1 1 1 1 1 1 1 1 1 1 1 1 1 1 1 1 1 1 1 1 1 1 1 1 1 1 1 1 1 1 1 1 1 1 1 1 1 1 1 1 1 1 1 1 1 1 1 1 1 1 1 1 1 1 1 1 1 1 1 1 1 1 1 1 1 1 1 1 1 1 1 1 1 1 1 1 1 1 1 1 1 1 1 1 1 1 1 1 1 1 1 1 1 1 1 1 1 1 1 1 1 1 1 1 1 1 1 1 1 1 1 1 1 1 1 1 1 1 1 1 1 1 1 1 1 1 1 1 1 1 1 1 1 1 1 1 1 1 1 1 1 1 1 1 1 1 1 1 1 1 1 1 1 1 1 1 1 1 1 1 1 1 1 1 1 1 1 1 1 1 1 1 1 1 1 1 1 1 1 1 1 1 1 1 1 1 1 1 1 1 1 1 1 1 1 1 1 1 1 1 1 1 1 1 1 1 1 1 1 1 1 1 1 1 1 1 1 1 1 1 1 1 1 1 1 1 1 1 1 1 1 1 1 1 1 1 1 1 1 1 1 1 1 1 1 1 1 1 1 1 1 1 1 1 1 1 1 1 1 1 1 1 1 1 1 1 1 1 1 1 1 1 1 1 1 1 1 1 1 1 1 1 1 1 1 1 1 1 1 1 1 1 1 1 1 1 1 1 1 1 1 1 1 1 1 1 1 1 1 1 1 1 1 1 1 1 1 1 1 1 1 1 1 1 1 1 1 1 1 1 1 1 1 1 1 1 1 1 1 1 1 1 1 1 1 1 1 1 1 1 1 1 1 1 1 1 1 1 1 1 1 1 1 1 1 1 1 1 1 1 1 1 1 1 1 1 1 1 1 1 1 1 1 1 1 1 1 1 1 1 1 1 1 1 1 1 1 1 1 1 1 1 1 1 1 1 1 1 1 1 1 1 1 1 1 1 1 1 1 1 1 1 1 1 1 1 1 1 1 1 1 1 1 1 1 1 1 1 1 1 1 1 1 1 1 1 1 1 1 1 1 1 1 1 1 1 1 1 1 1 1 1 1 1 1 1 1 1 1 1 1 1 1 1 1 1 1 1 1 1 1 1 1 1 1 1 1 1 1 1 1 1 1 1 1 1 1 1 1 1 1 1 1 1 1 1 1 1 1 1 1 1 1 1 1 1 1 1 1 1 1 1 1 1 1 1 1 1 1 1 1 1 1 1 1 1 1 1 1 1 1 1 1 1 1 1 1 1 1 1 1 1 1 1 1 1 1 1 1 1 1 1 1 1 1 1 1 1 1 1 1 1 1 1 1 1 1 1 1 1 1 1 1 1 1 1 1 1 1 1 1 1 1 1 1 1 1 1 1 1 1 1 1 1 1 1 1 1 1 1 1 1 1 1 1 1 1 1 1 1 1 1 1 1 1 1 1 1 1 1 1 1 1 1 1 1 1 1 1 1 1 1 1 1 1 1 1 1 1 1 1 1 1 1 1 1 1 1 1 1 1 1 1 1 1 1 1 1 1 1 1 1 1 1 1 1 1 1 1 1 1 1 1 1 1 1 1 1 1 1 1 1 1 1 1 1 1 1 1 1 1 1 1 1 1 1 1 1 1 1 1 1 1 1 1 1 1 1 1 1 1 1 1 1 1 1 1 1 1 1 1 1 1 1 1 1 1 1 1 1 1 1 1 1 1 1 1 1 1 1 1 1 1 1 1 1 1 1 1 1 1 1 1 1 1 1 1 1 1 1 1 1 1 1 1 1 1 1 1 1 1 1 1 1 1 1 1 1 1 1 1 1 1 1 1 1 1 1 1 1 1 1 1 1 1 1 1 1 1 1 1 1 1 1 1 1 1 1 1 1 1 1 1 1 1 1 1 1 1 1 1 1 1 1 1 1 1 1 1 1 1 1 1 1 1 1 1 1 1 1 1 1 1 1 1 1 1 1 1 1 1 1 1 1 1 1 1 1 1 1 1 1 1 1 1 1 1 1 1 1 1 1 1 1 1 1 1 1 1 1 1 1 1 1 1 1 1 1 1 1 1 1 1 1 1 1 1 1 1 1 1 1 1 1 1 1 1 1 1 1 1 1 1 1 1 1 1 1 1 1 1 1 1 1 1 1 1 1 1 1 1 1 1 1 1 1 1 1 1 1 1 1 1 1 1 1 1 1 1 1 1 1 1 1 1 1 1 1 1 1 1 1 1 1 1 1 1 1 1 1 1 1 1 1 1 1 1 1 1 1 1 1 1 1 1 1 1 1 1 1 1 1 1 1 1 1 1 1 1 1 1 1 1 1 1 1 1 1 1 1 1 1 1 1 1 1 1 1 1 1 1 1 1 1 1 1 1 1 1 1 1 1 1 1 1 1 1 1 1 1 1 1 1 1 1 1 1 1 1 1 1 1 1 1 1 1 1 1 1 1 1 1 1 1 1 1 1 1 1 1 1 1 1 1 1 1 1 1 1 1 1 1 1 1 1 1 1 1 1 1 1 1 1 1 1 1 1 1 1 1 1 1 1 1 1 1 1 1 1 1 1 1 1 1 1 1 1 1 1 1 1 1 1 1 1 1 1 1 1 1 1 1 1 1 1 1 1 1 1 1 1 1 1 1 1 1 1 1 1 1 1 1 1 1 1 1 1 1 1 1 1 1 1 1 1 1 1 1 1 1 1 1 1 1 1 1 1 1 1 1 1 1 1 1 1 1 1 1 1 1 1 1 1 1 1 1 1 1 1 1 1 1 1 1 1 1 1 1 1 1 1 1 1 1 1 1 1 1 1 1 1 1 1 1 1 1 1 1 1 1 1 1 1 1 1 1 1 1 1 1 1 1 1 1 1 1 1 1 1 1 1 1 1 1 1 1 1 1 1 1 1 1 1 1 1 1 1 1 1 1 1 1 1 1 1 1 1 1 1 1 1 1 1 1 1 1 1 1 1 1 1 1 1 1 1 1 1 1 1 1 1 1 1 1 1 1 1 1 1 1 1 1 1 1 1 1 1 1 1 1 1 1 1 1 1 1 1 1 1 1 1 1 1 1 1 1 1 1 1 1 1 1 1 1 1 1 1 1 1 1 1 1 1 1 1 1 1 1 1 1 1 1 1 1 1 1 1 1 1 1 1 1 1 1 1 1 1 1 1 1 1 1 1 1 1 1 1 1 1 1 1 1 1 1 1 1 1 1 1 1 1 1 1 1 1 1 1 1 1 1 1 1 1 1 1 1 1 1 1 1 1 1 1 1 1 1 1 1 1 1 1 1 1 1 1 1 1 1 1 1 1 1 1 1 1 1 1 1 1 1 1 1 1 1 1 1 1 1 1 1 1 1 1 1 1 1 1 1 1 1 1 1 1 1 1 1 1 1 1 1 1 1 1 1 1 1 1 1 1 1 1 1 1 1 1 1 1 1 1 1 1 1 1 1 1 1 1 1 1 1 1 1 1 1 1 1 1 1 1 1 1 1 1 1 1 1 1 1 1 1 1 1 1 1 1 1 1 1 1 1 1 1 1 1 1 1 1 1 1 1 1 1 1 1 1 1 1 1 1 1 1 1 1 1 1 1 1 1 1 1 1 1 1 1 1 1 1 1 1 1 1 1 1 1 1 1 1 1 1 1 1 1 1 1 1 1 1 1 1 1 1 1 1 1 1 1 1 1 1 1 1 1 1 1 1 1 1 1 1 1 1 1 1 1 1 1 1 1 1 1 1 1 1 1 1 1 1 1 1 1 1 1 1 1 1 1 1 1 1 1 1 1 1 1 1 1 1 1 1 1 1 1 1 1 1 1 1 1 1 1 1 1 1 1 1 1 1 1 1 1 1 1 1 1 1 1 1 1 1 1 1 1 1 1 1 1 1 1 1 1 1 1 1 1 1 1 1 1 1 1 1 1 1 1 1 1 1 1 1 1 1 1 1 1 1 1 1 1 1 1 1 1 1 1 1 1 1 1 1 1 1 1 1 1 1 1 1 1 1 1 1 1 1 1 1 1 1 1 1 1 1 1 1 1 1 1 1 1 1 1 1 1 1 1 1 1 1 1 1 1 1 1 1 1 1 1 1 1 1 1 1 1 1 1 1 1 1 1 1 1 1 1 1 1 1 1 1 1 1 1 1 1 1 1 1 1 1 1 1 1 1 1 1 1 1 1 1 1 1 1 1 1 1 1 1 1 1 1 1 1 1 1 1 1 1 1 1 1 1 1 1 1 1 1 1 1 1 1 1 1 1 1 1 1 1 1 1 1 1 1 1 1 1 1 1 1 1 1 1 1 1 1 1 1 1 1 1 1 1 1 1 1 1 1 1 1 1 1 1 1 1 1 1 1 1 1 1 1 1 1 1 1 1 1 1 1 1 1 1 1 1 1 1 1 1 1 1 1 1 1 1 1 1 1 1 1 1 1 1 1 1 1 1 1 1 1 1 1 1 1 1 1 1 1 1 1 1 1 1 1 1 1 1 1 1 1 1 1 1 1 1 1 1 1 1 1 1 1 1 1 1 1 1 1 1 1 1 1 1 1 1 1 1 1 1 1 1 1 1 1 1 1 1 1 1 1 1 1 1 1 1 1 1 1 1 1 1 1 1 1 1 1 1 1 1 1 1 1 1 1 1 1 1 1 1 1 1 1 1 1 1 1 1 1 1 1 1 1 1 1 1 1 1 1 1 1 1 1 1 1 1 1 1 1 1 1 1 1 1 1 1 1 1 1 1 1 1 1 1 1 1 1 1 1 1 1 1 1 1 1 1 1 1 1 1 1 1 1 1 1 1 1 1 1 1 1 1 1 1 1 1 1 1 1 1 1 1 1 1 1 1 1 1 1 1 1 1 1 1 1 1 1 1 1 1 1 1 1 1 1 1 1 1 1 1 1 1 1 1 1 1 1 1 1 1 1 1 1 1 1 1 1 1 1 1 1 1 1 1 1 1 1 1 1 1 1 1 1 1 1 1 1 1 1 1 1 1 1 1 1 1 1 1 1 1 1 1 1 1 1 1 1 1 1 1 1 1 1 1 1 1 1 1 1 1 1 1 1 1 1 1 1 1 1 1 1 1 1 1 1 1 1 1 1 1 1 1 1 1 1 1 1 1 1 1 1 1 1 1 1 1 1 1 1 1 1 1 1 1 1 1 1 1 1 1 1 1 1 1 1 1 1 1 1 1 1 1 1 1 1 1 1 1 1 1 1 1 1 1 1 1 1 1 1 1 1 1 1 1 1 1 1 1 1 1 1 1 1 1 1 1 1 1 1 1 1 1 1 1 1 1 1 1 1 1 1 1 1 1 1 1 1 1 1 1 1 1 1 1 1 1 1 1 1 1 1 1 1 1 1 1 1 1 1 1 1 1 1 1 1 1 1 1 1 1 1 1 1 1 1 1 1 1 1 1 1 1 1 1 1 1 1 1 1 1 1 1 1 1 1 1 1 1 1 1 1 1 1 1 1 1 1 1 1 1 1 1 1 1 1 1 1 1 1 1 1 1 1 1 1 1 1 1 1 1 1 1 1 1 1 1 1 1 1 1 1 1 1 1 1 1 1 1 1 1 1 1 1 1 1 1 1 1 1 1 1 1 1 1 1 1 1 1 1 1 1 1 1 1 1 1 1 1 1 1 1 1 1 1 1 1 1 1 1 1 1 1 1 1 1 1 1 1 1 1 1 1 1 1 1 1 1 1 1 1 1 1 1 1 1 1 1 1 1 1 1 1 1 1 1 1 1 1 1 1 1 1 1 1 1 1 1 1 1 1 1 1 1 1 1 1 1 1 1 1 1 1 1 1 1 1 1 1 1 1 1 1 1 1 1 1 1 1 1 1 1 1 1 1 1 1 1 1 1 1 1 1 1 1 1 1 1 1 1 1 1 1 1 1 1 1 1 1 1 1 1 1 1 1 1 1 1 1 1 1 1 1 1 1 1 1 1 1 1 1 1 1 1 1 1 1 1 1 1 1 1 1 1 1 1 1 1 1 1 1 1 1 1 1 1 1 1 1 1 1 1 1 1 1 1 1 1 1 1 1 1 1 1 1 1 1 1 1 1 1 1 1 1 1 1 1 1 1 1 1 1 1 1 1 1 1 1 1 1 1 1 1 1 1 1 1 1 1 1 1 1 1 1 1 1 1 1 1 1 1 1 1 1 1 1 1 1 1 1 1 1 1 1 1 1 1 1 1 1 1 1 1 1 1 1 1 1 1 1 1 1 1 1 1 1 1 1 1 1 1 1 1 1 1 1 1 1 1 1 1 1 1 1 1 1 1 1 1 1 1 1 1 1 1 1 1 1 1 1 1 1 1 1 1 1 1 1 1 1 1 1 1 1 1 1 1 1 1 1 1 1 1 1 1 1 1 1 1 1 1 1 1 1 1 1 1 1 1 1 1 1 1 1 1 1 1 1 1 1 1 1 1 1 1 1 1 1 1 1 1 1 1 1 1 1 1 1 1 1 1 1 1 1 1 1 1 1 1 1 1 1 1 1 1 1 1 1 1 1 1 1 1 1 1 1 1 1 1 1 1 1 1 1 1 1 1 1 1 1 1 1 1 1 1 1 1 1 1 1 1 1 1 1 1 1 1 1 1 1 1 1 1 1 1 1 1 1 1 1 1 1 1 1 1 1 1 1 1 1 1 1 1 1 1 1 1 1 1 1 1 1 1 1 1 1 1 1 1 1 1 1 1 1 1 1 1 1 1 1 1 1 1 1 1 1 1 1 1 1 1 1 1 1 1 1 1 1 1 1 1 1 1 1 1 1 1 1 1 1 1 1 1 1 1 1 1 1 1 1 1 1 1 1 1 1 1 1 1 1 1 1 1 1 1 1 1 1 1 1 1 1 1 1 1 1 1 1 1 1 1 1 1 1 1 1 1 1 1 1 1 1 1 1 1 1 1 1 1 1 1 1 1 1 1 1 1 1 1 1 1 1 1 1 1 1 1 1 1 1 1 1 1 1 1 1 1 1 1 1 1 1 1 1 1 1 1 1 1 1 1 1 1 1 1 1 1 1 1 1 1 1 1 1 1 1 1 1 1 1 1 1 1 1 1 1 1 1 1 1 1 1 1 1 1 1 1 1 1 1 1 1 1 1 1 1 1 1 1 1 1 1 1 1 1 1 1 1 1 1 1 1 1 1 1 1 1 1 1 1 1 1 1 1 1 1 1 1 1 1 1 1 1 1 1 1 1 1 1 1 1 1 1 1 1 1 1 1 1 1 1 1 1 1 1 1 1 1 1 1 1 1 1 1 1 1 1 1 1 1 1 1 1 1 1 1 1 1 1 1 1 1 1 1 1 1 1 1 1 1 1 1 1 1 1 1 1 1 1 1 1 1 1 1 1 1 1 1 1 1 1 1 1 1 1 1 1 1 1 1 1 1 1 1 1 1 1 1 1 1 1 1 1 1 1 1 1 1 1 1 1 1 1 1 1 1 1 1 1 1 1 1 1 1 1 1 1 1 1 1 1 1 1 1 1 1 1 1 1 1 1 1 1 1 1 1 1 1 1 1 1 1 1 1 1 1 1 1 1 1 1 1 1 1 1 1 1 1 1 1 1 1 1 1 1 1 1 1 1 1 1 1 1 1 1 1 1 1 1 1 1 1 1 1 1 1 1 1 1 1 1 1 1 1 1 1 1 1 1 1 1 1 1 1 1 1 1 1 1 1 1 1 1 1 1 1 1 1 1 1 1 1 1 1 1 1 1 1 1 1 1 1 1 1 1 1 1 1 1 1 1 1 1 1 1 1 1 1 1 1 1 1 1 1 1 1 1 1 1 1 1 1 1 1 1 1 1 1 1 1 1 1 1 1 1 1 1 1 1 1 1 1 1 1 1 1 1 1 1 1 1 1 1 1 1 1 1 1 1 1 1 1 1 1 1 1 1 1 1 1 1 1 1 1 1 1 1 1 1 1 1 1 1 1 1 1 1 1 1 1 1 1 1 1 1 1 1 1 1 1 1 1 1 1 1 1 1 1 1 1 1 1 1 1 1 1 1 1 1 1 1 1 1 1 1 1 1 1 1 1 1 1 1 1 1 1 1 1 1 1 1 1 1 1 1 1 1 1 1 1 1 1 1 1 1 1 1 1 1 1 1 1 1 1 1 1 1 1 1 1 1 1 1 1 1 1 1 1 1 1 1 1 1 1 1 1 1 1 1 1 1 1 1 1 1 1 1 1 1 1 1 1 1 1 1 1 1 1 1 1 1 1 1 1 1 1 1 1 1 1 1 1 1 1 1 1 1 1 1 1 1 1 1 1 1 1 1 1 1 1 1 1 1 1 1 1 1 1 1 1 1 1 1 1 1 1 1 1 1 1 1 1 1 1 1 1 1 1 1 1 1 1 1 1 1 1 1 1 1 1 1 1 1 1 1 1 1 1 1 1 1 1 1 1 1 1 1 1 1 1 1 1 1 1 1 1 1 1 1 1 1 1 1 1 1 1 1 1 1 1 1 1 1 1 1 1 1 1 1 1 1 1 1 1 1 1 1 1 1 1 1 1 1 1 1 1 1 1 1 1 1 1 1 1 1 1 1 1 1 1 1 1 1 1 1 1 1 1 1 1 1 1 1 1 1 1 1 1 1 1 1 1 1 1 1 1 1 1 1 1 1 1 1 1 1 1 1 1 1 1 1 1 1 1 1 1 1 1 1 1 1 1 1 1 1 1 1 1 1 1 1 1 1 1 1 1 1 1 1 1 1 1 1 1 1 1 1 1 1 1 1 1 1 1 1 1 1 1 1 1 1 1 1 1 1 1 1 1 1 1 1 1 1 1 1 1 1 1 1 1 1 1 1 1 1 1 1 1 1 1 1 1 1 1 1 1 1 1 1 1 1 1 1 1 1 1 1 1 1 1 1 1 1 1 1 1 1 1 1 1 1 1 1 1 1 1 1 1 1 1 1 1 1 1 1 1 1 1 1 1 1 1 1 1 1 1 1 1 1 1 1 1 1 1 1 1 1 1 1 1 1 1 1 1 1 1 1 1 1 1 1 1 1 1 1 1 1 1 1 1 1 1 1 1 1 1 1 1 1 1 1 1 1 1 1 1 1 1 1 1 1 1 1 1 1 1 1 1 1 1 1 1 1 1 1 1 1 1 1 1 1 1 1 1 1 1 1 1 1 1 1 1 1 1 1 1 1 1 1 1 1 1 1 1 1 1 1 1 1 1 1 1 1 1 1 1 1 1 1 1 1 1 1 1 1 1 1 1 1 1 1 1 1 1 1 1 1 1 1 1 1 1 1 1 1 1 1 1 1 1 1 1 1 1 1 1 1 1 1 1 1 1 1 1 1 1 1 1 1 1 1 1 1 1 1 1 1 1 1 1 1 1 1 1 1 1 1 1 1 1 1 1 1 1 1 1 1 1 1 1 1 1 1 1 1 1 1 1 1 1 1 1 1 1 1 1 1 1 1 1 1 1 1 1 1 1 1 1 1 1 1 1 1 1 1 1 1 1 1 1 1 1 1 1 1 1 1 1 1 1 1 1 1 1 1 1 1 1 1 1 1 1 1 1 1 1 1 1 1 1 1 1 1 1 1 1 1 1 1 1 1 1 1 1 1 1 1 1 1 1 1 1 1 1 1 1 1 1 1 1 1 1 1 1 1 1 1 1 1 1 1 1 1 1 1 1 1 1 1 1 1 1 1 1 1 1 1 1 1 1 1 1 1 1 1 1 1 1 1 1 1 1 1 1 1 1 1 1 1 1 1 1 1 1 1 1 1 1 1 1 1 1 1 1 1 1 1 1 1 1 1 1 1 1 1 1 1 1 1 1 1 1 1 1 1 1 1 1 1 1 1 1 1 1 1 1 1 1 1 1 1 1 1 1 1 1 1 1 1 1 1 1 1 1 1 1 1 1 1 1 1 1 1 1 1 1 1 1 1 1 1 1 1 1 1 1 1 1 1 1 1 1 1 1 1 1 1 1 1 1 1 1 1 1 1 1 1 1 1 1 1 1 1 1 1 1 1 1 1 1 1 1 1 1 1 1 1 1 1 1 1 1 1 1 1 1 1 1 1 1 1 1 1 1 1 1 1 1 1 1 1 1 1 1 1 1 1 1 1 1 1 1 1 1 1 1 1 1 1 1 1 1 1 1 1 1 1 1 1 1 1 1 1 1 1 1 1 1 1 1 1 1 1 1 1 1 1 1 1 1 1 1 1 1 1 1 1 1 1 1 1 1 1 1 1 1 1 1 1 1 1 1 1 1 1 1 1 1 1 1 1 1 1 1 1 1 1 1 1 1 1 1 1 1 1 1 1 1 1 1 1 1 1 1 1 1 1 1 1 1 1 1 1 1 1 1 1 1 1 1 1 1 1 1 1 1 1 1 1 1 1 1 1 1 1 1 1 1 1 1 1 1 1 1 1 1 1 1 1 1 1 1 1 1 1 1 1 1 1 1 1 1 1 1 1 1 1 1 1 1 1 1 1 1 1 1 1 1 1 1 1 1 1 1 1 1 1 1 1 1 1 1 1 1 1 1 1 1 1 1 1 1 1 1 1 1 1 1 1 1 1 1 1 1 1 1 1 1 1 1 1 1 1 1 1 1 1 1 1 1 1 1 1 1 1 1 1 1 1 1 1 1 1 1 1 1 1 1 1 1 1 1 1 1 1 1 1 1 1 1 1 1 1 1 1 1 1 1 1 1 1 1 1 1 1 1 1 1 1 1 1 1 1 1 1 1 1 1 1 1 1 1 1 1 1 1 1 1 1 1 1 1 1 1 1 1 1 1 1 1 1 1 1 1 1 1 1 1 1 1 1 1 1 1 1 1 1 1 1 1 1 1 1 1 1 1 1 1 1 1 1 1 1 1 1 1 1 1 1 1 1 1 1 1 1 1 1 1 1 1 1 1 1 1 1 1 1 1 1 1 1 1 1 1 1 1 1 1 1 1 1 1 1 1 1 1 1 1 1 1 1 1 1 1 1 1 1 1 1 1 1 1 1 1 1 1 1 1 1 1 1 1 1 1 1 1 1 1 1 1 1 1 1 1 1 1 1 1 1 1 1 1 1 1 1 1 1 1 1 1 1 1 1 1 1 1 1 1 1 1 1 1 1 1 1 1 1 1 1 1 1 1 1 1 1 1 1 1 1 1 1 1 1 1 1 1 1 1 1 1 1 1 1 1 1 1 1 1 1 1 1 1 1 1 1 1 1 1 1 1 1 1 1 1 1 1 1 1 1 1 1 1 1 1 1 1 1 1 1 1 1 1 1 1 1 1 1 1 1 1 1 1 1 1 1 1 1 1 1 1 1 1 1 1 1 1 1 1 1 1 1 1 1 1 1 1 1 1 1 1 1 1 1 1 1 1 1 1 1 1 1 1 1 1 1 1 1 1 1 1 1 1 1 1 1 1 1 1 1 1 1 1 1 1 1 1 1 1 1 1 1 1 1 1 1 1 1 1 1 1 1 1 1 1 1 1 1 1 1 1 1 1 1 1 1 1 1 1 1 1 1 1 1 1 1 1 1 1 1 1 1 1 1 1 1 1 1 1 1 1 1 1 1 1 1 1 1 1 1 1 1 1 1 1 1 1 1 1 1 1 1 1 1 1 1 1 1 1 1 1 1 1 1 1 1 1 1 1 1 1 1 1 1 1 1 1 1 1 1 1 1 1 1 1 1 1 1 1 1 1 1 1 1 1 1 1 1 1 1 1 1 1 1 1 1 1 1 1 1 1 1 1 1 1 1 1 1 1 1 1 1 1 1 1 1 1 1 1 1 1 1 1 1 1 1 1 1 1 1 1 1 1 1 1 1 1 1 1 1 1 1 1 1 1 1 1 1 1 1 1 1 1 1 1 1 1 1 1 1 1 1 1 1 1 1 1 1 1 1 1 1 1 1 1 1 1 1 1 1 1 1 1 1 1 1 1 1 1 1 1 1 1 1 1 1 1 1 1 1 1 1 1 1 1 1 1 1 1 1 1 1 1 1 1 1 1 1 1 1 1 1 1 1 1 1 1 1 1 1 1 1 1 1 1 1 1 1 1 1 1 1 1 1 1 1 1 1 1 1 1 1 1 1 1 1 1 1 1 1 1 1 1 1 1 1 1 1 1 1 1 1 1 1 1 1 1 1 1 1 1 1 1 1 1 1 1 1 1 1 1 1 1 1 1 1 1 1 1 1 1 1 1 1 1 1 1 1 1 1 1 1 1 1 1 1 1 1 1 1 1 1 1 1 1 1 1 1 1 1 1 1 1 1 1 1 1 1 1 1 1 1 1 1 1 1 1 1 1 1 1 1 1 1 1 1 1 1 1 1 1 1 1 1 1 1 1 1 1 1 1 1 1 1 1 1 1 1 1 1 1 1 1 1 1 1 1 1 1 1 1 1 1 1 1 1 1 1 1 1 1 1 1 1 1 1 1 1 1 1 1 1 1 1 1 1 1 1 1 1 1 1 1 1 1 1 1 1 1 1 1 1 1 1 1 1 1 1 1 1 1 1 1 1 1 1 1 1 1 1 1 1 1 1 1 1 1 1 1 1 1 1 1 1 1 1 1 1 1 1 1 1 1 1 1 1 1 1 1 1 1 1 1 1 1 1 1 1 1 1 1 1 1 1 1 1 1 1 1 1 1 1 1 1 1 1 1 1 1 1 1 1 1 1 1 1 1 1 1 1 1 1 1 1 1 1 1 1 1 1 1 1 1 1 1 1 1 1 1 1 1 1 1 1 1 1 1 1 1 1 1 1 1 1 1 1 1 1 1 1 1 1 1 1 1 1 1 1 1 1 1 1 1 1 1 1 1 1 1 1 1 1 1 1 1 1 1 1 1 1 1 1 1 1 1 1 1 1 1 1 1 1 1 1 1 1 1 1 1 1 1 1 1 1 1 1 1 1 1 1 1 1 1 1 1 1 1 1 1 1 1 1 1 1 1 1 1 1 1 1 1 1 1 1 1 1 1 1 1 1 1 1 1 1 1 1 1 1 1 1 1 1 1 1 1 1 1 1 1 1 1 1 1 1 1 1 1 1 1 1 1 1 1 1 1 1 1 1 1 1 1 1 1 1 1 1 1 1 1 1 1 1 1 1 1 1 1 1 1 1 1 1 1 1 1 1 1 1 1 1 1 1 1 1 1 1 1 1 1 1 1 1 1 1 1 1 1 1 1 1 1 1 1 1 1 1 1 1 1 1 1 1 1 1 1 1 1 1 1 1 1 1 1 1 1 1 1 1 1 1 1 1 1 1 1 1 1 1 1 1 1 1 1 1 1 1 1 1 1 1 1 1 1 1 1 1 1 1 1 1 1 1 1 1 1 1 1 1 1 1 1 1 1 1 1 1 1 1 1 1 1 1 1 1 1 1 1 1 1 1 1 1 1 1 1 1 1 1 1 1 1 1 1 1 1 1 1 1 1 1 1 1 1 1 1 1 1 1 1 1 1 1 1 1 1 1 1 1 1 1 1 1 1 1 1 1 1 1 1 1 1 1 1 1 1 1 1 1 1 1 1 1 1 1 1 1 1 1 1 1 1 1 1 1 1 1 1 1 1 1 1 1 1 1 1 1 1 1 1 1 1 1 1 1 1 1 1 1 1 1 1 1 1 1 1 1 1 1 1 1 1 1 1 1 1 1 1 1 1 1 1 1 1 1 1 1 1 1 1 1 1 1 1 1 1 1 1 1 1 1 1 1 1 1 1 1 1 1 1 1 1 1 1 1 1 1 1 1 1 1 1 1 1 1 1 1 1 1 1 1 1 1 1 1 1 1 1 1 1 1 1 1 1 1 1 1 1 1 1 1 1 1 1 1 1 1 1 1 1 1 1 1 1 1 1 1 1 1 1 1 1 1 1 1 1 1 1 1 1 1 1 1 1 1 1 1 1 1 1 1 1 1 1 1 1 1 1 1 1 1 1 1 1 1 1 1 1 1 1 1 1 1 1 1 1 1 1 1 1 1 1 1 1 1 1 1 1 1 1 1 1 1 1 1 1 1 1 1 1 1 1 1 1 1 1 1 1 1 1 1 1 1 1 1 1 1 1 1 1 1 1 1 1 1 1 1 1 1 1 1 1 1 1 1 1 1 1 1 1 1 1 1 1 1 1 1 1 1 1 1 1 1 1 1 1 1 1 1 1 1 1 1 1 1 1 1 1 1 1 1 1 1 1 1 1 1 1 1 1 1 1 1 1 1 1 1 1 1 1 1 1 1 1 1 1 1 1 1 1 1 1 1 1 1 1 1 1 1 1 1 1 1 1 1 1 1 1 1 1 1 1 1 1 1 1 1 1 1 1 1 1 1 1 1 1 1 1 1 1 1 1 1 1 1 1 1 1 1 1 1 1 1 1 1 1 1 1 1 1 1 1 1 1 1 1 1 1 1 1 1 1 1 1 1 1 1 1 1 1 1 1 1 1 1 1 1 1 1 1 1 1 1 1 1 1 1 1 1 1 1 1 1 1 1 1 1 1 1 1 1 1 1 1 1 1 1 1 1 1 1 1 1 1 1 1 1 1 1 1 1 1 1 1 1 1 1 1 1 1 1 1 1 1 1 1 1 1 1 1 1 1 1 1 1 1 1 1 1 1 1 1 1 1 1 1 1 1 1 1 1 1 1 1 1 1 1 1 1 1 1 1 1 1 1 1 1 1 1 1 1 1 1 1 1 1 1 1 1 1 1 1 1 1 1 1 1 1 1 1 1 1 1 1 1 1 1 1 1 1 1 1 1 1 1 1 1 1 1 1 1 1 1 1 1 1 1 1 1 1 1 1 1 1 1 1 1 1 1 1 1 1 1 1 1 1 1 1 1 1 1 1 1 1 1 1 1 1 1 1 1 1 1 1 1 1 1 1 1 1 1 1 1 1 1 1 1 1 1 1 1 1 1 1 1 1 1 1 1 1 1 1 1 1 1 1 1 1 1 1 1 1 1 1 1 1 1 1 1 1 1 1 1 1 1 1 1 1 1 1 1 1 1 1 1 1 1 1 1 1 1 1 1 1 1 1 1 1 1 1 1 1 1 1 1 1 1 1 1 1 1 1 1 1 1 1 1 1 1 1 1 1 1 1 1 1 1 1 1 1 1 1 1 1 1 1 1 1 1 1 1 1 1 1 1 1 1 1 1 1 1 1 1 1 1 1 1 1 1 1 1 1 1 1 1 1 1 1 1 1 1 1 1 1 1 1 1 1 1 1 1 1 1 1 1 1 1 1 1 1 1 1 1 1 1 1 1 1 1 1 1 1 1 1 1 1 1 1 1 1 1 1 1 1 1 1 1 1 1 1 1 1 1 1 1 1 1 1 1 1 1 1 1 1 1 1 1 1 1 1 1 1 1 1 1 1 1 1 1 1 1 1 1 1 1 1 1 1 1 1 1 1 1 1 1 1 1 1 1 1 1 1 1 1 1 1 1 1 1 1 1 1 1 1 1 1 1 1 1 1 1 1 1 1 1 1 1 1 1 1 1 1 1 1 1 1 1 1 1 1 1 1 1 1 1 1 1 1 1 1 1 1 1 1 1 1 1 1 1 1 1 1 1 1 1 1 1 1 1 1 1 1 1 1 1 1 1 1 1 1 1 1 1 1 1 1 1 1 1 1 1 1 1 1 1 1 1 1 1 1 1 1 1 1 1 1 1 1 1 1 1 1 1 1 1 1 1 1 1 1 1 1 1 1 1 1 1 1 1 1 1 1 1 1 1 1 1 1 1 1 1 1 1 1 1 1 1 1 1 1 1 1 1 1 1 1 1 1 1 1 1 1 1 1 1 1 1 1 1 1 1 1 1 1 1 1 1 1 1 1 1 1 1 1 1 1 1 1 1 1 1 1 1 1 1 1 1 1 1 1 1 1 1 1 1 1 1 1 1 1 1 1 1 1 1 1 1 1 1 1 1 1 1 1 1 1 1 1 1 1 1 1 1 1 1 1 1 1 1 1 1 1 1 1 1 1 1 1 1 1 1 1 1 1 1 1 1 1 1 1 1 1 1 1 1 1 1 1 1 1 1 1 1 1 1 1 1 1 1 1 1 1 1 1 1 1 1 1 1 1 1 1 1 1 1 1 1 1 1 1 1 1 1 1 1 1 1 1 1 1 1 1 1 1 1 1 1 1 1 1 1 1 1 1 1 1 1 1 1 1 1 1 1 1 1 1 1 1 1 1 1 1 1 1 1 1 1 1 1 1 1 1 1 1 1 1 1 1 1 1 1 1 1 1 1 1 1 1 1 1 1 1 1 1 1 1 1 1 1 1 1 1 1 1 1 1 1 1 1 1 1 1 1 1 1 1 1 1 1 1 1 1 1 1 1 1 1 1 1 1 1 1 1 1 1 1 1 1 1 1 1 1 1 1 1 1 1 1 1 1 1 1 1 1 1 1 1 1 1 1 1 1 1 1 1 1 1 1 1 1 1 1 1 1 1 1 1 1 1 1 1 1 1 1 1 1 1 1 1 1 1 1 1 1 1 1 1 1 1 1 1 1 1 1 1 1 1 1 1 1 1 1 1 1 1 1 1 1 1 1 1 1 1 1 1 1 1 1 1 1 1 1 1 1 1 1 1 1 1 1 1 1 1 1 1 1 1 1 1 1 1 1 1 1 1 1 1 1 1 1 1 1 1 1 1 1 1 1 1 1 1 1 1 1 1 1 1 1 1 1 1 1 1 1 1 1 1 1 1 1 1 1 1 1 1 1 1 1 1 1 1 1 1 1 1 1 1 1 1 1 1 1 1 1 1 1 1 1 1 1 1 1 1 1 1 1 1 1 1 1 1 1 1 1 1 1 1 1 1 1 1 1 1 1 1 1 1 1 1 1 1 1 1 1 1 1 1 1 1 1 1 1 1 1 1 1 1 1 1 1 1 1 1 1 1 1 1 1 1 1 1 1 1 1 1 1 1 1 1 1 1 1 1 1 1 1 1 1 1 1 1 1 1 1 1 1 1 1 1 1 1 1 1 1 1 1 1 1 1 1 1 1 1 1 1 1 1 1 1 1 1 1 1 1 1 1 1 1 1 1 1 1 1 1 1 1 1 1 1 1 1 1 1 1 1 1 1 1 1 1 1 1 1 1 1 1 1 1 1 1 1 1 1 1 1 1 1 1 1 1 1 1 1 1 1 1 1 1 1 1 1 1 1 1 1 1 1 1 1 1 1 1 1 1 1 1 1 1 1 1 1 1 1 1 1 1 1 1 1 1 1 1 1 1 1 1 1 1 1 1 1 1 1 1 1 1 1 1 1 1 1 1 1 1 1 1 1 1 1 1 1 1 1 1 1 1 1 1 1 1 1 1 1 1 1 1 1 1 1 1 1 1 1 1 1 1 1 1 1 1 1 1 1 1 1 1 1 1 1 1 1 1 1 1 1 1 1 1 1 1 1 1 1 1 1 1 1 1 1 1 1 1 1 1 1 1 1 1 1 1 1 1 1 1 1 1 1 1 1 1 1 1 1 1 1 1 1 1 1 1 1 1 1 1 1 1 1 1 1 1 1 1 1 1 1 1 1 1 1 1 1 1 1 1 1 1 1 1 1 1 1 1 1 1 1 1 1 1 1 1 1 1 1 1 1 1 1 1 1 1 1 1 1 1 1 1 1 1 1 1 1 1 1 1 1 1 1 1 1 1 1 1 1 1 1 1 1 1 1 1 1 1 1 1 1 1 1 1 1 1 1 1 1 1 1 1 1 1 1 1 1 1 1 1 1 1 1 1 1 1 1 1 1 1 1 1 1 1 1 1 1 1 1 1 1 1 1 1 1 1 1 1 1 1 1 1 1 1 1 1 1 1 1 1 1 1 1 1 1 1 1 1 1 1 1 1 1 1 1 1 1 1 1 1 1 1 1 1 1 1 1 1 1 1 1 1 1 1 1 1 1 1 1 1 1 1 1 1 1 1 1 1 1 1 1 1 1 1 1 1 1 1 1 1 1 1 1 1 1 1 1 1 1 1 1 1 1 1 1 1 1 1 1 1 1 1 1 1 1 1 1 1 1 1 1 1 1 1 1 1 1 1 1 1 1 1 1 1 1 1 1 1 1 1 1 1 1 1 1 1 1 1 1 1 1 1 1 1 1 1 1 1 1 1 1 1 1 1 1 1 1 1 1 1 1 1 1 1 1 1 1 1 1 1 1 1 1 1 1 1 1 1 1 1 1 1 1 1 1 1 1 1 1 1 1 1 1 1 1 1 1 1 1 1 1 1 1 1 1 1 1 1 1 1 1 1 1 1 1 1 1 1 1 1 1 1 1 1 1 1 1 1 1 1 1 1 1 1 1 1 1 1 1 1 1 1 1 1 1 1 1 1 1 1 1 1 1 1 1 1 1 1 1 1 1 1 1 1 1 1 1 1 1 1 1 1 1 1 1 1 1 1 1 1 1 1 1 1 1 1 1 1 1 1 1 1 1 1 1 1 1 1 1 1 1 1 1 1 1 1 1 1 1 1 1 1 1 1 1 1 1 1 1 1 1 1 1 1 1 1 1 1 1 1 1 1 1 1 1 1 1 1 1 1 1 1 1 1 1 1 1 1 1 1 1 1 1 1 1 1 1 1 1 1 1 1 1 1 1 1 1 1 1 1 1 1 1 1 1 1 1 1 1 1 1 1 1 1 1 1 1 1 1 1 1 1 1 1 1 1 1 1 1 1 1 1 1 1 1 1 1 1 1 1 1 1 1 1 1 1 1 1 1 1 1 1 1 1 1 1 1 1 1 1 1 1 1 1 1 1 1 1 1 1 1 1 1 1 1 1 1 1 1 1 1 1 1 1 1 1 1 1 1 1 1 1 1 1 1 1 1 1 1 1 1 1 1 1 1 1 1 1 1 1 1 1 1 1 1 1 1 1 1 1 1 1 1 1 1 1 1 1 1 1 1 1 1 1 1 1 1 1 1 1 1 1 1 1 1 1 1 1 1 1 1 1 1 1 1 1 1 1 1 1 1 1 1 1 1 1 1 1 1 1 1 1 1 1 1 1 1 1 1 1 1 1 1 1 1 1 1 1 1 1 1 1 1 1 1 1 1 1 1 1 1 1 1 1 1 1 1 1 1 1 1 1 1 1 1 1 1 1 1 1 1 1 1 1 1 1 1 1 1 1 1 1 1 1 1 1 1 1 1 1 1 1 1 1 1 1 1 1 1 1 1 1 1 1 1 1 1 1 1 1 1 1 1 1 1 1 1 1 1 1 1 1 1 1 1 1 1 1 1 1 1 1 1 1 1 1 1 1 1 1 1 1 1 1 1 1 1 1 1 1 1 1 1 1 1 1 1 1 1 1 1 1 1 1 1</float_array>
          <technique_common>
            <accessor source="#daewon_dcx_01a_15x7-mesh-colors-geom-steelwheel_01a_15x8-map0-array" count="5346" stride="4">
              <param name="R" type="float"/>
              <param name="G" type="float"/>
              <param name="B" type="float"/>
              <param name="A" type="float"/>
            </accessor>
          </technique_common>
        </source>
        <vertices id="daewon_dcx_01a_15x7-mesh-vertices">
          <input semantic="POSITION" source="#daewon_dcx_01a_15x7-mesh-positions"/>
        </vertices>
        <triangles material="daewon_dx8_01a-material" count="1782">
          <input semantic="VERTEX" source="#daewon_dcx_01a_15x7-mesh-vertices" offset="0"/>
          <input semantic="NORMAL" source="#daewon_dcx_01a_15x7-mesh-normals" offset="1"/>
          <input semantic="TEXCOORD" source="#daewon_dcx_01a_15x7-mesh-map-0" offset="2" set="0"/>
          <input semantic="COLOR" source="#daewon_dcx_01a_15x7-mesh-colors-geom-steelwheel_01a_15x8-map0" offset="3" set="0"/>
          <p>28 0 0 0 35 1 1 1 27 2 2 2 441 3 3 3 8 4 4 4 7 5 5 5 89 6 6 6 96 7 7 7 88 8 8 8 153 9 9 9 162 10 10 10 161 11 11 11 35 1 12 12 42 12 13 13 34 13 14 14 196 14 15 15 203 15 16 16 195 16 17 17 99 17 18 18 108 18 19 19 107 19 20 20 31 20 21 21 40 21 22 22 39 22 23 23 113 23 24 24 120 24 25 25 112 25 26 26 113 23 27 27 122 26 28 28 121 27 29 29 11 28 30 30 18 29 31 31 10 30 32 32 35 1 33 33 44 31 34 34 43 32 35 35 141 33 36 36 148 34 37 37 140 35 38 38 291 36 39 39 292 37 40 40 293 38 41 41 11 28 42 42 20 39 43 43 19 40 44 44 247 41 45 45 1 42 46 46 246 43 47 47 217 44 48 48 224 45 49 49 216 46 50 50 232 47 51 51 240 48 52 52 239 49 53 53 170 50 54 54 179 51 55 55 178 52 56 56 140 35 57 57 147 53 58 58 139 54 59 59 5 55 60 60 12 56 61 61 4 57 62 62 259 58 63 63 256 59 64 64 258 60 65 65 200 61 66 66 207 62 67 67 199 63 68 68 245 64 69 69 1 42 70 70 0 65 71 71 161 11 72 72 170 50 73 73 169 66 74 74 178 52 75 75 187 67 76 76 186 68 77 77 164 69 78 78 173 70 79 79 172 71 80 80 287 72 81 81 288 73 82 82 289 74 83 83 80 75 84 84 87 76 85 85 79 77 86 86 16 78 87 87 25 79 88 88 24 80 89 89 240 48 90 90 246 43 91 91 239 49 92 92 99 17 93 93 106 81 94 94 98 82 95 95 196 14 96 96 205 83 97 97 204 84 98 98 275 85 99 99 276 86 100 100 277 87 101 101 72 88 102 102 79 77 103 103 71 89 104 104 33 90 105 105 40 21 106 106 32 91 107 107 105 92 108 108 114 93 109 109 113 23 110 110 50 94 111 111 59 95 112 112 58 96 113 113 180 97 114 114 189 98 115 115 188 99 116 116 295 100 117 117 296 101 118 118 297 102 119 119 75 103 120 120 84 104 121 121 83 105 122 122 192 106 123 123 199 63 124 124 191 107 125 125 201 108 126 126 208 109 127 127 200 61 128 128 240 48 129 129 248 110 130 130 247 41 131 131 219 111 132 132 226 112 133 133 218 113 134 134 4 57 135 135 11 28 136 136 3 114 137 137 13 115 138 138 20 39 139 139 12 56 140 140 175 116 141 141 184 117 142 142 183 118 143 143 24 80 144 144 33 90 145 145 32 91 146 146 18 29 147 147 25 79 148 148 17 119 149 149 131 120 150 150 138 121 151 151 130 122 152 152 250 123 153 153 4 57 154 154 249 124 155 155 303 125 156 156 300 126 157 157 302 127 158 158 64 128 159 159 71 89 160 160 63 129 161 161 193 130 162 162 200 61 163 163 192 106 164 164 194 131 165 165 201 108 166 166 193 130 167 167 122 26 168 168 131 120 169 169 130 122 170 170 133 132 171 171 140 35 172 172 132 133 173 173 271 134 174 174 272 135 175 175 273 136 176 176 152 137 177 177 159 138 178 178 151 139 179 179 105 92 180 180 112 25 181 181 104 140 182 182 74 141 183 183 81 142 184 184 73 143 185 185 43 32 186 186 50 94 187 187 42 12 188 188 44 31 189 189 53 144 190 190 52 145 191 191 273 136 192 192 274 146 193 193 275 85 194 194 55 147 195 195 64 128 196 196 63 129 197 197 97 148 198 198 104 140 199 199 96 7 200 200 121 27 201 201 130 122 202 202 129 149 203 203 75 103 204 204 82 150 205 205 74 141 206 206 241 151 207 207 249 124 208 208 248 110 209 209 228 152 210 210 234 153 211 211 227 154 212 212 88 8 213 213 95 155 214 214 87 76 215 215 73 143 216 216 80 75 217 217 72 88 218 218 169 66 219 219 178 52 220 220 177 156 221 221 194 131 222 222 203 15 223 223 202 157 224 224 124 158 225 225 131 120 226 226 123 159 227 227 53 144 228 228 60 160 229 229 52 145 230 230 91 161 231 231 100 162 232 232 99 17 233 233 144 163 234 234 151 139 235 235 143 164 236 236 57 165 237 237 64 128 238 238 56 166 239 239 81 142 240 240 90 167 241 241 89 6 242 242 163 168 243 243 170 50 244 244 162 10 245 245 108 18 246 246 115 169 247 247 107 19 248 248 108 18 249 249 117 170 250 250 116 171 251 251 164 69 252 252 171 172 253 253 163 168 254 254 215 173 255 255 224 45 256 256 223 174 257 257 48 175 258 258 57 165 259 259 56 166 260 260 186 68 261 261 193 130 262 262 185 176 263 263 138 121 264 264 147 53 265 265 146 177 266 266 306 178 267 267 230 179 268 268 308 180 269 269 93 181 270 270 100 162 271 271 92 182 272 272 307 183 273 273 304 184 274 274 306 178 275 275 84 104 276 276 91 161 277 277 83 105 278 278 39 22 279 279 48 175 280 280 47 185 281 281 40 21 282 282 49 186 283 283 48 175 284 284 97 148 285 285 106 81 286 286 105 92 287 287 26 187 288 288 35 1 289 289 34 13 290 290 36 188 291 291 45 189 292 292 44 31 293 293 257 190 294 294 254 191 295 295 256 59 296 296 95 155 297 297 104 140 298 298 103 192 299 299 176 193 300 300 185 176 301 301 184 117 302 302 2 194 303 303 9 195 304 304 1 42 305 305 2 194 306 306 11 28 307 307 10 30 308 308 156 196 309 309 165 197 310 310 164 69 311 311 297 102 312 312 298 198 313 313 299 199 314 314 103 192 315 315 112 25 316 316 111 200 317 317 0 65 318 318 9 195 319 319 8 4 320 320 9 195 321 321 18 29 322 322 17 119 323 323 203 15 324 324 210 201 325 325 202 157 326 326 124 158 327 327 133 132 328 328 132 133 329 329 283 202 330 330 284 203 331 331 285 204 332 332 188 99 333 333 195 16 334 334 187 67 335 335 47 185 336 336 56 166 337 337 55 147 338 338 136 205 339 339 145 206 340 340 144 163 341 341 137 207 342 342 146 177 343 343 145 206 344 344 90 167 345 345 99 17 346 346 98 82 347 347 286 208 348 348 150 209 349 349 288 73 350 350 172 71 351 351 181 210 352 352 180 97 353 353 252 211 354 354 314 212 355 355 253 213 356 356 67 214 357 357 76 215 358 358 75 103 359 359 24 80 360 360 31 20 361 361 23 216 362 362 210 201 363 363 217 44 364 364 209 217 365 365 186 68 366 366 195 16 367 367 194 131 368 368 229 218 369 369 235 219 370 370 228 152 371 371 281 220 372 372 282 221 373 373 283 202 374 374 131 120 375 375 140 35 376 376 139 54 377 377 128 222 378 378 135 223 379 379 127 224 380 380 238 225 381 381 246 43 382 382 245 64 383 383 89 6 384 384 98 82 385 385 97 148 386 386 116 171 387 387 123 159 388 388 115 169 389 389 204 84 390 390 213 226 391 391 212 227 392 392 313 228 393 393 310 229 394 394 312 230 395 395 120 24 396 396 127 224 397 397 119 231 398 398 316 232 399 399 319 232 400 400 318 232 401 401 145 206 402 402 154 233 403 403 153 9 404 404 227 154 405 405 233 234 406 406 226 112 407 407 116 171 408 408 125 235 409 409 124 158 410 410 167 236 411 411 176 193 412 412 175 116 413 413 8 4 414 414 17 119 415 415 16 78 416 416 34 13 417 417 41 237 418 418 33 90 419 419 146 177 420 420 155 238 421 421 154 233 422 422 19 40 423 423 28 0 424 424 27 2 425 425 188 99 426 426 197 239 427 427 196 14 428 428 295 100 429 429 292 37 430 430 294 240 431 431 183 118 432 432 192 106 433 433 191 107 434 434 128 222 435 435 137 207 436 436 136 205 437 437 217 44 438 438 226 112 439 439 225 241 440 440 234 153 441 441 242 242 442 442 241 151 443 443 180 97 444 444 187 67 445 445 179 51 446 446 236 243 447 447 242 242 448 448 235 219 449 449 136 205 450 450 143 164 451 451 135 223 452 452 161 11 453 453 168 244 454 454 160 245 455 455 66 246 456 456 73 143 457 457 65 247 458 458 67 214 459 459 74 141 460 460 66 246 461 461 221 248 462 462 212 227 463 463 213 226 464 464 299 199 465 465 300 126 466 466 301 249 467 467 60 160 468 468 67 214 469 469 59 95 470 470 224 45 471 471 745 250 472 472 223 174 473 473 184 117 474 474 193 130 475 475 192 106 476 476 58 96 477 477 65 247 478 478 57 165 479 479 234 153 480 480 240 48 481 481 233 234 482 482 243 251 483 483 249 124 484 484 242 242 485 485 267 252 486 486 264 253 487 487 266 254 488 488 148 34 489 489 155 238 490 490 147 53 491 491 112 25 492 492 119 231 493 493 111 200 494 494 64 128 495 495 73 143 496 496 72 88 497 497 202 157 498 498 209 217 499 499 201 108 500 500 154 233 501 501 163 168 502 502 162 10 503 503 43 32 504 504 52 145 505 505 51 255 506 506 21 256 507 507 28 0 508 508 20 39 509 509 160 245 510 510 167 236 511 511 159 138 512 512 209 217 513 513 216 46 514 514 208 109 515 515 178 52 516 516 185 176 517 517 177 156 518 518 58 96 519 519 67 214 520 520 66 246 521 521 212 227 522 522 219 111 523 523 211 257 524 524 77 258 525 525 84 104 526 526 76 215 527 527 255 259 528 528 253 213 529 529 254 191 530 530 204 84 531 531 211 257 532 532 203 15 533 533 225 241 534 534 233 234 535 535 232 47 536 536 81 142 537 537 88 8 538 538 80 75 539 539 42 12 540 540 49 186 541 541 41 237 542 542 211 257 543 543 218 113 544 544 210 201 545 545 220 260 546 546 227 154 547 547 219 111 548 548 221 248 549 549 228 152 550 550 220 260 551 551 289 74 552 552 290 261 553 553 291 36 554 554 238 225 555 555 744 262 556 556 743 263 557 557 225 241 558 558 231 264 559 559 224 45 560 560 129 149 561 561 138 121 562 562 137 207 563 563 114 93 564 564 123 159 565 565 122 26 566 566 52 145 567 567 59 95 568 568 51 255 569 569 100 162 570 570 109 265 571 571 108 18 572 572 311 266 573 573 308 180 574 574 310 229 575 575 207 62 576 576 216 46 577 577 215 173 578 578 169 66 579 579 176 193 580 580 168 244 581 581 106 81 582 582 115 169 583 583 114 93 584 584 83 105 585 585 90 167 586 586 82 150 587 587 85 267 588 588 92 182 589 589 84 104 590 590 279 268 591 591 280 269 592 592 281 220 593 593 156 196 594 594 163 168 595 595 155 238 596 596 15 270 597 597 24 80 598 598 23 216 599 599 121 27 600 600 128 222 601 601 120 24 602 602 50 94 603 603 57 165 604 604 49 186 605 605 19 40 606 606 26 187 607 607 18 29 608 608 171 172 609 609 180 97 610 610 179 51 611 611 61 271 612 612 68 272 613 613 60 160 614 614 261 273 615 615 258 60 616 616 260 274 617 617 7 5 618 618 16 78 619 619 15 270 620 620 145 206 621 621 152 137 622 622 144 163 623 623 26 187 624 624 33 90 625 625 25 79 626 626 247 41 627 627 3 114 628 628 2 194 629 629 248 110 630 630 4 57 631 631 3 114 632 632 69 275 633 633 76 215 634 634 68 272 635 635 285 204 636 636 286 208 637 637 287 72 638 638 292 37 639 639 174 276 640 640 294 240 641 641 287 72 642 642 133 132 643 643 285 204 644 644 256 59 645 645 14 277 646 646 22 278 647 647 273 136 648 648 77 258 649 649 271 134 650 650 298 198 651 651 182 279 652 652 190 280 653 653 309 281 654 654 221 248 655 655 307 183 656 656 302 127 657 657 198 282 658 658 206 283 659 659 311 266 660 660 229 218 661 661 309 281 662 662 308 180 663 663 237 284 664 664 310 229 665 665 283 202 666 666 133 132 667 667 125 235 668 668 280 269 669 669 110 285 670 670 118 286 671 671 269 287 672 672 77 258 673 673 69 275 674 674 296 101 675 675 174 276 676 676 182 279 677 677 297 102 678 678 189 98 679 679 181 210 680 680 290 261 681 681 166 288 682 682 292 37 683 683 273 136 684 684 93 181 685 685 85 267 686 686 258 60 687 687 38 289 688 688 260 274 689 689 307 183 690 690 213 226 691 691 305 290 692 692 272 135 693 693 78 291 694 694 86 292 695 695 313 228 696 696 250 123 697 697 243 251 698 698 286 208 699 699 134 293 700 700 142 294 701 701 261 273 702 702 45 189 703 703 37 295 704 704 70 296 705 705 270 297 706 706 268 298 707 707 259 58 708 708 21 256 709 709 257 190 710 710 262 299 711 711 38 289 712 712 46 300 713 713 291 36 714 714 165 197 715 715 157 301 716 716 288 73 717 717 158 302 718 718 290 261 719 719 259 58 720 720 37 295 721 721 29 303 722 722 280 269 723 723 126 304 724 724 282 221 725 725 257 190 726 726 13 115 727 727 255 259 728 728 312 230 729 729 237 284 730 730 244 305 731 731 255 259 732 732 5 55 733 733 252 211 734 734 266 254 735 735 70 296 736 736 268 298 737 737 267 252 738 738 53 144 739 739 265 306 740 740 314 212 741 741 244 305 742 742 251 307 743 743 277 87 744 744 93 181 745 745 275 85 746 746 274 146 747 747 102 308 748 748 276 86 749 749 301 249 750 750 189 98 751 751 299 199 752 752 276 86 753 753 110 285 754 754 278 309 755 755 305 290 756 756 205 83 757 757 303 125 758 758 266 254 759 759 54 310 760 760 62 311 761 761 293 38 762 762 173 70 763 763 165 197 764 764 289 74 765 765 141 33 766 766 287 72 767 767 279 268 768 768 101 312 769 769 277 87 770 770 272 135 771 771 94 313 772 772 274 146 773 773 300 126 774 774 190 280 775 775 198 282 776 776 311 266 777 777 243 251 778 778 236 243 779 779 254 191 780 780 6 314 781 781 14 277 782 782 301 249 783 783 205 83 784 784 197 239 785 785 302 127 786 786 214 315 787 787 304 184 788 788 267 252 789 789 69 275 790 790 61 271 791 791 253 213 792 792 251 307 793 793 6 314 794 794 281 220 795 795 125 235 796 796 117 170 797 797 282 221 798 798 134 293 799 799 284 203 800 800 289 74 801 801 157 301 802 802 149 316 803 803 304 184 804 804 222 317 805 805 306 178 806 806 315 318 807 807 5 55 808 808 250 123 809 809 264 253 810 810 46 300 811 811 54 310 812 812 295 100 813 813 181 210 814 814 173 70 815 815 258 60 816 816 22 278 817 817 30 319 818 818 265 306 819 819 45 189 820 820 263 320 821 821 231 264 822 822 743 263 823 823 745 250 824 824 232 47 825 825 238 225 826 826 231 264 827 827 152 137 828 828 161 11 829 829 160 245 830 830 28 0 831 831 37 295 832 832 36 188 833 833 148 34 834 834 157 301 835 835 156 196 836 836 245 64 837 837 441 3 838 838 744 262 839 839 321 321 840 840 316 321 841 841 318 321 842 842 338 321 843 843 337 321 844 844 340 321 845 845 324 321 846 846 320 321 847 847 322 321 848 848 331 321 849 849 333 321 850 850 334 321 851 851 323 321 852 852 324 321 853 853 322 321 854 854 344 321 855 855 346 321 856 856 348 321 857 857 330 321 858 858 325 321 859 859 327 321 860 860 329 322 861 861 331 322 862 862 334 322 863 863 359 321 864 864 361 321 865 865 363 321 866 866 329 323 867 867 330 323 868 868 327 323 869 869 269 287 870 870 270 297 871 871 271 134 872 872 347 324 873 873 346 324 874 874 349 324 875 875 333 321 876 876 335 321 877 877 332 321 878 878 353 325 879 879 351 325 880 880 349 325 881 881 349 323 882 882 351 323 883 883 352 323 884 884 342 321 885 885 338 321 886 886 340 321 887 887 343 326 888 888 341 326 889 889 340 326 890 890 356 327 891 891 355 327 892 892 353 327 893 893 341 328 894 894 342 328 895 895 340 328 896 896 361 321 897 897 362 321 898 898 363 321 899 899 320 329 900 900 318 329 901 901 322 329 902 902 344 321 903 903 345 321 904 904 343 321 905 905 352 321 906 906 347 321 907 907 349 321 908 908 355 321 909 909 350 321 910 910 353 321 911 911 325 321 912 912 328 321 913 913 327 321 914 914 360 330 915 915 357 330 916 916 358 330 917 917 328 331 918 918 323 331 919 919 322 331 920 920 359 321 921 921 360 321 922 922 358 321 923 923 336 332 924 924 337 332 925 925 339 332 926 926 362 321 927 927 319 321 928 928 317 321 929 929 265 306 930 930 262 299 931 931 264 253 932 932 279 268 933 933 117 170 934 934 109 265 935 935 307 183 936 936 308 180 937 937 309 281 938 938 263 320 939 939 260 274 940 940 262 299 941 941 366 333 942 942 364 334 943 943 365 333 944 944 277 87 945 945 278 309 946 946 279 268 947 947 379 335 948 948 364 334 949 949 367 334 950 950 373 336 951 951 374 337 952 952 375 337 953 953 377 338 954 954 378 335 955 955 379 335 956 956 375 337 957 957 376 338 958 958 377 338 959 959 305 290 960 960 302 127 961 961 304 184 962 962 315 318 963 963 312 230 964 964 314 212 965 965 373 336 966 966 370 339 967 967 372 336 968 968 369 340 969 969 365 333 970 970 368 340 971 971 371 341 972 972 368 340 973 973 370 339 974 974 407 342 975 975 433 343 976 976 405 343 977 977 407 342 978 978 435 344 979 979 434 342 980 980 400 345 981 981 429 346 982 982 428 345 983 983 383 347 984 984 440 348 985 985 380 348 986 986 411 349 987 987 436 350 988 988 408 350 989 989 409 344 990 990 436 350 991 991 435 344 992 992 404 346 993 993 430 351 994 994 429 346 995 995 392 352 996 996 416 353 997 997 388 353 998 998 389 354 999 999 416 353 1000 1000 415 354 1001 1001 382 355 1002 1002 412 347 1003 1003 383 347 1004 1004 406 356 1005 1005 431 357 1006 1006 402 357 1007 1007 402 357 1008 1008 430 351 1009 1009 403 351 1010 1010 410 358 1011 1011 437 349 1012 1012 411 349 1013 1013 389 354 1014 1014 414 359 1015 1015 386 359 1016 1016 399 360 1017 1017 426 361 1018 1018 425 360 1019 1019 384 362 1020 1020 747 363 1021 1021 385 363 1022 1022 392 352 1023 1023 418 364 1024 1024 417 352 1025 1025 396 365 1026 1026 425 360 1027 1027 424 366 1028 1028 395 367 1029 1029 422 368 1030 1030 421 367 1031 1031 386 359 1032 1032 413 369 1033 1033 387 369 1034 1034 381 370 1035 1035 438 358 1036 1036 410 358 1037 1037 398 361 1038 1038 427 371 1039 1039 426 361 1040 1040 390 372 1041 1041 420 373 1042 1042 419 372 1043 1043 401 371 1044 1044 428 345 1045 1045 427 371 1046 1046 380 348 1047 1047 439 374 1048 1048 381 370 1049 1049 393 373 1050 1050 421 367 1051 1051 420 373 1052 1052 385 363 1053 1053 746 375 1054 1054 382 355 1055 1055 406 356 1056 1056 433 343 1057 1057 432 356 1058 1058 397 376 1059 1059 424 366 1060 1060 423 376 1061 1061 390 372 1062 1062 418 364 1063 1063 391 364 1064 1064 394 368 1065 1065 423 376 1066 1066 422 368 1067 1067 366 333 1068 1068 367 334 1069 1069 364 334 1070 1070 379 335 1071 1071 378 335 1072 1072 364 334 1073 1073 373 336 1074 1074 372 336 1075 1075 374 337 1076 1076 377 338 1077 1077 376 338 1078 1078 378 335 1079 1079 375 337 1080 1080 374 337 1081 1081 376 338 1082 1082 373 336 1083 1083 371 341 1084 1084 370 339 1085 1085 369 340 1086 1086 366 333 1087 1087 365 333 1088 1088 371 341 1089 1089 369 340 1090 1090 368 340 1091 1091 269 287 1092 1092 266 254 1093 1093 268 298 1094 1094 387 369 1095 1095 748 377 1096 1096 384 362 1097 1097 484 378 1098 1098 467 379 1099 1099 485 380 1100 1100 480 381 1101 1101 454 382 1102 1102 472 383 1103 1103 473 384 1104 1104 443 385 1105 1105 472 383 1106 1106 476 386 1107 1107 448 387 1108 1108 475 388 1109 1109 452 389 1110 1110 477 390 1111 1111 478 391 1112 1112 473 384 1113 1113 454 382 1114 1114 455 392 1115 1115 474 393 1116 1116 445 394 1117 1117 473 384 1118 1118 479 395 1119 1119 460 396 1120 1120 461 397 1121 1121 477 390 1122 1122 460 396 1123 1123 478 391 1124 1124 455 392 1125 1125 481 398 1126 1126 482 399 1127 1127 460 396 1128 1128 486 400 1129 1129 487 401 1130 1130 488 402 1131 1131 460 396 1132 1132 487 401 1133 1133 456 403 1134 1134 482 399 1135 1135 483 404 1136 1136 458 405 1137 1137 484 378 1138 1138 485 380 1139 1139 481 398 1140 1140 462 406 1141 1141 630 407 1142 1142 459 408 1143 1143 485 380 1144 1144 486 400 1145 1145 457 409 1146 1146 483 404 1147 1147 484 378 1148 1148 468 410 1149 1149 491 411 1150 1150 469 412 1151 1151 469 412 1152 1152 541 413 1153 1153 470 414 1154 1154 467 379 1155 1155 450 415 1156 1156 468 410 1157 1157 471 416 1158 1158 442 417 1159 1159 463 418 1160 1160 464 419 1161 1161 446 420 1162 1162 465 421 1163 1163 465 421 1164 1164 489 422 1165 1165 466 423 1166 1166 463 418 1167 1167 444 424 1168 1168 464 419 1169 1169 466 423 1170 1170 490 425 1171 1171 467 379 1172 1172 474 393 1173 1173 457 409 1174 1174 475 388 1175 1175 475 388 1176 1176 447 426 1177 1177 474 393 1178 1178 475 388 1179 1179 458 405 1180 1180 476 386 1181 1181 443 385 1182 1182 480 381 1183 1183 472 383 1184 1184 476 386 1185 1185 459 408 1186 1186 477 390 1187 1187 474 393 1188 1188 455 392 1189 1189 456 403 1190 1190 479 395 1191 1191 452 389 1192 1192 478 391 1193 1193 451 427 1194 1194 476 386 1195 1195 477 390 1196 1196 481 398 1197 1197 471 416 1198 1198 463 418 1199 1199 486 400 1200 1200 467 379 1201 1201 468 410 1202 1202 481 398 1203 1203 464 419 1204 1204 482 399 1205 1205 482 399 1206 1206 465 421 1207 1207 483 404 1208 1208 483 404 1209 1209 466 423 1210 1210 484 378 1211 1211 488 402 1212 1212 469 412 1213 1213 470 414 1214 1214 487 401 1215 1215 468 410 1216 1216 469 412 1217 1217 532 428 1218 1218 517 429 1219 1219 533 430 1220 1220 461 397 1221 1221 521 431 1222 1222 479 395 1223 1223 522 432 1224 1224 493 433 1225 1225 521 431 1226 1226 525 434 1227 1227 496 435 1228 1228 524 436 1229 1229 501 437 1230 1230 526 438 1231 1231 527 439 1232 1232 522 432 1233 1233 505 440 1234 1234 506 441 1235 1235 523 442 1236 1236 494 443 1237 1237 522 432 1238 1238 528 444 1239 1239 511 445 1240 1240 512 446 1241 1241 526 438 1242 1242 511 445 1243 1243 527 439 1244 1244 506 441 1245 1245 529 447 1246 1246 530 448 1247 1247 511 445 1248 1248 534 449 1249 1249 535 450 1250 1250 536 451 1251 1251 511 445 1252 1252 535 450 1253 1253 507 452 1254 1254 530 448 1255 1255 531 453 1256 1256 509 454 1257 1257 532 428 1258 1258 533 430 1259 1259 505 440 1260 1260 488 402 1261 1261 529 447 1262 1262 510 455 1263 1263 533 430 1264 1264 534 449 1265 1265 508 456 1266 1266 531 453 1267 1267 532 428 1268 1268 518 457 1269 1269 540 458 1270 1270 519 459 1271 1271 519 459 1272 1272 502 460 1273 1273 520 461 1274 1274 517 429 1275 1275 499 462 1276 1276 518 457 1277 1277 470 414 1278 1278 492 463 1279 1279 513 464 1280 1280 514 465 1281 1281 538 466 1282 1282 515 467 1283 1283 515 467 1284 1284 539 468 1285 1285 516 469 1286 1286 513 464 1287 1287 537 470 1288 1288 514 465 1289 1289 516 469 1290 1290 497 471 1291 1291 517 429 1292 1292 523 442 1293 1293 508 456 1294 1294 524 436 1295 1295 524 436 1296 1296 495 472 1297 1297 523 442 1298 1298 524 436 1299 1299 509 454 1300 1300 525 434 1301 1301 504 473 1302 1302 521 431 1303 1303 493 433 1304 1304 525 434 1305 1305 510 455 1306 1306 526 438 1307 1307 523 442 1308 1308 506 441 1309 1309 507 452 1310 1310 528 444 1311 1311 501 437 1312 1312 527 439 1313 1313 500 474 1314 1314 525 434 1315 1315 526 438 1316 1316 529 447 1317 1317 470 414 1318 1318 513 464 1319 1319 534 449 1320 1320 517 429 1321 1321 518 457 1322 1322 529 447 1323 1323 514 465 1324 1324 530 448 1325 1325 530 448 1326 1326 515 467 1327 1327 531 453 1328 1328 531 453 1329 1329 516 469 1330 1330 532 428 1331 1331 536 451 1332 1332 519 459 1333 1333 520 461 1334 1334 535 450 1335 1335 518 457 1336 1336 519 459 1337 1337 578 475 1338 1338 563 476 1339 1339 579 477 1340 1340 512 446 1341 1341 567 478 1342 1342 528 444 1343 1343 568 479 1344 1344 542 480 1345 1345 567 478 1346 1346 571 481 1347 1347 547 482 1348 1348 570 483 1349 1349 550 484 1350 1350 572 485 1351 1351 573 486 1352 1352 568 479 1353 1353 552 487 1354 1354 553 488 1355 1355 569 489 1356 1356 544 490 1357 1357 568 479 1358 1358 574 491 1359 1359 558 492 1360 1360 608 493 1361 1361 572 485 1362 1362 558 492 1363 1363 573 486 1364 1364 553 488 1365 1365 575 494 1366 1366 576 495 1367 1367 558 492 1368 1368 580 496 1369 1369 581 497 1370 1370 582 498 1371 1371 558 492 1372 1372 581 497 1373 1373 554 499 1374 1374 576 495 1375 1375 577 500 1376 1376 556 501 1377 1377 578 475 1378 1378 579 477 1379 1379 552 487 1380 1380 536 451 1381 1381 575 494 1382 1382 557 502 1383 1383 579 477 1384 1384 580 496 1385 1385 555 503 1386 1386 577 500 1387 1387 578 475 1388 1388 564 504 1389 1389 587 505 1390 1390 565 506 1391 1391 565 506 1392 1392 600 507 1393 1393 566 508 1394 1394 563 476 1395 1395 586 509 1396 1396 564 504 1397 1397 520 461 1398 1398 583 510 1399 1399 559 511 1400 1400 560 512 1401 1401 545 513 1402 1402 561 514 1403 1403 561 514 1404 1404 584 515 1405 1405 562 516 1406 1406 559 511 1407 1407 543 517 1408 1408 560 512 1409 1409 562 516 1410 1410 585 518 1411 1411 563 476 1412 1412 569 489 1413 1413 555 503 1414 1414 570 483 1415 1415 570 483 1416 1416 546 519 1417 1417 569 489 1418 1418 570 483 1419 1419 556 501 1420 1420 571 481 1421 1421 542 480 1422 1422 528 444 1423 1423 567 478 1424 1424 571 481 1425 1425 557 502 1426 1426 572 485 1427 1427 569 489 1428 1428 553 488 1429 1429 554 499 1430 1430 574 491 1431 1431 550 484 1432 1432 573 486 1433 1433 549 520 1434 1434 571 481 1435 1435 572 485 1436 1436 575 494 1437 1437 520 461 1438 1438 559 511 1439 1439 580 496 1440 1440 563 476 1441 1441 564 504 1442 1442 575 494 1443 1443 560 512 1444 1444 576 495 1445 1445 576 495 1446 1446 561 514 1447 1447 577 500 1448 1448 577 500 1449 1449 562 516 1450 1450 578 475 1451 1451 582 498 1452 1452 565 506 1453 1453 566 508 1454 1454 581 497 1455 1455 564 504 1456 1456 565 506 1457 1457 626 521 1458 1458 613 522 1459 1459 627 523 1460 1460 608 493 1461 1461 616 524 1462 1462 574 491 1463 1463 617 525 1464 1464 588 526 1465 1465 616 524 1466 1466 620 527 1467 1467 594 528 1468 1468 619 529 1469 1469 598 530 1470 1470 621 531 1471 1471 622 532 1472 1472 617 525 1473 1473 601 533 1474 1474 602 534 1475 1475 618 535 1476 1476 590 536 1477 1477 617 525 1478 1478 622 532 1479 1479 462 406 1480 1480 480 381 1481 1481 621 531 1482 1482 607 537 1483 1483 622 532 1484 1484 602 534 1485 1485 623 538 1486 1486 624 539 1487 1487 607 537 1488 1488 628 540 1489 1489 629 541 1490 1490 630 407 1491 1491 607 537 1492 1492 629 541 1493 1493 603 542 1494 1494 624 539 1495 1495 625 543 1496 1496 605 544 1497 1497 626 521 1498 1498 627 523 1499 1499 623 538 1500 1500 608 493 1501 1501 582 498 1502 1502 606 545 1503 1503 627 523 1504 1504 628 540 1505 1505 604 546 1506 1506 625 543 1507 1507 626 521 1508 1508 614 547 1509 1509 597 548 1510 1510 615 549 1511 1511 615 549 1512 1512 453 550 1513 1513 471 416 1514 1514 613 522 1515 1515 633 551 1516 1516 614 547 1517 1517 566 508 1518 1518 631 552 1519 1519 609 553 1520 1520 610 554 1521 1521 591 555 1522 1522 611 556 1523 1523 611 556 1524 1524 593 557 1525 1525 612 558 1526 1526 609 553 1527 1527 589 559 1528 1528 610 554 1529 1529 612 558 1530 1530 632 560 1531 1531 613 522 1532 1532 618 535 1533 1533 604 546 1534 1534 619 529 1535 1535 619 529 1536 1536 592 561 1537 1537 618 535 1538 1538 619 529 1539 1539 605 544 1540 1540 620 527 1541 1541 588 526 1542 1542 574 491 1543 1543 616 524 1544 1544 620 527 1545 1545 606 545 1546 1546 621 531 1547 1547 618 535 1548 1548 602 534 1549 1549 603 542 1550 1550 599 562 1551 1551 622 532 1552 1552 480 381 1553 1553 595 563 1554 1554 621 531 1555 1555 596 564 1556 1556 623 538 1557 1557 566 508 1558 1558 609 553 1559 1559 628 540 1560 1560 613 522 1561 1561 614 547 1562 1562 623 538 1563 1563 610 554 1564 1564 624 539 1565 1565 624 539 1566 1566 611 556 1567 1567 625 543 1568 1568 625 543 1569 1569 612 558 1570 1570 626 521 1571 1571 630 407 1572 1572 615 549 1573 1573 471 416 1574 1574 629 541 1575 1575 614 547 1576 1576 615 549 1577 1577 636 565 1578 1578 634 566 1579 1579 635 565 1580 1580 649 567 1581 1581 634 566 1582 1582 637 568 1583 1583 643 569 1584 1584 644 570 1585 1585 645 570 1586 1586 647 571 1587 1587 648 567 1588 1588 649 567 1589 1589 645 570 1590 1590 646 571 1591 1591 647 571 1592 1592 643 569 1593 1593 640 572 1594 1594 642 569 1595 1595 639 573 1596 1596 635 565 1597 1597 638 573 1598 1598 641 574 1599 1599 638 573 1600 1600 640 572 1601 1601 636 565 1602 1602 637 568 1603 1603 634 566 1604 1604 649 567 1605 1605 648 567 1606 1606 634 566 1607 1607 643 569 1608 1608 642 569 1609 1609 644 570 1610 1610 647 571 1611 1611 646 571 1612 1612 648 567 1613 1613 645 570 1614 1614 644 570 1615 1615 646 571 1616 1616 643 569 1617 1617 641 574 1618 1618 640 572 1619 1619 639 573 1620 1620 636 565 1621 1621 635 565 1622 1622 641 574 1623 1623 639 573 1624 1624 638 573 1625 1625 652 575 1626 1626 650 576 1627 1627 651 577 1628 1628 665 578 1629 1629 650 576 1630 1630 653 576 1631 1631 659 579 1632 1632 660 580 1633 1633 661 580 1634 1634 663 581 1635 1635 664 582 1636 1636 665 578 1637 1637 661 580 1638 1638 662 581 1639 1639 663 581 1640 1640 659 579 1641 1641 656 583 1642 1642 658 579 1643 1643 655 584 1644 1644 651 577 1645 1645 654 584 1646 1646 657 585 1647 1647 654 584 1648 1648 656 583 1649 1649 652 575 1650 1650 653 576 1651 1651 650 576 1652 1652 665 578 1653 1653 664 582 1654 1654 650 576 1655 1655 659 579 1656 1656 658 579 1657 1657 660 580 1658 1658 663 581 1659 1659 662 581 1660 1660 664 582 1661 1661 661 580 1662 1662 660 580 1663 1663 662 581 1664 1664 659 579 1665 1665 657 585 1666 1666 656 583 1667 1667 655 584 1668 1668 652 575 1669 1669 651 577 1670 1670 657 585 1671 1671 655 584 1672 1672 654 584 1673 1673 668 586 1674 1674 666 587 1675 1675 667 586 1676 1676 681 588 1677 1677 666 587 1678 1678 669 589 1679 1679 675 590 1680 1680 676 591 1681 1681 677 591 1682 1682 679 592 1683 1683 680 588 1684 1684 681 588 1685 1685 677 591 1686 1686 678 592 1687 1687 679 592 1688 1688 675 590 1689 1689 672 593 1690 1690 674 594 1691 1691 671 595 1692 1692 667 586 1693 1693 670 596 1694 1694 673 597 1695 1695 670 596 1696 1696 672 593 1697 1697 668 586 1698 1698 669 589 1699 1699 666 587 1700 1700 681 588 1701 1701 680 588 1702 1702 666 587 1703 1703 675 590 1704 1704 674 594 1705 1705 676 591 1706 1706 679 592 1707 1707 678 592 1708 1708 680 588 1709 1709 677 591 1710 1710 676 591 1711 1711 678 592 1712 1712 675 590 1713 1713 673 597 1714 1714 672 593 1715 1715 671 595 1716 1716 668 586 1717 1717 667 586 1718 1718 673 597 1719 1719 671 595 1720 1720 670 596 1721 1721 684 598 1722 1722 682 599 1723 1723 683 598 1724 1724 697 600 1725 1725 682 599 1726 1726 685 599 1727 1727 691 601 1728 1728 692 602 1729 1729 693 602 1730 1730 695 603 1731 1731 696 600 1732 1732 697 600 1733 1733 693 602 1734 1734 694 603 1735 1735 695 603 1736 1736 691 601 1737 1737 688 604 1738 1738 690 605 1739 1739 687 606 1740 1740 683 598 1741 1741 686 607 1742 1742 689 608 1743 1743 686 607 1744 1744 688 604 1745 1745 684 598 1746 1746 685 599 1747 1747 682 599 1748 1748 697 600 1749 1749 696 600 1750 1750 682 599 1751 1751 691 601 1752 1752 690 605 1753 1753 692 602 1754 1754 695 603 1755 1755 694 603 1756 1756 696 600 1757 1757 693 602 1758 1758 692 602 1759 1759 694 603 1760 1760 691 601 1761 1761 689 608 1762 1762 688 604 1763 1763 687 606 1764 1764 684 598 1765 1765 683 598 1766 1766 689 608 1767 1767 687 606 1768 1768 686 607 1769 1769 734 609 1770 1770 735 610 1771 1771 741 321 1772 1772 733 611 1773 1773 734 609 1774 1774 741 321 1775 1775 723 612 1776 1776 722 613 1777 1777 740 321 1778 1778 714 614 1779 1779 716 615 1780 1780 739 321 1781 1781 732 616 1782 1782 733 611 1783 1783 741 321 1784 1784 735 610 1785 1785 736 617 1786 1786 741 321 1787 1787 728 618 1788 1788 729 619 1789 1789 740 321 1790 1790 727 620 1791 1791 728 618 1792 1792 740 321 1793 1793 725 621 1794 1794 726 622 1795 1795 740 321 1796 1796 722 613 1797 1797 724 623 1798 1798 740 321 1799 1799 726 622 1800 1800 727 620 1801 1801 740 321 1802 1802 729 619 1803 1803 723 612 1804 1804 740 321 1805 1805 715 624 1806 1806 714 614 1807 1807 739 321 1808 1808 721 625 1809 1809 715 624 1810 1810 739 321 1811 1811 719 626 1812 1812 720 627 1813 1813 739 321 1814 1814 730 628 1815 1815 732 616 1816 1816 741 321 1817 1817 720 627 1818 1818 721 625 1819 1819 739 321 1820 1820 724 623 1821 1821 725 621 1822 1822 740 321 1823 1823 717 629 1824 1824 718 630 1825 1825 739 321 1826 1826 716 615 1827 1827 717 629 1828 1828 739 321 1829 1829 713 631 1830 1830 707 632 1831 1831 738 321 1832 1832 698 633 1833 1833 700 634 1834 1834 742 321 1835 1835 707 632 1836 1836 706 635 1837 1837 738 321 1838 1838 718 630 1839 1839 719 626 1840 1840 739 321 1841 1841 711 636 1842 1842 712 637 1843 1843 738 321 1844 1844 710 638 1845 1845 711 636 1846 1846 738 321 1847 1847 708 639 1848 1848 709 640 1849 1849 738 321 1850 1850 706 635 1851 1851 708 639 1852 1852 738 321 1853 1853 709 640 1854 1854 710 638 1855 1855 738 321 1856 1856 712 637 1857 1857 713 631 1858 1858 738 321 1859 1859 736 617 1860 1860 737 641 1861 1861 741 321 1862 1862 737 641 1863 1863 731 642 1864 1864 741 321 1865 1865 731 642 1866 1866 730 628 1867 1867 741 321 1868 1868 700 634 1869 1869 701 643 1870 1870 742 321 1871 1871 701 643 1872 1872 702 644 1873 1873 742 321 1874 1874 702 644 1875 1875 703 645 1876 1876 742 321 1877 1877 703 645 1878 1878 704 646 1879 1879 742 321 1880 1880 704 646 1881 1881 705 647 1882 1882 742 321 1883 1883 705 647 1884 1884 699 648 1885 1885 742 321 1886 1886 699 648 1887 1887 698 633 1888 1888 742 321 1889 1889 336 649 1890 1890 332 649 1891 1891 335 649 1892 1892 759 650 1893 1893 780 651 1894 1894 779 652 1895 1895 762 653 1896 1896 783 654 1897 1897 782 655 1898 1898 766 656 1899 1899 785 657 1900 1900 765 658 1901 1901 758 659 1902 1902 777 660 1903 1903 757 661 1904 1904 767 662 1905 1905 752 663 1906 1906 768 664 1907 1907 769 665 1908 1908 753 666 1909 1909 770 667 1910 1910 770 667 1911 1911 751 668 1912 1912 767 662 1913 1913 771 669 1914 1914 752 663 1915 1915 1016 670 1916 1916 772 671 1917 1917 754 672 1918 1918 773 673 1919 1919 774 674 1920 1920 754 672 1921 1921 755 675 1922 1922 774 674 1923 1923 756 676 1924 1924 775 677 1925 1925 776 678 1926 1926 756 676 1927 1927 788 679 1928 1928 771 669 1929 1929 750 670 1930 1930 772 671 1931 1931 769 665 1932 1932 788 679 1933 1933 749 679 1934 1934 761 680 1935 1935 782 655 1936 1936 781 681 1937 1937 764 682 1938 1938 783 654 1939 1939 763 683 1940 1940 760 684 1941 1941 777 660 1942 1942 780 651 1943 1943 759 650 1944 1944 786 685 1945 1945 766 656 1946 1946 764 682 1947 1947 785 657 1948 1948 784 686 1949 1949 761 680 1950 1950 778 687 1951 1951 758 659 1952 1952 758 659 1953 1953 767 662 1954 1954 768 664 1955 1955 759 650 1956 1956 770 667 1957 1957 760 684 1958 1958 760 684 1959 1959 767 662 1960 1960 757 661 1961 1961 761 680 1962 1962 768 664 1963 1963 771 669 1964 1964 763 683 1965 1965 772 671 1966 1966 773 673 1967 1967 763 683 1968 1968 774 674 1969 1969 764 682 1970 1970 765 658 1971 1971 774 674 1972 1972 775 677 1973 1973 765 658 1974 1974 776 678 1975 1975 766 656 1976 1976 761 680 1977 1977 772 671 1978 1978 762 653 1979 1979 759 650 1980 1980 776 678 1981 1981 769 665 1982 1982 798 688 1983 1983 819 689 1984 1984 818 690 1985 1985 801 691 1986 1986 822 692 1987 1987 821 693 1988 1988 805 694 1989 1989 824 695 1990 1990 804 696 1991 1991 797 697 1992 1992 816 698 1993 1993 796 699 1994 1994 806 700 1995 1995 791 701 1996 1996 807 702 1997 1997 808 703 1998 1998 792 704 1999 1999 809 705 2000 2000 809 705 2001 2001 790 706 2002 2002 806 700 2003 2003 810 707 2004 2004 791 701 2005 2005 749 679 2006 2006 811 708 2007 2007 793 709 2008 2008 812 710 2009 2009 813 711 2010 2010 793 709 2011 2011 794 712 2012 2012 813 711 2013 2013 795 713 2014 2014 814 714 2015 2015 815 715 2016 2016 795 713 2017 2017 789 716 2018 2018 810 707 2019 2019 788 679 2020 2020 811 708 2021 2021 808 703 2022 2022 789 716 2023 2023 787 716 2024 2024 800 717 2025 2025 821 693 2026 2026 820 718 2027 2027 803 719 2028 2028 822 692 2029 2029 802 720 2030 2030 799 721 2031 2031 816 698 2032 2032 819 689 2033 2033 798 688 2034 2034 825 722 2035 2035 805 694 2036 2036 803 719 2037 2037 824 695 2038 2038 823 723 2039 2039 800 717 2040 2040 817 724 2041 2041 797 697 2042 2042 797 697 2043 2043 806 700 2044 2044 807 702 2045 2045 798 688 2046 2046 809 705 2047 2047 799 721 2048 2048 799 721 2049 2049 806 700 2050 2050 796 699 2051 2051 800 717 2052 2052 807 702 2053 2053 810 707 2054 2054 802 720 2055 2055 811 708 2056 2056 812 710 2057 2057 802 720 2058 2058 813 711 2059 2059 803 719 2060 2060 804 696 2061 2061 813 711 2062 2062 814 714 2063 2063 804 696 2064 2064 815 715 2065 2065 805 694 2066 2066 800 717 2067 2067 811 708 2068 2068 801 691 2069 2069 798 688 2070 2070 815 715 2071 2071 808 703 2072 2072 836 725 2073 2073 857 726 2074 2074 856 727 2075 2075 839 728 2076 2076 860 729 2077 2077 859 730 2078 2078 843 731 2079 2079 862 732 2080 2080 842 733 2081 2081 835 734 2082 2082 854 735 2083 2083 834 736 2084 2084 844 737 2085 2085 829 738 2086 2086 845 739 2087 2087 846 740 2088 2088 830 741 2089 2089 847 742 2090 2090 847 742 2091 2091 828 743 2092 2092 844 737 2093 2093 848 744 2094 2094 829 738 2095 2095 787 716 2096 2096 849 745 2097 2097 831 746 2098 2098 850 747 2099 2099 851 748 2100 2100 831 746 2101 2101 832 749 2102 2102 851 748 2103 2103 833 750 2104 2104 852 751 2105 2105 853 752 2106 2106 833 750 2107 2107 827 753 2108 2108 848 744 2109 2109 789 716 2110 2110 849 745 2111 2111 846 740 2112 2112 827 753 2113 2113 826 753 2114 2114 838 754 2115 2115 859 730 2116 2116 858 755 2117 2117 841 756 2118 2118 860 729 2119 2119 840 757 2120 2120 837 758 2121 2121 854 735 2122 2122 857 726 2123 2123 836 725 2124 2124 863 759 2125 2125 843 731 2126 2126 841 756 2127 2127 862 732 2128 2128 861 760 2129 2129 838 754 2130 2130 855 761 2131 2131 835 734 2132 2132 835 734 2133 2133 844 737 2134 2134 845 739 2135 2135 836 725 2136 2136 847 742 2137 2137 837 758 2138 2138 837 758 2139 2139 844 737 2140 2140 834 736 2141 2141 838 754 2142 2142 845 739 2143 2143 848 744 2144 2144 840 757 2145 2145 849 745 2146 2146 850 747 2147 2147 840 757 2148 2148 851 748 2149 2149 841 756 2150 2150 842 733 2151 2151 851 748 2152 2152 852 751 2153 2153 842 733 2154 2154 853 752 2155 2155 843 731 2156 2156 838 754 2157 2157 849 745 2158 2158 839 728 2159 2159 836 725 2160 2160 853 752 2161 2161 846 740 2162 2162 873 762 2163 2163 894 763 2164 2164 893 764 2165 2165 876 765 2166 2166 897 766 2167 2167 896 767 2168 2168 880 768 2169 2169 899 769 2170 2170 879 770 2171 2171 872 771 2172 2172 891 772 2173 2173 871 773 2174 2174 881 774 2175 2175 866 775 2176 2176 882 776 2177 2177 883 777 2178 2178 867 778 2179 2179 884 779 2180 2180 884 779 2181 2181 865 780 2182 2182 881 774 2183 2183 885 781 2184 2184 866 775 2185 2185 826 753 2186 2186 886 782 2187 2187 868 783 2188 2188 887 784 2189 2189 888 785 2190 2190 868 783 2191 2191 869 786 2192 2192 888 785 2193 2193 870 787 2194 2194 889 788 2195 2195 890 789 2196 2196 870 787 2197 2197 864 790 2198 2198 885 781 2199 2199 827 753 2200 2200 886 782 2201 2201 883 777 2202 2202 864 790 2203 2203 903 790 2204 2204 875 791 2205 2205 896 767 2206 2206 895 792 2207 2207 878 793 2208 2208 897 766 2209 2209 877 794 2210 2210 874 795 2211 2211 891 772 2212 2212 894 763 2213 2213 873 762 2214 2214 900 796 2215 2215 880 768 2216 2216 878 793 2217 2217 899 769 2218 2218 898 797 2219 2219 875 791 2220 2220 892 798 2221 2221 872 771 2222 2222 872 771 2223 2223 881 774 2224 2224 882 776 2225 2225 873 762 2226 2226 884 779 2227 2227 874 795 2228 2228 874 795 2229 2229 881 774 2230 2230 871 773 2231 2231 875 791 2232 2232 882 776 2233 2233 885 781 2234 2234 877 794 2235 2235 886 782 2236 2236 887 784 2237 2237 877 794 2238 2238 888 785 2239 2239 878 793 2240 2240 879 770 2241 2241 888 785 2242 2242 889 788 2243 2243 879 770 2244 2244 890 789 2245 2245 880 768 2246 2246 875 791 2247 2247 886 782 2248 2248 876 765 2249 2249 873 762 2250 2250 890 789 2251 2251 883 777 2252 2252 912 799 2253 2253 933 800 2254 2254 932 801 2255 2255 915 802 2256 2256 936 803 2257 2257 935 804 2258 2258 919 805 2259 2259 938 806 2260 2260 918 807 2261 2261 911 808 2262 2262 930 686 2263 2263 910 809 2264 2264 920 810 2265 2265 905 811 2266 2266 921 812 2267 2267 922 813 2268 2268 906 814 2269 2269 923 815 2270 2270 923 815 2271 2271 904 816 2272 2272 920 810 2273 2273 924 817 2274 2274 905 811 2275 2275 903 790 2276 2276 925 818 2277 2277 907 819 2278 2278 926 820 2279 2279 927 821 2280 2280 907 819 2281 2281 908 822 2282 2282 927 821 2283 2283 909 823 2284 2284 928 824 2285 2285 929 825 2286 2286 909 823 2287 2287 902 826 2288 2288 924 817 2289 2289 864 790 2290 2290 925 818 2291 2291 922 813 2292 2292 902 826 2293 2293 901 826 2294 2294 914 827 2295 2295 935 804 2296 2296 934 828 2297 2297 917 829 2298 2298 936 803 2299 2299 916 830 2300 2300 913 831 2301 2301 930 686 2302 2302 933 800 2303 2303 912 799 2304 2304 939 832 2305 2305 919 805 2306 2306 917 829 2307 2307 938 806 2308 2308 937 660 2309 2309 914 827 2310 2310 931 833 2311 2311 911 808 2312 2312 911 808 2313 2313 920 810 2314 2314 921 812 2315 2315 912 799 2316 2316 923 815 2317 2317 913 831 2318 2318 913 831 2319 2319 920 810 2320 2320 910 809 2321 2321 914 827 2322 2322 921 812 2323 2323 924 817 2324 2324 916 830 2325 2325 925 818 2326 2326 926 820 2327 2327 916 830 2328 2328 927 821 2329 2329 917 829 2330 2330 918 807 2331 2331 927 821 2332 2332 928 824 2333 2333 918 807 2334 2334 929 825 2335 2335 919 805 2336 2336 914 827 2337 2337 925 818 2338 2338 915 802 2339 2339 912 799 2340 2340 929 825 2341 2341 922 813 2342 2342 950 834 2343 2343 971 835 2344 2344 970 836 2345 2345 953 837 2346 2346 974 838 2347 2347 973 839 2348 2348 957 840 2349 2349 976 841 2350 2350 956 842 2351 2351 949 843 2352 2352 968 723 2353 2353 948 844 2354 2354 958 845 2355 2355 943 846 2356 2356 959 847 2357 2357 960 848 2358 2358 944 849 2359 2359 961 850 2360 2360 961 850 2361 2361 942 851 2362 2362 958 845 2363 2363 962 852 2364 2364 943 846 2365 2365 901 826 2366 2366 963 853 2367 2367 945 854 2368 2368 964 855 2369 2369 965 856 2370 2370 945 854 2371 2371 946 857 2372 2372 965 856 2373 2373 947 858 2374 2374 966 859 2375 2375 967 860 2376 2376 947 858 2377 2377 941 861 2378 2378 962 852 2379 2379 902 826 2380 2380 963 853 2381 2381 960 848 2382 2382 941 861 2383 2383 940 861 2384 2384 952 862 2385 2385 973 839 2386 2386 972 863 2387 2387 955 864 2388 2388 974 838 2389 2389 954 865 2390 2390 951 866 2391 2391 968 723 2392 2392 971 835 2393 2393 950 834 2394 2394 977 867 2395 2395 957 840 2396 2396 955 864 2397 2397 976 841 2398 2398 975 698 2399 2399 952 862 2400 2400 969 868 2401 2401 949 843 2402 2402 949 843 2403 2403 958 845 2404 2404 959 847 2405 2405 950 834 2406 2406 961 850 2407 2407 951 866 2408 2408 951 866 2409 2409 958 845 2410 2410 948 844 2411 2411 952 862 2412 2412 959 847 2413 2413 962 852 2414 2414 954 865 2415 2415 963 853 2416 2416 964 855 2417 2417 954 865 2418 2418 965 856 2419 2419 955 864 2420 2420 956 842 2421 2421 965 856 2422 2422 966 859 2423 2423 956 842 2424 2424 967 860 2425 2425 957 840 2426 2426 952 862 2427 2427 963 853 2428 2428 953 837 2429 2429 950 834 2430 2430 967 860 2431 2431 960 848 2432 2432 988 869 2433 2433 1009 870 2434 2434 1008 871 2435 2435 991 872 2436 2436 1012 873 2437 2437 1011 874 2438 2438 995 875 2439 2439 1014 876 2440 2440 994 877 2441 2441 987 878 2442 2442 1006 760 2443 2443 986 879 2444 2444 996 880 2445 2445 981 881 2446 2446 997 882 2447 2447 998 883 2448 2448 982 884 2449 2449 999 885 2450 2450 999 885 2451 2451 980 886 2452 2452 996 880 2453 2453 1000 887 2454 2454 981 881 2455 2455 940 861 2456 2456 1001 888 2457 2457 983 889 2458 2458 1002 890 2459 2459 1003 891 2460 2460 983 889 2461 2461 984 892 2462 2462 1003 891 2463 2463 985 893 2464 2464 1004 894 2465 2465 1005 895 2466 2466 985 893 2467 2467 979 896 2468 2468 1000 887 2469 2469 941 861 2470 2470 1001 888 2471 2471 998 883 2472 2472 979 896 2473 2473 978 896 2474 2474 990 897 2475 2475 1011 874 2476 2476 1010 898 2477 2477 993 899 2478 2478 1012 873 2479 2479 992 900 2480 2480 989 901 2481 2481 1006 760 2482 2482 1009 870 2483 2483 988 869 2484 2484 1015 902 2485 2485 995 875 2486 2486 993 899 2487 2487 1014 876 2488 2488 1013 735 2489 2489 990 897 2490 2490 1007 903 2491 2491 987 878 2492 2492 987 878 2493 2493 996 880 2494 2494 997 882 2495 2495 988 869 2496 2496 999 885 2497 2497 989 901 2498 2498 989 901 2499 2499 996 880 2500 2500 986 879 2501 2501 990 897 2502 2502 997 882 2503 2503 1000 887 2504 2504 992 900 2505 2505 1001 888 2506 2506 1002 890 2507 2507 992 900 2508 2508 1003 891 2509 2509 993 899 2510 2510 994 877 2511 2511 1003 891 2512 2512 1004 894 2513 2513 994 877 2514 2514 1005 895 2515 2515 995 875 2516 2516 990 897 2517 2517 1001 888 2518 2518 991 872 2519 2519 988 869 2520 2520 1005 895 2521 2521 998 883 2522 2522 1025 904 2523 2523 1046 905 2524 2524 1045 906 2525 2525 1028 907 2526 2526 1049 908 2527 2527 1048 909 2528 2528 1032 910 2529 2529 1051 911 2530 2530 1031 912 2531 2531 1024 913 2532 2532 1043 797 2533 2533 1023 914 2534 2534 1033 915 2535 2535 1018 916 2536 2536 1034 917 2537 2537 1035 918 2538 2538 1019 919 2539 2539 1036 920 2540 2540 1036 920 2541 2541 1017 921 2542 2542 1033 915 2543 2543 1037 922 2544 2544 1018 916 2545 2545 978 896 2546 2546 1038 923 2547 2547 1020 924 2548 2548 1039 925 2549 2549 1040 926 2550 2550 1020 924 2551 2551 1021 927 2552 2552 1040 926 2553 2553 1022 928 2554 2554 1041 929 2555 2555 1042 930 2556 2556 1022 928 2557 2557 750 670 2558 2558 1037 922 2559 2559 979 896 2560 2560 1038 923 2561 2561 1035 918 2562 2562 750 670 2563 2563 1016 670 2564 2564 1027 931 2565 2565 1048 909 2566 2566 1047 932 2567 2567 1030 933 2568 2568 1049 908 2569 2569 1029 934 2570 2570 1026 935 2571 2571 1043 797 2572 2572 1046 905 2573 2573 1025 904 2574 2574 1052 936 2575 2575 1032 910 2576 2576 1030 933 2577 2577 1051 911 2578 2578 1050 772 2579 2579 1027 931 2580 2580 1044 937 2581 2581 1024 913 2582 2582 1024 913 2583 2583 1033 915 2584 2584 1034 917 2585 2585 1025 904 2586 2586 1036 920 2587 2587 1026 935 2588 2588 1026 935 2589 2589 1033 915 2590 2590 1023 914 2591 2591 1027 931 2592 2592 1034 917 2593 2593 1037 922 2594 2594 1029 934 2595 2595 1038 923 2596 2596 1039 925 2597 2597 1029 934 2598 2598 1040 926 2599 2599 1030 933 2600 2600 1031 912 2601 2601 1040 926 2602 2602 1041 929 2603 2603 1031 912 2604 2604 1042 930 2605 2605 1032 910 2606 2606 1027 931 2607 2607 1038 923 2608 2608 1028 907 2609 2609 1025 904 2610 2610 1042 930 2611 2611 1035 918 2612 2612 1134 938 2613 2613 1139 938 2614 2614 1140 938 2615 2615 1144 938 2616 2616 1149 938 2617 2617 1150 938 2618 2618 1154 938 2619 2619 1159 938 2620 2620 1160 938 2621 2621 1164 938 2622 2622 1089 938 2623 2623 1090 938 2624 2624 1094 938 2625 2625 1099 938 2626 2626 1100 938 2627 2627 1104 938 2628 2628 1109 938 2629 2629 1110 938 2630 2630 1114 938 2631 2631 1119 938 2632 2632 1120 938 2633 2633 1124 938 2634 2634 1129 938 2635 2635 1130 938 2636 2636 1090 938 2637 2637 1091 938 2638 2638 1165 938 2639 2639 1091 938 2640 2640 1092 938 2641 2641 1165 938 2642 2642 1092 938 2643 2643 1093 938 2644 2644 1165 938 2645 2645 1093 938 2646 2646 1094 938 2647 2647 1165 938 2648 2648 1094 938 2649 2649 1100 938 2650 2650 1165 938 2651 2651 1100 938 2652 2652 1101 938 2653 2653 1165 938 2654 2654 1101 938 2655 2655 1102 938 2656 2656 1165 938 2657 2657 1102 938 2658 2658 1103 938 2659 2659 1165 938 2660 2660 1103 938 2661 2661 1104 938 2662 2662 1165 938 2663 2663 1104 938 2664 2664 1110 938 2665 2665 1165 938 2666 2666 1110 938 2667 2667 1111 938 2668 2668 1165 938 2669 2669 1111 938 2670 2670 1112 938 2671 2671 1165 938 2672 2672 1112 938 2673 2673 1113 938 2674 2674 1165 938 2675 2675 1113 938 2676 2676 1114 938 2677 2677 1165 938 2678 2678 1114 938 2679 2679 1120 938 2680 2680 1165 938 2681 2681 1120 938 2682 2682 1121 938 2683 2683 1165 938 2684 2684 1121 938 2685 2685 1122 938 2686 2686 1165 938 2687 2687 1122 938 2688 2688 1123 938 2689 2689 1165 938 2690 2690 1123 938 2691 2691 1124 938 2692 2692 1165 938 2693 2693 1124 938 2694 2694 1130 938 2695 2695 1165 938 2696 2696 1130 938 2697 2697 1131 938 2698 2698 1165 938 2699 2699 1131 938 2700 2700 1132 938 2701 2701 1165 938 2702 2702 1132 938 2703 2703 1133 938 2704 2704 1165 938 2705 2705 1133 938 2706 2706 1134 938 2707 2707 1165 938 2708 2708 1134 938 2709 2709 1140 938 2710 2710 1165 938 2711 2711 1140 938 2712 2712 1141 938 2713 2713 1165 938 2714 2714 1141 938 2715 2715 1142 938 2716 2716 1165 938 2717 2717 1142 938 2718 2718 1143 938 2719 2719 1165 938 2720 2720 1143 938 2721 2721 1144 938 2722 2722 1165 938 2723 2723 1144 938 2724 2724 1150 938 2725 2725 1165 938 2726 2726 1150 938 2727 2727 1151 938 2728 2728 1165 938 2729 2729 1151 938 2730 2730 1152 938 2731 2731 1165 938 2732 2732 1152 938 2733 2733 1153 938 2734 2734 1165 938 2735 2735 1153 938 2736 2736 1154 938 2737 2737 1165 938 2738 2738 1154 938 2739 2739 1160 938 2740 2740 1165 938 2741 2741 1160 938 2742 2742 1161 938 2743 2743 1165 938 2744 2744 1161 938 2745 2745 1162 938 2746 2746 1165 938 2747 2747 1162 938 2748 2748 1163 938 2749 2749 1165 938 2750 2750 1163 938 2751 2751 1164 938 2752 2752 1165 938 2753 2753 1164 938 2754 2754 1090 938 2755 2755 1165 938 2756 2756 1055 938 2757 2757 1054 938 2758 2758 1158 938 2759 2759 1084 938 2760 2760 1087 938 2761 2761 1088 938 2762 2762 1083 938 2763 2763 1099 938 2764 2764 1087 938 2765 2765 1079 938 2766 2766 1096 938 2767 2767 1099 938 2768 2768 1078 938 2769 2769 1096 938 2770 2770 1079 938 2771 2771 1077 938 2772 2772 1095 938 2773 2773 1078 938 2774 2774 1077 938 2775 2775 1097 938 2776 2776 1098 938 2777 2777 1082 938 2778 2778 1109 938 2779 2779 1097 938 2780 2780 1081 938 2781 2781 1106 938 2782 2782 1109 938 2783 2783 1076 938 2784 2784 1106 938 2785 2785 1081 938 2786 2786 1057 938 2787 2787 1080 938 2788 2788 1085 938 2789 2789 1075 938 2790 2790 1107 938 2791 2791 1108 938 2792 2792 1074 938 2793 2793 1119 938 2794 2794 1107 938 2795 2795 1073 938 2796 2796 1116 938 2797 2797 1119 938 2798 2798 1060 938 2799 2799 1056 938 2800 2800 1148 938 2801 2801 1070 938 2802 2802 1115 938 2803 2803 1071 938 2804 2804 1070 938 2805 2805 1117 938 2806 2806 1118 938 2807 2807 1072 938 2808 2808 1129 938 2809 2809 1117 938 2810 2810 1064 938 2811 2811 1126 938 2812 2812 1129 938 2813 2813 1068 938 2814 2814 1126 938 2815 2815 1064 938 2816 2816 1063 938 2817 2817 1125 938 2818 2818 1068 938 2819 2819 1063 938 2820 2820 1127 938 2821 2821 1128 938 2822 2822 1062 938 2823 2823 1139 938 2824 2824 1127 938 2825 2825 1067 938 2826 2826 1136 938 2827 2827 1139 938 2828 2828 1066 938 2829 2829 1136 938 2830 2830 1067 938 2831 2831 1065 938 2832 2832 1135 938 2833 2833 1066 938 2834 2834 1065 938 2835 2835 1137 938 2836 2836 1138 938 2837 2837 1061 938 2838 2838 1149 938 2839 2839 1137 938 2840 2840 1069 938 2841 2841 1146 938 2842 2842 1149 938 2843 2843 1060 938 2844 2844 1146 938 2845 2845 1069 938 2846 2846 1080 938 2847 2847 1084 938 2848 2848 1088 938 2849 2849 1056 938 2850 2850 1147 938 2851 2851 1148 938 2852 2852 1059 938 2853 2853 1159 938 2854 2854 1147 938 2855 2855 1058 938 2856 2856 1156 938 2857 2857 1159 938 2858 2858 1055 938 2859 2859 1156 938 2860 2860 1058 938 2861 2861 1054 938 2862 2862 1157 938 2863 2863 1158 938 2864 2864 1053 938 2865 2865 1089 938 2866 2866 1157 938 2867 2867 1057 938 2868 2868 1086 938 2869 2869 1089 938 2870 2870 1073 938 2871 2871 1071 938 2872 2872 1115 938 2873 2873 1085 938 2874 2874 1080 938 2875 2875 1088 938 2876 2876 1084 938 2877 2877 1083 938 2878 2878 1087 938 2879 2879 1083 938 2880 2880 1079 938 2881 2881 1099 938 2882 2882 1078 938 2883 2883 1095 938 2884 2884 1096 938 2885 2885 1077 938 2886 2886 1098 938 2887 2887 1095 938 2888 2888 1077 938 2889 2889 1082 938 2890 2890 1097 938 2891 2891 1082 938 2892 2892 1081 938 2893 2893 1109 938 2894 2894 1076 938 2895 2895 1105 938 2896 2896 1106 938 2897 2897 1105 938 2898 2898 1076 938 2899 2899 1108 938 2900 2900 1075 938 2901 2901 1074 938 2902 2902 1107 938 2903 2903 1074 938 2904 2904 1073 938 2905 2905 1119 938 2906 2906 1116 938 2907 2907 1073 938 2908 2908 1115 938 2909 2909 1070 938 2910 2910 1118 938 2911 2911 1115 938 2912 2912 1070 938 2913 2913 1072 938 2914 2914 1117 938 2915 2915 1072 938 2916 2916 1064 938 2917 2917 1129 938 2918 2918 1068 938 2919 2919 1125 938 2920 2920 1126 938 2921 2921 1063 938 2922 2922 1128 938 2923 2923 1125 938 2924 2924 1063 938 2925 2925 1062 938 2926 2926 1127 938 2927 2927 1062 938 2928 2928 1067 938 2929 2929 1139 938 2930 2930 1066 938 2931 2931 1135 938 2932 2932 1136 938 2933 2933 1065 938 2934 2934 1138 938 2935 2935 1135 938 2936 2936 1065 938 2937 2937 1061 938 2938 2938 1137 938 2939 2939 1061 938 2940 2940 1069 938 2941 2941 1149 938 2942 2942 1060 938 2943 2943 1145 938 2944 2944 1146 938 2945 2945 1145 938 2946 2946 1060 938 2947 2947 1148 938 2948 2948 1056 938 2949 2949 1059 938 2950 2950 1147 938 2951 2951 1059 938 2952 2952 1058 938 2953 2953 1159 938 2954 2954 1055 938 2955 2955 1155 938 2956 2956 1156 938 2957 2957 1155 938 2958 2958 1055 938 2959 2959 1158 938 2960 2960 1054 938 2961 2961 1053 938 2962 2962 1157 938 2963 2963 1053 938 2964 2964 1057 938 2965 2965 1089 938 2966 2966 1086 938 2967 2967 1057 938 2968 2968 1085 938 2969 2969 1076 938 2970 2970 1075 938 2971 2971 1108 938 2972 2972 357 321 2973 2973 356 321 2974 2974 358 321 2975 2975 1189 939 2976 2976 1195 940 2977 2977 1184 941 2978 2978 1166 942 2979 2979 1184 941 2980 2980 1168 943 2981 2981 1181 944 2982 2982 1183 945 2983 2983 1197 946 2984 2984 1170 947 2985 2985 1192 948 2986 2986 1169 949 2987 2987 1181 944 2988 2988 1193 950 2989 2989 1167 951 2990 2990 1167 951 2991 2991 1191 952 2992 2992 1166 942 2993 2993 1179 953 2994 2994 1183 945 2995 2995 1180 954 2996 2996 1171 955 2997 2997 1195 940 2998 2998 1172 956 2999 2999 1179 953 3000 3000 1194 957 3001 3001 1182 958 3002 3002 1170 947 3003 3003 1184 941 3004 3004 1185 959 3005 3005 1172 956 3006 3006 1186 960 3007 3007 1173 961 3008 3008 1173 961 3009 3009 1187 962 3010 3010 1174 963 3011 3011 1177 964 3012 3012 1194 957 3013 3013 1178 965 3014 3014 1175 966 3015 3015 1187 962 3016 3016 1188 967 3017 3017 1171 955 3018 3018 1192 948 3019 3019 1196 968 3020 3020 1177 964 3021 3021 1189 939 3022 3022 1190 969 3023 3023 1176 970 3024 3024 1188 967 3025 3025 1189 939 3026 3026 28 0 3027 3027 36 188 3028 3028 35 1 3029 3029 441 3 3030 3030 0 65 3031 3031 8 4 3032 3032 89 6 3033 3033 97 148 3034 3034 96 7 3035 3035 153 9 3036 3036 154 233 3037 3037 162 10 3038 3038 35 1 3039 3039 43 32 3040 3040 42 12 3041 3041 196 14 3042 3042 204 84 3043 3043 203 15 3044 3044 99 17 3045 3045 100 162 3046 3046 108 18 3047 3047 31 20 3048 3048 32 91 3049 3049 40 21 3050 3050 113 23 3051 3051 121 27 3052 3052 120 24 3053 3053 113 23 3054 3054 114 93 3055 3055 122 26 3056 3056 11 28 3057 3057 19 40 3058 3058 18 29 3059 3059 35 1 3060 3060 36 188 3061 3061 44 31 3062 3062 141 33 3063 3063 149 316 3064 3064 148 34 3065 3065 291 36 3066 3066 290 261 3067 3067 292 37 3068 3068 11 28 3069 3069 12 56 3070 3070 20 39 3071 3071 247 41 3072 3072 2 194 3073 3073 1 42 3074 3074 217 44 3075 3075 225 241 3076 3076 224 45 3077 3077 232 47 3078 3078 233 234 3079 3079 240 48 3080 3080 170 50 3081 3081 171 172 3082 3082 179 51 3083 3083 140 35 3084 3084 148 34 3085 3085 147 53 3086 3086 5 55 3087 3087 13 115 3088 3088 12 56 3089 3089 259 58 3090 3090 257 190 3091 3091 256 59 3092 3092 200 61 3093 3093 208 109 3094 3094 207 62 3095 3095 245 64 3096 3096 246 43 3097 3097 1 42 3098 3098 161 11 3099 3099 162 10 3100 3100 170 50 3101 3101 178 52 3102 3102 179 51 3103 3103 187 67 3104 3104 164 69 3105 3105 165 197 3106 3106 173 70 3107 3107 287 72 3108 3108 286 208 3109 3109 288 73 3110 3110 80 75 3111 3111 88 8 3112 3112 87 76 3113 3113 16 78 3114 3114 17 119 3115 3115 25 79 3116 3116 240 48 3117 3117 247 41 3118 3118 246 43 3119 3119 99 17 3120 3120 107 19 3121 3121 106 81 3122 3122 196 14 3123 3123 197 239 3124 3124 205 83 3125 3125 275 85 3126 3126 274 146 3127 3127 276 86 3128 3128 72 88 3129 3129 80 75 3130 3130 79 77 3131 3131 33 90 3132 3132 41 237 3133 3133 40 21 3134 3134 105 92 3135 3135 106 81 3136 3136 114 93 3137 3137 50 94 3138 3138 51 255 3139 3139 59 95 3140 3140 180 97 3141 3141 181 210 3142 3142 189 98 3143 3143 295 100 3144 3144 294 240 3145 3145 296 101 3146 3146 75 103 3147 3147 76 215 3148 3148 84 104 3149 3149 192 106 3150 3150 200 61 3151 3151 199 63 3152 3152 201 108 3153 3153 209 217 3154 3154 208 109 3155 3155 240 48 3156 3156 241 151 3157 3157 248 110 3158 3158 219 111 3159 3159 227 154 3160 3160 226 112 3161 3161 4 57 3162 3162 12 56 3163 3163 11 28 3164 3164 13 115 3165 3165 21 256 3166 3166 20 39 3167 3167 175 116 3168 3168 176 193 3169 3169 184 117 3170 3170 24 80 3171 3171 25 79 3172 3172 33 90 3173 3173 18 29 3174 3174 26 187 3175 3175 25 79 3176 3176 131 120 3177 3177 139 54 3178 3178 138 121 3179 3179 250 123 3180 3180 5 55 3181 3181 4 57 3182 3182 303 125 3183 3183 301 249 3184 3184 300 126 3185 3185 64 128 3186 3186 72 88 3187 3187 71 89 3188 3188 193 130 3189 3189 201 108 3190 3190 200 61 3191 3191 194 131 3192 3192 202 157 3193 3193 201 108 3194 3194 122 26 3195 3195 123 159 3196 3196 131 120 3197 3197 133 132 3198 3198 141 33 3199 3199 140 35 3200 3200 271 134 3201 3201 270 297 3202 3202 272 135 3203 3203 152 137 3204 3204 160 245 3205 3205 159 138 3206 3206 105 92 3207 3207 113 23 3208 3208 112 25 3209 3209 74 141 3210 3210 82 150 3211 3211 81 142 3212 3212 43 32 3213 3213 51 255 3214 3214 50 94 3215 3215 44 31 3216 3216 45 189 3217 3217 53 144 3218 3218 273 136 3219 3219 272 135 3220 3220 274 146 3221 3221 55 147 3222 3222 56 166 3223 3223 64 128 3224 3224 97 148 3225 3225 105 92 3226 3226 104 140 3227 3227 121 27 3228 3228 122 26 3229 3229 130 122 3230 3230 75 103 3231 3231 83 105 3232 3232 82 150 3233 3233 241 151 3234 3234 242 242 3235 3235 249 124 3236 3236 228 152 3237 3237 235 219 3238 3238 234 153 3239 3239 88 8 3240 3240 96 7 3241 3241 95 155 3242 3242 73 143 3243 3243 81 142 3244 3244 80 75 3245 3245 169 66 3246 3246 170 50 3247 3247 178 52 3248 3248 194 131 3249 3249 195 16 3250 3250 203 15 3251 3251 124 158 3252 3252 132 133 3253 3253 131 120 3254 3254 53 144 3255 3255 61 271 3256 3256 60 160 3257 3257 91 161 3258 3258 92 182 3259 3259 100 162 3260 3260 144 163 3261 3261 152 137 3262 3262 151 139 3263 3263 57 165 3264 3264 65 247 3265 3265 64 128 3266 3266 81 142 3267 3267 82 150 3268 3268 90 167 3269 3269 163 168 3270 3270 171 172 3271 3271 170 50 3272 3272 108 18 3273 3273 116 171 3274 3274 115 169 3275 3275 108 18 3276 3276 109 265 3277 3277 117 170 3278 3278 164 69 3279 3279 172 71 3280 3280 171 172 3281 3281 215 173 3282 3282 216 46 3283 3283 224 45 3284 3284 48 175 3285 3285 49 186 3286 3286 57 165 3287 3287 186 68 3288 3288 194 131 3289 3289 193 130 3290 3290 138 121 3291 3291 139 54 3292 3292 147 53 3293 3293 306 178 3294 3294 222 317 3295 3295 230 179 3296 3296 93 181 3297 3297 101 312 3298 3298 100 162 3299 3299 307 183 3300 3300 305 290 3301 3301 304 184 3302 3302 84 104 3303 3303 92 182 3304 3304 91 161 3305 3305 39 22 3306 3306 40 21 3307 3307 48 175 3308 3308 40 21 3309 3309 41 237 3310 3310 49 186 3311 3311 97 148 3312 3312 98 82 3313 3313 106 81 3314 3314 26 187 3315 3315 27 2 3316 3316 35 1 3317 3317 36 188 3318 3318 37 295 3319 3319 45 189 3320 3320 257 190 3321 3321 255 259 3322 3322 254 191 3323 3323 95 155 3324 3324 96 7 3325 3325 104 140 3326 3326 176 193 3327 3327 177 156 3328 3328 185 176 3329 3329 2 194 3330 3330 10 30 3331 3331 9 195 3332 3332 2 194 3333 3333 3 114 3334 3334 11 28 3335 3335 156 196 3336 3336 157 301 3337 3337 165 197 3338 3338 297 102 3339 3339 296 101 3340 3340 298 198 3341 3341 103 192 3342 3342 104 140 3343 3343 112 25 3344 3344 0 65 3345 3345 1 42 3346 3346 9 195 3347 3347 9 195 3348 3348 10 30 3349 3349 18 29 3350 3350 203 15 3351 3351 211 257 3352 3352 210 201 3353 3353 124 158 3354 3354 125 235 3355 3355 133 132 3356 3356 283 202 3357 3357 282 221 3358 3358 284 203 3359 3359 188 99 3360 3360 196 14 3361 3361 195 16 3362 3362 47 185 3363 3363 48 175 3364 3364 56 166 3365 3365 136 205 3366 3366 137 207 3367 3367 145 206 3368 3368 137 207 3369 3369 138 121 3370 3370 146 177 3371 3371 90 167 3372 3372 91 161 3373 3373 99 17 3374 3374 286 208 3375 3375 142 294 3376 3376 150 209 3377 3377 172 71 3378 3378 173 70 3379 3379 181 210 3380 3380 252 211 3381 3381 315 318 3382 3382 314 212 3383 3383 67 214 3384 3384 68 272 3385 3385 76 215 3386 3386 24 80 3387 3387 32 91 3388 3388 31 20 3389 3389 210 201 3390 3390 218 113 3391 3391 217 44 3392 3392 186 68 3393 3393 187 67 3394 3394 195 16 3395 3395 229 218 3396 3396 236 243 3397 3397 235 219 3398 3398 281 220 3399 3399 280 269 3400 3400 282 221 3401 3401 131 120 3402 3402 132 133 3403 3403 140 35 3404 3404 128 222 3405 3405 136 205 3406 3406 135 223 3407 3407 238 225 3408 3408 239 49 3409 3409 246 43 3410 3410 89 6 3411 3411 90 167 3412 3412 98 82 3413 3413 116 171 3414 3414 124 158 3415 3415 123 159 3416 3416 204 84 3417 3417 205 83 3418 3418 213 226 3419 3419 313 228 3420 3420 311 266 3421 3421 310 229 3422 3422 120 24 3423 3423 128 222 3424 3424 127 224 3425 3425 316 321 3426 3426 317 321 3427 3427 319 321 3428 3428 145 206 3429 3429 146 177 3430 3430 154 233 3431 3431 227 154 3432 3432 234 153 3433 3433 233 234 3434 3434 116 171 3435 3435 117 170 3436 3436 125 235 3437 3437 167 236 3438 3438 168 244 3439 3439 176 193 3440 3440 8 4 3441 3441 9 195 3442 3442 17 119 3443 3443 34 13 3444 3444 42 12 3445 3445 41 237 3446 3446 146 177 3447 3447 147 53 3448 3448 155 238 3449 3449 19 40 3450 3450 20 39 3451 3451 28 0 3452 3452 188 99 3453 3453 189 98 3454 3454 197 239 3455 3455 295 100 3456 3456 293 38 3457 3457 292 37 3458 3458 183 118 3459 3459 184 117 3460 3460 192 106 3461 3461 128 222 3462 3462 129 149 3463 3463 137 207 3464 3464 217 44 3465 3465 218 113 3466 3466 226 112 3467 3467 234 153 3468 3468 235 219 3469 3469 242 242 3470 3470 180 97 3471 3471 188 99 3472 3472 187 67 3473 3473 236 243 3474 3474 243 251 3475 3475 242 242 3476 3476 136 205 3477 3477 144 163 3478 3478 143 164 3479 3479 161 11 3480 3480 169 66 3481 3481 168 244 3482 3482 66 246 3483 3483 74 141 3484 3484 73 143 3485 3485 67 214 3486 3486 75 103 3487 3487 74 141 3488 3488 221 248 3489 3489 220 260 3490 3490 212 227 3491 3491 299 199 3492 3492 298 198 3493 3493 300 126 3494 3494 60 160 3495 3495 68 272 3496 3496 67 214 3497 3497 224 45 3498 3498 231 264 3499 3499 745 250 3500 3500 184 117 3501 3501 185 176 3502 3502 193 130 3503 3503 58 96 3504 3504 66 246 3505 3505 65 247 3506 3506 234 153 3507 3507 241 151 3508 3508 240 48 3509 3509 243 251 3510 3510 250 123 3511 3511 249 124 3512 3512 267 252 3513 3513 265 306 3514 3514 264 253 3515 3515 148 34 3516 3516 156 196 3517 3517 155 238 3518 3518 112 25 3519 3519 120 24 3520 3520 119 231 3521 3521 64 128 3522 3522 65 247 3523 3523 73 143 3524 3524 202 157 3525 3525 210 201 3526 3526 209 217 3527 3527 154 233 3528 3528 155 238 3529 3529 163 168 3530 3530 43 32 3531 3531 44 31 3532 3532 52 145 3533 3533 21 256 3534 3534 29 303 3535 3535 28 0 3536 3536 160 245 3537 3537 168 244 3538 3538 167 236 3539 3539 209 217 3540 3540 217 44 3541 3541 216 46 3542 3542 178 52 3543 3543 186 68 3544 3544 185 176 3545 3545 58 96 3546 3546 59 95 3547 3547 67 214 3548 3548 212 227 3549 3549 220 260 3550 3550 219 111 3551 3551 77 258 3552 3552 85 267 3553 3553 84 104 3554 3554 255 259 3555 3555 252 211 3556 3556 253 213 3557 3557 204 84 3558 3558 212 227 3559 3559 211 257 3560 3560 225 241 3561 3561 226 112 3562 3562 233 234 3563 3563 81 142 3564 3564 89 6 3565 3565 88 8 3566 3566 42 12 3567 3567 50 94 3568 3568 49 186 3569 3569 211 257 3570 3570 219 111 3571 3571 218 113 3572 3572 220 260 3573 3573 228 152 3574 3574 227 154 3575 3575 221 248 3576 3576 229 218 3577 3577 228 152 3578 3578 289 74 3579 3579 288 73 3580 3580 290 261 3581 3581 238 225 3582 3582 245 64 3583 3583 744 262 3584 3584 225 241 3585 3585 232 47 3586 3586 231 264 3587 3587 129 149 3588 3588 130 122 3589 3589 138 121 3590 3590 114 93 3591 3591 115 169 3592 3592 123 159 3593 3593 52 145 3594 3594 60 160 3595 3595 59 95 3596 3596 100 162 3597 3597 101 312 3598 3598 109 265 3599 3599 311 266 3600 3600 309 281 3601 3601 308 180 3602 3602 207 62 3603 3603 208 109 3604 3604 216 46 3605 3605 169 66 3606 3606 177 156 3607 3607 176 193 3608 3608 106 81 3609 3609 107 19 3610 3610 115 169 3611 3611 83 105 3612 3612 91 161 3613 3613 90 167 3614 3614 85 267 3615 3615 93 181 3616 3616 92 182 3617 3617 279 268 3618 3618 278 309 3619 3619 280 269 3620 3620 156 196 3621 3621 164 69 3622 3622 163 168 3623 3623 15 270 3624 3624 16 78 3625 3625 24 80 3626 3626 121 27 3627 3627 129 149 3628 3628 128 222 3629 3629 50 94 3630 3630 58 96 3631 3631 57 165 3632 3632 19 40 3633 3633 27 2 3634 3634 26 187 3635 3635 171 172 3636 3636 172 71 3637 3637 180 97 3638 3638 61 271 3639 3639 69 275 3640 3640 68 272 3641 3641 261 273 3642 3642 259 58 3643 3643 258 60 3644 3644 7 5 3645 3645 8 4 3646 3646 16 78 3647 3647 145 206 3648 3648 153 9 3649 3649 152 137 3650 3650 26 187 3651 3651 34 13 3652 3652 33 90 3653 3653 247 41 3654 3654 248 110 3655 3655 3 114 3656 3656 248 110 3657 3657 249 124 3658 3658 4 57 3659 3659 69 275 3660 3660 77 258 3661 3661 76 215 3662 3662 285 204 3663 3663 284 203 3664 3664 286 208 3665 3665 292 37 3666 3666 166 288 3667 3667 174 276 3668 3668 287 72 3669 3669 141 33 3670 3670 133 132 3671 3671 256 59 3672 3672 254 191 3673 3673 14 277 3674 3674 273 136 3675 3675 85 267 3676 3676 77 258 3677 3677 298 198 3678 3678 296 101 3679 3679 182 279 3680 3680 309 281 3681 3681 229 218 3682 3682 221 248 3683 3683 302 127 3684 3684 300 126 3685 3685 198 282 3686 3686 311 266 3687 3687 236 243 3688 3688 229 218 3689 3689 308 180 3690 3690 230 179 3691 3691 237 284 3692 3692 283 202 3693 3693 285 204 3694 3694 133 132 3695 3695 280 269 3696 3696 278 309 3697 3697 110 285 3698 3698 269 287 3699 3699 271 134 3700 3700 77 258 3701 3701 296 101 3702 3702 294 240 3703 3703 174 276 3704 3704 297 102 3705 3705 299 199 3706 3706 189 98 3707 3707 290 261 3708 3708 158 302 3709 3709 166 288 3710 3710 273 136 3711 3711 275 85 3712 3712 93 181 3713 3713 258 60 3714 3714 30 319 3715 3715 38 289 3716 3716 307 183 3717 3717 221 248 3718 3718 213 226 3719 3719 272 135 3720 3720 270 297 3721 3721 78 291 3722 3722 313 228 3723 3723 315 318 3724 3724 250 123 3725 3725 286 208 3726 3726 284 203 3727 3727 134 293 3728 3728 261 273 3729 3729 263 320 3730 3730 45 189 3731 3731 70 296 3732 3732 78 291 3733 3733 270 297 3734 3734 259 58 3735 3735 29 303 3736 3736 21 256 3737 3737 262 299 3738 3738 260 274 3739 3739 38 289 3740 3740 291 36 3741 3741 293 38 3742 3742 165 197 3743 3743 288 73 3744 3744 150 209 3745 3745 158 302 3746 3746 259 58 3747 3747 261 273 3748 3748 37 295 3749 3749 280 269 3750 3750 118 286 3751 3751 126 304 3752 3752 257 190 3753 3753 21 256 3754 3754 13 115 3755 3755 312 230 3756 3756 310 229 3757 3757 237 284 3758 3758 255 259 3759 3759 13 115 3760 3760 5 55 3761 3761 266 254 3762 3762 62 311 3763 3763 70 296 3764 3764 267 252 3765 3765 61 271 3766 3766 53 144 3767 3767 314 212 3768 3768 312 230 3769 3769 244 305 3770 3770 277 87 3771 3771 101 312 3772 3772 93 181 3773 3773 274 146 3774 3774 94 313 3775 3775 102 308 3776 3776 301 249 3777 3777 197 239 3778 3778 189 98 3779 3779 276 86 3780 3780 102 308 3781 3781 110 285 3782 3782 305 290 3783 3783 213 226 3784 3784 205 83 3785 3785 266 254 3786 3786 264 253 3787 3787 54 310 3788 3788 293 38 3789 3789 295 100 3790 3790 173 70 3791 3791 289 74 3792 3792 149 316 3793 3793 141 33 3794 3794 279 268 3795 3795 109 265 3796 3796 101 312 3797 3797 272 135 3798 3798 86 292 3799 3799 94 313 3800 3800 300 126 3801 3801 298 198 3802 3802 190 280 3803 3803 311 266 3804 3804 313 228 3805 3805 243 251 3806 3806 254 191 3807 3807 253 213 3808 3808 6 314 3809 3809 301 249 3810 3810 303 125 3811 3811 205 83 3812 3812 302 127 3813 3813 206 283 3814 3814 214 315 3815 3815 267 252 3816 3816 269 287 3817 3817 69 275 3818 3818 253 213 3819 3819 314 212 3820 3820 251 307 3821 3821 281 220 3822 3822 283 202 3823 3823 125 235 3824 3824 282 221 3825 3825 126 304 3826 3826 134 293 3827 3827 289 74 3828 3828 291 36 3829 3829 157 301 3830 3830 304 184 3831 3831 214 315 3832 3832 222 317 3833 3833 315 318 3834 3834 252 211 3835 3835 5 55 3836 3836 264 253 3837 3837 262 299 3838 3838 46 300 3839 3839 295 100 3840 3840 297 102 3841 3841 181 210 3842 3842 258 60 3843 3843 256 59 3844 3844 22 278 3845 3845 265 306 3846 3846 53 144 3847 3847 45 189 3848 3848 231 264 3849 3849 238 225 3850 3850 743 263 3851 3851 232 47 3852 3852 239 49 3853 3853 238 225 3854 3854 152 137 3855 3855 153 9 3856 3856 161 11 3857 3857 28 0 3858 3858 29 303 3859 3859 37 295 3860 3860 148 34 3861 3861 149 316 3862 3862 157 301 3863 3863 245 64 3864 3864 0 65 3865 3865 441 3 3866 3866 338 971 3867 3867 339 971 3868 3868 337 971 3869 3869 331 972 3870 3870 335 972 3871 3871 333 972 3872 3872 344 973 3873 3873 343 973 3874 3874 346 973 3875 3875 329 321 3876 3876 327 321 3877 3877 331 321 3878 3878 359 321 3879 3879 358 321 3880 3880 361 321 3881 3881 269 287 3882 3882 268 298 3883 3883 270 297 3884 3884 347 321 3885 3885 348 321 3886 3886 346 321 3887 3887 353 974 3888 3888 350 974 3889 3889 351 974 3890 3890 343 975 3891 3891 345 975 3892 3892 341 975 3893 3893 356 321 3894 3894 354 321 3895 3895 355 321 3896 3896 361 976 3897 3897 319 976 3898 3898 362 976 3899 3899 320 321 3900 3900 321 321 3901 3901 318 321 3902 3902 325 321 3903 3903 326 321 3904 3904 328 321 3905 3905 328 321 3906 3906 326 321 3907 3907 323 321 3908 3908 336 977 3909 3909 335 977 3910 3910 337 977 3911 3911 265 306 3912 3912 263 320 3913 3913 262 299 3914 3914 279 268 3915 3915 281 220 3916 3916 117 170 3917 3917 307 183 3918 3918 306 178 3919 3919 308 180 3920 3920 263 320 3921 3921 261 273 3922 3922 260 274 3923 3923 277 87 3924 3924 276 86 3925 3925 278 309 3926 3926 305 290 3927 3927 303 125 3928 3928 302 127 3929 3929 315 318 3930 3930 313 228 3931 3931 312 230 3932 3932 407 342 3933 3933 434 342 3934 3934 433 343 3935 3935 407 342 3936 3936 409 344 3937 3937 435 344 3938 3938 400 345 3939 3939 404 346 3940 3940 429 346 3941 3941 383 347 3942 3942 412 347 3943 3943 440 348 3944 3944 411 349 3945 3945 437 349 3946 3946 436 350 3947 3947 409 344 3948 3948 408 350 3949 3949 436 350 3950 3950 404 346 3951 3951 403 351 3952 3952 430 351 3953 3953 392 352 3954 3954 417 352 3955 3955 416 353 3956 3956 389 354 3957 3957 388 353 3958 3958 416 353 3959 3959 382 355 3960 3960 746 375 3961 3961 412 347 3962 3962 406 356 3963 3963 432 356 3964 3964 431 357 3965 3965 402 357 3966 3966 431 357 3967 3967 430 351 3968 3968 410 358 3969 3969 438 358 3970 3970 437 349 3971 3971 389 354 3972 3972 415 354 3973 3973 414 359 3974 3974 399 360 3975 3975 398 361 3976 3976 426 361 3977 3977 384 362 3978 3978 748 377 3979 3979 747 363 3980 3980 392 352 3981 3981 391 364 3982 3982 418 364 3983 3983 396 365 3984 3984 399 360 3985 3985 425 360 3986 3986 395 367 3987 3987 394 368 3988 3988 422 368 3989 3989 386 359 3990 3990 414 359 3991 3991 413 369 3992 3992 381 370 3993 3993 439 374 3994 3994 438 358 3995 3995 398 361 3996 3996 401 371 3997 3997 427 371 3998 3998 390 372 3999 3999 393 373 4000 4000 420 373 4001 4001 401 371 4002 4002 400 345 4003 4003 428 345 4004 4004 380 348 4005 4005 440 348 4006 4006 439 374 4007 4007 393 373 4008 4008 395 367 4009 4009 421 367 4010 4010 385 363 4011 4011 747 363 4012 4012 746 375 4013 4013 406 356 4014 4014 405 343 4015 4015 433 343 4016 4016 397 376 4017 4017 396 365 4018 4018 424 366 4019 4019 390 372 4020 4020 419 372 4021 4021 418 364 4022 4022 394 368 4023 4023 397 376 4024 4024 423 376 4025 4025 269 287 4026 4026 267 252 4027 4027 266 254 4028 4028 387 369 4029 4029 413 369 4030 4030 748 377 4031 4031 484 378 4032 4032 466 423 4033 4033 467 379 4034 4034 480 381 4035 4035 462 406 4036 4036 454 382 4037 4037 473 384 4038 4038 445 394 4039 4039 443 385 4040 4040 476 386 4041 4041 449 978 4042 4042 448 387 4043 4043 452 389 4044 4044 451 427 4045 4045 477 390 4046 4046 473 384 4047 4047 472 383 4048 4048 454 382 4049 4049 474 393 4050 4050 447 426 4051 4051 445 394 4052 4052 479 395 4053 4053 478 391 4054 4054 460 396 4055 4055 477 390 4056 4056 459 408 4057 4057 460 396 4058 4058 455 392 4059 4059 454 382 4060 4060 481 398 4061 4061 460 396 4062 4062 459 408 4063 4063 486 400 4064 4064 488 402 4065 4065 461 397 4066 4066 460 396 4067 4067 456 403 4068 4068 455 392 4069 4069 482 399 4070 4070 458 405 4071 4071 457 409 4072 4072 484 378 4073 4073 481 398 4074 4074 454 382 4075 4075 462 406 4076 4076 459 408 4077 4077 458 405 4078 4078 485 380 4079 4079 457 409 4080 4080 456 403 4081 4081 483 404 4082 4082 468 410 4083 4083 450 415 4084 4084 491 411 4085 4085 469 412 4086 4086 491 411 4087 4087 541 413 4088 4088 467 379 4089 4089 490 425 4090 4090 450 415 4091 4091 471 416 4092 4092 453 550 4093 4093 442 417 4094 4094 464 419 4095 4095 444 424 4096 4096 446 420 4097 4097 465 421 4098 4098 446 420 4099 4099 489 422 4100 4100 463 418 4101 4101 442 417 4102 4102 444 424 4103 4103 466 423 4104 4104 489 422 4105 4105 490 425 4106 4106 474 393 4107 4107 456 403 4108 4108 457 409 4109 4109 475 388 4110 4110 448 387 4111 4111 447 426 4112 4112 475 388 4113 4113 457 409 4114 4114 458 405 4115 4115 443 385 4116 4116 599 562 4117 4117 480 381 4118 4118 476 386 4119 4119 458 405 4120 4120 459 408 4121 4121 474 393 4122 4122 473 384 4123 4123 455 392 4124 4124 479 395 4125 4125 504 473 4126 4126 452 389 4127 4127 451 427 4128 4128 449 978 4129 4129 476 386 4130 4130 481 398 4131 4131 630 407 4132 4132 471 416 4133 4133 486 400 4134 4134 485 380 4135 4135 467 379 4136 4136 481 398 4137 4137 463 418 4138 4138 464 419 4139 4139 482 399 4140 4140 464 419 4141 4141 465 421 4142 4142 483 404 4143 4143 465 421 4144 4144 466 423 4145 4145 488 402 4146 4146 487 401 4147 4147 469 412 4148 4148 487 401 4149 4149 486 400 4150 4150 468 410 4151 4151 532 428 4152 4152 516 469 4153 4153 517 429 4154 4154 461 397 4155 4155 505 440 4156 4156 521 431 4157 4157 522 432 4158 4158 494 443 4159 4159 493 433 4160 4160 525 434 4161 4161 498 979 4162 4162 496 435 4163 4163 501 437 4164 4164 500 474 4165 4165 526 438 4166 4166 522 432 4167 4167 521 431 4168 4168 505 440 4169 4169 523 442 4170 4170 495 472 4171 4171 494 443 4172 4172 528 444 4173 4173 527 439 4174 4174 511 445 4175 4175 526 438 4176 4176 510 455 4177 4177 511 445 4178 4178 506 441 4179 4179 505 440 4180 4180 529 447 4181 4181 511 445 4182 4182 510 455 4183 4183 534 449 4184 4184 536 451 4185 4185 512 446 4186 4186 511 445 4187 4187 507 452 4188 4188 506 441 4189 4189 530 448 4190 4190 509 454 4191 4191 508 456 4192 4192 532 428 4193 4193 505 440 4194 4194 461 397 4195 4195 488 402 4196 4196 510 455 4197 4197 509 454 4198 4198 533 430 4199 4199 508 456 4200 4200 507 452 4201 4201 531 453 4202 4202 518 457 4203 4203 499 462 4204 4204 540 458 4205 4205 519 459 4206 4206 540 458 4207 4207 502 460 4208 4208 517 429 4209 4209 497 471 4210 4210 499 462 4211 4211 470 414 4212 4212 541 413 4213 4213 492 463 4214 4214 514 465 4215 4215 537 470 4216 4216 538 466 4217 4217 515 467 4218 4218 538 466 4219 4219 539 468 4220 4220 513 464 4221 4221 492 463 4222 4222 537 470 4223 4223 516 469 4224 4224 539 468 4225 4225 497 471 4226 4226 523 442 4227 4227 507 452 4228 4228 508 456 4229 4229 524 436 4230 4230 496 435 4231 4231 495 472 4232 4232 524 436 4233 4233 508 456 4234 4234 509 454 4235 4235 504 473 4236 4236 479 395 4237 4237 521 431 4238 4238 525 434 4239 4239 509 454 4240 4240 510 455 4241 4241 523 442 4242 4242 522 432 4243 4243 506 441 4244 4244 528 444 4245 4245 503 980 4246 4246 501 437 4247 4247 500 474 4248 4248 498 979 4249 4249 525 434 4250 4250 529 447 4251 4251 488 402 4252 4252 470 414 4253 4253 534 449 4254 4254 533 430 4255 4255 517 429 4256 4256 529 447 4257 4257 513 464 4258 4258 514 465 4259 4259 530 448 4260 4260 514 465 4261 4261 515 467 4262 4262 531 453 4263 4263 515 467 4264 4264 516 469 4265 4265 536 451 4266 4266 535 450 4267 4267 519 459 4268 4268 535 450 4269 4269 534 449 4270 4270 518 457 4271 4271 578 475 4272 4272 562 516 4273 4273 563 476 4274 4274 512 446 4275 4275 552 487 4276 4276 567 478 4277 4277 568 479 4278 4278 544 490 4279 4279 542 480 4280 4280 571 481 4281 4281 548 981 4282 4282 547 482 4283 4283 550 484 4284 4284 549 520 4285 4285 572 485 4286 4286 568 479 4287 4287 567 478 4288 4288 552 487 4289 4289 569 489 4290 4290 546 519 4291 4291 544 490 4292 4292 574 491 4293 4293 573 486 4294 4294 558 492 4295 4295 572 485 4296 4296 557 502 4297 4297 558 492 4298 4298 553 488 4299 4299 552 487 4300 4300 575 494 4301 4301 558 492 4302 4302 557 502 4303 4303 580 496 4304 4304 582 498 4305 4305 608 493 4306 4306 558 492 4307 4307 554 499 4308 4308 553 488 4309 4309 576 495 4310 4310 556 501 4311 4311 555 503 4312 4312 578 475 4313 4313 552 487 4314 4314 512 446 4315 4315 536 451 4316 4316 557 502 4317 4317 556 501 4318 4318 579 477 4319 4319 555 503 4320 4320 554 499 4321 4321 577 500 4322 4322 564 504 4323 4323 586 509 4324 4324 587 505 4325 4325 565 506 4326 4326 587 505 4327 4327 600 507 4328 4328 563 476 4329 4329 585 518 4330 4330 586 509 4331 4331 520 461 4332 4332 502 460 4333 4333 583 510 4334 4334 560 512 4335 4335 543 517 4336 4336 545 513 4337 4337 561 514 4338 4338 545 513 4339 4339 584 515 4340 4340 559 511 4341 4341 583 510 4342 4342 543 517 4343 4343 562 516 4344 4344 584 515 4345 4345 585 518 4346 4346 569 489 4347 4347 554 499 4348 4348 555 503 4349 4349 570 483 4350 4350 547 482 4351 4351 546 519 4352 4352 570 483 4353 4353 555 503 4354 4354 556 501 4355 4355 542 480 4356 4356 503 980 4357 4357 528 444 4358 4358 571 481 4359 4359 556 501 4360 4360 557 502 4361 4361 569 489 4362 4362 568 479 4363 4363 553 488 4364 4364 574 491 4365 4365 551 982 4366 4366 550 484 4367 4367 549 520 4368 4368 548 981 4369 4369 571 481 4370 4370 575 494 4371 4371 536 451 4372 4372 520 461 4373 4373 580 496 4374 4374 579 477 4375 4375 563 476 4376 4376 575 494 4377 4377 559 511 4378 4378 560 512 4379 4379 576 495 4380 4380 560 512 4381 4381 561 514 4382 4382 577 500 4383 4383 561 514 4384 4384 562 516 4385 4385 582 498 4386 4386 581 497 4387 4387 565 506 4388 4388 581 497 4389 4389 580 496 4390 4390 564 504 4391 4391 626 521 4392 4392 612 558 4393 4393 613 522 4394 4394 608 493 4395 4395 601 533 4396 4396 616 524 4397 4397 617 525 4398 4398 590 536 4399 4399 588 526 4400 4400 620 527 4401 4401 595 563 4402 4402 594 528 4403 4403 598 530 4404 4404 596 564 4405 4405 621 531 4406 4406 617 525 4407 4407 616 524 4408 4408 601 533 4409 4409 618 535 4410 4410 592 561 4411 4411 590 536 4412 4412 622 532 4413 4413 607 537 4414 4414 462 406 4415 4415 621 531 4416 4416 606 545 4417 4417 607 537 4418 4418 602 534 4419 4419 601 533 4420 4420 623 538 4421 4421 607 537 4422 4422 606 545 4423 4423 628 540 4424 4424 630 407 4425 4425 462 406 4426 4426 607 537 4427 4427 603 542 4428 4428 602 534 4429 4429 624 539 4430 4430 605 544 4431 4431 604 546 4432 4432 626 521 4433 4433 623 538 4434 4434 601 533 4435 4435 608 493 4436 4436 606 545 4437 4437 605 544 4438 4438 627 523 4439 4439 604 546 4440 4440 603 542 4441 4441 625 543 4442 4442 614 547 4443 4443 633 551 4444 4444 597 548 4445 4445 615 549 4446 4446 597 548 4447 4447 453 550 4448 4448 613 522 4449 4449 632 560 4450 4450 633 551 4451 4451 566 508 4452 4452 600 507 4453 4453 631 552 4454 4454 610 554 4455 4455 589 559 4456 4456 591 555 4457 4457 611 556 4458 4458 591 555 4459 4459 593 557 4460 4460 609 553 4461 4461 631 552 4462 4462 589 559 4463 4463 612 558 4464 4464 593 557 4465 4465 632 560 4466 4466 618 535 4467 4467 603 542 4468 4468 604 546 4469 4469 619 529 4470 4470 594 528 4471 4471 592 561 4472 4472 619 529 4473 4473 604 546 4474 4474 605 544 4475 4475 588 526 4476 4476 551 982 4477 4477 574 491 4478 4478 620 527 4479 4479 605 544 4480 4480 606 545 4481 4481 618 535 4482 4482 617 525 4483 4483 602 534 4484 4484 599 562 4485 4485 598 530 4486 4486 622 532 4487 4487 595 563 4488 4488 620 527 4489 4489 621 531 4490 4490 623 538 4491 4491 582 498 4492 4492 566 508 4493 4493 628 540 4494 4494 627 523 4495 4495 613 522 4496 4496 623 538 4497 4497 609 553 4498 4498 610 554 4499 4499 624 539 4500 4500 610 554 4501 4501 611 556 4502 4502 625 543 4503 4503 611 556 4504 4504 612 558 4505 4505 630 407 4506 4506 629 541 4507 4507 615 549 4508 4508 629 541 4509 4509 628 540 4510 4510 614 547 4511 4511 759 650 4512 4512 760 684 4513 4513 780 651 4514 4514 762 653 4515 4515 763 683 4516 4516 783 654 4517 4517 766 656 4518 4518 786 685 4519 4519 785 657 4520 4520 758 659 4521 4521 778 687 4522 4522 777 660 4523 4523 767 662 4524 4524 751 668 4525 4525 752 663 4526 4526 769 665 4527 4527 749 679 4528 4528 753 666 4529 4529 770 667 4530 4530 753 666 4531 4531 751 668 4532 4532 771 669 4533 4533 768 664 4534 4534 752 663 4535 4535 772 671 4536 4536 750 670 4537 4537 754 672 4538 4538 774 674 4539 4539 773 673 4540 4540 754 672 4541 4541 774 674 4542 4542 755 675 4543 4543 756 676 4544 4544 776 678 4545 4545 775 677 4546 4546 756 676 4547 4547 771 669 4548 4548 1016 670 4549 4549 750 670 4550 4550 769 665 4551 4551 776 678 4552 4552 788 679 4553 4553 761 680 4554 4554 762 653 4555 4555 782 655 4556 4556 764 682 4557 4557 784 686 4558 4558 783 654 4559 4559 760 684 4560 4560 757 661 4561 4561 777 660 4562 4562 759 650 4563 4563 779 652 4564 4564 786 685 4565 4565 764 682 4566 4566 765 658 4567 4567 785 657 4568 4568 761 680 4569 4569 781 681 4570 4570 778 687 4571 4571 758 659 4572 4572 757 661 4573 4573 767 662 4574 4574 759 650 4575 4575 769 665 4576 4576 770 667 4577 4577 760 684 4578 4578 770 667 4579 4579 767 662 4580 4580 761 680 4581 4581 758 659 4582 4582 768 664 4583 4583 763 683 4584 4584 762 653 4585 4585 772 671 4586 4586 763 683 4587 4587 773 673 4588 4588 774 674 4589 4589 765 658 4590 4590 764 682 4591 4591 774 674 4592 4592 765 658 4593 4593 775 677 4594 4594 776 678 4595 4595 761 680 4596 4596 771 669 4597 4597 772 671 4598 4598 759 650 4599 4599 766 656 4600 4600 776 678 4601 4601 798 688 4602 4602 799 721 4603 4603 819 689 4604 4604 801 691 4605 4605 802 720 4606 4606 822 692 4607 4607 805 694 4608 4608 825 722 4609 4609 824 695 4610 4610 797 697 4611 4611 817 724 4612 4612 816 698 4613 4613 806 700 4614 4614 790 706 4615 4615 791 701 4616 4616 808 703 4617 4617 787 716 4618 4618 792 704 4619 4619 809 705 4620 4620 792 704 4621 4621 790 706 4622 4622 810 707 4623 4623 807 702 4624 4624 791 701 4625 4625 811 708 4626 4626 788 679 4627 4627 793 709 4628 4628 813 711 4629 4629 812 710 4630 4630 793 709 4631 4631 813 711 4632 4632 794 712 4633 4633 795 713 4634 4634 815 715 4635 4635 814 714 4636 4636 795 713 4637 4637 810 707 4638 4638 749 679 4639 4639 788 679 4640 4640 808 703 4641 4641 815 715 4642 4642 789 716 4643 4643 800 717 4644 4644 801 691 4645 4645 821 693 4646 4646 803 719 4647 4647 823 723 4648 4648 822 692 4649 4649 799 721 4650 4650 796 699 4651 4651 816 698 4652 4652 798 688 4653 4653 818 690 4654 4654 825 722 4655 4655 803 719 4656 4656 804 696 4657 4657 824 695 4658 4658 800 717 4659 4659 820 718 4660 4660 817 724 4661 4661 797 697 4662 4662 796 699 4663 4663 806 700 4664 4664 798 688 4665 4665 808 703 4666 4666 809 705 4667 4667 799 721 4668 4668 809 705 4669 4669 806 700 4670 4670 800 717 4671 4671 797 697 4672 4672 807 702 4673 4673 802 720 4674 4674 801 691 4675 4675 811 708 4676 4676 802 720 4677 4677 812 710 4678 4678 813 711 4679 4679 804 696 4680 4680 803 719 4681 4681 813 711 4682 4682 804 696 4683 4683 814 714 4684 4684 815 715 4685 4685 800 717 4686 4686 810 707 4687 4687 811 708 4688 4688 798 688 4689 4689 805 694 4690 4690 815 715 4691 4691 836 725 4692 4692 837 758 4693 4693 857 726 4694 4694 839 728 4695 4695 840 757 4696 4696 860 729 4697 4697 843 731 4698 4698 863 759 4699 4699 862 732 4700 4700 835 734 4701 4701 855 761 4702 4702 854 735 4703 4703 844 737 4704 4704 828 743 4705 4705 829 738 4706 4706 846 740 4707 4707 826 753 4708 4708 830 741 4709 4709 847 742 4710 4710 830 741 4711 4711 828 743 4712 4712 848 744 4713 4713 845 739 4714 4714 829 738 4715 4715 849 745 4716 4716 789 716 4717 4717 831 746 4718 4718 851 748 4719 4719 850 747 4720 4720 831 746 4721 4721 851 748 4722 4722 832 749 4723 4723 833 750 4724 4724 853 752 4725 4725 852 751 4726 4726 833 750 4727 4727 848 744 4728 4728 787 716 4729 4729 789 716 4730 4730 846 740 4731 4731 853 752 4732 4732 827 753 4733 4733 838 754 4734 4734 839 728 4735 4735 859 730 4736 4736 841 756 4737 4737 861 760 4738 4738 860 729 4739 4739 837 758 4740 4740 834 736 4741 4741 854 735 4742 4742 836 725 4743 4743 856 727 4744 4744 863 759 4745 4745 841 756 4746 4746 842 733 4747 4747 862 732 4748 4748 838 754 4749 4749 858 755 4750 4750 855 761 4751 4751 835 734 4752 4752 834 736 4753 4753 844 737 4754 4754 836 725 4755 4755 846 740 4756 4756 847 742 4757 4757 837 758 4758 4758 847 742 4759 4759 844 737 4760 4760 838 754 4761 4761 835 734 4762 4762 845 739 4763 4763 840 757 4764 4764 839 728 4765 4765 849 745 4766 4766 840 757 4767 4767 850 747 4768 4768 851 748 4769 4769 842 733 4770 4770 841 756 4771 4771 851 748 4772 4772 842 733 4773 4773 852 751 4774 4774 853 752 4775 4775 838 754 4776 4776 848 744 4777 4777 849 745 4778 4778 836 725 4779 4779 843 731 4780 4780 853 752 4781 4781 873 762 4782 4782 874 795 4783 4783 894 763 4784 4784 876 765 4785 4785 877 794 4786 4786 897 766 4787 4787 880 768 4788 4788 900 796 4789 4789 899 769 4790 4790 872 771 4791 4791 892 798 4792 4792 891 772 4793 4793 881 774 4794 4794 865 780 4795 4795 866 775 4796 4796 883 777 4797 4797 903 790 4798 4798 867 778 4799 4799 884 779 4800 4800 867 778 4801 4801 865 780 4802 4802 885 781 4803 4803 882 776 4804 4804 866 775 4805 4805 886 782 4806 4806 827 753 4807 4807 868 783 4808 4808 888 785 4809 4809 887 784 4810 4810 868 783 4811 4811 888 785 4812 4812 869 786 4813 4813 870 787 4814 4814 890 789 4815 4815 889 788 4816 4816 870 787 4817 4817 885 781 4818 4818 826 753 4819 4819 827 753 4820 4820 883 777 4821 4821 890 789 4822 4822 864 790 4823 4823 875 791 4824 4824 876 765 4825 4825 896 767 4826 4826 878 793 4827 4827 898 797 4828 4828 897 766 4829 4829 874 795 4830 4830 871 773 4831 4831 891 772 4832 4832 873 762 4833 4833 893 764 4834 4834 900 796 4835 4835 878 793 4836 4836 879 770 4837 4837 899 769 4838 4838 875 791 4839 4839 895 792 4840 4840 892 798 4841 4841 872 771 4842 4842 871 773 4843 4843 881 774 4844 4844 873 762 4845 4845 883 777 4846 4846 884 779 4847 4847 874 795 4848 4848 884 779 4849 4849 881 774 4850 4850 875 791 4851 4851 872 771 4852 4852 882 776 4853 4853 877 794 4854 4854 876 765 4855 4855 886 782 4856 4856 877 794 4857 4857 887 784 4858 4858 888 785 4859 4859 879 770 4860 4860 878 793 4861 4861 888 785 4862 4862 879 770 4863 4863 889 788 4864 4864 890 789 4865 4865 875 791 4866 4866 885 781 4867 4867 886 782 4868 4868 873 762 4869 4869 880 768 4870 4870 890 789 4871 4871 912 799 4872 4872 913 831 4873 4873 933 800 4874 4874 915 802 4875 4875 916 830 4876 4876 936 803 4877 4877 919 805 4878 4878 939 832 4879 4879 938 806 4880 4880 911 808 4881 4881 931 833 4882 4882 930 686 4883 4883 920 810 4884 4884 904 816 4885 4885 905 811 4886 4886 922 813 4887 4887 901 826 4888 4888 906 814 4889 4889 923 815 4890 4890 906 814 4891 4891 904 816 4892 4892 924 817 4893 4893 921 812 4894 4894 905 811 4895 4895 925 818 4896 4896 864 790 4897 4897 907 819 4898 4898 927 821 4899 4899 926 820 4900 4900 907 819 4901 4901 927 821 4902 4902 908 822 4903 4903 909 823 4904 4904 929 825 4905 4905 928 824 4906 4906 909 823 4907 4907 924 817 4908 4908 903 790 4909 4909 864 790 4910 4910 922 813 4911 4911 929 825 4912 4912 902 826 4913 4913 914 827 4914 4914 915 802 4915 4915 935 804 4916 4916 917 829 4917 4917 937 660 4918 4918 936 803 4919 4919 913 831 4920 4920 910 809 4921 4921 930 686 4922 4922 912 799 4923 4923 932 801 4924 4924 939 832 4925 4925 917 829 4926 4926 918 807 4927 4927 938 806 4928 4928 914 827 4929 4929 934 828 4930 4930 931 833 4931 4931 911 808 4932 4932 910 809 4933 4933 920 810 4934 4934 912 799 4935 4935 922 813 4936 4936 923 815 4937 4937 913 831 4938 4938 923 815 4939 4939 920 810 4940 4940 914 827 4941 4941 911 808 4942 4942 921 812 4943 4943 916 830 4944 4944 915 802 4945 4945 925 818 4946 4946 916 830 4947 4947 926 820 4948 4948 927 821 4949 4949 918 807 4950 4950 917 829 4951 4951 927 821 4952 4952 918 807 4953 4953 928 824 4954 4954 929 825 4955 4955 914 827 4956 4956 924 817 4957 4957 925 818 4958 4958 912 799 4959 4959 919 805 4960 4960 929 825 4961 4961 950 834 4962 4962 951 866 4963 4963 971 835 4964 4964 953 837 4965 4965 954 865 4966 4966 974 838 4967 4967 957 840 4968 4968 977 867 4969 4969 976 841 4970 4970 949 843 4971 4971 969 868 4972 4972 968 723 4973 4973 958 845 4974 4974 942 851 4975 4975 943 846 4976 4976 960 848 4977 4977 940 861 4978 4978 944 849 4979 4979 961 850 4980 4980 944 849 4981 4981 942 851 4982 4982 962 852 4983 4983 959 847 4984 4984 943 846 4985 4985 963 853 4986 4986 902 826 4987 4987 945 854 4988 4988 965 856 4989 4989 964 855 4990 4990 945 854 4991 4991 965 856 4992 4992 946 857 4993 4993 947 858 4994 4994 967 860 4995 4995 966 859 4996 4996 947 858 4997 4997 962 852 4998 4998 901 826 4999 4999 902 826 5000 5000 960 848 5001 5001 967 860 5002 5002 941 861 5003 5003 952 862 5004 5004 953 837 5005 5005 973 839 5006 5006 955 864 5007 5007 975 698 5008 5008 974 838 5009 5009 951 866 5010 5010 948 844 5011 5011 968 723 5012 5012 950 834 5013 5013 970 836 5014 5014 977 867 5015 5015 955 864 5016 5016 956 842 5017 5017 976 841 5018 5018 952 862 5019 5019 972 863 5020 5020 969 868 5021 5021 949 843 5022 5022 948 844 5023 5023 958 845 5024 5024 950 834 5025 5025 960 848 5026 5026 961 850 5027 5027 951 866 5028 5028 961 850 5029 5029 958 845 5030 5030 952 862 5031 5031 949 843 5032 5032 959 847 5033 5033 954 865 5034 5034 953 837 5035 5035 963 853 5036 5036 954 865 5037 5037 964 855 5038 5038 965 856 5039 5039 956 842 5040 5040 955 864 5041 5041 965 856 5042 5042 956 842 5043 5043 966 859 5044 5044 967 860 5045 5045 952 862 5046 5046 962 852 5047 5047 963 853 5048 5048 950 834 5049 5049 957 840 5050 5050 967 860 5051 5051 988 869 5052 5052 989 901 5053 5053 1009 870 5054 5054 991 872 5055 5055 992 900 5056 5056 1012 873 5057 5057 995 875 5058 5058 1015 902 5059 5059 1014 876 5060 5060 987 878 5061 5061 1007 903 5062 5062 1006 760 5063 5063 996 880 5064 5064 980 886 5065 5065 981 881 5066 5066 998 883 5067 5067 978 896 5068 5068 982 884 5069 5069 999 885 5070 5070 982 884 5071 5071 980 886 5072 5072 1000 887 5073 5073 997 882 5074 5074 981 881 5075 5075 1001 888 5076 5076 941 861 5077 5077 983 889 5078 5078 1003 891 5079 5079 1002 890 5080 5080 983 889 5081 5081 1003 891 5082 5082 984 892 5083 5083 985 893 5084 5084 1005 895 5085 5085 1004 894 5086 5086 985 893 5087 5087 1000 887 5088 5088 940 861 5089 5089 941 861 5090 5090 998 883 5091 5091 1005 895 5092 5092 979 896 5093 5093 990 897 5094 5094 991 872 5095 5095 1011 874 5096 5096 993 899 5097 5097 1013 735 5098 5098 1012 873 5099 5099 989 901 5100 5100 986 879 5101 5101 1006 760 5102 5102 988 869 5103 5103 1008 871 5104 5104 1015 902 5105 5105 993 899 5106 5106 994 877 5107 5107 1014 876 5108 5108 990 897 5109 5109 1010 898 5110 5110 1007 903 5111 5111 987 878 5112 5112 986 879 5113 5113 996 880 5114 5114 988 869 5115 5115 998 883 5116 5116 999 885 5117 5117 989 901 5118 5118 999 885 5119 5119 996 880 5120 5120 990 897 5121 5121 987 878 5122 5122 997 882 5123 5123 992 900 5124 5124 991 872 5125 5125 1001 888 5126 5126 992 900 5127 5127 1002 890 5128 5128 1003 891 5129 5129 994 877 5130 5130 993 899 5131 5131 1003 891 5132 5132 994 877 5133 5133 1004 894 5134 5134 1005 895 5135 5135 990 897 5136 5136 1000 887 5137 5137 1001 888 5138 5138 988 869 5139 5139 995 875 5140 5140 1005 895 5141 5141 1025 904 5142 5142 1026 935 5143 5143 1046 905 5144 5144 1028 907 5145 5145 1029 934 5146 5146 1049 908 5147 5147 1032 910 5148 5148 1052 936 5149 5149 1051 911 5150 5150 1024 913 5151 5151 1044 937 5152 5152 1043 797 5153 5153 1033 915 5154 5154 1017 921 5155 5155 1018 916 5156 5156 1035 918 5157 5157 1016 670 5158 5158 1019 919 5159 5159 1036 920 5160 5160 1019 919 5161 5161 1017 921 5162 5162 1037 922 5163 5163 1034 917 5164 5164 1018 916 5165 5165 1038 923 5166 5166 979 896 5167 5167 1020 924 5168 5168 1040 926 5169 5169 1039 925 5170 5170 1020 924 5171 5171 1040 926 5172 5172 1021 927 5173 5173 1022 928 5174 5174 1042 930 5175 5175 1041 929 5176 5176 1022 928 5177 5177 1037 922 5178 5178 978 896 5179 5179 979 896 5180 5180 1035 918 5181 5181 1042 930 5182 5182 750 670 5183 5183 1027 931 5184 5184 1028 907 5185 5185 1048 909 5186 5186 1030 933 5187 5187 1050 772 5188 5188 1049 908 5189 5189 1026 935 5190 5190 1023 914 5191 5191 1043 797 5192 5192 1025 904 5193 5193 1045 906 5194 5194 1052 936 5195 5195 1030 933 5196 5196 1031 912 5197 5197 1051 911 5198 5198 1027 931 5199 5199 1047 932 5200 5200 1044 937 5201 5201 1024 913 5202 5202 1023 914 5203 5203 1033 915 5204 5204 1025 904 5205 5205 1035 918 5206 5206 1036 920 5207 5207 1026 935 5208 5208 1036 920 5209 5209 1033 915 5210 5210 1027 931 5211 5211 1024 913 5212 5212 1034 917 5213 5213 1029 934 5214 5214 1028 907 5215 5215 1038 923 5216 5216 1029 934 5217 5217 1039 925 5218 5218 1040 926 5219 5219 1031 912 5220 5220 1030 933 5221 5221 1040 926 5222 5222 1031 912 5223 5223 1041 929 5224 5224 1042 930 5225 5225 1027 931 5226 5226 1037 922 5227 5227 1038 923 5228 5228 1025 904 5229 5229 1032 910 5230 5230 1042 930 5231 5231 1134 938 5232 5232 1127 938 5233 5233 1139 938 5234 5234 1144 938 5235 5235 1137 938 5236 5236 1149 938 5237 5237 1154 938 5238 5238 1147 938 5239 5239 1159 938 5240 5240 1164 938 5241 5241 1157 938 5242 5242 1089 938 5243 5243 1094 938 5244 5244 1087 938 5245 5245 1099 938 5246 5246 1104 938 5247 5247 1097 938 5248 5248 1109 938 5249 5249 1114 938 5250 5250 1107 938 5251 5251 1119 938 5252 5252 1124 938 5253 5253 1117 938 5254 5254 1129 938 5255 5255 357 983 5256 5256 354 983 5257 5257 356 983 5258 5258 1183 945 5259 5259 1182 958 5260 5260 1189 939 5261 5261 1182 958 5262 5262 1194 957 5263 5263 1190 969 5264 5264 1189 939 5265 5265 1182 958 5266 5266 1190 969 5267 5267 1189 939 5268 5268 1188 967 5269 5269 1187 962 5270 5270 1187 962 5271 5271 1186 960 5272 5272 1189 939 5273 5273 1186 960 5274 5274 1195 940 5275 5275 1189 939 5276 5276 1195 940 5277 5277 1196 968 5278 5278 1184 941 5279 5279 1196 968 5280 5280 1192 948 5281 5281 1184 941 5282 5282 1192 948 5283 5283 1185 959 5284 5284 1184 941 5285 5285 1184 941 5286 5286 1191 952 5287 5287 1193 950 5288 5288 1193 950 5289 5289 1197 946 5290 5290 1184 941 5291 5291 1197 946 5292 5292 1183 945 5293 5293 1184 941 5294 5294 1183 945 5295 5295 1189 939 5296 5296 1184 941 5297 5297 1166 942 5298 5298 1191 952 5299 5299 1184 941 5300 5300 1181 944 5301 5301 1180 954 5302 5302 1183 945 5303 5303 1170 947 5304 5304 1185 959 5305 5305 1192 948 5306 5306 1181 944 5307 5307 1197 946 5308 5308 1193 950 5309 5309 1167 951 5310 5310 1193 950 5311 5311 1191 952 5312 5312 1179 953 5313 5313 1182 958 5314 5314 1183 945 5315 5315 1171 955 5316 5316 1196 968 5317 5317 1195 940 5318 5318 1179 953 5319 5319 1178 965 5320 5320 1194 957 5321 5321 1170 947 5322 5322 1168 943 5323 5323 1184 941 5324 5324 1172 956 5325 5325 1195 940 5326 5326 1186 960 5327 5327 1173 961 5328 5328 1186 960 5329 5329 1187 962 5330 5330 1177 964 5331 5331 1190 969 5332 5332 1194 957 5333 5333 1175 966 5334 5334 1174 963 5335 5335 1187 962 5336 5336 1171 955 5337 5337 1169 949 5338 5338 1192 948 5339 5339 1177 964 5340 5340 1176 970 5341 5341 1189 939 5342 5342 1176 970 5343 5343 1175 966 5344 5344 1188 967 5345 5345</p>
        </triangles>
      </mesh>
    </geometry>
  </library_geometries>
  <library_visual_scenes>
    <visual_scene id="Scene" name="Scene">
      <node id="daewon_dx8_01a_16x7" name="daewon_dx8_01a_16x7" type="NODE">
        <matrix sid="transform">0.01 0 0 0 0 0.01 0 0 0 0 0.01 0 0 0 0 1</matrix>
        <instance_geometry url="#daewon_dx8_01a_16x7-mesh" name="daewon_dx8_01a_16x7">
          <bind_material>
            <technique_common>
              <instance_material symbol="daewon_dx8_01a-material" target="#daewon_dx8_01a-material">
                <bind_vertex_input semantic="daewon_dcx_01a_15x7-mesh-map-0" input_semantic="TEXCOORD" input_set="0"/>
              </instance_material>
            </technique_common>
          </bind_material>
        </instance_geometry>
      </node>
      <node id="daewon_dx8_01a_cover" name="daewon_dx8_01a_cover" type="NODE">
        <matrix sid="transform">0.01 0 0 0 0 0.01 0 0 0 0 0.01 0 0 0 0 1</matrix>
        <instance_geometry url="#daewon_dcx_01a_15x7_004-mesh" name="daewon_dx8_01a_cover">
          <bind_material>
            <technique_common>
              <instance_material symbol="daewon_dx8_01a-material" target="#daewon_dx8_01a-material">
                <bind_vertex_input semantic="daewon_dcx_01a_15x7-mesh-map-0" input_semantic="TEXCOORD" input_set="0"/>
              </instance_material>
            </technique_common>
          </bind_material>
        </instance_geometry>
      </node>
      <node id="daewon_dx8_01a_15x7" name="daewon_dx8_01a_15x7" type="NODE">
        <matrix sid="transform">0.01 0 0 0 0 0.01 0 0 0 0 0.01 0 0 0 0 1</matrix>
        <instance_geometry url="#daewon_dcx_01a_15x7-mesh" name="daewon_dx8_01a_15x7">
          <bind_material>
            <technique_common>
              <instance_material symbol="daewon_dx8_01a-material" target="#daewon_dx8_01a-material">
                <bind_vertex_input semantic="daewon_dcx_01a_15x7-mesh-map-0" input_semantic="TEXCOORD" input_set="0"/>
              </instance_material>
            </technique_common>
          </bind_material>
        </instance_geometry>
      </node>
    </visual_scene>
  </library_visual_scenes>
  <scene>
    <instance_visual_scene url="#Scene"/>
  </scene>
</COLLADA>